###################################################################################################
#                                                                                    3.6.0-Cordelia
#
#                                                      .oooooo.             ooooo   ooooo        
#     Clair de Lune                                   d8P    Y8b             888     888         
#     =============                                  888           .ooooo.   888     888         
#                                                    888          d88   88b  888ooooo888         
# Votre ame est un paysage choisi                    888          888   888  888     888  dP^Y8b 
# Que vont charmant masques et bergamasques           88b    ooo  888   888  888     888      8P 
# Jouant du luth et dansant et quasi                   Y8bood8P    Y8bod8P' o888o   o888o   <8B  
# Tristes sous leurs deguisements fantasques.                                           8b    8b 
#                                                                                        Y8oo8P  
#
# Tout en chantant sur le mode mineur            Au calme clair de lune triste et beau,
# L'amour vainqueur et la vie opportune          Qui fait rever les oiseaux dans les arbres
# Ils n'ont pas l'air de croire a leur bonheur   Et sangloter d'extase les jets d'eau,
# Et leur chanson se mele au clair de lune,      Les grands jets d'eau sveltes parmi les marbres.
# 
#                                                                                   Paul Verlaine
#
######################################################################################## Moonage 11
###################################################################################################
#                                                                                    3.6.0-Cordelia
#          
#......................................................................../  026-058Fe //  26.000000
#                                                                                 SYSTEM PARAMETERS
#            AtomicNum    MassNum
#    Target         26         58
#  Incident          1          2
#            Ecms[MeV]  Elab[MeV] ReduceMass WaveNumber
     Energy 2.5126e+01 2.6000e+01 1.9464e+00 1.5297e+00
#......................................................................../  026-058Fe //  26.000000
#                                                                             ROTATIONAL STATE DATA
#             Energy       Spin   WaveNum Eout[MeV]   Coulomb   Sig0   
      Level   0.00000       0.0   1.52969  25.12646   1.13964  -0.28085
#......................................................................../  026-058Fe //  26.000000
#                                                                            DEFORMATION PARAMETERS
#              Lambda     Beta
#......................................................................../  026-058Fe //  26.000000
#                                                                           OPTICAL MODEL POTENTIAL
# OMP  0      V         Vs        Wv        Ws        Vso       Wso       Coul
      r[fm]   1.15000   0.00000   1.33076   1.37327   0.97200   0.00000      1.30
      a[fm]   0.76777   0.00000   0.46791   0.77099   1.01100   0.00000
 Depth[MeV]  89.97895   0.00000   2.66687  10.06113   7.11400   0.00000
#......................................................................../  026-058Fe //  26.000000
#                                                                      TOTAL REACTION CROSS SECTION
  Sigma[mb] 1.7450e+03
#......................................................................../  026-058Fe //  26.000000
#                                                                     DISCRETE DIRECT CROSS SECTION
#              Ex[MeV]     Spin    Eout[MeV]  Sigma[mb]
  Direct  0    0.00000      0.0   2.5126e+01 1.2644e+03
#......................................................................../  026-058Fe //  26.000000
#                                                                                      TARGET STATE
#           Excitation  Spin
  026-058Fe 0.0000e+00  0.0+
#......................................................................../  026-058Fe //  26.000000
#                                                                             COMPOUND NUCLEUS DATA
#              Z     A  MassExess    Ex(max) Separation     N-cont    N-level
  027-060Co              -61.6497    37.7575                   177         66
      gamma  027-060Co     0.0000                0.0000
    neutron  027-059Co     8.0714                7.4920
     proton  026-059Fe     7.2890                8.2746
      alpha  025-056Mn     2.4249                7.1638
   deuteron  026-058Fe    13.1358               12.6311
  027-059Co              -62.2291    30.2655                   132         83
      gamma  027-059Co     0.0000                0.0000
    neutron  027-058Co     8.0714               10.4540
     proton  026-058Fe     7.2890                7.3637
      alpha  025-055Mn     2.4249                6.9423
   deuteron  026-057Fe    13.1358               15.1838
  026-059Fe              -60.6642    29.4830                   135         27
      gamma  026-059Fe     0.0000                0.0000
    neutron  026-058Fe     8.0714                6.5811
     proton  025-058Mn     7.2890               12.1256
      alpha  024-055Cr     2.4249                7.9804
   deuteron  025-057Mn    13.1358               16.3139
  025-056Mn              -56.9108    30.5938                   144         46
      gamma  025-056Mn     0.0000                0.0000
    neutron  025-055Mn     8.0714                7.2706
     proton  024-055Cr     7.2890                9.0912
      alpha  023-052V      2.4249                7.8922
   deuteron  024-054Cr    13.1358               13.1130
  026-058Fe              -62.1545    25.1265                   103         60
      gamma  026-058Fe     0.0000                0.0000
    neutron  026-057Fe     8.0714               10.0447
     proton  025-057Mn     7.2890               11.9574
      alpha  024-054Cr     2.4249                7.6457
   deuteron  025-056Mn    13.1358               18.3795
  027-058Co              -59.8466    19.8115                    88         52
      gamma  027-058Co     0.0000                0.0000
    neutron  027-057Co     8.0714                8.5730
     proton  026-057Fe     7.2890                6.9544
      alpha  025-054Mn     2.4249                6.7150
   deuteron  026-056Fe    13.1358               12.3760
  026-058Fe              -62.1545    22.9018                    91         60
      gamma  026-058Fe     0.0000                0.0000
    neutron  026-057Fe     8.0714               10.0447
     proton  025-057Mn     7.2890               11.9574
      alpha  024-054Cr     2.4249                7.6457
   deuteron  025-056Mn    13.1358               18.3795
  025-055Mn              -57.7117    23.3232                    97         92
      gamma  025-055Mn     0.0000                0.0000
    neutron  025-054Mn     8.0714               10.2266
     proton  024-054Cr     7.2890                8.0671
      alpha  023-051V      2.4249                7.9330
   deuteron  024-053Cr    13.1358               15.5617
  026-057Fe              -60.1812    15.0817                    63         30
      gamma  026-057Fe     0.0000                0.0000
    neutron  026-056Fe     8.0714                7.6462
     proton  025-056Mn     7.2890               10.5594
      alpha  024-053Cr     2.4249                7.3202
  025-058Mn              -55.8276    17.3573                    80         24
      gamma  025-058Mn     0.0000                0.0000
    neutron  025-057Mn     8.0714                6.4129
     proton  024-057Cr     7.2890               10.5925
      alpha  023-054V      2.4249                8.3604
   deuteron  024-056Cr    13.1358               13.6822
  024-055Cr              -55.1086    21.5025                    91         36
      gamma  024-055Cr     0.0000                0.0000
    neutron  024-054Cr     8.0714                6.2464
     proton  023-054V      7.2890               12.5056
      alpha  022-051Ti     2.4249                7.8017
   deuteron  023-053V     13.1358               16.3945
  025-057Mn              -57.4861    13.1691                    52         34
      gamma  025-057Mn     0.0000                0.0000
    neutron  025-056Mn     8.0714                8.6467
     proton  024-056Cr     7.2890                9.4939
      alpha  023-053V      2.4249                8.0611
  023-052V               -51.4436    22.7016                   101         32
      gamma  023-052V      0.0000                0.0000
    neutron  023-051V      8.0714                7.3114
     proton  022-051Ti     7.2890                9.0008
      alpha  021-048Sc     2.4249                9.3651
   deuteron  022-050Ti    13.1358               13.1488
  024-054Cr              -56.9337    17.4808                    64         39
      gamma  024-054Cr     0.0000                0.0000
    neutron  024-053Cr     8.0714                9.7192
     proton  023-053V      7.2890               12.3727
      alpha  022-050Ti     2.4249                7.9279
  025-056Mn              -56.9108     6.7470                    24         46
      gamma  025-056Mn     0.0000                0.0000
  027-057Co              -59.3449    11.2385                    38         54
      gamma  027-057Co     0.0000                0.0000
     proton  026-056Fe     7.2890                6.0276
      alpha  025-053Mn     2.4249                7.0808
  026-057Fe              -60.1812    12.8571                    52         30
      gamma  026-057Fe     0.0000                0.0000
    neutron  026-056Fe     8.0714                7.6462
     proton  025-056Mn     7.2890               10.5594
      alpha  024-053Cr     2.4249                7.3202
  025-054Mn              -55.5565    13.0966                    54         34
      gamma  025-054Mn     0.0000                0.0000
    neutron  025-053Mn     8.0714                8.9389
     proton  024-053Cr     7.2890                7.5597
      alpha  023-050V      2.4249                8.7576
  026-056Fe              -60.6064     7.4355                    11         77
      gamma  026-056Fe     0.0000                0.0000
  025-057Mn              -57.4861    10.9445                    41         34
      gamma  025-057Mn     0.0000                0.0000
    neutron  025-056Mn     8.0714                8.6467
     proton  024-056Cr     7.2890                9.4939
      alpha  023-053V      2.4249                8.0611
  024-054Cr              -56.9337    15.2561                    53         39
      gamma  024-054Cr     0.0000                0.0000
    neutron  024-053Cr     8.0714                9.7192
     proton  023-053V      7.2890               12.3727
      alpha  022-050Ti     2.4249                7.9279
  025-056Mn              -56.9108     4.5224                    13         46
      gamma  025-056Mn     0.0000                0.0000
  023-051V               -52.2037    15.3902                    56         69
      gamma  023-051V      0.0000                0.0000
    neutron  023-050V      8.0714               11.0513
     proton  022-050Ti     7.2890                8.0620
      alpha  021-047Sc     2.4249               10.2930
  024-053Cr              -55.2859     7.7615                    20         34
      gamma  024-053Cr     0.0000                0.0000
  024-057Cr              -52.5241     6.7649                    25          8
      gamma  024-057Cr     0.0000                0.0000
    neutron  024-056Cr     8.0714                5.3143
  023-054V               -49.8921     8.9969                    39         17
      gamma  023-054V      0.0000                0.0000
    neutron  023-053V      8.0714                6.1135
      alpha  021-050Sc     2.4249                7.7695
  024-056Cr              -55.2812     3.6752                     0         23
      gamma  024-056Cr     0.0000                0.0000
  022-051Ti              -49.7319    13.7008                    42         35
      gamma  022-051Ti     0.0000                0.0000
    neutron  022-050Ti     8.0714                6.3726
     proton  021-050Sc     7.2890               12.4734
      alpha  020-047Ca     2.4249                9.8133
  023-053V               -51.8500     5.1080                    11         24
      gamma  023-053V      0.0000                0.0000
  021-048Sc              -44.5034    13.3365                    52         35
      gamma  021-048Sc     0.0000                0.0000
    neutron  021-047Sc     8.0714                8.2392
     proton  020-047Ca     7.2890                9.4490
      alpha  019-044K      2.4249               11.1469
  022-050Ti              -51.4307     9.5528                    19         40
      gamma  022-050Ti     0.0000                0.0000
  026-056Fe              -60.6064     5.2109                     0         77
      gamma  026-056Fe     0.0000                0.0000
  025-053Mn              -54.6890     4.1577                     2         44
      gamma  025-053Mn     0.0000                0.0000
  025-056Mn              -56.9108     2.2977                     2         46
      gamma  025-056Mn     0.0000                0.0000
  024-053Cr              -55.2859     5.5369                     9         34
      gamma  024-053Cr     0.0000                0.0000
  023-050V               -49.2239     4.3390                    10         43
      gamma  023-050V      0.0000                0.0000
  024-056Cr              -55.2812     1.4505                     0         23
      gamma  024-056Cr     0.0000                0.0000
  023-053V               -51.8500     2.8834                     0         24
      gamma  023-053V      0.0000                0.0000
  022-050Ti              -51.4307     7.3282                     8         40
      gamma  022-050Ti     0.0000                0.0000
  021-047Sc              -44.3356     5.0973                    13         28
      gamma  021-047Sc     0.0000                0.0000
  021-050Sc              -44.5475     1.2274                     0          9
      gamma  021-050Sc     0.0000                0.0000
  020-047Ca              -42.3435     3.8875                     0         26
      gamma  020-047Ca     0.0000                0.0000
  019-044K               -35.7815     2.1896                    12          1
      gamma  019-044K      0.0000                0.0000
#......................................................................../  026-058Fe //  26.000000
#                                                                          LEVEL DENSITY PARAMETERS
#                 a       Pairing     T          E0         Em         Sigma2     Eshell
  027-060Co     7.8416     0.0000     1.4091    -3.6789     9.0170     8.4545  -2.076200
  027-059Co     7.7065     1.4438     1.5264    -2.9139    11.5997     7.7063  -2.757200
  026-059Fe     7.7065     1.5837     1.3802    -2.2119    10.4891     4.2269  -1.376600
  025-056Mn     7.3020     0.0000     1.5287    -4.3615    10.0833     4.8043  -1.982200
  026-058Fe     7.5715     2.6240     1.4533    -1.2878    11.9123     5.8167  -2.027200
  027-058Co     7.5715     0.0000     1.6003    -4.5097    10.6265     8.1538  -3.270900
  025-055Mn     7.1675     1.4696     1.6536    -3.6282    12.9169     6.5000  -2.554700
  026-057Fe     7.4367     1.5804     1.5737    -3.0878    12.2497     4.5917  -2.515600
  025-058Mn     7.5715     0.0000     1.3446    -3.4818     8.3447     6.0417  -1.028600
  024-055Cr     7.1675     1.6306     1.4907    -2.1573    11.0288     8.3889  -1.681300
  025-057Mn     7.4367     1.4198     1.4373    -2.5221    10.6638     3.7426  -1.494100
  023-052V      6.7648     0.0000     1.5348    -3.0418     8.3249     6.7187  -2.479300
  024-054Cr     7.0331     2.6811     1.5243    -0.9696    11.7541     5.9744  -2.242300
  027-057Co     7.4367     1.4927     1.6583    -3.0254    12.2736     6.8935  -3.742600
  025-054Mn     7.0331     0.0000     1.5814    -3.6263     9.3214     7.3235  -2.894400
  026-056Fe     7.3020     2.6593     1.6240    -1.8095    13.2217     6.4286  -3.111000
  023-051V      6.6309     1.4973     1.7524    -3.3151    12.8516     7.3098  -2.858800
  024-053Cr     6.8989     1.6273     1.5780    -1.9343    10.9467     8.0074  -2.552300
  024-057Cr     7.4367     1.6295     1.2965    -1.1914     9.0271     6.9531  -0.926300
  023-054V      7.0331     0.0000     1.5099    -3.9585     9.4314     4.6206  -1.669100
  022-051Ti     6.6309     1.6842     1.3751     0.5040     7.0141     7.2500  -2.701800
  023-053V      6.8989     1.4418     1.5365    -2.1568    10.4543     5.9167  -2.189000
  021-048Sc     6.2300     0.0000     1.6597    -3.2214     8.9661     7.0571  -2.468100
  022-050Ti     6.4971     2.7448     1.6364    -0.2460    11.3754     7.3250  -3.035900
  025-053Mn     6.8989     1.5243     1.7121    -2.8200    12.2660     8.0568  -3.371000
  023-050V      6.4971     0.0000     1.6684    -4.1537    10.6092    10.1163  -1.868700
  021-047Sc     6.0967     1.5269     1.8071    -3.8457    13.7991     7.5893  -1.529900
  019-044K      5.4522     0.0000     1.6715    -3.1716     8.6195     5.3617  -0.927400
#......................................................................../  026-058Fe //  26.000000
#                                                                       GIANT DIPOLE RESONANCE DATA
#          Energy[MeV] Width[MeV] Sigma0[mb]            Profile
         E1    16.4196     3.8833  53.769298                 GL
         E1    19.3392     6.3003  54.581577                 GL
         M1    10.4729     4.0000   0.745031                 SL
         E2    16.0925     5.3900   1.342023                 SL
         M2    10.4729     4.0000   0.000596                 SL
         E3    16.0925     5.3900   0.001074                 SL
         M1     3.5352     1.5000   0.845993                 SL
#......................................................................../  026-058Fe //  26.000000
#                                                                       SUM OF PRECOMPOUND EMISSION
#            027-060Co      gamma    neutron     proton      alpha   deuteron
 SpcSum[mb]            0.0000e+00 4.8870e+02 5.4919e+02 1.6473e+01 4.0266e+01
 Emean[MeV]            0.0000e+00 1.5679e+01 1.7788e+01 1.8416e+01 1.1468e+01
#          
#           TotalPreEq   Compound   Fraction
  Sigma[mb] 1.0946e+03 1.7450e+03 6.2728e-01
#......................................................................../  026-058Fe //  26.000000
#                                                                          SUM SPECTRA FOR COMPOUND
#            027-060Co      gamma    neutron     proton      alpha   deuteron
 SpcSum[mb]            2.2896e-01 5.1626e+02 7.2621e+01 5.2051e+01 9.4876e+00
 Emean[MeV]            1.3059e+01 3.5819e+00 6.7137e+00 1.1316e+01 6.6776e+00
#......................................................................../  026-058Fe //  26.000000
#                                                                   GAMMAS FROM DISCRETE TRANSITION
#           0 0 0 0 0 0             027-060Co
#   Ex[MeV]     Jpi    FinalState  Branching Production    Egamma Production   T(1/2)[s]
 65  2.4887    5.0-                          1.0030e-07
                       17  1.2168     0.2655               1.2719 2.6624e-08
                        5  0.5062     0.3147               1.9825 3.1555e-08
                        2  0.2772     0.0918               2.2115 9.2026e-09
                        0  0.0000     0.3280               2.4887 3.2865e-08
 64  2.4697    3.0+                          4.5924e-08
                        0  0.0000     1.0000               2.4697 4.5898e-08
 63  2.4509    4.0+                          6.0481e-08
                       44  2.0808     1.0000               0.3701 6.0226e-08
 62  2.4310    3.0-                          4.8982e-08
                       47  2.1334     0.6373               0.2975 3.1158e-08
                        0  0.0000     0.3627               2.4310 1.7759e-08
 61  2.4233    4.0-                          6.5578e-08
                       11  1.0039     1.0000               1.4194 6.5569e-08
 60  2.3640    1.0-                          3.4727e-08
                        1  0.0586     0.0833               2.3054 2.8939e-09
                        6  0.5428     0.0833               1.8211 2.8939e-09
                        8  0.7388     0.0833               1.6252 2.8939e-09
                       14  1.1507     0.0833               1.2133 2.8939e-09
                       28  1.6862     0.0833               0.6778 2.8939e-09
                       29  1.7097     0.0833               0.6543 2.8939e-09
                       35  1.8332     0.0833               0.5307 2.8939e-09
                       42  2.0327     0.0833               0.3313 2.8939e-09
                       44  2.0808     0.0833               0.2832 2.8939e-09
                       49  2.1831     0.0833               0.1809 2.8939e-09
                       57  2.3243     0.0833               0.0397 2.8939e-09
                       58  2.3418     0.0833               0.0221 2.8939e-09
 59  2.3519    2.0-                          4.3567e-08
                       17  1.2168     0.2063               1.1350 8.9851e-09
                        6  0.5428     0.7937               1.8091 3.4561e-08
 58  2.3418    2.0+                          4.6182e-08
                        9  0.7857     1.0000               1.5561 4.6173e-08
 57  2.3243    1.0+                          3.8486e-08
                        1  0.0586     1.0000               2.2657 3.8469e-08
 56  2.3184    0.0-                          1.5621e-08
                        8  0.7388     0.3333               1.5796 5.2070e-09
                       28  1.6862     0.3333               0.6322 5.2070e-09
                       29  1.7097     0.3333               0.6087 5.2070e-09
 55  2.3102    3.0-                          5.3907e-08
                        2  0.2772     1.0000               2.0330 5.3870e-08
 54  2.2799    5.0+                          1.1440e-07
                        0  0.0000     1.0000               2.2799 1.1435e-07
 53  2.2747    3.0+                          5.2727e-08
                        3  0.2884     1.0000               1.9863 5.2709e-08
 52  2.2304    3.0-                          5.7585e-08
                        1  0.0586     1.0000               2.1719 5.7540e-08
 51  2.2216    4.0+                          7.1010e-08
                       12  1.0058     0.4736               1.2158 3.3626e-08
                        0  0.0000     0.5264               2.2216 3.7364e-08
 50  2.1999    6.0-                          2.6185e-07
                        0  0.0000     0.1429               2.1999 3.7407e-08
                        4  0.4357     0.1429               1.7642 3.7407e-08
                       15  1.2078     0.1429               0.9921 3.7407e-08
                       16  1.2165     0.1429               0.9834 3.7407e-08
                       19  1.3797     0.1429               0.8202 3.7407e-08
                       23  1.5100     0.1429               0.6899 3.7407e-08
                       31  1.7876     0.1429               0.4123 3.7407e-08
 49  2.1831    2.0+                          5.2145e-08
                       25  1.5659     1.0000               0.6172 5.2131e-08
 48  2.1519    5.0-                          1.3730e-07
                       12  1.0058     1.0000               1.1461 1.3729e-07
 47  2.1334    3.0+                          8.9856e-08
                        3  0.2884     0.4117               1.8450 3.6984e-08
                        1  0.0586     0.5883               2.0748 5.2843e-08
 46  2.1322    7.0-                          1.3465e-06                       4.9000e-13
                       32  1.8002     0.8202               0.3320 1.1001e-06
                       16  1.2165     0.1798               0.9158 2.4207e-07
 45  2.1218    4.0+                          7.6451e-08
                       11  1.0039     0.7874               1.1179 6.0192e-08
                        0  0.0000     0.2126               2.1218 1.6247e-08
 44  2.0808    2.0+                          1.1715e-07
                        1  0.0586     1.0000               2.0222 1.1711e-07
 43  2.0454    4.0-                          9.0140e-08
                       15  1.2078     0.3464               0.8376 3.1220e-08
                        5  0.5062     0.6536               1.5392 5.8896e-08
 42  2.0327    2.0+                          5.8996e-08
                       15  1.2078     1.0000               0.8249 5.8909e-08
 41  1.9835    2.0-                          6.1243e-08
                       33  1.8086     1.0000               0.1749 5.8888e-08
 40  1.9812    4.0-                          9.5665e-08
                        3  0.2884     1.0000               1.6928 9.5622e-08
 39  1.9243    2.0-                          6.5092e-08
                        2  0.2772     1.0000               1.6471 6.5080e-08
 38  1.8889    4.0+                          9.1839e-08
                       12  1.0058     0.1957               0.8831 1.7968e-08
                        7  0.6146     0.5362               1.2744 4.9237e-08
                        0  0.0000     0.2681               1.8889 2.4615e-08
 37  1.8772    2.0-                          6.8414e-08
                        7  0.6146     0.0000               1.2626 0.0000e+00
                        1  0.0586     1.0000               1.8186 6.8377e-08
 36  1.8527    4.0+                          9.4628e-08
                        0  0.0000     1.0000               1.8527 9.4603e-08
 35  1.8332    2.0+                          7.0342e-08
                        1  0.0586     1.0000               1.7746 7.0324e-08
 34  1.8308    4.0+                          9.6376e-08
                        2  0.2772     0.0663               1.5536 6.3877e-09
                        0  0.0000     0.9337               1.8308 8.9963e-08
 33  1.8086    3.0-                          1.4648e-07
                        0  0.0000     1.0000               1.8086 1.4645e-07
 32  1.8002    6.0-                          1.5556e-06                       1.7000e-12
                       19  1.3797     0.0102               0.4205 1.5902e-08
                       16  1.2165     0.0604               0.5838 9.3927e-08
                        0  0.0000     0.9294               1.8002 1.4450e-06
 31  1.7876    5.0+                          2.1010e-07
                       12  1.0058     0.6993               0.7818 1.4687e-07
                        0  0.0000     0.3007               1.7876 6.3162e-08
 30  1.7493    3.0+                          8.0659e-08
                        9  0.7857     0.1921               0.9636 1.5490e-08
                        6  0.5428     0.1205               1.2065 9.7171e-09
                        2  0.2772     0.3331               1.4721 2.6861e-08
                        1  0.0586     0.3544               1.6907 2.8576e-08
 29  1.7097    1.0+                          7.3017e-08
                        1  0.0586     1.0000               1.6511 7.3002e-08
 28  1.6862    1.0+                          7.4685e-08
                        8  0.7388     1.0000               0.9474 7.4668e-08
 27  1.6690    3.0-                          9.8698e-08
                        1  0.0586     0.0625               1.6104 6.1686e-09
                        2  0.2772     0.0625               1.3918 6.1686e-09
                        3  0.2884     0.0625               1.3806 6.1686e-09
                        5  0.5062     0.0625               1.1628 6.1686e-09
                        6  0.5428     0.0625               1.1262 6.1686e-09
                        7  0.6146     0.0625               1.0545 6.1686e-09
                        9  0.7857     0.0625               0.8833 6.1686e-09
                       12  1.0058     0.0625               0.6632 6.1686e-09
                       14  1.1507     0.0625               0.5183 6.1686e-09
                       17  1.2168     0.0625               0.4522 6.1686e-09
                       18  1.3419     0.0625               0.3271 6.1686e-09
                       20  1.3810     0.0625               0.2880 6.1686e-09
                       21  1.4512     0.0625               0.2178 6.1686e-09
                       22  1.5083     0.0625               0.1607 6.1686e-09
                       24  1.5158     0.0625               0.1532 6.1686e-09
                       26  1.6398     0.0625               0.0292 6.1686e-09
 26  1.6398    4.0+                          1.1988e-07
                        9  0.7857     0.6964               0.8541 8.3462e-08
                        2  0.2772     0.3036               1.3626 3.6391e-08
 25  1.5659    2.0-                          1.4978e-07
                       18  1.3419     0.1045               0.2241 1.5585e-08
                        3  0.2884     0.1970               1.2775 2.9501e-08
                        1  0.0586     0.6985               1.5074 1.0459e-07
 24  1.5158    4.0+                          1.3348e-07
                        7  0.6146     0.1325               0.9012 1.7680e-08
                        2  0.2772     0.0929               1.2386 1.2404e-08
                        0  0.0000     0.7746               1.5158 1.0337e-07
 23  1.5100    7.0+                          3.1498e-06
                       16  1.2165     1.0000               0.2935 3.1498e-06
 22  1.5083    3.0+                          1.0680e-07
                        5  0.5062     1.0000               1.0021 1.0678e-07
 21  1.4512    4.0+                          1.4141e-07
                        9  0.7857     0.4153               0.6655 5.8696e-08
                        6  0.5428     0.5847               0.9084 8.2657e-08
 20  1.3810    3.0+                          1.1993e-07
                        2  0.2772     1.0000               1.1038 1.1991e-07
 19  1.3797    6.0+                          7.6103e-07                       7.0000e-13
                       15  1.2078     0.1650               0.1719 1.2074e-07
                        4  0.4357     0.8350               0.9440 6.3532e-07
 18  1.3419    3.0+                          1.4004e-07
                        6  0.5428     0.3361               0.7990 4.7052e-08
                        1  0.0586     0.6222               1.2833 8.7122e-08
                        0  0.0000     0.0417               1.3419 5.8374e-09
 17  1.2168    4.0+                          2.1161e-07
                        5  0.5062     0.8078               0.7107 1.7086e-07
                        3  0.2884     0.1922               0.9284 4.0662e-08
 16  1.2165    6.0+                          4.4203e-06                       2.8000e-13
                        4  0.4357     0.2593               0.7807 1.1458e-06
                        0  0.0000     0.7407               1.2165 3.2737e-06
 15  1.2078    5.0+                          5.5499e-07
                        2  0.2772     0.7143               0.9306 3.9634e-07
                        0  0.0000     0.2857               1.2078 1.5854e-07
 14  1.1507    2.0+                          1.4538e-07
                        3  0.2884     1.0000               0.8623 1.4534e-07
 13  1.1320    2.0-                          1.7141e-07
                        8  0.7388     1.0000               0.3932 1.7127e-07
 12  1.0058    4.0+                          5.5259e-07
                        9  0.7857     0.0187               0.2201 1.0171e-08
                        7  0.6146     0.5153               0.3912 2.8408e-07
                        3  0.2884     0.4027               0.7174 2.2244e-07
                        0  0.0000     0.0633               1.0058 3.4946e-08
 11  1.0039    3.0-                          3.4542e-07
                        6  0.5428     0.2559               0.4611 8.8348e-08
                        3  0.2884     0.0234               0.7155 8.0645e-09
                        2  0.2772     0.2344               0.7267 8.0956e-08
                        1  0.0586     0.4863               0.9453 1.6797e-07
 10  0.9400    4.0-                          3.0979e-07
                        0  0.0000     0.1429               0.9400 4.4255e-08
                        2  0.2772     0.1429               0.6628 4.4255e-08
                        3  0.2884     0.1429               0.6516 4.4255e-08
                        4  0.4357     0.1429               0.5043 4.4255e-08
                        5  0.5062     0.1429               0.4338 4.4255e-08
                        7  0.6146     0.1429               0.3254 4.4255e-08
                        9  0.7857     0.1429               0.1543 4.4255e-08
  9  0.7857    4.0+                          5.3043e-07                       3.2000e-12
                        7  0.6146     0.0126               0.1712 6.4012e-09
                        4  0.4357     0.0228               0.3500 1.2055e-08
                        3  0.2884     0.4397               0.4973 2.3296e-07
                        0  0.0000     0.5249               0.7857 2.7834e-07
  8  0.7388    1.0+                          4.5428e-07
                        6  0.5428     0.4198               0.1960 1.8624e-07
                        1  0.0586     0.5802               0.6802 2.6344e-07
  7  0.6146    3.0+                          6.6308e-07
                        2  0.2772     0.0356               0.3374 2.3516e-08
                        1  0.0586     0.9644               0.5560 6.3894e-07
  6  0.5428    2.0+                          7.3208e-07
                        3  0.2884     0.6213               0.2544 4.5034e-07
                        1  0.0586     0.3787               0.4842 2.7691e-07
  5  0.5062    3.0+                          7.0575e-07
                        3  0.2884     0.0053               0.2178 3.7141e-09
                        1  0.0586     0.9947               0.4476 7.0086e-07
  4  0.4357    5.0+                          2.5590e-06
                        2  0.2772     0.6209               0.1585 1.5132e-06
                        0  0.0000     0.3791               0.4357 9.6845e-07
  3  0.2884    3.0+                          1.7417e-06
                        1  0.0586     1.0000               0.2298 1.7177e-06
  2  0.2772    4.0+                          2.9371e-06
                        0  0.0000     1.0000               0.2772 2.9167e-06
  1  0.0586    2.0+                          4.9747e-06                       6.2800e+02
                        0  0.0000     1.0000               0.0586 1.0152e-07
  0  0.0000    5.0+                          1.6048e-05                       1.6630e+08
#......................................................................../  026-058Fe //  26.000000
#                                                                         ISOMERIC STATE PRODUCTION
#            027-060Co
#   Ex[MeV]     Jpi     T(1/2)[s]  Prod.[mb]
  1  0.0586    2.0+    6.2800e+02 4.9747e-06
#......................................................................../  026-058Fe //  26.000000
#                                                                          SUM SPECTRA FOR COMPOUND
#            027-059Co      gamma    neutron     proton      alpha   deuteron
 SpcSum[mb]            4.6761e+02 6.9334e+02 1.0640e+02 4.2772e+01 2.8419e+00
 Emean[MeV]            2.4039e+00 2.6360e+00 5.6030e+00 1.0662e+01 6.1130e+00
#......................................................................../  026-058Fe //  26.000000
#                                                                   GAMMAS FROM DISCRETE TRANSITION
#           1 0 0 0 0 0             027-059Co
#   Ex[MeV]     Jpi    FinalState  Branching Production    Egamma Production   T(1/2)[s]
 82  3.9501    3.5-                          5.3537e-01
                        0  0.0000     1.0000               3.9501 5.3477e-01
 81  3.9442    3.5+                          5.1951e-01                       6.0000e-13
                        3  1.2916     1.0000               2.6526 5.1928e-01
 80  3.9263    4.5+                          6.7342e-01
                        0  0.0000     0.0435               3.9263 2.9279e-02
                        2  1.1905     0.0435               2.7359 2.9279e-02
                        5  1.4595     0.0435               2.4668 2.9279e-02
                        7  1.7447     0.0435               2.1816 2.9279e-02
                        8  2.0618     0.0435               1.8645 2.9279e-02
                       15  2.5404     0.0435               1.3859 2.9279e-02
                       17  2.5858     0.0435               1.3405 2.9279e-02
                       24  2.8262     0.0435               1.1001 2.9279e-02
                       25  2.8291     0.0435               1.0972 2.9279e-02
                       31  2.9730     0.0435               0.9533 2.9279e-02
                       33  3.0149     0.0435               0.9114 2.9279e-02
                       34  3.0168     0.0435               0.9095 2.9279e-02
                       36  3.0816     0.0435               0.8447 2.9279e-02
                       37  3.0904     0.0435               0.8359 2.9279e-02
                       38  3.1209     0.0435               0.8054 2.9279e-02
                       40  3.1405     0.0435               0.7858 2.9279e-02
                       41  3.1410     0.0435               0.7853 2.9279e-02
                       51  3.3234     0.0435               0.6029 2.9279e-02
                       56  3.3820     0.0435               0.5443 2.9279e-02
                       57  3.4145     0.0435               0.5118 2.9279e-02
                       58  3.4261     0.0435               0.5002 2.9279e-02
                       60  3.4974     0.0435               0.4289 2.9279e-02
                       65  3.6228     0.0435               0.3035 2.9279e-02
 79  3.9152    2.5+                          4.0958e-01
                        0  0.0000     0.0312               3.9152 1.2799e-02
                        1  1.0993     0.0312               2.8159 1.2799e-02
                        3  1.2916     0.0312               2.6236 1.2799e-02
                        6  1.4817     0.0312               2.4335 1.2799e-02
                        7  1.7447     0.0312               2.1705 1.2799e-02
                        8  2.0618     0.0312               1.8534 1.2799e-02
                        9  2.0872     0.0312               1.8280 1.2799e-02
                       12  2.2048     0.0312               1.7104 1.2799e-02
                       14  2.4787     0.0312               1.4365 1.2799e-02
                       15  2.5404     0.0312               1.3748 1.2799e-02
                       16  2.5817     0.0312               1.3335 1.2799e-02
                       17  2.5858     0.0312               1.3294 1.2799e-02
                       20  2.7702     0.0312               1.1450 1.2799e-02
                       21  2.7817     0.0312               1.1335 1.2799e-02
                       24  2.8262     0.0312               1.0890 1.2799e-02
                       25  2.8291     0.0312               1.0861 1.2799e-02
                       26  2.9120     0.0312               1.0032 1.2799e-02
                       28  2.9579     0.0312               0.9573 1.2799e-02
                       30  2.9659     0.0312               0.9493 1.2799e-02
                       33  3.0149     0.0312               0.9003 1.2799e-02
                       37  3.0904     0.0312               0.8248 1.2799e-02
                       40  3.1405     0.0312               0.7747 1.2799e-02
                       41  3.1410     0.0312               0.7742 1.2799e-02
                       43  3.1637     0.0312               0.7515 1.2799e-02
                       45  3.2195     0.0312               0.6957 1.2799e-02
                       49  3.2760     0.0312               0.6392 1.2799e-02
                       51  3.3234     0.0312               0.5918 1.2799e-02
                       56  3.3820     0.0312               0.5332 1.2799e-02
                       58  3.4261     0.0312               0.4891 1.2799e-02
                       60  3.4974     0.0312               0.4178 1.2799e-02
                       66  3.6260     0.0312               0.2892 1.2799e-02
                       68  3.6672     0.0312               0.2480 1.2799e-02
 78  3.8886    4.5+                          7.0048e-01
                        0  0.0000     0.0435               3.8886 3.0456e-02
                        2  1.1905     0.0435               2.6982 3.0456e-02
                        5  1.4595     0.0435               2.4291 3.0456e-02
                        7  1.7447     0.0435               2.1439 3.0456e-02
                        8  2.0618     0.0435               1.8268 3.0456e-02
                       15  2.5404     0.0435               1.3482 3.0456e-02
                       17  2.5858     0.0435               1.3028 3.0456e-02
                       24  2.8262     0.0435               1.0624 3.0456e-02
                       25  2.8291     0.0435               1.0595 3.0456e-02
                       31  2.9730     0.0435               0.9156 3.0456e-02
                       33  3.0149     0.0435               0.8737 3.0456e-02
                       34  3.0168     0.0435               0.8718 3.0456e-02
                       36  3.0816     0.0435               0.8070 3.0456e-02
                       37  3.0904     0.0435               0.7982 3.0456e-02
                       38  3.1209     0.0435               0.7677 3.0456e-02
                       40  3.1405     0.0435               0.7481 3.0456e-02
                       41  3.1410     0.0435               0.7476 3.0456e-02
                       51  3.3234     0.0435               0.5652 3.0456e-02
                       56  3.3820     0.0435               0.5066 3.0456e-02
                       57  3.4145     0.0435               0.4741 3.0456e-02
                       58  3.4261     0.0435               0.4625 3.0456e-02
                       60  3.4974     0.0435               0.3912 3.0456e-02
                       65  3.6228     0.0435               0.2658 3.0456e-02
 77  3.8549    1.5+                          2.8191e-01
                        1  1.0993     0.0526               2.7556 1.4837e-02
                        3  1.2916     0.0526               2.5633 1.4837e-02
                        4  1.4343     0.0526               2.4206 1.4837e-02
                        6  1.4817     0.0526               2.3732 1.4837e-02
                        9  2.0872     0.0526               1.7677 1.4837e-02
                       12  2.2048     0.0526               1.6501 1.4837e-02
                       14  2.4787     0.0526               1.3762 1.4837e-02
                       16  2.5817     0.0526               1.2732 1.4837e-02
                       20  2.7702     0.0526               1.0847 1.4837e-02
                       21  2.7817     0.0526               1.0732 1.4837e-02
                       26  2.9120     0.0526               0.9429 1.4837e-02
                       28  2.9579     0.0526               0.8970 1.4837e-02
                       30  2.9659     0.0526               0.8890 1.4837e-02
                       35  3.0627     0.0526               0.7922 1.4837e-02
                       43  3.1637     0.0526               0.6912 1.4837e-02
                       45  3.2195     0.0526               0.6354 1.4837e-02
                       49  3.2760     0.0526               0.5789 1.4837e-02
                       66  3.6260     0.0526               0.2289 1.4837e-02
                       68  3.6672     0.0526               0.1877 1.4837e-02
 76  3.8427    5.5+                          8.3955e-01
                        5  1.4595     0.4709               2.3832 3.9499e-01
                        2  1.1905     0.5291               2.6522 4.4373e-01
 75  3.8321    2.5+                          4.4801e-01
                        0  0.0000     0.0312               3.8321 1.4000e-02
                        1  1.0993     0.0312               2.7328 1.4000e-02
                        3  1.2916     0.0312               2.5405 1.4000e-02
                        6  1.4817     0.0312               2.3504 1.4000e-02
                        7  1.7447     0.0312               2.0874 1.4000e-02
                        8  2.0618     0.0312               1.7703 1.4000e-02
                        9  2.0872     0.0312               1.7449 1.4000e-02
                       12  2.2048     0.0312               1.6273 1.4000e-02
                       14  2.4787     0.0312               1.3534 1.4000e-02
                       15  2.5404     0.0312               1.2917 1.4000e-02
                       16  2.5817     0.0312               1.2504 1.4000e-02
                       17  2.5858     0.0312               1.2463 1.4000e-02
                       20  2.7702     0.0312               1.0619 1.4000e-02
                       21  2.7817     0.0312               1.0504 1.4000e-02
                       24  2.8262     0.0312               1.0059 1.4000e-02
                       25  2.8291     0.0312               1.0030 1.4000e-02
                       26  2.9120     0.0312               0.9201 1.4000e-02
                       28  2.9579     0.0312               0.8742 1.4000e-02
                       30  2.9659     0.0312               0.8662 1.4000e-02
                       33  3.0149     0.0312               0.8172 1.4000e-02
                       37  3.0904     0.0312               0.7417 1.4000e-02
                       40  3.1405     0.0312               0.6916 1.4000e-02
                       41  3.1410     0.0312               0.6911 1.4000e-02
                       43  3.1637     0.0312               0.6684 1.4000e-02
                       45  3.2195     0.0312               0.6126 1.4000e-02
                       49  3.2760     0.0312               0.5561 1.4000e-02
                       51  3.3234     0.0312               0.5087 1.4000e-02
                       56  3.3820     0.0312               0.4501 1.4000e-02
                       58  3.4261     0.0312               0.4060 1.4000e-02
                       60  3.4974     0.0312               0.3347 1.4000e-02
                       66  3.6260     0.0312               0.2061 1.4000e-02
                       68  3.6672     0.0312               0.1649 1.4000e-02
 74  3.8209    1.5+                          2.9287e-01
                        1  1.0993     0.0526               2.7216 1.5414e-02
                        3  1.2916     0.0526               2.5293 1.5414e-02
                        4  1.4343     0.0526               2.3866 1.5414e-02
                        6  1.4817     0.0526               2.3392 1.5414e-02
                        9  2.0872     0.0526               1.7337 1.5414e-02
                       12  2.2048     0.0526               1.6161 1.5414e-02
                       14  2.4787     0.0526               1.3422 1.5414e-02
                       16  2.5817     0.0526               1.2392 1.5414e-02
                       20  2.7702     0.0526               1.0507 1.5414e-02
                       21  2.7817     0.0526               1.0392 1.5414e-02
                       26  2.9120     0.0526               0.9089 1.5414e-02
                       28  2.9579     0.0526               0.8630 1.5414e-02
                       30  2.9659     0.0526               0.8550 1.5414e-02
                       35  3.0627     0.0526               0.7582 1.5414e-02
                       43  3.1637     0.0526               0.6572 1.5414e-02
                       45  3.2195     0.0526               0.6014 1.5414e-02
                       49  3.2760     0.0526               0.5449 1.5414e-02
                       66  3.6260     0.0526               0.1949 1.5414e-02
                       68  3.6672     0.0526               0.1537 1.5414e-02
 73  3.8077    3.5+                          5.9998e-01
                        0  0.0000     0.0345               3.8077 2.0689e-02
                        2  1.1905     0.0345               2.6173 2.0689e-02
                        6  1.4817     0.0345               2.3260 2.0689e-02
                        7  1.7447     0.0345               2.0630 2.0689e-02
                        8  2.0618     0.0345               1.7459 2.0689e-02
                        9  2.0872     0.0345               1.7205 2.0689e-02
                       12  2.2048     0.0345               1.6029 2.0689e-02
                       14  2.4787     0.0345               1.3290 2.0689e-02
                       15  2.5404     0.0345               1.2673 2.0689e-02
                       17  2.5858     0.0345               1.2219 2.0689e-02
                       20  2.7702     0.0345               1.0375 2.0689e-02
                       21  2.7817     0.0345               1.0260 2.0689e-02
                       24  2.8262     0.0345               0.9815 2.0689e-02
                       25  2.8291     0.0345               0.9786 2.0689e-02
                       28  2.9579     0.0345               0.8498 2.0689e-02
                       33  3.0149     0.0345               0.7928 2.0689e-02
                       34  3.0168     0.0345               0.7909 2.0689e-02
                       36  3.0816     0.0345               0.7261 2.0689e-02
                       37  3.0904     0.0345               0.7173 2.0689e-02
                       40  3.1405     0.0345               0.6672 2.0689e-02
                       41  3.1410     0.0345               0.6667 2.0689e-02
                       43  3.1637     0.0345               0.6440 2.0689e-02
                       51  3.3234     0.0345               0.4843 2.0689e-02
                       56  3.3820     0.0345               0.4257 2.0689e-02
                       57  3.4145     0.0345               0.3932 2.0689e-02
                       58  3.4261     0.0345               0.3816 2.0689e-02
                       60  3.4974     0.0345               0.3103 2.0689e-02
                       66  3.6260     0.0345               0.1817 2.0689e-02
                       68  3.6672     0.0345               0.1405 2.0689e-02
 72  3.7924    1.5+                          3.0244e-01
                        1  1.0993     0.0526               2.6931 1.5918e-02
                        3  1.2916     0.0526               2.5008 1.5918e-02
                        4  1.4343     0.0526               2.3581 1.5918e-02
                        6  1.4817     0.0526               2.3107 1.5918e-02
                        9  2.0872     0.0526               1.7052 1.5918e-02
                       12  2.2048     0.0526               1.5876 1.5918e-02
                       14  2.4787     0.0526               1.3137 1.5918e-02
                       16  2.5817     0.0526               1.2107 1.5918e-02
                       20  2.7702     0.0526               1.0222 1.5918e-02
                       21  2.7817     0.0526               1.0107 1.5918e-02
                       26  2.9120     0.0526               0.8804 1.5918e-02
                       28  2.9579     0.0526               0.8345 1.5918e-02
                       30  2.9659     0.0526               0.8265 1.5918e-02
                       35  3.0627     0.0526               0.7297 1.5918e-02
                       43  3.1637     0.0526               0.6287 1.5918e-02
                       45  3.2195     0.0526               0.5729 1.5918e-02
                       49  3.2760     0.0526               0.5164 1.5918e-02
                       66  3.6260     0.0526               0.1664 1.5918e-02
                       68  3.6672     0.0526               0.1252 1.5918e-02
 71  3.7689    2.5+                          4.8009e-01
                        0  0.0000     0.0312               3.7689 1.5003e-02
                        1  1.0993     0.0312               2.6696 1.5003e-02
                        3  1.2916     0.0312               2.4773 1.5003e-02
                        6  1.4817     0.0312               2.2872 1.5003e-02
                        7  1.7447     0.0312               2.0242 1.5003e-02
                        8  2.0618     0.0312               1.7071 1.5003e-02
                        9  2.0872     0.0312               1.6817 1.5003e-02
                       12  2.2048     0.0312               1.5641 1.5003e-02
                       14  2.4787     0.0312               1.2902 1.5003e-02
                       15  2.5404     0.0312               1.2285 1.5003e-02
                       16  2.5817     0.0312               1.1872 1.5003e-02
                       17  2.5858     0.0312               1.1831 1.5003e-02
                       20  2.7702     0.0312               0.9987 1.5003e-02
                       21  2.7817     0.0312               0.9872 1.5003e-02
                       24  2.8262     0.0312               0.9427 1.5003e-02
                       25  2.8291     0.0312               0.9398 1.5003e-02
                       26  2.9120     0.0312               0.8569 1.5003e-02
                       28  2.9579     0.0312               0.8110 1.5003e-02
                       30  2.9659     0.0312               0.8030 1.5003e-02
                       33  3.0149     0.0312               0.7540 1.5003e-02
                       37  3.0904     0.0312               0.6785 1.5003e-02
                       40  3.1405     0.0312               0.6284 1.5003e-02
                       41  3.1410     0.0312               0.6279 1.5003e-02
                       43  3.1637     0.0312               0.6052 1.5003e-02
                       45  3.2195     0.0312               0.5494 1.5003e-02
                       49  3.2760     0.0312               0.4929 1.5003e-02
                       51  3.3234     0.0312               0.4455 1.5003e-02
                       56  3.3820     0.0312               0.3869 1.5003e-02
                       58  3.4261     0.0312               0.3428 1.5003e-02
                       60  3.4974     0.0312               0.2715 1.5003e-02
                       66  3.6260     0.0312               0.1429 1.5003e-02
                       68  3.6672     0.0312               0.1017 1.5003e-02
 70  3.7575    3.5+                          6.3313e-01
                        0  0.0000     0.0345               3.7575 2.1832e-02
                        2  1.1905     0.0345               2.5671 2.1832e-02
                        6  1.4817     0.0345               2.2758 2.1832e-02
                        7  1.7447     0.0345               2.0128 2.1832e-02
                        8  2.0618     0.0345               1.6957 2.1832e-02
                        9  2.0872     0.0345               1.6703 2.1832e-02
                       12  2.2048     0.0345               1.5527 2.1832e-02
                       14  2.4787     0.0345               1.2788 2.1832e-02
                       15  2.5404     0.0345               1.2171 2.1832e-02
                       17  2.5858     0.0345               1.1717 2.1832e-02
                       20  2.7702     0.0345               0.9873 2.1832e-02
                       21  2.7817     0.0345               0.9758 2.1832e-02
                       24  2.8262     0.0345               0.9313 2.1832e-02
                       25  2.8291     0.0345               0.9284 2.1832e-02
                       28  2.9579     0.0345               0.7996 2.1832e-02
                       33  3.0149     0.0345               0.7426 2.1832e-02
                       34  3.0168     0.0345               0.7407 2.1832e-02
                       36  3.0816     0.0345               0.6759 2.1832e-02
                       37  3.0904     0.0345               0.6671 2.1832e-02
                       40  3.1405     0.0345               0.6170 2.1832e-02
                       41  3.1410     0.0345               0.6165 2.1832e-02
                       43  3.1637     0.0345               0.5938 2.1832e-02
                       51  3.3234     0.0345               0.4341 2.1832e-02
                       56  3.3820     0.0345               0.3755 2.1832e-02
                       57  3.4145     0.0345               0.3430 2.1832e-02
                       58  3.4261     0.0345               0.3314 2.1832e-02
                       60  3.4974     0.0345               0.2601 2.1832e-02
                       66  3.6260     0.0345               0.1315 2.1832e-02
                       68  3.6672     0.0345               0.0903 2.1832e-02
 69  3.7373    0.5+                          1.5688e-01
                        1  1.0993     0.1111               2.6380 1.7431e-02
                        3  1.2916     0.1111               2.4457 1.7431e-02
                        4  1.4343     0.1111               2.3030 1.7431e-02
                       16  2.5817     0.1111               1.1556 1.7431e-02
                       26  2.9120     0.1111               0.8253 1.7431e-02
                       30  2.9659     0.1111               0.7714 1.7431e-02
                       35  3.0627     0.1111               0.6746 1.7431e-02
                       45  3.2195     0.1111               0.5178 1.7431e-02
                       49  3.2760     0.1111               0.4613 1.7431e-02
 68  3.6672    2.5-                          6.9566e-01
                        1  1.0993     0.5713               2.5679 3.9720e-01
                        0  0.0000     0.4287               3.6672 2.9793e-01
 67  3.6528    2.5+                          5.4634e-01
                        1  1.0993     1.0000               2.5535 5.4579e-01
 66  3.6260    2.5-                          7.2108e-01                       3.0000e-14
                        6  1.4817     1.0000               2.1443 7.2080e-01
 65  3.6228    5.5-                          1.1410e+00
                        0  0.0000     1.0000               3.6228 1.1398e+00
 64  3.5995    4.5+                          9.5436e-01
                        0  0.0000     0.0455               3.5995 4.3380e-02
                        2  1.1905     0.0455               2.4090 4.3380e-02
                        5  1.4595     0.0455               2.1400 4.3380e-02
                        7  1.7447     0.0455               1.8548 4.3380e-02
                        8  2.0618     0.0455               1.5377 4.3380e-02
                       15  2.5404     0.0455               1.0591 4.3380e-02
                       17  2.5858     0.0455               1.0137 4.3380e-02
                       24  2.8262     0.0455               0.7733 4.3380e-02
                       25  2.8291     0.0455               0.7704 4.3380e-02
                       31  2.9730     0.0455               0.6265 4.3380e-02
                       33  3.0149     0.0455               0.5846 4.3380e-02
                       34  3.0168     0.0455               0.5827 4.3380e-02
                       36  3.0816     0.0455               0.5179 4.3380e-02
                       37  3.0904     0.0455               0.5091 4.3380e-02
                       38  3.1209     0.0455               0.4786 4.3380e-02
                       40  3.1405     0.0455               0.4590 4.3380e-02
                       41  3.1410     0.0455               0.4585 4.3380e-02
                       51  3.3234     0.0455               0.2761 4.3380e-02
                       56  3.3820     0.0455               0.2175 4.3380e-02
                       57  3.4145     0.0455               0.1850 4.3380e-02
                       58  3.4261     0.0455               0.1734 4.3380e-02
                       60  3.4974     0.0455               0.1021 4.3380e-02
 63  3.5801    2.5+                          5.9327e-01
                        0  0.0000     0.0333               3.5801 1.9776e-02
                        1  1.0993     0.0333               2.4808 1.9776e-02
                        3  1.2916     0.0333               2.2885 1.9776e-02
                        6  1.4817     0.0333               2.0984 1.9776e-02
                        7  1.7447     0.0333               1.8354 1.9776e-02
                        8  2.0618     0.0333               1.5183 1.9776e-02
                        9  2.0872     0.0333               1.4929 1.9776e-02
                       12  2.2048     0.0333               1.3753 1.9776e-02
                       14  2.4787     0.0333               1.1014 1.9776e-02
                       15  2.5404     0.0333               1.0397 1.9776e-02
                       16  2.5817     0.0333               0.9984 1.9776e-02
                       17  2.5858     0.0333               0.9943 1.9776e-02
                       20  2.7702     0.0333               0.8099 1.9776e-02
                       21  2.7817     0.0333               0.7984 1.9776e-02
                       24  2.8262     0.0333               0.7539 1.9776e-02
                       25  2.8291     0.0333               0.7510 1.9776e-02
                       26  2.9120     0.0333               0.6681 1.9776e-02
                       28  2.9579     0.0333               0.6222 1.9776e-02
                       30  2.9659     0.0333               0.6142 1.9776e-02
                       33  3.0149     0.0333               0.5652 1.9776e-02
                       37  3.0904     0.0333               0.4897 1.9776e-02
                       40  3.1405     0.0333               0.4396 1.9776e-02
                       41  3.1410     0.0333               0.4391 1.9776e-02
                       43  3.1637     0.0333               0.4164 1.9776e-02
                       45  3.2195     0.0333               0.3606 1.9776e-02
                       49  3.2760     0.0333               0.3041 1.9776e-02
                       51  3.3234     0.0333               0.2567 1.9776e-02
                       56  3.3820     0.0333               0.1981 1.9776e-02
                       58  3.4261     0.0333               0.1540 1.9776e-02
                       60  3.4974     0.0333               0.0827 1.9776e-02
 62  3.5701    5.5+                          1.1217e+00
                        2  1.1905     0.1111               2.3796 1.2463e-01
                        5  1.4595     0.1111               2.1106 1.2463e-01
                       10  2.1536     0.1111               1.4165 1.2463e-01
                       31  2.9730     0.1111               0.5971 1.2463e-01
                       34  3.0168     0.1111               0.5533 1.2463e-01
                       36  3.0816     0.1111               0.4885 1.2463e-01
                       38  3.1209     0.1111               0.4492 1.2463e-01
                       46  3.2238     0.1111               0.3463 1.2463e-01
                       57  3.4145     0.1111               0.1556 1.2463e-01
 61  3.5650    0.5+                          1.9297e-01
                        9  2.0872     0.3333               1.4778 6.4324e-02
                        6  1.4817     0.3333               2.0833 6.4324e-02
                        3  1.2916     0.3333               2.2734 6.4324e-02
 60  3.4974    3.5-                          1.0584e+00
                        0  0.0000     1.0000               3.4974 1.0574e+00
 59  3.4916    0.5+                          2.1123e-01
                        6  1.4817     0.3333               2.0099 7.0409e-02
                        3  1.2916     0.3333               2.2000 7.0409e-02
                        1  1.0993     0.3333               2.3923 7.0409e-02
 58  3.4261    3.5-                          1.1246e+00                       5.5000e-14
                        5  1.4595     0.6210               1.9666 6.9812e-01
                        0  0.0000     0.3790               3.4261 4.2582e-01
 57  3.4145    4.5-                          1.4551e+00
                        6  1.4817     0.4695               1.9328 6.8294e-01
                        1  1.0993     0.3708               2.3152 5.3942e-01
                        0  0.0000     0.1597               3.4145 2.3216e-01
 56  3.3820    3.5-                          1.1683e+00                       7.6000e-14
                        7  1.7447     0.2276               1.6373 2.6585e-01
                        5  1.4595     0.6896               1.9225 8.0538e-01
                        0  0.0000     0.0828               3.3820 9.6657e-02
 55  3.3660    4.5+                          1.2354e+00
                        0  0.0000     0.0556               3.3660 6.8633e-02
                        2  1.1905     0.0556               2.1756 6.8633e-02
                        5  1.4595     0.0556               1.9065 6.8633e-02
                        7  1.7447     0.0556               1.6213 6.8633e-02
                        8  2.0618     0.0556               1.3042 6.8633e-02
                       15  2.5404     0.0556               0.8256 6.8633e-02
                       17  2.5858     0.0556               0.7802 6.8633e-02
                       24  2.8262     0.0556               0.5398 6.8633e-02
                       25  2.8291     0.0556               0.5369 6.8633e-02
                       31  2.9730     0.0556               0.3930 6.8633e-02
                       33  3.0149     0.0556               0.3511 6.8633e-02
                       34  3.0168     0.0556               0.3492 6.8633e-02
                       36  3.0816     0.0556               0.2844 6.8633e-02
                       37  3.0904     0.0556               0.2756 6.8633e-02
                       38  3.1209     0.0556               0.2451 6.8633e-02
                       40  3.1405     0.0556               0.2255 6.8633e-02
                       41  3.1410     0.0556               0.2250 6.8633e-02
                       51  3.3234     0.0556               0.0426 6.8633e-02
 54  3.3509    0.5+                          2.5205e-01
                        1  1.0993     0.1111               2.2516 2.8005e-02
                        3  1.2916     0.1111               2.0593 2.8005e-02
                        4  1.4343     0.1111               1.9166 2.8005e-02
                       16  2.5817     0.1111               0.7692 2.8005e-02
                       26  2.9120     0.1111               0.4389 2.8005e-02
                       30  2.9659     0.1111               0.3850 2.8005e-02
                       35  3.0627     0.1111               0.2882 2.8005e-02
                       45  3.2195     0.1111               0.1314 2.8005e-02
                       49  3.2760     0.1111               0.0749 2.8005e-02
 53  3.3298    2.5+                          7.9444e-01
                        0  0.0000     1.0000               3.3298 7.9333e-01
 52  3.3254    7.5+                          3.4849e+00                       3.2000e-13
                       10  2.1536     1.0000               1.1718 3.4845e+00
 51  3.3234    3.5-                          1.2985e+00
                       21  2.7817     0.0617               0.5417 8.0050e-02
                       10  2.1536     0.1234               1.1698 1.6013e-01
                        6  1.4817     0.0487               1.8417 6.3200e-02
                        4  1.4343     0.2759               1.8891 3.5814e-01
                        3  1.2916     0.1656               2.0318 2.1493e-01
                        0  0.0000     0.3248               3.3234 4.2133e-01
 50  3.3200    2.5+                          8.0378e-01
                        6  1.4817     0.5000               1.8383 4.0189e-01
                        1  1.0993     0.5000               2.2207 4.0189e-01
 49  3.2760    1.5-                          7.2785e-01
                        0  0.0000     1.0000               3.2760 7.2718e-01
 48  3.2410    3.5+                          1.1273e+00
                        1  1.0993     1.0000               2.1417 1.1270e+00
 47  3.2364    2.5+                          8.8854e-01
                        0  0.0000     0.0400               3.2364 3.5541e-02
                        1  1.0993     0.0400               2.1371 3.5541e-02
                        3  1.2916     0.0400               1.9448 3.5541e-02
                        6  1.4817     0.0400               1.7547 3.5541e-02
                        7  1.7447     0.0400               1.4917 3.5541e-02
                        8  2.0618     0.0400               1.1746 3.5541e-02
                        9  2.0872     0.0400               1.1492 3.5541e-02
                       12  2.2048     0.0400               1.0316 3.5541e-02
                       14  2.4787     0.0400               0.7577 3.5541e-02
                       15  2.5404     0.0400               0.6960 3.5541e-02
                       16  2.5817     0.0400               0.6547 3.5541e-02
                       17  2.5858     0.0400               0.6506 3.5541e-02
                       20  2.7702     0.0400               0.4662 3.5541e-02
                       21  2.7817     0.0400               0.4547 3.5541e-02
                       24  2.8262     0.0400               0.4102 3.5541e-02
                       25  2.8291     0.0400               0.4073 3.5541e-02
                       26  2.9120     0.0400               0.3244 3.5541e-02
                       28  2.9579     0.0400               0.2785 3.5541e-02
                       30  2.9659     0.0400               0.2705 3.5541e-02
                       33  3.0149     0.0400               0.2215 3.5541e-02
                       37  3.0904     0.0400               0.1460 3.5541e-02
                       40  3.1405     0.0400               0.0959 3.5541e-02
                       41  3.1410     0.0400               0.0954 3.5541e-02
                       43  3.1637     0.0400               0.0727 3.5541e-02
                       45  3.2195     0.0400               0.0169 3.5541e-02
 46  3.2238    6.5-                          2.0852e+00                       7.0000e-13
                       11  2.1835     0.5494               1.0403 1.1455e+00
                        5  1.4595     0.4506               1.7643 9.3935e-01
 45  3.2195    1.5-                          8.0098e-01
                       24  2.8262     0.2403               0.3933 1.9183e-01
                       13  2.3948     0.2694               0.8247 2.1561e-01
                        0  0.0000     0.4903               3.2195 3.9237e-01
 44  3.1938    2.5+                          9.3552e-01
                       10  2.1536     0.2986               1.0402 2.7892e-01
                        3  1.2916     0.1094               1.9022 1.0228e-01
                        2  1.1905     0.0944               2.0034 8.8326e-02
                        0  0.0000     0.4976               3.1938 4.6488e-01
 43  3.1637    2.5-                          1.1611e+00
                        1  1.0993     1.0000               2.0644 1.1606e+00
 42  3.1604    1.5+                          6.4462e-01
                        0  0.0000     1.0000               3.1604 6.4424e-01
 41  3.1410    3.5-                          1.5540e+00
                        7  1.7447     0.5000               1.3964 7.7698e-01
                        5  1.4595     0.5000               1.6815 7.7698e-01
 40  3.1405    3.5-                          1.5547e+00
                        9  2.0872     0.2926               1.0533 4.5481e-01
                        2  1.1905     0.2195               1.9500 3.4114e-01
                        0  0.0000     0.4879               3.1405 7.5791e-01
 39  3.1221    3.5+                          1.2940e+00
                        1  1.0993     1.0000               2.0228 1.2937e+00
 38  3.1209    5.5-                          2.1393e+00
                        0  0.0000     1.0000               3.1209 2.1375e+00
 37  3.0904    3.5-                          1.6234e+00                       2.1000e-13
                        9  2.0872     0.4807               1.0032 7.8031e-01
                        3  1.2916     0.2596               1.7988 4.2137e-01
                        1  1.0993     0.2596               1.9911 4.2133e-01
 36  3.0816    4.5-                          2.0318e+00                       2.1000e-13
                        2  1.1905     1.0000               1.8912 2.0312e+00
 35  3.0627    0.5-                          4.7080e-01
                       15  2.5404     1.0000               0.5223 4.6780e-01
 34  3.0168    4.5-                          2.1544e+00
                       13  2.3948     0.2010               0.6220 4.3291e-01
                        7  1.7447     0.4902               1.2721 1.0559e+00
                        5  1.4595     0.3088               1.5573 6.6516e-01
 33  3.0149    3.5-                          1.7346e+00                       2.3000e-13
                        8  2.0618     0.1759               0.9531 3.0504e-01
                        5  1.4595     0.3257               1.5554 5.6484e-01
                        3  1.2916     0.2182               1.7233 3.7839e-01
                        0  0.0000     0.2802               3.0149 4.8566e-01
 32  2.9770    1.5+                          8.1353e-01
                        1  1.0993     0.0769               1.8777 6.2579e-02
                        3  1.2916     0.0769               1.6854 6.2579e-02
                        4  1.4343     0.0769               1.5427 6.2579e-02
                        6  1.4817     0.0769               1.4953 6.2579e-02
                        9  2.0872     0.0769               0.8898 6.2579e-02
                       12  2.2048     0.0769               0.7722 6.2579e-02
                       14  2.4787     0.0769               0.4983 6.2579e-02
                       16  2.5817     0.0769               0.3953 6.2579e-02
                       20  2.7702     0.0769               0.2068 6.2579e-02
                       21  2.7817     0.0769               0.1953 6.2579e-02
                       26  2.9120     0.0769               0.0650 6.2579e-02
                       28  2.9579     0.0769               0.0191 6.2579e-02
                       30  2.9659     0.0769               0.0111 6.2579e-02
 31  2.9730    5.5-                          2.4570e+00
                        7  1.7447     1.0000               1.2283 2.4567e+00
 30  2.9659    1.5-                          1.0649e+00                       3.0000e-14
                       11  2.1835     0.2555               0.7824 2.7101e-01
                        1  1.0993     0.0914               1.8666 9.7293e-02
                        0  0.0000     0.6531               2.9659 6.9493e-01
 29  2.9631    3.5+                          1.5592e+00
                        7  1.7447     0.3333               1.2184 5.1973e-01
                        2  1.1905     0.3333               1.7726 5.1973e-01
                        0  0.0000     0.3333               2.9631 5.1973e-01
 28  2.9579    2.5-                          1.4708e+00
                       17  2.5858     0.3289               0.3721 4.8240e-01
                       12  2.2048     0.1740               0.7531 2.5582e-01
                        1  1.0993     0.4971               1.8586 7.3093e-01
 27  2.9146    2.5+                          1.3193e+00
                       13  2.3948     0.2819               0.5198 3.7144e-01
                        9  2.0872     0.2487               0.8274 3.2810e-01
                        2  1.1905     0.4693               1.7242 6.1911e-01
 26  2.9120    1.5-                          1.1154e+00                       4.3000e-14
                        8  2.0618     0.2907               0.8502 3.2414e-01
                        0  0.0000     0.7093               2.9120 7.9055e-01
 25  2.8291    3.5-                          2.0507e+00
                        1  1.0993     1.0000               1.7298 2.0502e+00
 24  2.8262    3.5-                          2.2487e+00                       8.0000e-14
                        2  1.1905     0.0621               1.6358 1.3961e-01
                        1  1.0993     0.6210               1.7269 1.3961e+00
                        0  0.0000     0.3169               2.8262 7.1211e-01
 23  2.8242    6.5+                          3.2312e+00                       5.5000e-14
                       10  2.1536     0.2009               0.6706 6.4900e-01
                        9  2.0872     0.2410               0.7370 7.7491e-01
                        0  0.0000     0.5581               2.8242 1.8024e+00
 22  2.8168    2.5+                          1.4909e+00
                        0  0.0000     1.0000               2.8168 1.4892e+00
 21  2.7817    2.5-                          1.8117e+00                       9.7000e-14
                        1  1.0993     0.1525               1.6824 2.7623e-01
                        0  0.0000     0.8475               2.7817 1.5344e+00
 20  2.7702    2.5-                          1.7504e+00
                        8  2.0618     0.5000               0.7084 8.7521e-01
                        4  1.4343     0.5000               1.3359 8.7521e-01
 19  2.7224    3.5+                          2.0742e+00
                       15  2.5404     0.2011               0.1820 4.1382e-01
                       11  2.1835     0.7989               0.5389 1.6551e+00
 18  2.7131    0.5+                          5.8487e-01
                       10  2.1536     0.1999               0.5595 1.1691e-01
                        1  1.0993     0.8001               1.6138 4.6777e-01
 17  2.5858    3.5-                          3.0556e+00                       6.8000e-14
                        2  1.1905     0.4219               1.3953 1.2890e+00
                        0  0.0000     0.5781               2.5858 1.7654e+00
 16  2.5817    1.5-                          1.4968e+00                       2.1000e-13
                        0  0.0000     1.0000               2.5817 1.4958e+00
 15  2.5404    3.5-                          3.5724e+00                       1.5000e-13
                        7  1.7447     0.7246               0.7957 2.5877e+00
                        2  1.1905     0.1377               1.3499 4.9186e-01
                        0  0.0000     0.1377               2.5404 4.9165e-01
 14  2.4787    2.5-                          2.3115e+00                       2.9000e-14
                       12  2.2048     0.1312               0.2739 3.0117e-01
                        0  0.0000     0.8688               2.4787 2.0073e+00
 13  2.3948    4.5+                          4.7973e+00                       1.3000e-13
                        8  2.0618     0.0527               0.3330 2.5236e-01
                        7  1.7447     0.4385               0.6501 2.1028e+00
                        5  1.4595     0.1754               0.9353 8.4129e-01
                        0  0.0000     0.3335               2.3948 1.5983e+00
 12  2.2048    2.5-                          3.5725e+00                       6.9000e-13
                        6  1.4817     0.3597               0.7231 1.2845e+00
                        4  1.4343     0.0935               0.7705 3.3402e-01
                        3  1.2916     0.2590               0.9132 9.2508e-01
                        2  1.1905     0.2194               1.0143 7.8364e-01
                        0  0.0000     0.0684               2.2048 2.4408e-01
 11  2.1835    5.5+                          8.4657e+00                       4.1000e-14
                        7  1.7447     0.0000               0.4388 0.0000e+00
                        3  1.2916     0.1243               0.8919 1.0497e+00
                        2  1.1905     0.7749               0.9930 6.5594e+00
                        0  0.0000     0.1008               2.1835 8.5310e-01
 10  2.1536    6.5-                          1.1356e+01                       1.4000e-14
                        5  1.4595     1.0000               0.6941 1.1351e+01
  9  2.0872    2.5-                          5.7829e+00                       1.7000e-14
                        7  1.7447     0.1581               0.3425 9.1100e-01
                        3  1.2916     0.3917               0.7956 2.2645e+00
                        0  0.0000     0.4502               2.0872 2.6026e+00
  8  2.0618    3.5-                          5.9885e+00                       1.3000e-13
                        7  1.7447     0.0374               0.3171 2.2269e-01
                        6  1.4817     0.4140               0.5800 2.4776e+00
                        2  1.1905     0.4650               0.8713 2.7838e+00
                        0  0.0000     0.0837               2.0618 5.0108e-01
  7  1.7447    3.5-                          1.6598e+01                       3.2000e-13
                        6  1.4817     0.1059               0.2630 1.7514e+00
                        2  1.1905     0.3389               0.5542 5.6210e+00
                        0  0.0000     0.5552               1.7447 9.2139e+00
  6  1.4817    2.5-                          1.3503e+01                       1.6600e-13
                        3  1.2916     0.0110               0.1901 1.4424e-01
                        1  1.0993     0.2261               0.3825 3.0485e+00
                        0  0.0000     0.7629               1.4817 1.0300e+01
  5  1.4595    5.5-                          2.7298e+01                       1.0700e-12
                        2  1.1905     0.0711               0.2691 1.9268e+00
                        0  0.0000     0.9289               1.4595 2.5352e+01
  4  1.4343    0.5-                          3.8099e+00                       2.1000e-10
                        3  1.2916     0.7929               0.1427 2.9712e+00
                        1  1.0993     0.2071               0.3350 7.8747e-01
  3  1.2916    1.5-                          1.3988e+01                       5.5100e-10
                        1  1.0993     0.0669               0.1923 9.2662e-01
                        0  0.0000     0.9331               1.2916 1.3051e+01
  2  1.1905    4.5-                          3.5039e+01                       5.2000e-14
                        0  0.0000     1.0000               1.1905 3.5034e+01
  1  1.0993    1.5-                          2.1370e+01                       3.1000e-12
                        0  0.0000     1.0000               1.0993 2.1366e+01
  0  0.0000    3.5-                          1.5960e+02
#......................................................................../  026-058Fe //  26.000000
#                                                                          SUM SPECTRA FOR COMPOUND
#            026-059Fe      gamma    neutron     proton      alpha   deuteron
 SpcSum[mb]            4.1017e+02 4.6036e+02 1.9841e+00 2.0538e+00 5.3050e-02
 Emean[MeV]            1.8569e+00 2.0260e+00 5.1282e+00 9.3239e+00 4.9902e+00
#......................................................................../  026-058Fe //  26.000000
#                                                                   GAMMAS FROM DISCRETE TRANSITION
#           0 1 0 0 0 0             026-059Fe
#   Ex[MeV]     Jpi    FinalState  Branching Production    Egamma Production   T(1/2)[s]
 26  2.5699    1.5-                          8.5731e-01
                        4  0.6130     1.0000               1.9569 8.5704e-01
 25  2.4938    4.5-                          3.9273e+00
                        0  0.0000     1.0000               2.4938 3.9262e+00
 24  2.4473    1.5-                          1.0070e+00
                       14  1.7498     0.1138               0.6975 1.1455e-01
                        6  0.7264     0.1937               1.7209 1.9501e-01
                        1  0.2870     0.6250               2.1602 6.2912e-01
                        0  0.0000     0.0675               2.4473 6.7946e-02
 23  2.3900    3.5+                          3.3868e+00
                        2  0.4727     0.1667               1.9173 5.6447e-01
                        3  0.5709     0.1667               1.8191 5.6447e-01
                        7  1.0231     0.1667               1.3669 5.6447e-01
                       12  1.5699     0.1667               0.8201 5.6447e-01
                       18  2.2779     0.1667               0.1121 5.6447e-01
                       22  2.3490     0.1667               0.0410 5.6447e-01
 22  2.3490    3.5-                          3.8739e+00
                        0  0.0000     1.0000               2.3490 3.8719e+00
 21  2.3482    0.5-                          4.4932e-01
                       10  1.2113     1.0000               1.1369 4.4926e-01
 20  2.3224    1.5+                          1.4221e+00
                        0  0.0000     1.0000               2.3224 1.4208e+00
 19  2.3122    6.5+                          6.5691e+00                       4.7000e-12
                       11  1.5172     1.0000               0.7950 6.5667e+00
 18  2.2779    2.5-                          2.8093e+00
                        6  0.7264     0.5464               1.5515 1.5348e+00
                        0  0.0000     0.4536               2.2779 1.2737e+00
 17  2.1619    1.5+                          1.8224e+00
                        4  0.6130     1.0000               1.5489 1.8218e+00
 16  1.9620    0.5-                          7.2034e-01
                        6  0.7264     0.6849               1.2355 4.9331e-01
                        4  0.6130     0.0685               1.3489 4.9331e-02
                        0  0.0000     0.2466               1.9620 1.7758e-01
 15  1.9189    1.5+                          2.6471e+00
                        9  1.1621     0.0336               0.7568 8.9055e-02
                        8  1.0778     0.1033               0.8411 2.7339e-01
                        6  0.7264     0.0979               1.1925 2.5911e-01
                        0  0.0000     0.7652               1.9189 2.0242e+00
 14  1.7498    1.5-                          2.4556e+00
                       10  1.2113     0.3335               0.5384 8.1828e-01
                        0  0.0000     0.6665               1.7498 1.6363e+00
 13  1.6480    2.5+                          6.7478e+00
                        0  0.0000     0.1429               1.6480 9.6397e-01
                        2  0.4727     0.1429               1.1753 9.6397e-01
                        3  0.5709     0.1429               1.0771 9.6397e-01
                        6  0.7264     0.1429               0.9216 9.6397e-01
                        7  1.0231     0.1429               0.6249 9.6397e-01
                        9  1.1621     0.1429               0.4859 9.6397e-01
                       12  1.5699     0.1429               0.0781 9.6397e-01
 12  1.5699    2.5-                          6.8059e+00
                        0  0.0000     1.0000               1.5699 6.8047e+00
 11  1.5172    4.5+                          2.3724e+01                       1.4500e-10
                        7  1.0231     1.0000               0.4941 2.3714e+01
 10  1.2113    0.5-                          2.9057e+00
                        0  0.0000     1.0000               1.2113 2.9054e+00
  9  1.1621    1.5-                          5.5219e+00
                        3  0.5709     0.6809               0.5912 3.7573e+00
                        2  0.4727     0.0211               0.6893 1.1647e-01
                        1  0.2870     0.1980               0.8751 1.0932e+00
                        0  0.0000     0.1000               1.1621 5.5217e-01
  8  1.0778    0.5-                          2.1578e+00
                        4  0.6130     1.0000               0.4647 2.1561e+00
  7  1.0231    3.5-                          4.5265e+01
                        3  0.5709     0.4014               0.4523 1.8143e+01
                        2  0.4727     0.0494               0.5504 2.2365e+00
                        0  0.0000     0.5492               1.0231 2.4853e+01
  6  0.7264    1.5-                          1.0606e+01
                        1  0.2870     0.0360               0.4394 3.8126e-01
                        0  0.0000     0.9640               0.7264 1.0221e+01
  5  0.6428    0.5-                          2.9958e+00
                        0  0.0000     1.0000               0.6428 2.9942e+00
  4  0.6130    0.5-                          7.9813e+00
                        0  0.0000     1.0000               0.6130 7.9767e+00
  3  0.5709    2.5-                          4.0221e+01
                        0  0.0000     1.0000               0.5709 4.0193e+01
  2  0.4727    2.5-                          2.2749e+01
                        0  0.0000     1.0000               0.4727 2.2722e+01
  1  0.2870    0.5-                          6.5478e+00
                        0  0.0000     1.0000               0.2870 6.5088e+00
  0  0.0000    1.5-                          1.5736e+02                       3.8440e+06
#......................................................................../  026-058Fe //  26.000000
#                                                                          SUM SPECTRA FOR COMPOUND
#            025-056Mn      gamma    neutron     proton      alpha   deuteron
 SpcSum[mb]            1.2197e+01 6.2303e+01 1.5135e+00 1.0834e+00 6.4758e-02
 Emean[MeV]            1.4721e+00 2.7304e+00 5.5298e+00 9.3158e+00 4.7968e+00
#......................................................................../  026-058Fe //  26.000000
#                                                                   GAMMAS FROM DISCRETE TRANSITION
#           0 0 1 0 0 0             025-056Mn
#   Ex[MeV]     Jpi    FinalState  Branching Production    Egamma Production   T(1/2)[s]
 45  1.9802    2.0-                          1.8569e-02
                        0  0.0000     0.0455               1.9802 8.4407e-04
                        1  0.0266     0.0455               1.9536 8.4407e-04
                        2  0.1105     0.0455               1.8697 8.4407e-04
                        4  0.2151     0.0455               1.7651 8.4407e-04
                        6  0.3410     0.0455               1.6392 8.4407e-04
                        7  0.4543     0.0455               1.5259 8.4407e-04
                        8  0.4863     0.0455               1.4939 8.4407e-04
                       11  0.7162     0.0455               1.2640 8.4407e-04
                       12  0.7535     0.0455               1.2267 8.4407e-04
                       18  1.1677     0.0455               0.8125 8.4407e-04
                       20  1.1950     0.0455               0.7852 8.4407e-04
                       22  1.2390     0.0455               0.7412 8.4407e-04
                       23  1.2937     0.0455               0.6865 8.4407e-04
                       24  1.3509     0.0455               0.6293 8.4407e-04
                       30  1.5099     0.0455               0.4703 8.4407e-04
                       31  1.5600     0.0455               0.4202 8.4407e-04
                       32  1.6136     0.0455               0.3666 8.4407e-04
                       33  1.6550     0.0455               0.3252 8.4407e-04
                       37  1.7444     0.0455               0.2358 8.4407e-04
                       39  1.8337     0.0455               0.1465 8.4407e-04
                       40  1.8660     0.0455               0.1142 8.4407e-04
                       44  1.9700     0.0455               0.0102 8.4407e-04
 44  1.9700    3.0+                          2.3961e-02
                        9  0.5410     0.0769               1.4290 1.8432e-03
                       10  0.6610     0.0769               1.3090 1.8432e-03
                       14  0.8530     0.0769               1.1170 1.8432e-03
                       17  1.1400     0.0769               0.8300 1.8432e-03
                       25  1.3640     0.0769               0.6060 1.8432e-03
                       26  1.3840     0.0769               0.5860 1.8432e-03
                       27  1.4470     0.0769               0.5230 1.8432e-03
                       28  1.4840     0.0769               0.4860 1.8432e-03
                       34  1.6740     0.0769               0.2960 1.8432e-03
                       36  1.7275     0.0769               0.2425 1.8432e-03
                       38  1.7800     0.0769               0.1900 1.8432e-03
                       41  1.8780     0.0769               0.0920 1.8432e-03
                       42  1.9110     0.0769               0.0590 1.8432e-03
 43  1.9490    1.0-                          1.2858e-02
                        1  0.0266     0.0769               1.9224 9.8907e-04
                        2  0.1105     0.0769               1.8385 9.8907e-04
                        4  0.2151     0.0769               1.7339 9.8907e-04
                       11  0.7162     0.0769               1.2328 9.8907e-04
                       18  1.1677     0.0769               0.7813 9.8907e-04
                       23  1.2937     0.0769               0.6553 9.8907e-04
                       24  1.3509     0.0769               0.5981 9.8907e-04
                       30  1.5099     0.0769               0.4391 9.8907e-04
                       31  1.5600     0.0769               0.3890 9.8907e-04
                       33  1.6550     0.0769               0.2940 9.8907e-04
                       37  1.7444     0.0769               0.2046 9.8907e-04
                       39  1.8337     0.0769               0.1153 9.8907e-04
                       40  1.8660     0.0769               0.0830 9.8907e-04
 42  1.9110    3.0-                          2.7944e-02
                        0  0.0000     0.0556               1.9110 1.5524e-03
                        1  0.0266     0.0556               1.8844 1.5524e-03
                        3  0.2120     0.0556               1.6990 1.5524e-03
                        4  0.2151     0.0556               1.6959 1.5524e-03
                        6  0.3410     0.0556               1.5700 1.5524e-03
                        7  0.4543     0.0556               1.4567 1.5524e-03
                        8  0.4863     0.0556               1.4247 1.5524e-03
                       12  0.7535     0.0556               1.1575 1.5524e-03
                       19  1.1923     0.0556               0.7187 1.5524e-03
                       20  1.1950     0.0556               0.7160 1.5524e-03
                       22  1.2390     0.0556               0.6720 1.5524e-03
                       23  1.2937     0.0556               0.6173 1.5524e-03
                       24  1.3509     0.0556               0.5601 1.5524e-03
                       29  1.4845     0.0556               0.4265 1.5524e-03
                       30  1.5099     0.0556               0.4011 1.5524e-03
                       32  1.6136     0.0556               0.2974 1.5524e-03
                       37  1.7444     0.0556               0.1666 1.5524e-03
                       40  1.8660     0.0556               0.0450 1.5524e-03
 41  1.8780    3.0-                          2.8919e-02
                        0  0.0000     0.0556               1.8780 1.6066e-03
                        1  0.0266     0.0556               1.8514 1.6066e-03
                        3  0.2120     0.0556               1.6660 1.6066e-03
                        4  0.2151     0.0556               1.6629 1.6066e-03
                        6  0.3410     0.0556               1.5370 1.6066e-03
                        7  0.4543     0.0556               1.4237 1.6066e-03
                        8  0.4863     0.0556               1.3917 1.6066e-03
                       12  0.7535     0.0556               1.1245 1.6066e-03
                       19  1.1923     0.0556               0.6857 1.6066e-03
                       20  1.1950     0.0556               0.6830 1.6066e-03
                       22  1.2390     0.0556               0.6390 1.6066e-03
                       23  1.2937     0.0556               0.5843 1.6066e-03
                       24  1.3509     0.0556               0.5271 1.6066e-03
                       29  1.4845     0.0556               0.3935 1.6066e-03
                       30  1.5099     0.0556               0.3681 1.6066e-03
                       32  1.6136     0.0556               0.2644 1.6066e-03
                       37  1.7444     0.0556               0.1336 1.6066e-03
                       40  1.8660     0.0556               0.0120 1.6066e-03
 40  1.8660    2.0+                          2.6058e-02
                        9  0.5410     0.0769               1.3250 2.0045e-03
                       10  0.6610     0.0769               1.2050 2.0045e-03
                       14  0.8530     0.0769               1.0130 2.0045e-03
                       15  0.8840     0.0769               0.9820 2.0045e-03
                       16  0.9740     0.0769               0.8920 2.0045e-03
                       25  1.3640     0.0769               0.5020 2.0045e-03
                       26  1.3840     0.0769               0.4820 2.0045e-03
                       27  1.4470     0.0769               0.4190 2.0045e-03
                       28  1.4840     0.0769               0.3820 2.0045e-03
                       34  1.6740     0.0769               0.1920 2.0045e-03
                       35  1.6929     0.0769               0.1731 2.0045e-03
                       36  1.7275     0.0769               0.1385 2.0045e-03
                       38  1.7800     0.0769               0.0860 2.0045e-03
 39  1.8337    1.0+                          1.6635e-02
                        9  0.5410     0.0909               1.2927 1.5123e-03
                       14  0.8530     0.0909               0.9807 1.5123e-03
                       15  0.8840     0.0909               0.9497 1.5123e-03
                       16  0.9740     0.0909               0.8597 1.5123e-03
                       25  1.3640     0.0909               0.4697 1.5123e-03
                       26  1.3840     0.0909               0.4497 1.5123e-03
                       27  1.4470     0.0909               0.3867 1.5123e-03
                       28  1.4840     0.0909               0.3497 1.5123e-03
                       35  1.6929     0.0909               0.1408 1.5123e-03
                       36  1.7275     0.0909               0.1062 1.5123e-03
                       38  1.7800     0.0909               0.0537 1.5123e-03
 38  1.7800    2.0-                          2.8824e-02
                        0  0.0000     0.0526               1.7800 1.5171e-03
                        1  0.0266     0.0526               1.7534 1.5171e-03
                        2  0.1105     0.0526               1.6695 1.5171e-03
                        4  0.2151     0.0526               1.5649 1.5171e-03
                        6  0.3410     0.0526               1.4390 1.5171e-03
                        7  0.4543     0.0526               1.3257 1.5171e-03
                        8  0.4863     0.0526               1.2937 1.5171e-03
                       11  0.7162     0.0526               1.0638 1.5171e-03
                       12  0.7535     0.0526               1.0265 1.5171e-03
                       18  1.1677     0.0526               0.6123 1.5171e-03
                       20  1.1950     0.0526               0.5850 1.5171e-03
                       22  1.2390     0.0526               0.5410 1.5171e-03
                       23  1.2937     0.0526               0.4863 1.5171e-03
                       24  1.3509     0.0526               0.4291 1.5171e-03
                       30  1.5099     0.0526               0.2701 1.5171e-03
                       31  1.5600     0.0526               0.2200 1.5171e-03
                       32  1.6136     0.0526               0.1664 1.5171e-03
                       33  1.6550     0.0526               0.1250 1.5171e-03
                       37  1.7444     0.0526               0.0356 1.5171e-03
 37  1.7444    2.0+                          3.0679e-02
                        9  0.5410     0.0833               1.2034 2.5565e-03
                       10  0.6610     0.0833               1.0834 2.5565e-03
                       14  0.8530     0.0833               0.8914 2.5565e-03
                       15  0.8840     0.0833               0.8604 2.5565e-03
                       16  0.9740     0.0833               0.7704 2.5565e-03
                       25  1.3640     0.0833               0.3804 2.5565e-03
                       26  1.3840     0.0833               0.3604 2.5565e-03
                       27  1.4470     0.0833               0.2974 2.5565e-03
                       28  1.4840     0.0833               0.2604 2.5565e-03
                       34  1.6740     0.0833               0.0704 2.5565e-03
                       35  1.6929     0.0833               0.0515 2.5565e-03
                       36  1.7275     0.0833               0.0169 2.5565e-03
 36  1.7275    2.0-                          3.2950e-02
                        0  0.0000     0.0556               1.7275 1.8305e-03
                        1  0.0266     0.0556               1.7009 1.8305e-03
                        2  0.1105     0.0556               1.6170 1.8305e-03
                        4  0.2151     0.0556               1.5123 1.8305e-03
                        6  0.3410     0.0556               1.3865 1.8305e-03
                        7  0.4543     0.0556               1.2731 1.8305e-03
                        8  0.4863     0.0556               1.2411 1.8305e-03
                       11  0.7162     0.0556               1.0113 1.8305e-03
                       12  0.7535     0.0556               0.9740 1.8305e-03
                       18  1.1677     0.0556               0.5598 1.8305e-03
                       20  1.1950     0.0556               0.5325 1.8305e-03
                       22  1.2390     0.0556               0.4885 1.8305e-03
                       23  1.2937     0.0556               0.4338 1.8305e-03
                       24  1.3509     0.0556               0.3766 1.8305e-03
                       30  1.5099     0.0556               0.2176 1.8305e-03
                       31  1.5600     0.0556               0.1675 1.8305e-03
                       32  1.6136     0.0556               0.1139 1.8305e-03
                       33  1.6550     0.0556               0.0725 1.8305e-03
 35  1.6929    1.0-                          2.3824e-02
                        1  0.0266     0.1000               1.6663 2.3824e-03
                        2  0.1105     0.1000               1.5824 2.3824e-03
                        4  0.2151     0.1000               1.4778 2.3824e-03
                       11  0.7162     0.1000               0.9767 2.3824e-03
                       18  1.1677     0.1000               0.5252 2.3824e-03
                       23  1.2937     0.1000               0.3992 2.3824e-03
                       24  1.3509     0.1000               0.3420 2.3824e-03
                       30  1.5099     0.1000               0.1830 2.3824e-03
                       31  1.5600     0.1000               0.1329 2.3824e-03
                       33  1.6550     0.1000               0.0379 2.3824e-03
 34  1.6740    3.0-                          4.0720e-02
                        0  0.0000     0.0625               1.6740 2.5450e-03
                        1  0.0266     0.0625               1.6474 2.5450e-03
                        3  0.2120     0.0625               1.4620 2.5450e-03
                        4  0.2151     0.0625               1.4589 2.5450e-03
                        6  0.3410     0.0625               1.3330 2.5450e-03
                        7  0.4543     0.0625               1.2197 2.5450e-03
                        8  0.4863     0.0625               1.1877 2.5450e-03
                       12  0.7535     0.0625               0.9205 2.5450e-03
                       19  1.1923     0.0625               0.4817 2.5450e-03
                       20  1.1950     0.0625               0.4790 2.5450e-03
                       22  1.2390     0.0625               0.4350 2.5450e-03
                       23  1.2937     0.0625               0.3803 2.5450e-03
                       24  1.3509     0.0625               0.3231 2.5450e-03
                       29  1.4845     0.0625               0.1895 2.5450e-03
                       30  1.5099     0.0625               0.1641 2.5450e-03
                       32  1.6136     0.0625               0.0604 2.5450e-03
 33  1.6550    1.0+                          2.6005e-02
                        9  0.5410     0.1250               1.1140 3.2506e-03
                       14  0.8530     0.1250               0.8020 3.2506e-03
                       15  0.8840     0.1250               0.7710 3.2506e-03
                       16  0.9740     0.1250               0.6810 3.2506e-03
                       25  1.3640     0.1250               0.2910 3.2506e-03
                       26  1.3840     0.1250               0.2710 3.2506e-03
                       27  1.4470     0.1250               0.2080 3.2506e-03
                       28  1.4840     0.1250               0.1710 3.2506e-03
 32  1.6136    3.0+                          4.3168e-02                       5.9000e-13
                       21  1.2367     0.0743               0.3769 3.1966e-03
                        5  0.3355     0.9257               1.2780 3.9956e-02
 31  1.5600    1.0+                          2.8394e-02
                        9  0.5410     0.1250               1.0190 3.5492e-03
                       14  0.8530     0.1250               0.7070 3.5492e-03
                       15  0.8840     0.1250               0.6760 3.5492e-03
                       16  0.9740     0.1250               0.5860 3.5492e-03
                       25  1.3640     0.1250               0.1960 3.5492e-03
                       26  1.3840     0.1250               0.1760 3.5492e-03
                       27  1.4470     0.1250               0.1130 3.5492e-03
                       28  1.4840     0.1250               0.0760 3.5492e-03
 30  1.5099    2.0+                          4.5244e-02
                        9  0.5410     0.1111               0.9689 5.0271e-03
                       10  0.6610     0.1111               0.8489 5.0271e-03
                       14  0.8530     0.1111               0.6569 5.0271e-03
                       15  0.8840     0.1111               0.6259 5.0271e-03
                       16  0.9740     0.1111               0.5359 5.0271e-03
                       25  1.3640     0.1111               0.1459 5.0271e-03
                       26  1.3840     0.1111               0.1259 5.0271e-03
                       27  1.4470     0.1111               0.0629 5.0271e-03
                       28  1.4840     0.1111               0.0259 5.0271e-03
 29  1.4845    4.0+                          5.2844e-02
                       12  0.7535     0.4414               0.7311 2.3318e-02
                        5  0.3355     0.5586               1.1490 2.9515e-02
 28  1.4840    2.0-                          5.4168e-02
                        0  0.0000     0.0714               1.4840 3.8691e-03
                        1  0.0266     0.0714               1.4574 3.8691e-03
                        2  0.1105     0.0714               1.3735 3.8691e-03
                        4  0.2151     0.0714               1.2689 3.8691e-03
                        6  0.3410     0.0714               1.1430 3.8691e-03
                        7  0.4543     0.0714               1.0297 3.8691e-03
                        8  0.4863     0.0714               0.9977 3.8691e-03
                       11  0.7162     0.0714               0.7678 3.8691e-03
                       12  0.7535     0.0714               0.7305 3.8691e-03
                       18  1.1677     0.0714               0.3163 3.8691e-03
                       20  1.1950     0.0714               0.2890 3.8691e-03
                       22  1.2390     0.0714               0.2450 3.8691e-03
                       23  1.2937     0.0714               0.1903 3.8691e-03
                       24  1.3509     0.0714               0.1331 3.8691e-03
 27  1.4470    2.0-                          5.5967e-02
                        0  0.0000     0.0714               1.4470 3.9976e-03
                        1  0.0266     0.0714               1.4204 3.9976e-03
                        2  0.1105     0.0714               1.3365 3.9976e-03
                        4  0.2151     0.0714               1.2319 3.9976e-03
                        6  0.3410     0.0714               1.1060 3.9976e-03
                        7  0.4543     0.0714               0.9927 3.9976e-03
                        8  0.4863     0.0714               0.9607 3.9976e-03
                       11  0.7162     0.0714               0.7308 3.9976e-03
                       12  0.7535     0.0714               0.6935 3.9976e-03
                       18  1.1677     0.0714               0.2793 3.9976e-03
                       20  1.1950     0.0714               0.2520 3.9976e-03
                       22  1.2390     0.0714               0.2080 3.9976e-03
                       23  1.2937     0.0714               0.1533 3.9976e-03
                       24  1.3509     0.0714               0.0961 3.9976e-03
 26  1.3840    2.0-                          5.9305e-02
                        0  0.0000     0.0714               1.3840 4.2361e-03
                        1  0.0266     0.0714               1.3574 4.2361e-03
                        2  0.1105     0.0714               1.2735 4.2361e-03
                        4  0.2151     0.0714               1.1689 4.2361e-03
                        6  0.3410     0.0714               1.0430 4.2361e-03
                        7  0.4543     0.0714               0.9297 4.2361e-03
                        8  0.4863     0.0714               0.8977 4.2361e-03
                       11  0.7162     0.0714               0.6678 4.2361e-03
                       12  0.7535     0.0714               0.6305 4.2361e-03
                       18  1.1677     0.0714               0.2163 4.2361e-03
                       20  1.1950     0.0714               0.1890 4.2361e-03
                       22  1.2390     0.0714               0.1450 4.2361e-03
                       23  1.2937     0.0714               0.0903 4.2361e-03
                       24  1.3509     0.0714               0.0331 4.2361e-03
 25  1.3640    2.0-                          6.0442e-02
                        0  0.0000     0.0714               1.3640 4.3173e-03
                        1  0.0266     0.0714               1.3374 4.3173e-03
                        2  0.1105     0.0714               1.2535 4.3173e-03
                        4  0.2151     0.0714               1.1489 4.3173e-03
                        6  0.3410     0.0714               1.0230 4.3173e-03
                        7  0.4543     0.0714               0.9097 4.3173e-03
                        8  0.4863     0.0714               0.8777 4.3173e-03
                       11  0.7162     0.0714               0.6478 4.3173e-03
                       12  0.7535     0.0714               0.6105 4.3173e-03
                       18  1.1677     0.0714               0.1963 4.3173e-03
                       20  1.1950     0.0714               0.1690 4.3173e-03
                       22  1.2390     0.0714               0.1250 4.3173e-03
                       23  1.2937     0.0714               0.0703 4.3173e-03
                       24  1.3509     0.0714               0.0131 4.3173e-03
 24  1.3509    2.0+                          6.8730e-02
                        9  0.5410     0.2000               0.8099 1.3746e-02
                       10  0.6610     0.2000               0.6899 1.3746e-02
                       14  0.8530     0.2000               0.4979 1.3746e-02
                       15  0.8840     0.2000               0.4669 1.3746e-02
                       16  0.9740     0.2000               0.3769 1.3746e-02
 23  1.2937    2.0+                          7.1704e-02
                        9  0.5410     0.2000               0.7527 1.4341e-02
                       10  0.6610     0.2000               0.6327 1.4341e-02
                       14  0.8530     0.2000               0.4407 1.4341e-02
                       15  0.8840     0.2000               0.4097 1.4341e-02
                       16  0.9740     0.2000               0.3197 1.4341e-02
 22  1.2390    3.0+                          7.7279e-02
                        9  0.5410     0.2500               0.6980 1.9320e-02
                       10  0.6610     0.2500               0.5780 1.9320e-02
                       14  0.8530     0.2500               0.3860 1.9320e-02
                       17  1.1400     0.2500               0.0990 1.9320e-02
 21  1.2367    5.0+                          7.7670e-02                       2.6000e-12
                       12  0.7535     0.7815               0.4832 6.0613e-02
                        5  0.3355     0.2185               0.9011 1.6967e-02
 20  1.1950    3.0+                          8.0040e-02
                        9  0.5410     0.2500               0.6540 2.0010e-02
                       10  0.6610     0.2500               0.5340 2.0010e-02
                       14  0.8530     0.2500               0.3420 2.0010e-02
                       17  1.1400     0.2500               0.0550 2.0010e-02
 19  1.1923    4.0+                          7.1285e-02                       5.0000e-13
                       12  0.7535     0.0295               0.4388 2.1002e-03
                       11  0.7162     0.5933               0.4761 4.2008e-02
                        5  0.3355     0.3772               0.8567 2.6883e-02
 18  1.1677    1.0+                          5.9354e-02
                        9  0.5410     0.2500               0.6267 1.4838e-02
                       14  0.8530     0.2500               0.3147 1.4838e-02
                       15  0.8840     0.2500               0.2837 1.4838e-02
                       16  0.9740     0.2500               0.1937 1.4838e-02
 17  1.1400    4.0-                          1.3201e-01
                        0  0.0000     0.1250               1.1400 1.6502e-02
                        3  0.2120     0.1250               0.9280 1.6502e-02
                        5  0.3355     0.1250               0.8045 1.6502e-02
                        6  0.3410     0.1250               0.7990 1.6502e-02
                        7  0.4543     0.1250               0.6857 1.6502e-02
                        8  0.4863     0.1250               0.6537 1.6502e-02
                       12  0.7535     0.1250               0.3865 1.6502e-02
                       13  0.8404     0.1250               0.2996 1.6502e-02
 16  0.9740    1.0-                          1.1242e-01
                        1  0.0266     0.2500               0.9474 2.8105e-02
                        2  0.1105     0.2500               0.8635 2.8105e-02
                        4  0.2151     0.2500               0.7589 2.8105e-02
                       11  0.7162     0.2500               0.2578 2.8105e-02
 15  0.8840    1.0-                          1.2043e-01
                        1  0.0266     0.2500               0.8574 3.0106e-02
                        2  0.1105     0.2500               0.7735 3.0106e-02
                        4  0.2151     0.2500               0.6689 3.0106e-02
                       11  0.7162     0.2500               0.1678 3.0106e-02
 14  0.8530    2.0-                          1.8970e-01
                        0  0.0000     0.1111               0.8530 2.1078e-02
                        1  0.0266     0.1111               0.8264 2.1078e-02
                        2  0.1105     0.1111               0.7425 2.1078e-02
                        4  0.2151     0.1111               0.6379 2.1078e-02
                        6  0.3410     0.1111               0.5120 2.1078e-02
                        7  0.4543     0.1111               0.3987 2.1078e-02
                        8  0.4863     0.1111               0.3667 2.1078e-02
                       11  0.7162     0.1111               0.1368 2.1078e-02
                       12  0.7535     0.1111               0.0995 2.1078e-02
 13  0.8404    5.0+                          1.4100e-01
                        8  0.4863     0.4209               0.3541 5.9108e-02
                        6  0.3410     0.1679               0.4994 2.3644e-02
                        5  0.3355     0.4112               0.5049 5.7927e-02
 12  0.7535    3.0+                          2.4349e-01                       5.0000e-13
                        7  0.4543     0.0292               0.2991 7.0864e-03
                        3  0.2120     0.9708               0.5414 2.3620e-01
 11  0.7162    1.0+                          2.1232e-01
                        8  0.4863     0.2432               0.2299 5.0643e-02
                        6  0.3410     0.3989               0.3752 8.4406e-02
                        0  0.0000     0.3580               0.7162 7.5970e-02
 10  0.6610    3.0-                          2.1828e-01
                        0  0.0000     0.1429               0.6610 3.1183e-02
                        1  0.0266     0.1429               0.6344 3.1183e-02
                        3  0.2120     0.1429               0.4490 3.1183e-02
                        4  0.2151     0.1429               0.4459 3.1183e-02
                        6  0.3410     0.1429               0.3200 3.1183e-02
                        7  0.4543     0.1429               0.2067 3.1183e-02
                        8  0.4863     0.1429               0.1747 3.1183e-02
  9  0.5410    2.0-                          2.4563e-01
                        0  0.0000     0.1429               0.5410 3.5090e-02
                        1  0.0266     0.1429               0.5144 3.5090e-02
                        2  0.1105     0.1429               0.4305 3.5090e-02
                        4  0.2151     0.1429               0.3259 3.5090e-02
                        6  0.3410     0.1429               0.2000 3.5090e-02
                        7  0.4543     0.1429               0.0867 3.5090e-02
                        8  0.4863     0.1429               0.0547 3.5090e-02
  8  0.4863    3.0+                          3.7426e-01
                        6  0.3410     0.0021               0.1453 7.4429e-04
                        4  0.2151     0.7146               0.2712 2.6585e-01
                        3  0.2120     0.0579               0.2743 2.1533e-02
                        1  0.0266     0.1991               0.4597 7.4426e-02
                        0  0.0000     0.0263               0.4863 9.8370e-03
  7  0.4543    3.0+                          2.7628e-01
                        6  0.3410     0.0187               0.1133 4.4951e-03
                        3  0.2120     0.0232               0.2423 6.3444e-03
                        0  0.0000     0.9581               0.4543 2.6439e-01
  6  0.3410    3.0+                          4.0671e-01
                        4  0.2151     0.0036               0.1259 1.3185e-03
                        3  0.2120     0.0083               0.1290 3.0889e-03
                        1  0.0266     0.9296               0.3144 3.7666e-01
                        0  0.0000     0.0585               0.3410 2.3729e-02
  5  0.3355    5.0+                          4.4573e-01                       2.0000e-09
                        3  0.2120     0.6054               0.1235 2.4311e-01
                        0  0.0000     0.3946               0.3355 1.7503e-01
  4  0.2151    2.0+                          6.2674e-01
                        2  0.1105     0.7914               0.1046 4.1334e-01
                        1  0.0266     0.1417               0.1885 8.6814e-02
                        0  0.0000     0.0669               0.2151 4.1339e-02
  3  0.2120    4.0+                          8.2572e-01                       3.0000e-11
                        0  0.0000     1.0000               0.2120 8.1352e-01
  2  0.1105    1.0+                          7.9426e-01                       5.0800e-09
                        1  0.0266     0.9959               0.0839 7.5361e-01
                        0  0.0000     0.0041               0.1105 2.4871e-03
  1  0.0266    2.0+                          1.7469e+00                       8.7000e-09
                        0  0.0000     1.0000               0.0266 7.7988e-01
  0  0.0000    3.0+                          3.5598e+00                       9.2840e+03
#......................................................................../  026-058Fe //  26.000000
#                                                                          SUM SPECTRA FOR COMPOUND
#            026-058Fe      gamma    neutron     proton      alpha   deuteron
 SpcSum[mb]            3.8491e+01 3.8959e+01 2.9526e-01 3.9271e-01 4.5680e-04
 Emean[MeV]            2.0291e+00 2.1098e+00 4.8318e+00 8.5480e+00 3.1067e+00
#......................................................................../  026-058Fe //  26.000000
#                                                                   GAMMAS FROM DISCRETE TRANSITION
#           0 0 0 1 0 0             026-058Fe
#   Ex[MeV]     Jpi    FinalState  Branching Production    Egamma Production   T(1/2)[s]
 59  4.7200    1.0-                          2.6899e-02
                        0  0.0000     0.0303               4.7200 8.1513e-04
                        1  0.8108     0.0303               3.9092 8.1513e-04
                        2  1.6747     0.0303               3.0453 8.1513e-04
                        5  2.2580     0.0303               2.4620 8.1513e-04
                        7  2.7821     0.0303               1.9379 8.1513e-04
                        9  2.8763     0.0303               1.8437 8.1513e-04
                       11  3.0837     0.0303               1.6363 8.1513e-04
                       13  3.2333     0.0303               1.4867 8.1513e-04
                       14  3.2440     0.0303               1.4760 8.1513e-04
                       15  3.3890     0.0303               1.3310 8.1513e-04
                       17  3.5380     0.0303               1.1820 8.1513e-04
                       18  3.5430     0.0303               1.1770 8.1513e-04
                       20  3.6296     0.0303               1.0904 8.1513e-04
                       23  3.8540     0.0303               0.8660 8.1513e-04
                       25  3.8801     0.0303               0.8399 8.1513e-04
                       28  4.0108     0.0303               0.7092 8.1513e-04
                       29  4.0150     0.0303               0.7050 8.1513e-04
                       31  4.1392     0.0303               0.5808 8.1513e-04
                       32  4.1580     0.0303               0.5620 8.1513e-04
                       35  4.2370     0.0303               0.4830 8.1513e-04
                       36  4.2978     0.0303               0.4222 8.1513e-04
                       37  4.3129     0.0303               0.4071 8.1513e-04
                       38  4.3225     0.0303               0.3975 8.1513e-04
                       40  4.3480     0.0303               0.3720 8.1513e-04
                       41  4.3500     0.0303               0.3700 8.1513e-04
                       42  4.3527     0.0303               0.3673 8.1513e-04
                       46  4.4443     0.0303               0.2757 8.1513e-04
                       47  4.4500     0.0303               0.2700 8.1513e-04
                       49  4.4931     0.0303               0.2269 8.1513e-04
                       51  4.5301     0.0303               0.1898 8.1513e-04
                       52  4.5504     0.0303               0.1696 8.1513e-04
                       55  4.6200     0.0303               0.1000 8.1513e-04
                       58  4.7110     0.0303               0.0090 8.1513e-04
 58  4.7110    2.0+                          3.9683e-02
                       24  3.8609     0.2000               0.8501 7.9366e-03
                       44  4.4380     0.2000               0.2730 7.9366e-03
                       48  4.4680     0.2000               0.2430 7.9366e-03
                       53  4.5900     0.2000               0.1210 7.9366e-03
                       54  4.6100     0.2000               0.1010 7.9366e-03
 57  4.6694    7.0+                          1.3511e-01                       3.8000e-13
                       33  4.2146     0.1742               0.4547 2.3491e-02
                       26  3.8864     0.5240               0.7830 7.0780e-02
                       19  3.5969     0.2515               1.0725 3.3976e-02
                       16  3.4497     0.0000               1.2197 0.0000e+00
                        8  2.8647     0.0503               1.8047 6.7948e-03
 56  4.6610    4.0-                          6.1225e-02
                        3  2.0765     0.0909               2.5845 5.5659e-03
                        4  2.1339     0.0909               2.5271 5.5659e-03
                        6  2.6004     0.0909               2.0606 5.5659e-03
                       12  3.1340     0.0909               1.5270 5.5659e-03
                       16  3.4497     0.0909               1.2113 5.5659e-03
                       21  3.7542     0.0909               0.9068 5.5659e-03
                       27  3.9016     0.0909               0.7594 5.5659e-03
                       30  4.0885     0.0909               0.5725 5.5659e-03
                       33  4.2146     0.0909               0.4464 5.5659e-03
                       39  4.3400     0.0909               0.3210 5.5659e-03
                       50  4.5140     0.0909               0.1470 5.5659e-03
 55  4.6200    2.0+                          4.3298e-02
                       24  3.8609     0.2000               0.7591 8.6595e-03
                       44  4.4380     0.2000               0.1820 8.6595e-03
                       48  4.4680     0.2000               0.1520 8.6595e-03
                       53  4.5900     0.2000               0.0300 8.6595e-03
                       54  4.6100     0.2000               0.0100 8.6595e-03
 54  4.6100    3.0-                          7.5785e-02
                        1  0.8108     0.0385               3.7992 2.9148e-03
                        2  1.6747     0.0385               2.9353 2.9148e-03
                        3  2.0765     0.0385               2.5335 2.9148e-03
                        4  2.1339     0.0385               2.4761 2.9148e-03
                        6  2.6004     0.0385               2.0096 2.9148e-03
                        9  2.8763     0.0385               1.7337 2.9148e-03
                       11  3.0837     0.0385               1.5263 2.9148e-03
                       12  3.1340     0.0385               1.4760 2.9148e-03
                       13  3.2333     0.0385               1.3767 2.9148e-03
                       15  3.3890     0.0385               1.2210 2.9148e-03
                       16  3.4497     0.0385               1.1603 2.9148e-03
                       18  3.5430     0.0385               1.0670 2.9148e-03
                       20  3.6296     0.0385               0.9804 2.9148e-03
                       21  3.7542     0.0385               0.8558 2.9148e-03
                       23  3.8540     0.0385               0.7560 2.9148e-03
                       27  3.9016     0.0385               0.7084 2.9148e-03
                       28  4.0108     0.0385               0.5992 2.9148e-03
                       30  4.0885     0.0385               0.5215 2.9148e-03
                       35  4.2370     0.0385               0.3730 2.9148e-03
                       36  4.2978     0.0385               0.3122 2.9148e-03
                       37  4.3129     0.0385               0.2971 2.9148e-03
                       39  4.3400     0.0385               0.2700 2.9148e-03
                       40  4.3480     0.0385               0.2620 2.9148e-03
                       49  4.4931     0.0385               0.1169 2.9148e-03
                       50  4.5140     0.0385               0.0960 2.9148e-03
                       51  4.5301     0.0385               0.0799 2.9148e-03
 53  4.5900    3.0-                          7.7070e-02
                        3  2.0765     0.2591               2.5135 1.9949e-02
                        1  0.8108     0.7409               3.7792 5.7010e-02
 52  4.5504    1.0+                          3.1183e-02                       2.1000e-14
                       31  4.1392     0.0075               0.4111 2.3287e-04
                       14  3.2440     0.0747               1.3064 2.3286e-03
                        9  2.8763     0.3574               1.6740 1.1143e-02
                        2  1.6747     0.5337               2.8756 1.6632e-02
                        1  0.8108     0.0267               3.7396 8.3176e-04
 51  4.5301    2.0+                          5.0154e-02
                       11  3.0837     0.4998               1.4465 2.5066e-02
                        2  1.6747     0.3200               2.8554 1.6040e-02
                        0  0.0000     0.1801               4.5301 9.0214e-03
 50  4.5140    3.0+                          7.3859e-02
                       24  3.8609     0.1667               0.6531 1.2310e-02
                       34  4.2300     0.1667               0.2840 1.2310e-02
                       43  4.3980     0.1667               0.1160 1.2310e-02
                       44  4.4380     0.1667               0.0760 1.2310e-02
                       45  4.4400     0.1667               0.0740 1.2310e-02
                       48  4.4680     0.1667               0.0460 1.2310e-02
 49  4.4931    2.0+                          5.1899e-02
                        2  1.6747     0.9233               2.8184 4.7887e-02
                        1  0.8108     0.0767               3.6823 3.9747e-03
 48  4.4680    3.0-                          9.7945e-02
                        1  0.8108     0.0435               3.6572 4.2585e-03
                        2  1.6747     0.0435               2.7933 4.2585e-03
                        3  2.0765     0.0435               2.3915 4.2585e-03
                        4  2.1339     0.0435               2.3341 4.2585e-03
                        6  2.6004     0.0435               1.8676 4.2585e-03
                        9  2.8763     0.0435               1.5917 4.2585e-03
                       11  3.0837     0.0435               1.3843 4.2585e-03
                       12  3.1340     0.0435               1.3340 4.2585e-03
                       13  3.2333     0.0435               1.2347 4.2585e-03
                       15  3.3890     0.0435               1.0790 4.2585e-03
                       16  3.4497     0.0435               1.0183 4.2585e-03
                       18  3.5430     0.0435               0.9250 4.2585e-03
                       20  3.6296     0.0435               0.8384 4.2585e-03
                       21  3.7542     0.0435               0.7138 4.2585e-03
                       23  3.8540     0.0435               0.6140 4.2585e-03
                       27  3.9016     0.0435               0.5664 4.2585e-03
                       28  4.0108     0.0435               0.4572 4.2585e-03
                       30  4.0885     0.0435               0.3795 4.2585e-03
                       35  4.2370     0.0435               0.2310 4.2585e-03
                       36  4.2978     0.0435               0.1702 4.2585e-03
                       37  4.3129     0.0435               0.1551 4.2585e-03
                       39  4.3400     0.0435               0.1280 4.2585e-03
                       40  4.3480     0.0435               0.1200 4.2585e-03
 47  4.4500    0.0+                          1.0348e-02
                        7  2.7821     1.0000               1.6679 1.0348e-02
 46  4.4443    1.0+                          3.4770e-02                       6.0000e-15
                        7  2.7821     0.5615               1.6622 1.9519e-02
                        0  0.0000     0.4385               4.4443 1.5228e-02
 45  4.4400    4.0-                          8.8996e-02
                        3  2.0765     0.1000               2.3635 8.8996e-03
                        4  2.1339     0.1000               2.3061 8.8996e-03
                        6  2.6004     0.1000               1.8396 8.8996e-03
                       12  3.1340     0.1000               1.3060 8.8996e-03
                       16  3.4497     0.1000               0.9903 8.8996e-03
                       21  3.7542     0.1000               0.6858 8.8996e-03
                       27  3.9016     0.1000               0.5384 8.8996e-03
                       30  4.0885     0.1000               0.3515 8.8996e-03
                       33  4.2146     0.1000               0.2254 8.8996e-03
                       39  4.3400     0.1000               0.1000 8.8996e-03
 44  4.4380    2.0-                          8.2648e-02
                        1  0.8108     0.0435               3.6272 3.5934e-03
                        2  1.6747     0.0435               2.7633 3.5934e-03
                        4  2.1339     0.0435               2.3041 3.5934e-03
                        7  2.7821     0.0435               1.6559 3.5934e-03
                        9  2.8763     0.0435               1.5617 3.5934e-03
                       11  3.0837     0.0435               1.3543 3.5934e-03
                       13  3.2333     0.0435               1.2047 3.5934e-03
                       15  3.3890     0.0435               1.0490 3.5934e-03
                       17  3.5380     0.0435               0.9000 3.5934e-03
                       18  3.5430     0.0435               0.8950 3.5934e-03
                       20  3.6296     0.0435               0.8084 3.5934e-03
                       23  3.8540     0.0435               0.5840 3.5934e-03
                       25  3.8801     0.0435               0.5579 3.5934e-03
                       27  3.9016     0.0435               0.5364 3.5934e-03
                       28  4.0108     0.0435               0.4272 3.5934e-03
                       29  4.0150     0.0435               0.4230 3.5934e-03
                       31  4.1392     0.0435               0.2988 3.5934e-03
                       35  4.2370     0.0435               0.2010 3.5934e-03
                       36  4.2978     0.0435               0.1402 3.5934e-03
                       37  4.3129     0.0435               0.1251 3.5934e-03
                       38  4.3225     0.0435               0.1155 3.5934e-03
                       40  4.3480     0.0435               0.0900 3.5934e-03
                       42  4.3527     0.0435               0.0853 3.5934e-03
 43  4.3980    4.0-                          9.2427e-02
                        3  2.0765     0.1000               2.3215 9.2427e-03
                        4  2.1339     0.1000               2.2641 9.2427e-03
                        6  2.6004     0.1000               1.7976 9.2427e-03
                       12  3.1340     0.1000               1.2640 9.2427e-03
                       16  3.4497     0.1000               0.9483 9.2427e-03
                       21  3.7542     0.1000               0.6438 9.2427e-03
                       27  3.9016     0.1000               0.4964 9.2427e-03
                       30  4.0885     0.1000               0.3095 9.2427e-03
                       33  4.2146     0.1000               0.1834 9.2427e-03
                       39  4.3400     0.1000               0.0580 9.2427e-03
 42  4.3527    1.0+                          4.1866e-02
                        7  2.7821     1.0000               1.5706 4.1866e-02
 41  4.3500    0.0+                          1.1316e-02
                        7  2.7821     1.0000               1.5679 1.1316e-02
 40  4.3480    2.0+                          6.7333e-02
                       24  3.8609     1.0000               0.4871 6.7333e-02
 39  4.3400    4.0+                          1.1569e-01
                        8  2.8647     0.2000               1.4753 2.3137e-02
                       10  2.9700     0.2000               1.3700 2.3137e-02
                       22  3.7895     0.2000               0.5505 2.3137e-02
                       24  3.8609     0.2000               0.4791 2.3137e-02
                       34  4.2300     0.2000               0.1100 2.3137e-02
 38  4.3225    1.0+                          4.3112e-02
                       11  3.0837     0.0344               1.2388 1.4825e-03
                        9  2.8763     0.6033               1.4462 2.6006e-02
                        0  0.0000     0.3623               4.3225 1.5601e-02
 37  4.3129    2.0+                          6.9362e-02                       1.1000e-14
                        9  2.8763     0.0151               1.4366 1.0451e-03
                        6  2.6004     0.0307               1.7125 2.1301e-03
                        4  2.1339     0.2087               2.1790 1.4469e-02
                        3  2.0765     0.1507               2.2364 1.0447e-02
                        2  1.6747     0.5798               2.6382 4.0189e-02
                        1  0.8108     0.0075               3.5022 5.2239e-04
                        0  0.0000     0.0075               4.3129 5.2242e-04
 36  4.2978    2.0+                          7.0262e-02                       2.8000e-15
                        1  0.8108     0.4999               3.4870 3.5091e-02
                        0  0.0000     0.5001               4.2978 3.5093e-02
 35  4.2370    2.0+                          7.4043e-02
                       24  3.8609     1.0000               0.3761 7.4043e-02
 34  4.2300    4.0-                          1.3120e-01
                        3  2.0765     0.1111               2.1535 1.4577e-02
                        4  2.1339     0.1111               2.0961 1.4577e-02
                        6  2.6004     0.1111               1.6296 1.4577e-02
                       12  3.1340     0.1111               1.0960 1.4577e-02
                       16  3.4497     0.1111               0.7803 1.4577e-02
                       21  3.7542     0.1111               0.4758 1.4577e-02
                       27  3.9016     0.1111               0.3284 1.4577e-02
                       30  4.0885     0.1111               0.1415 1.4577e-02
                       33  4.2146     0.1111               0.0154 1.4577e-02
 33  4.2146    5.0+                          1.7029e-01                       4.5000e-13
                        6  2.6004     0.8130               1.6142 1.3842e-01
                        3  2.0765     0.1870               2.1381 3.1831e-02
 32  4.1580    0.0+                          1.3510e-02
                        7  2.7821     1.0000               1.3759 1.3510e-02
 31  4.1392    1.0+                          5.2014e-02                       2.8000e-15
                        0  0.0000     1.0000               4.1392 5.1957e-02
 30  4.0885    4.0+                          1.5462e-01                       6.0000e-14
                       20  3.6296     0.0000               0.4589 0.0000e+00
                        6  2.6004     0.5000               1.4881 7.7301e-02
                        3  2.0765     0.5000               2.0120 7.7287e-02
 29  4.0150    1.0+                          5.8899e-02                       8.0000e-15
                        1  0.8108     1.0000               3.2042 5.8850e-02
 28  4.0108    2.0+                          9.0648e-02
                       24  3.8609     1.0000               0.1499 9.0648e-02
 27  3.9016    3.0+                          1.7294e-01                       3.1000e-14
                        6  2.6004     0.1615               1.3012 2.7927e-02
                        4  2.1339     0.7342               1.7677 1.2695e-01
                        3  2.0765     0.0081               1.8251 1.3963e-03
                        2  1.6747     0.0690               2.2269 1.1933e-02
                        1  0.8108     0.0228               3.0909 3.9348e-03
                        0  0.0000     0.0044               3.9016 7.6169e-04
 26  3.8864    6.0+                          2.6298e-01                       4.8000e-13
                       19  3.5969     0.3165               0.2895 8.3026e-02
                       16  3.4497     0.0518               0.4367 1.3588e-02
                        6  2.6004     0.0574               1.2860 1.5098e-02
                        3  2.0765     0.5743               1.8099 1.5099e-01
 25  3.8801    1.0+                          6.7978e-02                       4.0000e-15
                        7  2.7821     0.1173               1.0980 7.9726e-03
                        1  0.8108     0.4695               3.0693 3.1892e-02
                        0  0.0000     0.4132               3.8801 2.8059e-02
 24  3.8609    3.0-                          4.2206e-01                       9.0000e-14
                        2  1.6747     1.0000               2.1862 4.2173e-01
                        0  0.0000     0.0000               3.8609 0.0000e+00
 23  3.8540    2.0+                          1.0491e-01
                        1  0.8108     1.0000               3.0432 1.0491e-01
 22  3.7895    5.0-                          1.9626e-01                       2.6000e-14
                        3  2.0765     1.0000               1.7130 1.9617e-01
 21  3.7542    4.0+                          1.9960e-01                       1.3000e-14
                        3  2.0765     1.0000               1.6777 1.9956e-01
 20  3.6296    2.0+                          1.3010e-01                       8.0000e-15
                        1  0.8108     0.9233               2.8188 1.2005e-01
                        0  0.0000     0.0767               3.6296 9.9650e-03
 19  3.5969    6.0+                          4.0861e-01                       2.0000e-13
                        3  2.0765     1.0000               1.5204 4.0854e-01
 18  3.5430    2.0+                          1.4157e-01
                        1  0.8108     1.0000               2.7322 1.4157e-01
 17  3.5380    1.0+                          9.8886e-02                       8.0000e-15
                        2  1.6747     0.1496               1.8632 1.4789e-02
                        1  0.8108     0.6803               2.7272 6.7231e-02
                        0  0.0000     0.1701               3.5380 1.6805e-02
 16  3.4497    4.0+                          2.7088e-01                       3.6000e-13
                        6  2.6004     0.6897               0.8493 1.8678e-01
                        4  2.1339     0.3103               1.3158 8.4043e-02
                        3  2.0765     0.0000               1.3732 0.0000e+00
 15  3.3890    2.0+                          1.6471e-01
                        1  0.8108     1.0000               2.5782 1.6471e-01
 14  3.2440    0.0+                          3.5872e-02                       3.1000e-14
                        1  0.8108     1.0000               2.4332 3.5852e-02
 13  3.2333    2.0+                          1.9210e-01                       2.2000e-13
                        6  2.6004     0.1711               0.6329 3.2845e-02
                        3  2.0765     0.3214               1.1567 6.1731e-02
                        2  1.6747     0.1573               1.5585 3.0212e-02
                        1  0.8108     0.3420               2.4225 6.5664e-02
                        0  0.0000     0.0082               3.2333 1.5761e-03
 12  3.1340    4.0+                          3.3913e-01
                        8  2.8647     0.5000               0.2693 1.6956e-01
                       10  2.9700     0.5000               0.1640 1.6956e-01
 11  3.0837    2.0+                          2.4916e-01                       3.1000e-14
                        1  0.8108     0.7518               2.2729 1.8725e-01
                        0  0.0000     0.2482               3.0837 6.1791e-02
 10  2.9700    5.0-                          6.2946e-01
                        3  2.0765     0.5000               0.8935 3.1473e-01
                        6  2.6004     0.5000               0.3696 3.1473e-01
  9  2.8763    2.0+                          3.1068e-01                       9.5000e-14
                        1  0.8108     0.8546               2.0656 2.6542e-01
                        0  0.0000     0.1454               2.8763 4.5139e-02
  8  2.8647    5.0-                          6.9440e-01                       3.1000e-12
                        6  2.6004     1.0000               0.2643 6.9276e-01
  7  2.7821    1.0+                          3.3401e-01                       1.8000e-13
                        5  2.2580     0.0780               0.5242 2.6027e-02
                        2  1.6747     0.2233               1.1074 7.4576e-02
                        1  0.8108     0.4753               1.9714 1.5871e-01
                        0  0.0000     0.2234               2.7821 7.4573e-02
  6  2.6004    4.0+                          2.0369e+00                       5.5000e-13
                        4  2.1339     0.1334               0.4665 2.7140e-01
                        3  2.0765     0.3888               0.5239 7.9146e-01
                        2  1.6747     0.1769               0.9257 3.6024e-01
                        1  0.8108     0.3009               1.7896 6.1274e-01
  5  2.2580    0.0+                          1.1230e-01                       2.5000e-12
                        1  0.8108     1.0000               1.4472 1.1228e-01
  4  2.1339    3.0+                          1.2824e+00                       2.2000e-12
                        2  1.6747     0.2649               0.4592 3.3926e-01
                        1  0.8108     0.7351               1.3231 9.4255e-01
  3  2.0765    4.0+                          3.1398e+00                       2.8000e-13
                        1  0.8108     1.0000               1.2658 3.1394e+00
  2  1.6747    2.0+                          2.1186e+00                       1.6000e-12
                        1  0.8108     0.5669               0.8640 1.2007e+00
                        0  0.0000     0.4331               1.6747 9.1735e-01
  1  0.8108    2.0+                          8.5748e+00                       6.5400e-12
                        0  0.0000     1.0000               0.8108 8.5720e+00
  0  0.0000    0.0+                          1.0107e+01
#......................................................................../  026-058Fe //  26.000000
#                                                                          SUM SPECTRA FOR COMPOUND
#            027-058Co      gamma    neutron     proton      alpha   deuteron
 SpcSum[mb]            5.8210e+02 3.6968e+02 5.1034e+01 1.0578e+01 5.7442e-02
 Emean[MeV]            1.7278e+00 1.9296e+00 4.9609e+00 8.5371e+00 4.0364e+00
#......................................................................../  026-058Fe //  26.000000
#                                                                   GAMMAS FROM DISCRETE TRANSITION
#           2 0 0 0 0 0             027-058Co
#   Ex[MeV]     Jpi    FinalState  Branching Production    Egamma Production   T(1/2)[s]
 51  2.2600    3.0-                          1.5779e+00
                        0  0.0000     0.0400               2.2600 6.3117e-02
                        2  0.0532     0.0400               2.2068 6.3117e-02
                        3  0.1118     0.0400               2.1482 6.3117e-02
                        4  0.3657     0.0400               1.8943 6.3117e-02
                        6  0.4575     0.0400               1.8025 6.3117e-02
                        7  0.8856     0.0400               1.3744 6.3117e-02
                        8  1.0401     0.0400               1.2199 6.3117e-02
                        9  1.0443     0.0400               1.2157 6.3117e-02
                       14  1.2366     0.0400               1.0234 6.3117e-02
                       16  1.3535     0.0400               0.9065 6.3117e-02
                       20  1.4240     0.0400               0.8360 6.3117e-02
                       23  1.5133     0.0400               0.7467 6.3117e-02
                       24  1.5226     0.0400               0.7374 6.3117e-02
                       25  1.5244     0.0400               0.7356 6.3117e-02
                       27  1.5547     0.0400               0.7053 6.3117e-02
                       28  1.6056     0.0400               0.6544 6.3117e-02
                       29  1.6699     0.0400               0.5901 6.3117e-02
                       32  1.7493     0.0400               0.5106 6.3117e-02
                       37  1.8430     0.0400               0.4170 6.3117e-02
                       38  1.8658     0.0400               0.3942 6.3117e-02
                       40  1.9250     0.0400               0.3350 6.3117e-02
                       42  1.9788     0.0400               0.2812 6.3117e-02
                       43  2.0070     0.0400               0.2530 6.3117e-02
                       44  2.0700     0.0400               0.1900 6.3117e-02
                       47  2.1660     0.0400               0.0940 6.3117e-02
 50  2.2488    1.0+                          6.0537e-01
                        0  0.0000     1.0000               2.2488 6.0511e-01
 49  2.2250    5.0+                          2.0349e+00
                       46  2.1050     1.0000               0.1200 2.0349e+00
 48  2.1848    6.0+                          2.9314e+00
                       13  1.1846     1.0000               1.0002 2.9308e+00
 47  2.1660    3.0+                          1.5257e+00
                       46  2.1050     1.0000               0.0610 1.5257e+00
 46  2.1050    4.0-                          5.9127e+00
                        1  0.0249     0.0385               2.0800 2.2741e-01
                        2  0.0532     0.0385               2.0518 2.2741e-01
                        3  0.1118     0.0385               1.9932 2.2741e-01
                        4  0.3657     0.0385               1.7393 2.2741e-01
                        5  0.3739     0.0385               1.7311 2.2741e-01
                        6  0.4575     0.0385               1.6475 2.2741e-01
                        7  0.8856     0.0385               1.2194 2.2741e-01
                        8  1.0401     0.0385               1.0649 2.2741e-01
                        9  1.0443     0.0385               1.0607 2.2741e-01
                       13  1.1846     0.0385               0.9204 2.2741e-01
                       15  1.3515     0.0385               0.7535 2.2741e-01
                       19  1.4181     0.0385               0.6869 2.2741e-01
                       20  1.4240     0.0385               0.6810 2.2741e-01
                       23  1.5133     0.0385               0.5917 2.2741e-01
                       25  1.5244     0.0385               0.5806 2.2741e-01
                       26  1.5488     0.0385               0.5562 2.2741e-01
                       27  1.5547     0.0385               0.5503 2.2741e-01
                       28  1.6056     0.0385               0.4994 2.2741e-01
                       29  1.6699     0.0385               0.4351 2.2741e-01
                       31  1.7405     0.0385               0.3645 2.2741e-01
                       32  1.7493     0.0385               0.3557 2.2741e-01
                       34  1.7780     0.0385               0.3270 2.2741e-01
                       37  1.8430     0.0385               0.2620 2.2741e-01
                       42  1.9788     0.0385               0.1262 2.2741e-01
                       43  2.0070     0.0385               0.0980 2.2741e-01
                       44  2.0700     0.0385               0.0350 2.2741e-01
 45  2.0805    6.0+                          3.2787e+00
                       13  1.1846     1.0000               0.8959 3.2779e+00
 44  2.0700    4.0+                          2.2933e+00
                        2  0.0532     1.0000               2.0168 2.2933e+00
 43  2.0070    3.0+                          1.9974e+00
                        3  0.1118     1.0000               1.8952 1.9974e+00
 42  1.9788    3.0+                          2.0512e+00
                        9  1.0443     1.0000               0.9345 2.0508e+00
 41  1.9290    7.0+                          1.2381e+01                       2.7700e-13
                       21  1.4246     0.7296               0.5044 9.0230e+00
                        5  0.3739     0.2704               1.5551 3.3471e+00
 40  1.9250    2.0+                          1.4998e+00
                       12  1.1330     1.0000               0.7920 1.4998e+00
 39  1.8677    1.0+                          9.2807e-01
                       10  1.0502     0.0000               0.8175 0.0000e+00
                        2  0.0532     0.4012               1.8145 3.7226e-01
                        0  0.0000     0.5988               1.8677 5.5557e-01
 38  1.8658    2.0+                          1.5942e+00
                        7  0.8856     0.2500               0.9802 3.9855e-01
                        6  0.4575     0.2500               1.4083 3.9855e-01
                        2  0.0532     0.2500               1.8126 3.9855e-01
                        0  0.0000     0.2500               1.8658 3.9855e-01
 37  1.8430    3.0+                          2.3088e+00
                        3  0.1118     1.0000               1.7312 2.3088e+00
 36  1.8280    0.0-                          4.2657e-01
                       10  1.0502     0.1667               0.7778 7.1094e-02
                       17  1.3690     0.1667               0.4590 7.1094e-02
                       18  1.3769     0.1667               0.4511 7.1094e-02
                       22  1.4349     0.1667               0.3931 7.1094e-02
                       30  1.7292     0.1667               0.0988 7.1094e-02
                       33  1.7572     0.1667               0.0708 7.1094e-02
 35  1.8133    0.0+                          3.6177e-01
                        0  0.0000     1.0000               1.8133 3.6167e-01
 34  1.7780    5.0+                          3.3343e+00
                        1  0.0249     1.0000               1.7530 3.3343e+00
 33  1.7572    1.0+                          1.1349e+00
                       10  1.0502     0.4083               0.7070 4.6317e-01
                        3  0.1118     0.5917               1.6454 6.7137e-01
 32  1.7493    4.0+                          3.0438e+00
                        7  0.8856     0.4630               0.8637 1.4087e+00
                        2  0.0532     0.2454               1.6962 7.4671e-01
                        0  0.0000     0.2917               1.7493 8.8755e-01
 31  1.7405    5.0+                          3.4524e+00
                        3  0.1118     1.0000               1.6287 3.4516e+00
 30  1.7292    1.0+                          1.1717e+00
                        5  0.3739     0.1567               1.3553 1.8356e-01
                        4  0.3657     0.7463               1.3636 8.7428e-01
                        0  0.0000     0.0970               1.7292 1.1366e-01
 29  1.6699    3.0+                          2.7229e+00
                       10  1.0502     1.0000               0.6197 2.7207e+00
 28  1.6056    3.0+                          2.9008e+00
                        6  0.4575     0.0000               1.1481 0.0000e+00
                        3  0.1118     0.7407               1.4939 2.1483e+00
                        0  0.0000     0.2593               1.6056 7.5203e-01
 27  1.5547    3.0+                          3.0598e+00
                       10  1.0502     0.7197               0.5046 2.1988e+00
                        4  0.3657     0.0000               1.1891 0.0000e+00
                        0  0.0000     0.2803               1.5547 8.5751e-01
 26  1.5488    5.0+                          4.1481e+00
                       11  1.0755     0.3335               0.4733 1.3816e+00
                        7  0.8856     0.6665               0.6632 2.7628e+00
 25  1.5244    3.0+                          3.1536e+00
                        4  0.3657     0.4505               1.1587 1.4205e+00
                        0  0.0000     0.5495               1.5244 1.7326e+00
 24  1.5226    2.0+                          2.3543e+00
                        4  0.3657     0.4413               1.1569 1.0388e+00
                        3  0.1118     0.5587               1.4108 1.3151e+00
 23  1.5133    3.0+                          3.1884e+00
                        8  1.0401     0.1306               0.4732 4.1586e-01
                        5  0.3739     0.0988               1.1394 3.1496e-01
                        4  0.3657     0.3952               1.1477 1.2599e+00
                        1  0.0249     0.3754               1.4884 1.1967e+00
 22  1.4349    1.0+                          1.6676e+00                       6.0000e-13
                        0  0.0000     1.0000               1.4349 1.6674e+00
 21  1.4246    6.0+                          1.6826e+01                       7.6000e-14
                        5  0.3739     0.8961               1.0507 1.5075e+01
                        1  0.0249     0.1039               1.3997 1.7479e+00
 20  1.4240    3.0+                          3.4804e+00
                        3  0.1118     1.0000               1.3122 3.4804e+00
 19  1.4181    5.0+                          4.7045e+00
                        5  0.3739     1.0000               1.0442 4.7037e+00
 18  1.3769    1.0+                          1.8047e+00                       1.6000e-13
                       10  1.0502     0.0683               0.3267 1.2268e-01
                        9  1.0443     0.4461               0.3326 7.7991e-01
                        0  0.0000     0.4856               1.3769 8.7627e-01
 17  1.3690    1.0+                          1.8233e+00
                       12  1.1330     1.0000               0.2360 1.8233e+00
 16  1.3535    2.0+                          2.8852e+00                       6.0000e-13
                        4  0.3657     0.5650               0.9878 1.6298e+00
                        3  0.1118     0.2373               1.2417 6.8456e-01
                        0  0.0000     0.1977               1.3535 5.7032e-01
 15  1.3515    5.0+                          5.0600e+00
                        7  0.8856     0.0742               0.4659 3.7467e-01
                        6  0.4575     0.9258               0.8940 4.6834e+00
 14  1.2366    2.0+                          3.3107e+00
                        3  0.1118     0.2537               1.1248 8.3981e-01
                        0  0.0000     0.7463               1.2366 2.4705e+00
 13  1.1846    5.0+                          1.2235e+01                       9.7000e-14
                        6  0.4575     0.6897               0.7271 8.4351e+00
                        2  0.0532     0.2069               1.1315 2.5311e+00
                        1  0.0249     0.1034               1.1597 1.2649e+00
 12  1.1330    1.0-                          6.5661e+00
                        0  0.0000     0.5000               1.1330 3.2830e+00
                       10  1.0502     0.5000               0.0828 3.2830e+00
 11  1.0755    6.0+                          1.4962e+01                       6.9000e-14
                        5  0.3739     0.1327               0.7016 1.9845e+00
                        1  0.0249     0.8673               1.0505 1.2974e+01
 10  1.0502    1.0+                          1.1566e+01                       1.4000e-13
                        4  0.3657     0.0305               0.6845 3.5254e-01
                        3  0.1118     0.3598               0.9384 4.1603e+00
                        0  0.0000     0.6097               1.0502 7.0504e+00
  9  1.0443    4.0+                          9.0097e+00                       1.2000e-12
                        5  0.3739     0.0000               0.6703 0.0000e+00
                        3  0.1118     0.1803               0.9325 1.6241e+00
                        0  0.0000     0.8197               1.0443 7.3838e+00
  8  1.0401    3.0+                          5.7100e+00                       1.4000e-13
                        6  0.4575     0.4609               0.5826 2.6303e+00
                        4  0.3657     0.2350               0.6745 1.3412e+00
                        0  0.0000     0.3041               1.0401 1.7361e+00
  7  0.8856    3.0+                          1.1286e+01                       1.5000e-13
                        5  0.3739     0.1727               0.5117 1.9463e+00
                        4  0.3657     0.2036               0.5200 2.2955e+00
                        3  0.1118     0.4423               0.7739 4.9900e+00
                        2  0.0532     0.0531               0.8325 5.9888e-01
                        1  0.0249     0.1283               0.8607 1.4475e+00
  6  0.4575    4.0+                          2.8072e+01                       9.0000e-13
                        4  0.3657     0.0171               0.0918 3.4349e-01
                        3  0.1118     0.1596               0.3457 4.4648e+00
                        2  0.0532     0.0065               0.4043 1.8321e-01
                        1  0.0249     0.8167               0.4325 2.2902e+01
  5  0.3739    5.0+                          4.2873e+01                       8.0000e-13
                        2  0.0532     0.9424               0.3208 4.0318e+01
                        1  0.0249     0.0576               0.3490 2.4595e+00
  4  0.3657    3.0+                          2.2664e+01                       1.1000e-12
                        3  0.1118     0.0090               0.2539 2.0182e-01
                        2  0.0532     0.0000               0.3125 0.0000e+00
                        0  0.0000     0.9910               0.3657 2.2424e+01
  3  0.1118    3.0+                          4.9345e+01                       1.4000e-10
                        2  0.0532     0.4185               0.0586 1.7545e+01
                        0  0.0000     0.5815               0.1118 2.7845e+01
  2  0.0532    4.0+                          8.8696e+01                       1.0500e-05
                        1  0.0249     0.3332               0.0282 3.6486e+00
                        0  0.0000     0.6668               0.0532 8.4853e+00
  1  0.0249    5.0+                          1.0205e+02                       3.2760e+04
                        0  0.0000     1.0000               0.0249 4.0478e-02
  0  0.0000    2.0+                          2.6199e+02                       6.1220e+06
#......................................................................../  026-058Fe //  26.000000
#                                                                         ISOMERIC STATE PRODUCTION
#            027-058Co
#   Ex[MeV]     Jpi     T(1/2)[s]  Prod.[mb]
  1  0.0249    5.0+    3.2760e+04 1.0205e+02
#......................................................................../  026-058Fe //  26.000000
#                                                                          SUM SPECTRA FOR COMPOUND
#            026-058Fe      gamma    neutron     proton      alpha   deuteron
 SpcSum[mb]            1.0170e+03 2.0222e+02 3.5083e-01 4.4920e-01 2.9928e-07
 Emean[MeV]            1.5772e+00 1.6575e+00 4.0721e+00 7.7216e+00 2.1282e+00
#......................................................................../  026-058Fe //  26.000000
#                                                                   GAMMAS FROM DISCRETE TRANSITION
#           1 1 0 0 0 0             026-058Fe
#   Ex[MeV]     Jpi    FinalState  Branching Production    Egamma Production   T(1/2)[s]
 59  4.7200    1.0-                          6.6355e-01
                        0  0.0000     0.0303               4.7200 2.0108e-02
                        1  0.8108     0.0303               3.9092 2.0108e-02
                        2  1.6747     0.0303               3.0453 2.0108e-02
                        5  2.2580     0.0303               2.4620 2.0108e-02
                        7  2.7821     0.0303               1.9379 2.0108e-02
                        9  2.8763     0.0303               1.8437 2.0108e-02
                       11  3.0837     0.0303               1.6363 2.0108e-02
                       13  3.2333     0.0303               1.4867 2.0108e-02
                       14  3.2440     0.0303               1.4760 2.0108e-02
                       15  3.3890     0.0303               1.3310 2.0108e-02
                       17  3.5380     0.0303               1.1820 2.0108e-02
                       18  3.5430     0.0303               1.1770 2.0108e-02
                       20  3.6296     0.0303               1.0904 2.0108e-02
                       23  3.8540     0.0303               0.8660 2.0108e-02
                       25  3.8801     0.0303               0.8399 2.0108e-02
                       28  4.0108     0.0303               0.7092 2.0108e-02
                       29  4.0150     0.0303               0.7050 2.0108e-02
                       31  4.1392     0.0303               0.5808 2.0108e-02
                       32  4.1580     0.0303               0.5620 2.0108e-02
                       35  4.2370     0.0303               0.4830 2.0108e-02
                       36  4.2978     0.0303               0.4222 2.0108e-02
                       37  4.3129     0.0303               0.4071 2.0108e-02
                       38  4.3225     0.0303               0.3975 2.0108e-02
                       40  4.3480     0.0303               0.3720 2.0108e-02
                       41  4.3500     0.0303               0.3700 2.0108e-02
                       42  4.3527     0.0303               0.3673 2.0108e-02
                       46  4.4443     0.0303               0.2757 2.0108e-02
                       47  4.4500     0.0303               0.2700 2.0108e-02
                       49  4.4931     0.0303               0.2269 2.0108e-02
                       51  4.5301     0.0303               0.1898 2.0108e-02
                       52  4.5504     0.0303               0.1696 2.0108e-02
                       55  4.6200     0.0303               0.1000 2.0108e-02
                       58  4.7110     0.0303               0.0090 2.0108e-02
 58  4.7110    2.0+                          1.0591e+00
                       24  3.8609     0.2000               0.8501 2.1182e-01
                       44  4.4380     0.2000               0.2730 2.1182e-01
                       48  4.4680     0.2000               0.2430 2.1182e-01
                       53  4.5900     0.2000               0.1210 2.1182e-01
                       54  4.6100     0.2000               0.1010 2.1182e-01
 57  4.6694    7.0+                          6.2684e+00                       3.8000e-13
                       33  4.2146     0.1742               0.4547 1.0899e+00
                       26  3.8864     0.5240               0.7830 3.2838e+00
                       19  3.5969     0.2515               1.0725 1.5763e+00
                       16  3.4497     0.0000               1.2197 0.0000e+00
                        8  2.8647     0.0503               1.8047 3.1524e-01
 56  4.6610    4.0-                          2.2226e+00
                        3  2.0765     0.0909               2.5845 2.0206e-01
                        4  2.1339     0.0909               2.5271 2.0206e-01
                        6  2.6004     0.0909               2.0606 2.0206e-01
                       12  3.1340     0.0909               1.5270 2.0206e-01
                       16  3.4497     0.0909               1.2113 2.0206e-01
                       21  3.7542     0.0909               0.9068 2.0206e-01
                       27  3.9016     0.0909               0.7594 2.0206e-01
                       30  4.0885     0.0909               0.5725 2.0206e-01
                       33  4.2146     0.0909               0.4464 2.0206e-01
                       39  4.3400     0.0909               0.3210 2.0206e-01
                       50  4.5140     0.0909               0.1470 2.0206e-01
 55  4.6200    2.0+                          1.1578e+00
                       24  3.8609     0.2000               0.7591 2.3155e-01
                       44  4.4380     0.2000               0.1820 2.3155e-01
                       48  4.4680     0.2000               0.1520 2.3155e-01
                       53  4.5900     0.2000               0.0300 2.3155e-01
                       54  4.6100     0.2000               0.0100 2.3155e-01
 54  4.6100    3.0-                          2.2893e+00
                        1  0.8108     0.0385               3.7992 8.8051e-02
                        2  1.6747     0.0385               2.9353 8.8051e-02
                        3  2.0765     0.0385               2.5335 8.8051e-02
                        4  2.1339     0.0385               2.4761 8.8051e-02
                        6  2.6004     0.0385               2.0096 8.8051e-02
                        9  2.8763     0.0385               1.7337 8.8051e-02
                       11  3.0837     0.0385               1.5263 8.8051e-02
                       12  3.1340     0.0385               1.4760 8.8051e-02
                       13  3.2333     0.0385               1.3767 8.8051e-02
                       15  3.3890     0.0385               1.2210 8.8051e-02
                       16  3.4497     0.0385               1.1603 8.8051e-02
                       18  3.5430     0.0385               1.0670 8.8051e-02
                       20  3.6296     0.0385               0.9804 8.8051e-02
                       21  3.7542     0.0385               0.8558 8.8051e-02
                       23  3.8540     0.0385               0.7560 8.8051e-02
                       27  3.9016     0.0385               0.7084 8.8051e-02
                       28  4.0108     0.0385               0.5992 8.8051e-02
                       30  4.0885     0.0385               0.5215 8.8051e-02
                       35  4.2370     0.0385               0.3730 8.8051e-02
                       36  4.2978     0.0385               0.3122 8.8051e-02
                       37  4.3129     0.0385               0.2971 8.8051e-02
                       39  4.3400     0.0385               0.2700 8.8051e-02
                       40  4.3480     0.0385               0.2620 8.8051e-02
                       49  4.4931     0.0385               0.1169 8.8051e-02
                       50  4.5140     0.0385               0.0960 8.8051e-02
                       51  4.5301     0.0385               0.0799 8.8051e-02
 53  4.5900    3.0-                          2.3242e+00
                        3  2.0765     0.2591               2.5135 6.0160e-01
                        1  0.8108     0.7409               3.7792 1.7192e+00
 52  4.5504    1.0+                          7.2520e-01                       2.1000e-14
                       31  4.1392     0.0075               0.4111 5.4157e-03
                       14  3.2440     0.0747               1.3064 5.4154e-02
                        9  2.8763     0.3574               1.6740 2.5915e-01
                        2  1.6747     0.5337               2.8756 3.8680e-01
                        1  0.8108     0.0267               3.7396 1.9343e-02
 51  4.5301    2.0+                          1.3413e+00
                       11  3.0837     0.4998               1.4465 6.7037e-01
                        2  1.6747     0.3200               2.8554 4.2897e-01
                        0  0.0000     0.1801               4.5301 2.4127e-01
 50  4.5140    3.0+                          2.1898e+00
                       24  3.8609     0.1667               0.6531 3.6497e-01
                       34  4.2300     0.1667               0.2840 3.6497e-01
                       43  4.3980     0.1667               0.1160 3.6497e-01
                       44  4.4380     0.1667               0.0760 3.6497e-01
                       45  4.4400     0.1667               0.0740 3.6497e-01
                       48  4.4680     0.1667               0.0460 3.6497e-01
 49  4.4931    2.0+                          1.3893e+00
                        2  1.6747     0.9233               2.8184 1.2819e+00
                        1  0.8108     0.0767               3.6823 1.0640e-01
 48  4.4680    3.0-                          2.9483e+00
                        1  0.8108     0.0435               3.6572 1.2818e-01
                        2  1.6747     0.0435               2.7933 1.2818e-01
                        3  2.0765     0.0435               2.3915 1.2818e-01
                        4  2.1339     0.0435               2.3341 1.2818e-01
                        6  2.6004     0.0435               1.8676 1.2818e-01
                        9  2.8763     0.0435               1.5917 1.2818e-01
                       11  3.0837     0.0435               1.3843 1.2818e-01
                       12  3.1340     0.0435               1.3340 1.2818e-01
                       13  3.2333     0.0435               1.2347 1.2818e-01
                       15  3.3890     0.0435               1.0790 1.2818e-01
                       16  3.4497     0.0435               1.0183 1.2818e-01
                       18  3.5430     0.0435               0.9250 1.2818e-01
                       20  3.6296     0.0435               0.8384 1.2818e-01
                       21  3.7542     0.0435               0.7138 1.2818e-01
                       23  3.8540     0.0435               0.6140 1.2818e-01
                       27  3.9016     0.0435               0.5664 1.2818e-01
                       28  4.0108     0.0435               0.4572 1.2818e-01
                       30  4.0885     0.0435               0.3795 1.2818e-01
                       35  4.2370     0.0435               0.2310 1.2818e-01
                       36  4.2978     0.0435               0.1702 1.2818e-01
                       37  4.3129     0.0435               0.1551 1.2818e-01
                       39  4.3400     0.0435               0.1280 1.2818e-01
                       40  4.3480     0.0435               0.1200 1.2818e-01
 47  4.4500    0.0+                          2.4533e-01
                        7  2.7821     1.0000               1.6679 2.4533e-01
 46  4.4443    1.0+                          8.0628e-01                       6.0000e-15
                        7  2.7821     0.5615               1.6622 4.5264e-01
                        0  0.0000     0.4385               4.4443 3.5313e-01
 45  4.4400    4.0-                          3.1085e+00
                        3  2.0765     0.1000               2.3635 3.1085e-01
                        4  2.1339     0.1000               2.3061 3.1085e-01
                        6  2.6004     0.1000               1.8396 3.1085e-01
                       12  3.1340     0.1000               1.3060 3.1085e-01
                       16  3.4497     0.1000               0.9903 3.1085e-01
                       21  3.7542     0.1000               0.6858 3.1085e-01
                       27  3.9016     0.1000               0.5384 3.1085e-01
                       30  4.0885     0.1000               0.3515 3.1085e-01
                       33  4.2146     0.1000               0.2254 3.1085e-01
                       39  4.3400     0.1000               0.1000 3.1085e-01
 44  4.4380    2.0-                          2.3414e+00
                        1  0.8108     0.0435               3.6272 1.0180e-01
                        2  1.6747     0.0435               2.7633 1.0180e-01
                        4  2.1339     0.0435               2.3041 1.0180e-01
                        7  2.7821     0.0435               1.6559 1.0180e-01
                        9  2.8763     0.0435               1.5617 1.0180e-01
                       11  3.0837     0.0435               1.3543 1.0180e-01
                       13  3.2333     0.0435               1.2047 1.0180e-01
                       15  3.3890     0.0435               1.0490 1.0180e-01
                       17  3.5380     0.0435               0.9000 1.0180e-01
                       18  3.5430     0.0435               0.8950 1.0180e-01
                       20  3.6296     0.0435               0.8084 1.0180e-01
                       23  3.8540     0.0435               0.5840 1.0180e-01
                       25  3.8801     0.0435               0.5579 1.0180e-01
                       27  3.9016     0.0435               0.5364 1.0180e-01
                       28  4.0108     0.0435               0.4272 1.0180e-01
                       29  4.0150     0.0435               0.4230 1.0180e-01
                       31  4.1392     0.0435               0.2988 1.0180e-01
                       35  4.2370     0.0435               0.2010 1.0180e-01
                       36  4.2978     0.0435               0.1402 1.0180e-01
                       37  4.3129     0.0435               0.1251 1.0180e-01
                       38  4.3225     0.0435               0.1155 1.0180e-01
                       40  4.3480     0.0435               0.0900 1.0180e-01
                       42  4.3527     0.0435               0.0853 1.0180e-01
 43  4.3980    4.0-                          3.2164e+00
                        3  2.0765     0.1000               2.3215 3.2164e-01
                        4  2.1339     0.1000               2.2641 3.2164e-01
                        6  2.6004     0.1000               1.7976 3.2164e-01
                       12  3.1340     0.1000               1.2640 3.2164e-01
                       16  3.4497     0.1000               0.9483 3.2164e-01
                       21  3.7542     0.1000               0.6438 3.2164e-01
                       27  3.9016     0.1000               0.4964 3.2164e-01
                       30  4.0885     0.1000               0.3095 3.2164e-01
                       33  4.2146     0.1000               0.1834 3.2164e-01
                       39  4.3400     0.1000               0.0580 3.2164e-01
 42  4.3527    1.0+                          9.8209e-01
                        7  2.7821     1.0000               1.5706 9.8209e-01
 41  4.3500    0.0+                          2.6717e-01
                        7  2.7821     1.0000               1.5679 2.6717e-01
 40  4.3480    2.0+                          1.8089e+00
                       24  3.8609     1.0000               0.4871 1.8089e+00
 39  4.3400    4.0+                          3.8905e+00
                        8  2.8647     0.2000               1.4753 7.7810e-01
                       10  2.9700     0.2000               1.3700 7.7810e-01
                       22  3.7895     0.2000               0.5505 7.7810e-01
                       24  3.8609     0.2000               0.4791 7.7810e-01
                       34  4.2300     0.2000               0.1100 7.7810e-01
 38  4.3225    1.0+                          1.0077e+00
                       11  3.0837     0.0344               1.2388 3.4650e-02
                        9  2.8763     0.6033               1.4462 6.0786e-01
                        0  0.0000     0.3623               4.3225 3.6466e-01
 37  4.3129    2.0+                          1.8566e+00                       1.1000e-14
                        9  2.8763     0.0151               1.4366 2.7973e-02
                        6  2.6004     0.0307               1.7125 5.7016e-02
                        4  2.1339     0.2087               2.1790 3.8729e-01
                        3  2.0765     0.1507               2.2364 2.7964e-01
                        2  1.6747     0.5798               2.6382 1.0757e+00
                        1  0.8108     0.0075               3.5022 1.3982e-02
                        0  0.0000     0.0075               4.3129 1.3983e-02
 36  4.2978    2.0+                          1.8836e+00                       2.8000e-15
                        1  0.8108     0.4999               3.4870 9.4075e-01
                        0  0.0000     0.5001               4.2978 9.4080e-01
 35  4.2370    2.0+                          1.9843e+00
                       24  3.8609     1.0000               0.3761 1.9843e+00
 34  4.2300    4.0-                          4.5190e+00
                        3  2.0765     0.1111               2.1535 5.0211e-01
                        4  2.1339     0.1111               2.0961 5.0211e-01
                        6  2.6004     0.1111               1.6296 5.0211e-01
                       12  3.1340     0.1111               1.0960 5.0211e-01
                       16  3.4497     0.1111               0.7803 5.0211e-01
                       21  3.7542     0.1111               0.4758 5.0211e-01
                       27  3.9016     0.1111               0.3284 5.0211e-01
                       30  4.0885     0.1111               0.1415 5.0211e-01
                       33  4.2146     0.1111               0.0154 5.0211e-01
 33  4.2146    5.0+                          6.4638e+00                       4.5000e-13
                        6  2.6004     0.8130               1.6142 5.2541e+00
                        3  2.0765     0.1870               2.1381 1.2083e+00
 32  4.1580    0.0+                          3.1814e-01
                        7  2.7821     1.0000               1.3759 3.1814e-01
 31  4.1392    1.0+                          1.2002e+00                       2.8000e-15
                        0  0.0000     1.0000               4.1392 1.1989e+00
 30  4.0885    4.0+                          5.1471e+00                       6.0000e-14
                       20  3.6296     0.0000               0.4589 0.0000e+00
                        6  2.6004     0.5000               1.4881 2.5732e+00
                        3  2.0765     0.5000               2.0120 2.5727e+00
 29  4.0150    1.0+                          1.3497e+00                       8.0000e-15
                        1  0.8108     1.0000               3.2042 1.3485e+00
 28  4.0108    2.0+                          2.3984e+00
                       24  3.8609     1.0000               0.1499 2.3984e+00
 27  3.9016    3.0+                          5.1090e+00                       3.1000e-14
                        6  2.6004     0.1615               1.3012 8.2502e-01
                        4  2.1339     0.7342               1.7677 3.7502e+00
                        3  2.0765     0.0081               1.8251 4.1251e-02
                        2  1.6747     0.0690               2.2269 3.5253e-01
                        1  0.8108     0.0228               3.0909 1.1624e-01
                        0  0.0000     0.0044               3.9016 2.2502e-02
 26  3.8864    6.0+                          1.0829e+01                       4.8000e-13
                       19  3.5969     0.3165               0.2895 3.4187e+00
                       16  3.4497     0.0518               0.4367 5.5950e-01
                        6  2.6004     0.0574               1.2860 6.2170e-01
                        3  2.0765     0.5743               1.8099 6.2173e+00
 25  3.8801    1.0+                          1.5407e+00                       4.0000e-15
                        7  2.7821     0.1173               1.0980 1.8070e-01
                        1  0.8108     0.4695               3.0693 7.2282e-01
                        0  0.0000     0.4132               3.8801 6.3596e-01
 24  3.8609    3.0-                          1.1915e+01                       9.0000e-14
                        2  1.6747     1.0000               2.1862 1.1905e+01
                        0  0.0000     0.0000               3.8609 0.0000e+00
 23  3.8540    2.0+                          2.7544e+00
                        1  0.8108     1.0000               3.0432 2.7544e+00
 22  3.7895    5.0-                          7.1952e+00                       2.6000e-14
                        3  2.0765     1.0000               1.7130 7.1919e+00
 21  3.7542    4.0+                          6.4782e+00                       1.3000e-14
                        3  2.0765     1.0000               1.6777 6.4768e+00
 20  3.6296    2.0+                          3.3757e+00                       8.0000e-15
                        1  0.8108     0.9233               2.8188 3.1148e+00
                        0  0.0000     0.0767               3.6296 2.5855e-01
 19  3.5969    6.0+                          1.5947e+01                       2.0000e-13
                        3  2.0765     1.0000               1.5204 1.5944e+01
 18  3.5430    2.0+                          3.6453e+00
                        1  0.8108     1.0000               2.7322 3.6453e+00
 17  3.5380    1.0+                          2.1734e+00                       8.0000e-15
                        2  1.6747     0.1496               1.8632 3.2506e-01
                        1  0.8108     0.6803               2.7272 1.4777e+00
                        0  0.0000     0.1701               3.5380 3.6937e-01
 16  3.4497    4.0+                          8.7576e+00                       3.6000e-13
                        6  2.6004     0.6897               0.8493 6.0385e+00
                        4  2.1339     0.3103               1.3158 2.7171e+00
                        3  2.0765     0.0000               1.3732 0.0000e+00
 15  3.3890    2.0+                          4.2263e+00
                        1  0.8108     1.0000               2.5782 4.2263e+00
 14  3.2440    0.0+                          8.3595e-01                       3.1000e-14
                        1  0.8108     1.0000               2.4332 8.3548e-01
 13  3.2333    2.0+                          4.9143e+00                       2.2000e-13
                        6  2.6004     0.1711               0.6329 8.4025e-01
                        3  2.0765     0.3214               1.1567 1.5792e+00
                        2  1.6747     0.1573               1.5585 7.7288e-01
                        1  0.8108     0.3420               2.4225 1.6798e+00
                        0  0.0000     0.0082               3.2333 4.0320e-02
 12  3.1340    4.0+                          1.0576e+01
                        8  2.8647     0.5000               0.2693 5.2878e+00
                       10  2.9700     0.5000               0.1640 5.2878e+00
 11  3.0837    2.0+                          6.3820e+00                       3.1000e-14
                        1  0.8108     0.7518               2.2729 4.7960e+00
                        0  0.0000     0.2482               3.0837 1.5827e+00
 10  2.9700    5.0-                          2.1443e+01
                        3  2.0765     0.5000               0.8935 1.0722e+01
                        6  2.6004     0.5000               0.3696 1.0722e+01
  9  2.8763    2.0+                          7.8501e+00                       9.5000e-14
                        1  0.8108     0.8546               2.0656 6.7065e+00
                        0  0.0000     0.1454               2.8763 1.1406e+00
  8  2.8647    5.0-                          2.4157e+01                       3.1000e-12
                        6  2.6004     1.0000               0.2643 2.4100e+01
  7  2.7821    1.0+                          7.2767e+00                       1.8000e-13
                        5  2.2580     0.0780               0.5242 5.6704e-01
                        2  1.6747     0.2233               1.1074 1.6247e+00
                        1  0.8108     0.4753               1.9714 3.4577e+00
                        0  0.0000     0.2234               2.7821 1.6247e+00
  6  2.6004    4.0+                          6.8252e+01                       5.5000e-13
                        4  2.1339     0.1334               0.4665 9.0939e+00
                        3  2.0765     0.3888               0.5239 2.6520e+01
                        2  1.6747     0.1769               0.9257 1.2071e+01
                        1  0.8108     0.3009               1.7896 2.0532e+01
  5  2.2580    0.0+                          2.6458e+00                       2.5000e-12
                        1  0.8108     1.0000               1.4472 2.6454e+00
  4  2.1339    3.0+                          3.8808e+01                       2.2000e-12
                        2  1.6747     0.2649               0.4592 1.0267e+01
                        1  0.8108     0.7351               1.3231 2.8525e+01
  3  2.0765    4.0+                          1.1100e+02                       2.8000e-13
                        1  0.8108     1.0000               1.2658 1.1099e+02
  2  1.6747    2.0+                          6.1989e+01                       1.6000e-12
                        1  0.8108     0.5669               0.8640 3.5134e+01
                        0  0.0000     0.4331               1.6747 2.6842e+01
  1  0.8108    2.0+                          2.9896e+02                       6.5400e-12
                        0  0.0000     1.0000               0.8108 2.9886e+02
  0  0.0000    0.0+                          3.6374e+02
#......................................................................../  026-058Fe //  26.000000
#                                                                          SUM SPECTRA FOR COMPOUND
#            025-055Mn      gamma    neutron     proton      alpha   deuteron
 SpcSum[mb]            2.1903e+02 3.2720e+01 8.6678e-01 2.0873e-02 5.1098e-08
 Emean[MeV]            2.0124e+00 1.1163e+00 2.6566e+00 6.5940e+00 2.3695e+00
#......................................................................../  026-058Fe //  26.000000
#                                                                   GAMMAS FROM DISCRETE TRANSITION
#           1 0 1 0 0 0             025-055Mn
#   Ex[MeV]     Jpi    FinalState  Branching Production    Egamma Production   T(1/2)[s]
 91  4.0030    4.5+                          4.1566e-01                       3.0000e-15
                        2  0.9843     0.1228               3.0187 5.0979e-02
                        0  0.0000     0.8772               4.0030 3.6430e-01
 90  3.9980    0.5-                          6.0162e-02
                       13  2.2810     0.0667               1.7170 4.0108e-03
                       18  2.4265     0.0667               1.5715 4.0108e-03
                       20  2.5820     0.0667               1.4160 4.0108e-03
                       21  2.6217     0.0667               1.3763 4.0108e-03
                       33  2.9840     0.0667               1.0140 4.0108e-03
                       44  3.0700     0.0667               0.9280 4.0108e-03
                       50  3.1953     0.0667               0.8027 4.0108e-03
                       53  3.2681     0.0667               0.7299 4.0108e-03
                       57  3.3790     0.0667               0.6190 4.0108e-03
                       59  3.4241     0.0667               0.5739 4.0108e-03
                       61  3.4800     0.0667               0.5180 4.0108e-03
                       68  3.6040     0.0667               0.3940 4.0108e-03
                       70  3.6108     0.0667               0.3872 4.0108e-03
                       74  3.6730     0.0667               0.3250 4.0108e-03
                       75  3.6820     0.0667               0.3160 4.0108e-03
 89  3.9832    4.5+                          4.2200e-01
                        1  0.1259     1.0000               3.8573 4.2132e-01
 88  3.9460    3.5+                          3.1434e-01
                        6  1.5284     1.0000               2.4177 3.1424e-01
 87  3.9320    5.5+                          5.5649e-01
                        2  0.9843     0.0909               2.9477 5.0590e-02
                        4  1.2921     0.0909               2.6399 5.0590e-02
                       14  2.3114     0.0909               1.6206 5.0590e-02
                       17  2.3984     0.0909               1.5336 5.0590e-02
                       26  2.8221     0.0909               1.1099 5.0590e-02
                       27  2.8237     0.0909               1.1083 5.0590e-02
                       37  3.0359     0.0909               0.8961 5.0590e-02
                       46  3.1261     0.0909               0.8059 5.0590e-02
                       54  3.3420     0.0909               0.5900 5.0590e-02
                       81  3.8131     0.0909               0.1189 5.0590e-02
                       83  3.8449     0.0909               0.0871 5.0590e-02
 86  3.9174    1.5-                          1.3646e-01
                       15  2.3658     1.0000               1.5516 1.3644e-01
 85  3.8829    1.5-                          1.4040e-01
                       15  2.3658     0.3226               1.5171 4.5282e-02
                        6  1.5284     0.3546               2.3546 4.9757e-02
                        0  0.0000     0.3229               3.8829 4.5282e-02
 84  3.8600    2.5+                          2.3485e-01
                        0  0.0000     0.0294               3.8600 6.9073e-03
                        1  0.1259     0.0294               3.7341 6.9073e-03
                        6  1.5284     0.0294               2.3316 6.9073e-03
                        7  1.8841     0.0294               1.9759 6.9073e-03
                        8  2.0152     0.0294               1.8448 6.9073e-03
                        9  2.1984     0.0294               1.6616 6.9073e-03
                       10  2.2150     0.0294               1.6450 6.9073e-03
                       11  2.2525     0.0294               1.6075 6.9073e-03
                       12  2.2668     0.0294               1.5932 6.9073e-03
                       15  2.3658     0.0294               1.4942 6.9073e-03
                       16  2.3800     0.0294               1.4800 6.9073e-03
                       19  2.5632     0.0294               1.2968 6.9073e-03
                       23  2.7273     0.0294               1.1327 6.9073e-03
                       25  2.7527     0.0294               1.1073 6.9073e-03
                       28  2.8284     0.0294               1.0316 6.9073e-03
                       30  2.9250     0.0294               0.9350 6.9073e-03
                       31  2.9534     0.0294               0.9066 6.9073e-03
                       32  2.9762     0.0294               0.8838 6.9073e-03
                       34  2.9918     0.0294               0.8682 6.9073e-03
                       35  3.0058     0.0294               0.8542 6.9073e-03
                       36  3.0280     0.0294               0.8320 6.9073e-03
                       40  3.0460     0.0294               0.8140 6.9073e-03
                       43  3.0600     0.0294               0.8000 6.9073e-03
                       45  3.0803     0.0294               0.7797 6.9073e-03
                       47  3.1360     0.0294               0.7240 6.9073e-03
                       48  3.1470     0.0294               0.7130 6.9073e-03
                       49  3.1584     0.0294               0.7016 6.9073e-03
                       51  3.2608     0.0294               0.5992 6.9073e-03
                       52  3.2632     0.0294               0.5968 6.9073e-03
                       55  3.3510     0.0294               0.5090 6.9073e-03
                       64  3.5281     0.0294               0.3319 6.9073e-03
                       67  3.6000     0.0294               0.2600 6.9073e-03
                       69  3.6080     0.0294               0.2520 6.9073e-03
                       76  3.7035     0.0294               0.1565 6.9073e-03
 83  3.8449    5.5-                          6.3594e-01                       2.0000e-13
                       14  2.3114     1.0000               1.5335 6.3584e-01
 82  3.8315    3.5+                          3.4573e-01
                        9  2.1984     0.4997               1.6331 1.7269e-01
                        1  0.1259     0.5003               3.7056 1.7270e-01
 81  3.8131    6.5-                          8.0891e-01                       8.3000e-14
                       42  3.0547     1.0000               0.7584 8.0866e-01
 80  3.8000    4.5+                          4.8854e-01
                        1  0.1259     0.0625               3.6741 3.0534e-02
                        2  0.9843     0.0625               2.8157 3.0534e-02
                        4  1.2921     0.0625               2.5079 3.0534e-02
                        7  1.8841     0.0625               1.9159 3.0534e-02
                        8  2.0152     0.0625               1.7848 3.0534e-02
                        9  2.1984     0.0625               1.6016 3.0534e-02
                       17  2.3984     0.0625               1.4016 3.0534e-02
                       23  2.7273     0.0625               1.0727 3.0534e-02
                       26  2.8221     0.0625               0.9779 3.0534e-02
                       27  2.8237     0.0625               0.9763 3.0534e-02
                       28  2.8284     0.0625               0.9716 3.0534e-02
                       34  2.9918     0.0625               0.8082 3.0534e-02
                       37  3.0359     0.0625               0.7641 3.0534e-02
                       43  3.0600     0.0625               0.7400 3.0534e-02
                       48  3.1470     0.0625               0.6530 3.0534e-02
                       76  3.7035     0.0625               0.0965 3.0534e-02
 79  3.7910    2.5+                          2.4885e-01
                        0  0.0000     0.0294               3.7910 7.3191e-03
                        1  0.1259     0.0294               3.6651 7.3191e-03
                        6  1.5284     0.0294               2.2626 7.3191e-03
                        7  1.8841     0.0294               1.9069 7.3191e-03
                        8  2.0152     0.0294               1.7758 7.3191e-03
                        9  2.1984     0.0294               1.5926 7.3191e-03
                       10  2.2150     0.0294               1.5760 7.3191e-03
                       11  2.2525     0.0294               1.5385 7.3191e-03
                       12  2.2668     0.0294               1.5242 7.3191e-03
                       15  2.3658     0.0294               1.4252 7.3191e-03
                       16  2.3800     0.0294               1.4110 7.3191e-03
                       19  2.5632     0.0294               1.2278 7.3191e-03
                       23  2.7273     0.0294               1.0637 7.3191e-03
                       25  2.7527     0.0294               1.0383 7.3191e-03
                       28  2.8284     0.0294               0.9626 7.3191e-03
                       30  2.9250     0.0294               0.8660 7.3191e-03
                       31  2.9534     0.0294               0.8376 7.3191e-03
                       32  2.9762     0.0294               0.8148 7.3191e-03
                       34  2.9918     0.0294               0.7992 7.3191e-03
                       35  3.0058     0.0294               0.7852 7.3191e-03
                       36  3.0280     0.0294               0.7630 7.3191e-03
                       40  3.0460     0.0294               0.7450 7.3191e-03
                       43  3.0600     0.0294               0.7310 7.3191e-03
                       45  3.0803     0.0294               0.7107 7.3191e-03
                       47  3.1360     0.0294               0.6550 7.3191e-03
                       48  3.1470     0.0294               0.6440 7.3191e-03
                       49  3.1584     0.0294               0.6326 7.3191e-03
                       51  3.2608     0.0294               0.5302 7.3191e-03
                       52  3.2632     0.0294               0.5278 7.3191e-03
                       55  3.3510     0.0294               0.4400 7.3191e-03
                       64  3.5281     0.0294               0.2629 7.3191e-03
                       67  3.6000     0.0294               0.1910 7.3191e-03
                       69  3.6080     0.0294               0.1830 7.3191e-03
                       76  3.7035     0.0294               0.0875 7.3191e-03
 78  3.7718    2.5+                          2.5291e-01
                       12  2.2668     0.1979               1.5050 5.0032e-02
                       11  2.2525     0.1979               1.5193 5.0031e-02
                        9  2.1984     0.1979               1.5734 5.0029e-02
                        7  1.8841     0.2083               1.8877 5.2646e-02
                        0  0.0000     0.1981               3.7718 5.0018e-02
 77  3.7535    0.5-                          7.3536e-02
                        0  0.0000     1.0000               3.7535 7.3455e-02
 76  3.7035    3.5-                          4.3372e-01                       1.3000e-14
                        9  2.1984     0.5100               1.5050 2.2117e-01
                        0  0.0000     0.4900               3.7035 2.1231e-01
 75  3.6820    0.5+                          8.3090e-02
                        5  1.2930     0.0500               2.3890 4.1545e-03
                        6  1.5284     0.0500               2.1536 4.1545e-03
                       11  2.2525     0.0500               1.4295 4.1545e-03
                       16  2.3800     0.0500               1.3020 4.1545e-03
                       19  2.5632     0.0500               1.1188 4.1545e-03
                       29  2.8733     0.0500               0.8087 4.1545e-03
                       30  2.9250     0.0500               0.7570 4.1545e-03
                       31  2.9534     0.0500               0.7286 4.1545e-03
                       32  2.9762     0.0500               0.7058 4.1545e-03
                       35  3.0058     0.0500               0.6762 4.1545e-03
                       36  3.0280     0.0500               0.6540 4.1545e-03
                       38  3.0374     0.0500               0.6446 4.1545e-03
                       45  3.0803     0.0500               0.6017 4.1545e-03
                       49  3.1584     0.0500               0.5236 4.1545e-03
                       52  3.2632     0.0500               0.4188 4.1545e-03
                       55  3.3510     0.0500               0.3310 4.1545e-03
                       58  3.3830     0.0500               0.2990 4.1545e-03
                       60  3.4318     0.0500               0.2502 4.1545e-03
                       63  3.5230     0.0500               0.1590 4.1545e-03
                       64  3.5281     0.0500               0.1539 4.1545e-03
 74  3.6730    0.5+                          8.3723e-02
                        5  1.2930     0.0500               2.3800 4.1861e-03
                        6  1.5284     0.0500               2.1446 4.1861e-03
                       11  2.2525     0.0500               1.4205 4.1861e-03
                       16  2.3800     0.0500               1.2930 4.1861e-03
                       19  2.5632     0.0500               1.1098 4.1861e-03
                       29  2.8733     0.0500               0.7997 4.1861e-03
                       30  2.9250     0.0500               0.7480 4.1861e-03
                       31  2.9534     0.0500               0.7196 4.1861e-03
                       32  2.9762     0.0500               0.6968 4.1861e-03
                       35  3.0058     0.0500               0.6672 4.1861e-03
                       36  3.0280     0.0500               0.6450 4.1861e-03
                       38  3.0374     0.0500               0.6356 4.1861e-03
                       45  3.0803     0.0500               0.5927 4.1861e-03
                       49  3.1584     0.0500               0.5146 4.1861e-03
                       52  3.2632     0.0500               0.4098 4.1861e-03
                       55  3.3510     0.0500               0.3220 4.1861e-03
                       58  3.3830     0.0500               0.2900 4.1861e-03
                       60  3.4318     0.0500               0.2412 4.1861e-03
                       63  3.5230     0.0500               0.1500 4.1861e-03
                       64  3.5281     0.0500               0.1449 4.1861e-03
 73  3.6609    2.5+                          2.7918e-01
                       15  2.3658     0.0000               1.2951 0.0000e+00
                        9  2.1984     0.7998               1.4625 2.2323e-01
                        0  0.0000     0.2002               3.6609 5.5806e-02
 72  3.6420    3.5+                          4.0597e-01
                        0  0.0000     0.0435               3.6420 1.7651e-02
                        1  0.1259     0.0435               3.5161 1.7651e-02
                        2  0.9843     0.0435               2.6577 1.7651e-02
                        7  1.8841     0.0435               1.7579 1.7651e-02
                        8  2.0152     0.0435               1.6268 1.7651e-02
                        9  2.1984     0.0435               1.4436 1.7651e-02
                       10  2.2150     0.0435               1.4270 1.7651e-02
                       12  2.2668     0.0435               1.3752 1.7651e-02
                       15  2.3658     0.0435               1.2762 1.7651e-02
                       17  2.3984     0.0435               1.2436 1.7651e-02
                       23  2.7273     0.0435               0.9147 1.7651e-02
                       25  2.7527     0.0435               0.8893 1.7651e-02
                       26  2.8221     0.0435               0.8199 1.7651e-02
                       27  2.8237     0.0435               0.8183 1.7651e-02
                       28  2.8284     0.0435               0.8136 1.7651e-02
                       34  2.9918     0.0435               0.6502 1.7651e-02
                       40  3.0460     0.0435               0.5960 1.7651e-02
                       43  3.0600     0.0435               0.5820 1.7651e-02
                       47  3.1360     0.0435               0.5060 1.7651e-02
                       48  3.1470     0.0435               0.4950 1.7651e-02
                       51  3.2608     0.0435               0.3812 1.7651e-02
                       67  3.6000     0.0435               0.0420 1.7651e-02
                       69  3.6080     0.0435               0.0340 1.7651e-02
 71  3.6310    5.5+                          7.0152e-01
                        2  0.9843     0.1111               2.6467 7.7946e-02
                        4  1.2921     0.1111               2.3389 7.7946e-02
                       14  2.3114     0.1111               1.3196 7.7946e-02
                       17  2.3984     0.1111               1.2326 7.7946e-02
                       26  2.8221     0.1111               0.8089 7.7946e-02
                       27  2.8237     0.1111               0.8073 7.7946e-02
                       37  3.0359     0.1111               0.5951 7.7946e-02
                       46  3.1261     0.1111               0.5049 7.7946e-02
                       54  3.3420     0.1111               0.2890 7.7946e-02
 70  3.6108    1.5+                          1.8118e-01
                        1  0.1259     1.0000               3.4849 1.8105e-01
 69  3.6080    2.5-                          3.2439e-01
                       22  2.6946     0.0667               0.9134 2.1626e-02
                       24  2.7410     0.0667               0.8670 2.1626e-02
                       33  2.9840     0.0667               0.6240 2.1626e-02
                       39  3.0399     0.0667               0.5681 2.1626e-02
                       41  3.0508     0.0667               0.5572 2.1626e-02
                       44  3.0700     0.0667               0.5380 2.1626e-02
                       50  3.1953     0.0667               0.4127 2.1626e-02
                       53  3.2681     0.0667               0.3399 2.1626e-02
                       57  3.3790     0.0667               0.2290 2.1626e-02
                       59  3.4241     0.0667               0.1839 2.1626e-02
                       61  3.4800     0.0667               0.1280 2.1626e-02
                       62  3.5050     0.0667               0.1030 2.1626e-02
                       65  3.5320     0.0667               0.0760 2.1626e-02
                       66  3.5800     0.0667               0.0280 2.1626e-02
                       68  3.6040     0.0667               0.0040 2.1626e-02
 68  3.6040    1.5+                          2.0388e-01
                        0  0.0000     0.0345               3.6040 7.0302e-03
                        5  1.2930     0.0345               2.3110 7.0302e-03
                        6  1.5284     0.0345               2.0756 7.0302e-03
                       10  2.2150     0.0345               1.3890 7.0302e-03
                       11  2.2525     0.0345               1.3515 7.0302e-03
                       12  2.2668     0.0345               1.3372 7.0302e-03
                       15  2.3658     0.0345               1.2382 7.0302e-03
                       16  2.3800     0.0345               1.2240 7.0302e-03
                       19  2.5632     0.0345               1.0408 7.0302e-03
                       25  2.7527     0.0345               0.8513 7.0302e-03
                       29  2.8733     0.0345               0.7307 7.0302e-03
                       30  2.9250     0.0345               0.6790 7.0302e-03
                       31  2.9534     0.0345               0.6506 7.0302e-03
                       32  2.9762     0.0345               0.6278 7.0302e-03
                       35  3.0058     0.0345               0.5982 7.0302e-03
                       36  3.0280     0.0345               0.5760 7.0302e-03
                       38  3.0374     0.0345               0.5666 7.0302e-03
                       40  3.0460     0.0345               0.5580 7.0302e-03
                       45  3.0803     0.0345               0.5237 7.0302e-03
                       47  3.1360     0.0345               0.4680 7.0302e-03
                       49  3.1584     0.0345               0.4456 7.0302e-03
                       51  3.2608     0.0345               0.3432 7.0302e-03
                       52  3.2632     0.0345               0.3408 7.0302e-03
                       55  3.3510     0.0345               0.2530 7.0302e-03
                       58  3.3830     0.0345               0.2210 7.0302e-03
                       60  3.4318     0.0345               0.1722 7.0302e-03
                       63  3.5230     0.0345               0.0810 7.0302e-03
                       64  3.5281     0.0345               0.0759 7.0302e-03
                       67  3.6000     0.0345               0.0040 7.0302e-03
 67  3.6000    2.5-                          3.3335e-01
                       22  2.6946     0.0714               0.9054 2.3810e-02
                       24  2.7410     0.0714               0.8590 2.3810e-02
                       33  2.9840     0.0714               0.6160 2.3810e-02
                       39  3.0399     0.0714               0.5601 2.3810e-02
                       41  3.0508     0.0714               0.5492 2.3810e-02
                       44  3.0700     0.0714               0.5300 2.3810e-02
                       50  3.1953     0.0714               0.4047 2.3810e-02
                       53  3.2681     0.0714               0.3319 2.3810e-02
                       57  3.3790     0.0714               0.2210 2.3810e-02
                       59  3.4241     0.0714               0.1759 2.3810e-02
                       61  3.4800     0.0714               0.1200 2.3810e-02
                       62  3.5050     0.0714               0.0950 2.3810e-02
                       65  3.5320     0.0714               0.0680 2.3810e-02
                       66  3.5800     0.0714               0.0200 2.3810e-02
 66  3.5800    3.5+                          4.7344e-01
                        0  0.0000     0.0476               3.5800 2.2545e-02
                        1  0.1259     0.0476               3.4541 2.2545e-02
                        2  0.9843     0.0476               2.5957 2.2545e-02
                        7  1.8841     0.0476               1.6959 2.2545e-02
                        8  2.0152     0.0476               1.5648 2.2545e-02
                        9  2.1984     0.0476               1.3816 2.2545e-02
                       10  2.2150     0.0476               1.3650 2.2545e-02
                       12  2.2668     0.0476               1.3132 2.2545e-02
                       15  2.3658     0.0476               1.2142 2.2545e-02
                       17  2.3984     0.0476               1.1816 2.2545e-02
                       23  2.7273     0.0476               0.8527 2.2545e-02
                       25  2.7527     0.0476               0.8273 2.2545e-02
                       26  2.8221     0.0476               0.7579 2.2545e-02
                       27  2.8237     0.0476               0.7563 2.2545e-02
                       28  2.8284     0.0476               0.7516 2.2545e-02
                       34  2.9918     0.0476               0.5882 2.2545e-02
                       40  3.0460     0.0476               0.5340 2.2545e-02
                       43  3.0600     0.0476               0.5200 2.2545e-02
                       47  3.1360     0.0476               0.4440 2.2545e-02
                       48  3.1470     0.0476               0.4330 2.2545e-02
                       51  3.2608     0.0476               0.3192 2.2545e-02
 65  3.5320    2.5+                          3.5835e-01
                        0  0.0000     1.0000               3.5320 3.5782e-01
 64  3.5281    1.5-                          2.1826e-01
                        0  0.0000     1.0000               3.5281 2.1805e-01
 63  3.5230    0.5-                          1.0523e-01
                       13  2.2810     0.0909               1.2420 9.5659e-03
                       18  2.4265     0.0909               1.0965 9.5659e-03
                       20  2.5820     0.0909               0.9410 9.5659e-03
                       21  2.6217     0.0909               0.9013 9.5659e-03
                       33  2.9840     0.0909               0.5390 9.5659e-03
                       44  3.0700     0.0909               0.4530 9.5659e-03
                       50  3.1953     0.0909               0.3277 9.5659e-03
                       53  3.2681     0.0909               0.2549 9.5659e-03
                       57  3.3790     0.0909               0.1440 9.5659e-03
                       59  3.4241     0.0909               0.0989 9.5659e-03
                       61  3.4800     0.0909               0.0430 9.5659e-03
 62  3.5050    2.5+                          3.6703e-01
                        0  0.0000     0.0333               3.5050 1.2234e-02
                        1  0.1259     0.0333               3.3791 1.2234e-02
                        6  1.5284     0.0333               1.9766 1.2234e-02
                        7  1.8841     0.0333               1.6209 1.2234e-02
                        8  2.0152     0.0333               1.4898 1.2234e-02
                        9  2.1984     0.0333               1.3066 1.2234e-02
                       10  2.2150     0.0333               1.2900 1.2234e-02
                       11  2.2525     0.0333               1.2525 1.2234e-02
                       12  2.2668     0.0333               1.2382 1.2234e-02
                       15  2.3658     0.0333               1.1392 1.2234e-02
                       16  2.3800     0.0333               1.1250 1.2234e-02
                       19  2.5632     0.0333               0.9418 1.2234e-02
                       23  2.7273     0.0333               0.7777 1.2234e-02
                       25  2.7527     0.0333               0.7523 1.2234e-02
                       28  2.8284     0.0333               0.6766 1.2234e-02
                       30  2.9250     0.0333               0.5800 1.2234e-02
                       31  2.9534     0.0333               0.5516 1.2234e-02
                       32  2.9762     0.0333               0.5288 1.2234e-02
                       34  2.9918     0.0333               0.5132 1.2234e-02
                       35  3.0058     0.0333               0.4992 1.2234e-02
                       36  3.0280     0.0333               0.4770 1.2234e-02
                       40  3.0460     0.0333               0.4590 1.2234e-02
                       43  3.0600     0.0333               0.4450 1.2234e-02
                       45  3.0803     0.0333               0.4247 1.2234e-02
                       47  3.1360     0.0333               0.3690 1.2234e-02
                       48  3.1470     0.0333               0.3580 1.2234e-02
                       49  3.1584     0.0333               0.3466 1.2234e-02
                       51  3.2608     0.0333               0.2442 1.2234e-02
                       52  3.2632     0.0333               0.2418 1.2234e-02
                       55  3.3510     0.0333               0.1540 1.2234e-02
 61  3.4800    1.5+                          2.5910e-01
                        0  0.0000     0.0385               3.4800 9.9655e-03
                        5  1.2930     0.0385               2.1870 9.9655e-03
                        6  1.5284     0.0385               1.9516 9.9655e-03
                       10  2.2150     0.0385               1.2650 9.9655e-03
                       11  2.2525     0.0385               1.2275 9.9655e-03
                       12  2.2668     0.0385               1.2132 9.9655e-03
                       15  2.3658     0.0385               1.1142 9.9655e-03
                       16  2.3800     0.0385               1.1000 9.9655e-03
                       19  2.5632     0.0385               0.9168 9.9655e-03
                       25  2.7527     0.0385               0.7273 9.9655e-03
                       29  2.8733     0.0385               0.6067 9.9655e-03
                       30  2.9250     0.0385               0.5550 9.9655e-03
                       31  2.9534     0.0385               0.5266 9.9655e-03
                       32  2.9762     0.0385               0.5038 9.9655e-03
                       35  3.0058     0.0385               0.4742 9.9655e-03
                       36  3.0280     0.0385               0.4520 9.9655e-03
                       38  3.0374     0.0385               0.4426 9.9655e-03
                       40  3.0460     0.0385               0.4340 9.9655e-03
                       45  3.0803     0.0385               0.3997 9.9655e-03
                       47  3.1360     0.0385               0.3440 9.9655e-03
                       49  3.1584     0.0385               0.3216 9.9655e-03
                       51  3.2608     0.0385               0.2192 9.9655e-03
                       52  3.2632     0.0385               0.2168 9.9655e-03
                       55  3.3510     0.0385               0.1290 9.9655e-03
                       58  3.3830     0.0385               0.0970 9.9655e-03
                       60  3.4318     0.0385               0.0482 9.9655e-03
 60  3.4318    0.5-                          1.2304e-01                       2.2000e-14
                        0  0.0000     1.0000               3.4318 1.2293e-01
 59  3.4241    1.5+                          2.6982e-01                       1.1100e-13
                       23  2.7273     0.5292               0.6968 1.4266e-01
                        1  0.1259     0.4708               3.2982 1.2695e-01
 58  3.3830    0.5-                          1.2745e-01
                        0  0.0000     1.0000               3.3830 1.2733e-01
 57  3.3790    1.5+                          2.7891e-01
                        0  0.0000     0.0417               3.3790 1.1621e-02
                        5  1.2930     0.0417               2.0860 1.1621e-02
                        6  1.5284     0.0417               1.8506 1.1621e-02
                       10  2.2150     0.0417               1.1640 1.1621e-02
                       11  2.2525     0.0417               1.1265 1.1621e-02
                       12  2.2668     0.0417               1.1122 1.1621e-02
                       15  2.3658     0.0417               1.0132 1.1621e-02
                       16  2.3800     0.0417               0.9990 1.1621e-02
                       19  2.5632     0.0417               0.8158 1.1621e-02
                       25  2.7527     0.0417               0.6263 1.1621e-02
                       29  2.8733     0.0417               0.5057 1.1621e-02
                       30  2.9250     0.0417               0.4540 1.1621e-02
                       31  2.9534     0.0417               0.4256 1.1621e-02
                       32  2.9762     0.0417               0.4028 1.1621e-02
                       35  3.0058     0.0417               0.3732 1.1621e-02
                       36  3.0280     0.0417               0.3510 1.1621e-02
                       38  3.0374     0.0417               0.3416 1.1621e-02
                       40  3.0460     0.0417               0.3330 1.1621e-02
                       45  3.0803     0.0417               0.2987 1.1621e-02
                       47  3.1360     0.0417               0.2430 1.1621e-02
                       49  3.1584     0.0417               0.2206 1.1621e-02
                       51  3.2608     0.0417               0.1182 1.1621e-02
                       52  3.2632     0.0417               0.1158 1.1621e-02
                       55  3.3510     0.0417               0.0280 1.1621e-02
 56  3.3732    5.5+                          8.6258e-01
                        4  1.2921     1.0000               2.0811 8.6197e-01
 55  3.3510    1.5-                          2.8409e-01
                        1  0.1259     0.6494               3.2251 1.8432e-01
                        0  0.0000     0.3506               3.3510 9.9513e-02
 54  3.3420    6.5-                          1.1889e+00                       5.0000e-15
                        4  1.2921     1.0000               2.0498 1.1884e+00
 53  3.2681    1.5+                          3.0459e-01
                        9  2.1984     0.2500               1.0697 7.6127e-02
                        7  1.8841     0.3401               1.3840 1.0358e-01
                        6  1.5284     0.4099               1.7397 1.2479e-01
 52  3.2632    1.5-                          3.0266e-01
                       15  2.3658     0.4010               0.8974 1.2134e-01
                        0  0.0000     0.5990               3.2632 1.8114e-01
 51  3.2608    2.5-                          4.8842e-01                       3.5000e-14
                        1  0.1259     1.0000               3.1349 4.8803e-01
 50  3.1953    1.5+                          3.2276e-01                       1.7000e-14
                        0  0.0000     1.0000               3.1953 3.2233e-01
 49  3.1584    1.5-                          3.2657e-01                       4.6000e-14
                        6  1.5284     0.7298               1.6301 2.3829e-01
                        0  0.0000     0.2702               3.1584 8.8167e-02
 48  3.1470    3.5-                          7.0400e-01
                       22  2.6946     0.2500               0.4524 1.7600e-01
                       24  2.7410     0.2500               0.4060 1.7600e-01
                       39  3.0399     0.2500               0.1071 1.7600e-01
                       41  3.0508     0.2500               0.0962 1.7600e-01
 47  3.1360    2.5-                          5.3337e-01
                       22  2.6946     0.1667               0.4414 8.8895e-02
                       24  2.7410     0.1667               0.3950 8.8895e-02
                       33  2.9840     0.1667               0.1520 8.8895e-02
                       39  3.0399     0.1667               0.0961 8.8895e-02
                       41  3.0508     0.1667               0.0852 8.8895e-02
                       44  3.0700     0.1667               0.0660 8.8895e-02
 46  3.1261    6.5-                          1.3834e+00                       1.7000e-14
                       14  2.3114     0.1379               0.8147 1.9073e-01
                        2  0.9843     0.8621               2.1419 1.1921e+00
 45  3.0803    1.5-                          3.4690e-01                       3.0000e-14
                       15  2.3658     0.2500               0.7145 8.6694e-02
                        6  1.5284     0.6410               1.5519 2.2233e-01
                        0  0.0000     0.1090               3.0803 3.7782e-02
 44  3.0700    1.5+                          4.4838e-01                       2.4000e-14
                        0  0.0000     1.0000               3.0700 4.4781e-01
 43  3.0600    3.5-                          7.4999e-01
                       22  2.6946     0.2500               0.3654 1.8750e-01
                       24  2.7410     0.2500               0.3190 1.8750e-01
                       39  3.0399     0.2500               0.0201 1.8750e-01
                       41  3.0508     0.2500               0.0092 1.8750e-01
 42  3.0547    7.5-                          3.3030e+00                       1.8000e-13
                       14  2.3114     0.4792               0.7432 1.5824e+00
                        4  1.2921     0.5208               1.7626 1.7198e+00
 41  3.0508    2.5+                          9.9809e-01                       1.7000e-12
                        6  1.5284     0.6991               1.5225 6.9755e-01
                        1  0.1259     0.3009               2.9249 2.9996e-01
 40  3.0460    2.5-                          5.7061e-01                       1.4000e-13
                        7  1.8841     1.0000               1.1619 5.7054e-01
 39  3.0399    2.5+                          1.0036e+00                       1.7000e-13
                        1  0.1259     1.0000               2.9140 1.0024e+00
 38  3.0374    0.5-                          1.7913e-01
                       12  2.2668     1.0000               0.7706 1.7907e-01
 37  3.0359    5.5-                          1.2023e+00                       5.0000e-14
                        1  0.1259     1.0000               2.9100 1.2014e+00
 36  3.0280    1.5-                          3.6116e-01
                       13  2.2810     0.2000               0.7470 7.2232e-02
                       18  2.4265     0.2000               0.6015 7.2232e-02
                       20  2.5820     0.2000               0.4460 7.2232e-02
                       21  2.6217     0.2000               0.4063 7.2232e-02
                       33  2.9840     0.2000               0.0440 7.2232e-02
 35  3.0058    1.5-                          3.6742e-01                       1.7000e-14
                        0  0.0000     1.0000               3.0058 3.6714e-01
 34  2.9918    3.5-                          7.8787e-01                       1.2000e-14
                        2  0.9843     0.2307               2.0075 1.8170e-01
                        1  0.1259     0.7693               2.8658 6.0569e-01
 33  2.9840    1.5+                          5.4826e-01
                        0  0.0000     0.0714               2.9840 3.9161e-02
                        5  1.2930     0.0714               1.6910 3.9161e-02
                        6  1.5284     0.0714               1.4556 3.9161e-02
                       10  2.2150     0.0714               0.7690 3.9161e-02
                       11  2.2525     0.0714               0.7315 3.9161e-02
                       12  2.2668     0.0714               0.7172 3.9161e-02
                       15  2.3658     0.0714               0.6182 3.9161e-02
                       16  2.3800     0.0714               0.6040 3.9161e-02
                       19  2.5632     0.0714               0.4208 3.9161e-02
                       25  2.7527     0.0714               0.2313 3.9161e-02
                       29  2.8733     0.0714               0.1107 3.9161e-02
                       30  2.9250     0.0714               0.0590 3.9161e-02
                       31  2.9534     0.0714               0.0306 3.9161e-02
                       32  2.9762     0.0714               0.0078 3.9161e-02
 32  2.9762    1.5-                          4.1516e-01                       1.2500e-13
                        6  1.5284     0.2307               1.4478 9.5765e-02
                        0  0.0000     0.7693               2.9762 3.1916e-01
 31  2.9534    1.5-                          4.2192e-01                       1.3000e-14
                        1  0.1259     0.8475               2.8275 3.5732e-01
                        0  0.0000     0.1525               2.9534 6.4297e-02
 30  2.9250    1.5-                          4.3059e-01
                        1  0.1259     1.0000               2.7991 4.3029e-01
 29  2.8733    0.5-                          2.4372e-01                       8.3000e-14
                        6  1.5284     0.7691               1.3449 1.8743e-01
                        0  0.0000     0.2309               2.8733 5.6234e-02
 28  2.8284    3.5-                          8.9027e-01
                        4  1.2921     1.0000               1.5363 8.9012e-01
 27  2.8237    4.5-                          1.2367e+00                       1.1000e-14
                        7  1.8841     0.3006               0.9396 3.7168e-01
                        1  0.1259     0.6994               2.6977 8.6441e-01
 26  2.8221    4.5-                          1.2380e+00                       9.4000e-14
                        7  1.8841     0.3590               0.9380 4.4437e-01
                        4  1.2921     0.6410               1.5300 7.9343e-01
 25  2.7527    2.5-                          7.5498e-01                       2.5000e-14
                        7  1.8841     0.3304               0.8686 2.4939e-01
                        1  0.1259     0.4292               2.6268 3.2385e-01
                        0  0.0000     0.2404               2.7527 1.8138e-01
 24  2.7410    3.5+                          1.4371e+00
                        0  0.0000     0.0909               2.7410 1.3065e-01
                        1  0.1259     0.0909               2.6151 1.3065e-01
                        2  0.9843     0.0909               1.7567 1.3065e-01
                        7  1.8841     0.0909               0.8569 1.3065e-01
                        8  2.0152     0.0909               0.7258 1.3065e-01
                        9  2.1984     0.0909               0.5426 1.3065e-01
                       10  2.2150     0.0909               0.5260 1.3065e-01
                       12  2.2668     0.0909               0.4742 1.3065e-01
                       15  2.3658     0.0909               0.3752 1.3065e-01
                       17  2.3984     0.0909               0.3426 1.3065e-01
                       23  2.7273     0.0909               0.0137 1.3065e-01
 23  2.7273    3.5-                          1.2343e+00                       9.8000e-13
                        4  1.2921     0.1917               1.4352 2.3658e-01
                        2  0.9843     0.2901               1.7431 3.5799e-01
                        0  0.0000     0.5182               2.7273 6.3923e-01
 22  2.6946    3.5+                          1.4841e+00
                        0  0.0000     1.0000               2.6946 1.4825e+00
 21  2.6217    0.5+                          3.1757e-01
                        0  0.0000     1.0000               2.6217 3.1744e-01
 20  2.5820    0.5+                          3.2792e-01
                        5  1.2930     0.2000               1.2890 6.5584e-02
                        6  1.5284     0.2000               1.0536 6.5584e-02
                       11  2.2525     0.2000               0.3295 6.5584e-02
                       16  2.3800     0.2000               0.2020 6.5584e-02
                       19  2.5632     0.2000               0.0188 6.5584e-02
 19  2.5632    1.5-                          6.3735e-01                       7.7000e-15
                        0  0.0000     1.0000               2.5632 6.3702e-01
 18  2.4265    0.5+                          3.7609e-01                       1.4000e-12
                        6  1.5284     1.0000               0.8982 3.7606e-01
 17  2.3984    4.5-                          1.7935e+00                       1.7000e-14
                        2  0.9843     0.2592               1.4141 4.6482e-01
                        1  0.1259     0.7408               2.2725 1.3280e+00
 16  2.3800    1.5-                          7.3293e-01
                       13  2.2810     1.0000               0.0990 7.3293e-01
 15  2.3658    2.5-                          1.5487e+00                       2.3000e-14
                        1  0.1259     0.7407               2.2399 1.1466e+00
                        0  0.0000     0.2593               2.3658 4.0138e-01
 14  2.3114    6.5-                          5.1212e+00                       1.5000e-13
                        4  1.2921     0.9009               1.0193 4.6130e+00
                        2  0.9843     0.0991               1.3272 5.0744e-01
 13  2.2810    0.5+                          1.1646e+00
                        5  1.2930     0.3333               0.9880 3.8821e-01
                        6  1.5284     0.3333               0.7527 3.8821e-01
                       11  2.2525     0.3333               0.0285 3.8821e-01
 12  2.2668    2.5-                          1.4780e+00                       1.2500e-13
                        6  1.5284     0.2700               0.7385 3.9896e-01
                        0  0.0000     0.7300               2.2668 1.0785e+00
 11  2.2525    1.5-                          1.2504e+00                       2.3000e-14
                        0  0.0000     1.0000               2.2525 1.2499e+00
 10  2.2150    2.5-                          1.2984e+00                       3.8000e-13
                        0  0.0000     1.0000               2.2150 1.2979e+00
  9  2.1984    3.5-                          2.3428e+00                       1.8000e-14
                        2  0.9843     0.3292               1.2142 7.7118e-01
                        1  0.1259     0.0610               2.0725 1.4282e-01
                        0  0.0000     0.6098               2.1984 1.4281e+00
  8  2.0152    3.5-                          1.8398e+00                       5.1000e-16
                        2  0.9843     0.5681               1.0309 1.0451e+00
                        0  0.0000     0.4319               2.0152 7.9439e-01
  7  1.8841    3.5-                          3.8293e+00                       1.2000e-14
                        1  0.1259     0.3590               1.7581 1.3744e+00
                        0  0.0000     0.6410               1.8841 2.4540e+00
  6  1.5284    1.5-                          4.5955e+00                       6.2000e-14
                        1  0.1259     0.0338               1.4024 1.5539e-01
                        0  0.0000     0.9662               1.5284 4.4394e+00
  5  1.2930    0.5-                          1.3811e+00
                        0  0.0000     1.0000               1.2930 1.3810e+00
  4  1.2921    5.5-                          1.4380e+01                       1.1000e-12
                        2  0.9843     0.2484               0.3079 3.5653e+00
                        1  0.1259     0.7516               1.1662 1.0806e+01
  3  1.2891    5.5+                          4.4399e+00
                        2  0.9843     0.9010               0.3048 3.9947e+00
                        1  0.1259     0.0990               1.1632 4.3941e-01
  2  0.9843    4.5-                          1.6769e+01                       2.8000e-13
                        1  0.1259     0.9524               0.8583 1.5967e+01
                        0  0.0000     0.0476               0.9843 7.9836e-01
  1  0.1259    3.5-                          4.3900e+01                       2.5900e-10
                        0  0.0000     1.0000               0.1259 4.3149e+01
  0  0.0000    2.5-                          7.1467e+01
#......................................................................../  026-058Fe //  26.000000
#                                                                          SUM SPECTRA FOR COMPOUND
#            026-057Fe      gamma    neutron     proton      alpha
 SpcSum[mb]            9.2408e+01 3.6354e+00 1.5456e-06 7.3473e-07
 Emean[MeV]            1.5238e+00 8.4383e-01 1.7889e+00 4.5167e+00
#......................................................................../  026-058Fe //  26.000000
#                                                                   GAMMAS FROM DISCRETE TRANSITION
#           1 0 0 1 0 0             026-057Fe
#   Ex[MeV]     Jpi    FinalState  Branching Production    Egamma Production   T(1/2)[s]
 29  2.5994    1.5+                          2.3630e-01
                        2  0.1365     0.6993               2.4629 1.6509e-01
                        0  0.0000     0.3007               2.5994 7.0983e-02
 28  2.5936    1.5-                          2.1402e-01                       3.7000e-14
                        5  1.0071     0.4100               1.5865 8.7727e-02
                        4  0.7064     0.5000               1.8872 1.0697e-01
                        0  0.0000     0.0900               2.5936 1.9256e-02
 27  2.5745    0.5-                          1.0282e-01                       1.8000e-14
                        3  0.3668     0.2753               2.2077 2.8295e-02
                        0  0.0000     0.7247               2.5745 7.4475e-02
 26  2.5642    1.5-                          2.1967e-01
                       11  1.7254     0.6369               0.8388 1.3987e-01
                        0  0.0000     0.3631               2.5642 7.9717e-02
 25  2.5053    2.5+                          4.3505e-01                       7.8000e-14
                       11  1.7254     0.0278               0.7799 1.2076e-02
                        4  0.7064     0.0555               1.7989 2.4152e-02
                        3  0.3668     0.5556               2.1385 2.4151e-01
                        2  0.1365     0.2611               2.3688 1.1350e-01
                        1  0.0144     0.1000               2.4909 4.3467e-02
 24  2.4560    3.5+                          7.3296e-01
                        2  0.1365     0.1000               2.3195 7.3296e-02
                        4  0.7064     0.1000               1.7496 7.3296e-02
                        5  1.0071     0.1000               1.4489 7.3296e-02
                        7  1.1978     0.1000               1.2582 7.3296e-02
                        9  1.3568     0.1000               1.0992 7.3296e-02
                       13  1.9897     0.1000               0.4663 7.3296e-02
                       15  2.1131     0.1000               0.3429 7.3296e-02
                       16  2.1186     0.1000               0.3374 7.3296e-02
                       17  2.2069     0.1000               0.2491 7.3296e-02
                       19  2.2202     0.1000               0.2358 7.3296e-02
 23  2.4556    4.5+                          1.1304e+00                       1.4000e-12
                        5  1.0071     1.0000               1.4484 1.1301e+00
 22  2.3580    1.5-                          2.6644e-01
                        6  1.1399     0.3333               1.2181 8.8814e-02
                       18  2.2177     0.3333               0.1403 8.8814e-02
                       20  2.3304     0.3333               0.0276 8.8814e-02
 21  2.3560    5.5-                          2.6570e+00                       6.0000e-14
                        7  1.1978     0.2908               1.1582 7.7257e-01
                        5  1.0071     0.7092               1.3488 1.8841e+00
 20  2.3304    1.5+                          4.0202e-01
                       10  1.6273     1.0000               0.7032 4.0194e-01
 19  2.2202    3.5-                          8.7541e-01                       3.0000e-13
                        3  0.3668     0.0490               1.8534 4.2891e-02
                        2  0.1365     0.4608               2.0837 4.0324e-01
                        1  0.0144     0.4902               2.2058 4.2893e-01
 18  2.2177    2.5+                          6.9404e-01
                        3  0.3668     0.2062               1.8509 1.4303e-01
                        2  0.1365     0.3453               2.0812 2.3948e-01
                        1  0.0144     0.4485               2.2032 3.1103e-01
 17  2.2069    2.5-                          5.9391e-01                       1.0000e-14
                        8  1.2655     0.0342               0.9414 2.0296e-02
                        5  1.0071     0.1794               1.1997 1.0654e-01
                        3  0.3668     0.0000               1.8401 0.0000e+00
                        1  0.0144     0.4274               2.1925 2.5374e-01
                        0  0.0000     0.3590               2.2069 2.1312e-01
 16  2.1186    2.5-                          6.3929e-01                       4.6000e-14
                        5  1.0071     0.1465               1.1115 9.3643e-02
                        4  0.7064     0.5050               1.4122 3.2280e-01
                        1  0.0144     0.3485               2.1042 2.2271e-01
 15  2.1131    2.5-                          6.4222e-01
                        8  1.2655     0.2126               0.8476 1.3650e-01
                        0  0.0000     0.7874               2.1131 5.0548e-01
 14  1.9910    0.5-                          1.7986e-01
                        6  1.1399     1.0000               0.8511 1.7986e-01
 13  1.9897    4.5-                          1.6785e+00                       1.8000e-13
                        7  1.1978     0.2705               0.7918 4.5390e-01
                        5  1.0071     0.3197               0.9825 5.3651e-01
                        4  0.7064     0.4098               1.2832 6.8776e-01
 12  1.9766    0.5-                          1.8235e-01
                       11  1.7254     0.1690               0.2513 3.0543e-02
                        2  0.1365     0.6702               1.8402 1.2218e-01
                        0  0.0000     0.1608               1.9766 2.9314e-02
 11  1.7254    1.5-                          6.7848e-01                       3.1000e-14
                        8  1.2655     0.0033               0.4599 2.2246e-03
                        4  0.7064     0.1885               1.0190 1.2787e-01
                        3  0.3668     0.0977               1.3586 6.6266e-02
                        1  0.0144     0.0273               1.7110 1.8539e-02
                        0  0.0000     0.6832               1.7254 4.6345e-01
 10  1.6273    1.5-                          9.5053e-01                       5.6000e-14
                        4  0.7064     0.0860               0.9208 8.1704e-02
                        3  0.3668     0.2805               1.2605 2.6657e-01
                        1  0.0144     0.6098               1.6128 5.7950e-01
                        0  0.0000     0.0238               1.6273 2.2598e-02
  9  1.3568    3.5-                          2.1418e+00                       1.8000e-13
                        4  0.7064     0.5466               0.6504 1.1700e+00
                        3  0.3668     0.2349               0.9901 5.0307e-01
                        1  0.0144     0.2185               1.3424 4.6797e-01
  8  1.2655    0.5-                          5.2771e-01                       8.2000e-14
                        3  0.3668     0.9302               0.8988 4.9079e-01
                        1  0.0144     0.0447               1.2511 2.3560e-02
                        0  0.0000     0.0251               1.2655 1.3250e-02
  7  1.1978    4.5-                          6.0194e+00                       2.9000e-12
                        2  0.1365     1.0000               1.0613 6.0183e+00
  6  1.1399    1.5+                          1.5438e+00
                        0  0.0000     0.2000               1.1399 3.0875e-01
                        1  0.0144     0.2000               1.1255 3.0875e-01
                        2  0.1365     0.2000               1.0034 3.0875e-01
                        3  0.3668     0.2000               0.7731 3.0875e-01
                        4  0.7064     0.2000               0.4335 3.0875e-01
  5  1.0071    3.5-                          7.1679e+00                       1.3000e-13
                        3  0.3668     0.0301               0.6404 2.1547e-01
                        2  0.1365     0.6398               0.8707 4.5851e+00
                        1  0.0144     0.3301               0.9927 2.3657e+00
  4  0.7064    2.5-                          5.3587e+00                       4.1000e-12
                        3  0.3668     0.0144               0.3397 7.6926e-02
                        2  0.1365     0.0929               0.5699 4.9765e-01
                        1  0.0144     0.8446               0.6920 4.5241e+00
                        0  0.0000     0.0481               0.7064 2.5788e-01
  3  0.3668    1.5-                          4.3408e+00                       1.0500e-11
                        2  0.1365     0.0727               0.2303 3.1415e-01
                        1  0.0144     0.7878               0.3523 3.4146e+00
                        0  0.0000     0.1395               0.3668 6.0448e-01
  2  0.1365    2.5-                          1.7976e+01                       8.7000e-09
                        1  0.0144     0.8824               0.1221 1.5490e+01
                        0  0.0000     0.1176               0.1365 1.8592e+00
  1  0.0144    1.5-                          3.2025e+01                       9.8300e-08
                        0  0.0000     1.0000               0.0144 3.3499e+00
  0  0.0000    0.5-                          3.8165e+01
#......................................................................../  026-058Fe //  26.000000
#                                                                          SUM SPECTRA FOR COMPOUND
#            025-058Mn      gamma    neutron     proton      alpha   deuteron
 SpcSum[mb]            3.4046e+00 4.8162e-01 6.5085e-09 3.8604e-09 2.5071e-18
 Emean[MeV]            1.3767e+00 1.0439e+00 2.0918e+00 4.3213e+00 1.2509e+00
#......................................................................../  026-058Fe //  26.000000
#                                                                   GAMMAS FROM DISCRETE TRANSITION
#           0 2 0 0 0 0             025-058Mn
#   Ex[MeV]     Jpi    FinalState  Branching Production    Egamma Production   T(1/2)[s]
 23  1.3850    5.0+                          3.8582e-02
                        7  0.4480     1.0000               0.9370 3.8582e-02
 22  1.3500    3.0+                          2.3688e-02
                        3  0.1699     1.0000               1.1801 2.3688e-02
 21  1.3381    4.0+                          3.1589e-02
                       13  0.7354     0.1469               0.6028 4.6384e-03
                        7  0.4480     0.1538               0.8901 4.8580e-03
                        1  0.0718     0.6993               1.2664 2.2087e-02
 20  1.2750    1.0+                          9.6096e-03
                        0  0.0000     1.0000               1.2750 9.6096e-03
 19  1.2500    2.0+                          1.8877e-02
                        2  0.1257     1.0000               1.1243 1.8877e-02
 18  1.2402    6.0+                          1.0839e-01
                       11  0.6611     0.7693               0.5790 8.3337e-02
                        7  0.4480     0.2307               0.7921 2.4999e-02
 17  1.0440    1.0+                          1.2977e-02
                        0  0.0000     1.0000               1.0440 1.2977e-02
 16  0.8170    1.0+                          1.7858e-02
                        0  0.0000     1.0000               0.8170 1.7858e-02
 15  0.8097    1.0+                          1.8049e-02
                       12  0.6831     0.8287               0.1266 1.4714e-02
                        5  0.2894     0.1713               0.5203 3.0893e-03
 14  0.7480    1.0+                          1.9756e-02
                        0  0.0000     1.0000               0.7480 1.9756e-02
 13  0.7354    4.0+                          7.5194e-02
                        7  0.4480     0.1188               0.2874 8.8886e-03
                        6  0.4297     0.1347               0.3057 1.0086e-02
                        3  0.1699     0.6359               0.5655 4.7785e-02
                        1  0.0718     0.1106               0.6636 8.3129e-03
 12  0.6831    0.0+                          2.2359e-02
                        0  0.0000     1.0000               0.6831 2.2352e-02
 11  0.6611    5.0+                          1.9265e-01
                        7  0.4480     0.1115               0.2131 2.1163e-02
                        3  0.1699     0.1146               0.4912 2.2048e-02
                        1  0.0718     0.7739               0.5893 1.4901e-01
 10  0.6510    1.0+                          2.2827e-02
                        0  0.0000     1.0000               0.6510 2.2827e-02
  9  0.5912    4.0+                          8.7300e-02
                        3  0.1699     0.8849               0.4213 7.7136e-02
                        2  0.1257     0.1151               0.4655 1.0032e-02
  8  0.4634    3.0+                          8.2315e-02
                        5  0.2894     1.0000               0.1740 7.7950e-02
  7  0.4480    5.0+                          2.5599e-01                       3.5000e-11
                        1  0.0718     1.0000               0.3763 2.5545e-01
  6  0.4297    3.0+                          9.6859e-02
                        2  0.1257     0.3107               0.3040 2.9965e-02
                        1  0.0718     0.6893               0.3579 6.6599e-02
  5  0.2894    1.0+                          1.2534e-01
                        0  0.0000     1.0000               0.2894 1.2472e-01
  4  0.1830    1.0+                          4.7307e-02
                        0  0.0000     1.0000               0.1830 4.7307e-02
  3  0.1699    3.0+                          3.0150e-01
                        2  0.1257     0.6667               0.0442 3.3502e-02
                        1  0.0718     0.3333               0.0981 7.9755e-02
  2  0.1257    2.0+                          3.6207e-01
                        0  0.0000     1.0000               0.1257 3.2915e-01
  1  0.0718    4.0+                          7.9875e-01                       6.5400e+01
                        0  0.0000     1.0000               0.0718 5.3003e-02
  0  0.0000    1.0+                          1.5024e+00                       3.0000e+00
#......................................................................../  026-058Fe //  26.000000
#                                                                         ISOMERIC STATE PRODUCTION
#            025-058Mn
#   Ex[MeV]     Jpi     T(1/2)[s]  Prod.[mb]
  1  0.0718    4.0+    6.5400e+01 7.9875e-01
#......................................................................../  026-058Fe //  26.000000
#                                                                          SUM SPECTRA FOR COMPOUND
#            024-055Cr      gamma    neutron     proton      alpha   deuteron
 SpcSum[mb]            9.7690e+00 6.3484e-01 1.0168e-09 6.8534e-08 2.5912e-21
 Emean[MeV]            1.2115e+00 8.9175e-01 1.9491e+00 5.2781e+00 1.3752e+00
#......................................................................../  026-058Fe //  26.000000
#                                                                   GAMMAS FROM DISCRETE TRANSITION
#           0 1 1 0 0 0             024-055Cr
#   Ex[MeV]     Jpi    FinalState  Branching Production    Egamma Production   T(1/2)[s]
 35  3.3510    1.5-                          7.8103e-03
                        5  1.1310     0.2000               2.2200 1.5621e-03
                       10  2.0080     0.2000               1.3430 1.5621e-03
                       13  2.2692     0.2000               1.0818 1.5621e-03
                       23  2.8740     0.2000               0.4770 1.5621e-03
                       27  3.0090     0.2000               0.3420 1.5621e-03
 34  3.3062    7.5+                          2.1767e-01                       2.1000e-12
                       22  2.7555     0.8000               0.5507 1.7409e-01
                       17  2.3904     0.2000               0.9158 4.3518e-02
 33  3.2940    5.5+                          5.7251e-02
                        7  1.4388     0.1667               1.8552 9.5418e-03
                       14  2.3142     0.1667               0.9798 9.5418e-03
                       17  2.3904     0.1667               0.9036 9.5418e-03
                       22  2.7555     0.1667               0.5385 9.5418e-03
                       26  2.9887     0.1667               0.3053 9.5418e-03
                       31  3.1826     0.1667               0.1114 9.5418e-03
 32  3.2000    0.5-                          4.1137e-03
                       13  2.2692     1.0000               0.9308 4.1137e-03
 31  3.1826    6.5-                          1.0333e-01
                        7  1.4388     1.0000               1.7438 1.0331e-01
 30  3.1450    2.5-                          1.6184e-02
                        5  1.1310     0.2000               2.0140 3.2369e-03
                       10  2.0080     0.2000               1.1370 3.2369e-03
                       23  2.8740     0.2000               0.2710 3.2369e-03
                       27  3.0090     0.2000               0.1360 3.2369e-03
                       29  3.1140     0.2000               0.0310 3.2369e-03
 29  3.1140    3.5+                          3.3644e-02
                        2  0.5177     0.1250               2.5963 4.2055e-03
                        4  0.8807     0.1250               2.2333 4.2055e-03
                        6  1.2147     0.1250               1.8992 4.2055e-03
                        7  1.4388     0.1250               1.6752 4.2055e-03
                        9  1.4790     0.1250               1.6350 4.2055e-03
                       14  2.3142     0.1250               0.7998 4.2055e-03
                       18  2.5450     0.1250               0.5690 4.2055e-03
                       19  2.5960     0.1250               0.5180 4.2055e-03
 28  3.0170    0.5-                          4.8157e-03
                       13  2.2692     1.0000               0.7478 4.8157e-03
 27  3.0090    2.5+                          2.4822e-02
                        0  0.0000     0.0833               3.0090 2.0685e-03
                        2  0.5177     0.0833               2.4913 2.0685e-03
                        3  0.5659     0.0833               2.4431 2.0685e-03
                        4  0.8807     0.0833               2.1283 2.0685e-03
                        6  1.2147     0.0833               1.7942 2.0685e-03
                        9  1.4790     0.0833               1.5300 2.0685e-03
                       11  2.0838     0.0833               0.9251 2.0685e-03
                       15  2.3200     0.0833               0.6890 2.0685e-03
                       18  2.5450     0.0833               0.4640 2.0685e-03
                       19  2.5960     0.0833               0.4130 2.0685e-03
                       20  2.6870     0.0833               0.3220 2.0685e-03
                       21  2.7100     0.0833               0.2990 2.0685e-03
 26  2.9887    6.5-                          1.3118e-01
                       17  2.3904     1.0000               0.5983 1.3112e-01
 25  2.8945    0.5-                          5.3748e-03
                        3  0.5659     0.1823               2.3286 9.7928e-04
                        1  0.2419     0.2969               2.6526 1.5947e-03
                        0  0.0000     0.5208               2.8945 2.7975e-03
 24  2.8804    6.5+                          1.7550e-01
                       17  2.3904     0.3507               0.4900 6.1526e-02
                       12  2.0861     0.6493               0.7943 1.1392e-01
 23  2.8740    2.5+                          2.7868e-02
                        0  0.0000     0.0833               2.8740 2.3223e-03
                        2  0.5177     0.0833               2.3563 2.3223e-03
                        3  0.5659     0.0833               2.3081 2.3223e-03
                        4  0.8807     0.0833               1.9933 2.3223e-03
                        6  1.2147     0.0833               1.6593 2.3223e-03
                        9  1.4790     0.0833               1.3950 2.3223e-03
                       11  2.0838     0.0833               0.7902 2.3223e-03
                       15  2.3200     0.0833               0.5540 2.3223e-03
                       18  2.5450     0.0833               0.3290 2.3223e-03
                       19  2.5960     0.0833               0.2780 2.3223e-03
                       20  2.6870     0.0833               0.1870 2.3223e-03
                       21  2.7100     0.0833               0.1640 2.3223e-03
 22  2.7555    6.5-                          3.5876e-01                       3.5000e-12
                       17  2.3904     0.3153               0.3651 1.1289e-01
                       14  2.3142     0.0425               0.4413 1.5204e-02
                        7  1.4388     0.6422               1.3167 2.3038e-01
 21  2.7100    1.5-                          1.8624e-02
                        5  1.1310     0.3333               1.5790 6.2079e-03
                       10  2.0080     0.3333               0.7020 6.2079e-03
                       13  2.2692     0.3333               0.4408 6.2079e-03
 20  2.6870    1.5-                          1.8936e-02
                        3  0.5659     0.2038               2.1211 3.8574e-03
                        1  0.2419     0.2038               2.4451 3.8569e-03
                        0  0.0000     0.5924               2.6870 1.1212e-02
 19  2.5960    3.5-                          5.8302e-02
                        5  1.1310     0.3333               1.4650 1.9434e-02
                       10  2.0080     0.3333               0.5880 1.9434e-02
                       12  2.0861     0.3333               0.5099 1.9434e-02
 18  2.5450    3.5-                          6.0848e-02
                        5  1.1310     0.3333               1.4140 2.0283e-02
                       10  2.0080     0.3333               0.5370 2.0283e-02
                       12  2.0861     0.3333               0.4589 2.0283e-02
 17  2.3904    5.5-                          5.2367e-01
                        7  1.4388     1.0000               0.9516 5.2359e-01
 16  2.3550    5.5+                          1.8521e-01
                        7  1.4388     0.5000               0.9162 9.2607e-02
                       14  2.3142     0.5000               0.0408 9.2607e-02
 15  2.3200    1.5-                          2.4739e-02
                        5  1.1310     0.3333               1.1890 8.2464e-03
                       10  2.0080     0.3333               0.3120 8.2464e-03
                       13  2.2692     0.3333               0.0508 8.2464e-03
 14  2.3142    4.5-                          2.2373e-01
                        9  1.4790     1.0000               0.8352 2.2369e-01
 13  2.2692    0.5+                          3.6398e-02
                        3  0.5659     0.4999               1.7033 1.8187e-02
                        0  0.0000     0.5001               2.2692 1.8188e-02
 12  2.0861    4.5+                          3.0936e-01
                        9  1.4790     0.5813               0.6071 1.7980e-01
                        6  1.2147     0.4187               0.8714 1.2947e-01
 11  2.0838    1.5-                          2.9284e-02
                        1  0.2419     0.3671               1.8419 1.0747e-02
                        0  0.0000     0.6329               2.0838 1.8527e-02
 10  2.0080    2.5+                          1.1496e-01
                        0  0.0000     0.1667               2.0080 1.9159e-02
                        2  0.5177     0.1667               1.4903 1.9159e-02
                        3  0.5659     0.1667               1.4421 1.9159e-02
                        4  0.8807     0.1667               1.1273 1.9159e-02
                        6  1.2147     0.1667               0.7933 1.9159e-02
                        9  1.4790     0.1667               0.5290 1.9159e-02
  9  1.4790    3.5-                          5.7905e-01
                        2  0.5177     1.0000               0.9613 5.7896e-01
  8  1.4742    0.5-                          1.7921e-02
                        3  0.5659     0.5023               0.9083 8.9996e-03
                        1  0.2419     0.0557               1.2323 9.9894e-04
                        0  0.0000     0.4420               1.4742 7.9195e-03
  7  1.4388    4.5-                          1.2308e+00                       4.2000e-12
                        6  1.2147     0.1865               0.2241 2.2517e-01
                        2  0.5177     0.8135               0.9211 1.0010e+00
  6  1.2147    2.5-                          4.7280e-01                       3.5000e-12
                        4  0.8807     0.2733               0.3340 1.2884e-01
                        2  0.5177     0.0779               0.6970 3.6806e-02
                        0  0.0000     0.6488               1.2147 3.0674e-01
  5  1.1310    2.5+                          1.9012e-01
                        2  0.5177     1.0000               0.6133 1.9009e-01
  4  0.8807    2.5-                          2.6779e-01
                        3  0.5659     0.0494               0.3148 1.3195e-02
                        2  0.5177     0.0705               0.3630 1.8850e-02
                        0  0.0000     0.8800               0.8807 2.3561e-01
  3  0.5659    1.5-                          1.4387e-01
                        1  0.2419     0.1153               0.3240 1.6537e-02
                        0  0.0000     0.8847               0.5659 1.2721e-01
  2  0.5177    2.5-                          1.9994e+00                       5.2000e-12
                        0  0.0000     1.0000               0.5177 1.9980e+00
  1  0.2419    0.5-                          7.4694e-02
                        0  0.0000     1.0000               0.2419 7.4101e-02
  0  0.0000    1.5-                          2.9324e+00                       2.0980e+02
#......................................................................../  026-058Fe //  26.000000
#                                                                          SUM SPECTRA FOR COMPOUND
#            025-057Mn      gamma    neutron     proton      alpha
 SpcSum[mb]            6.7729e-01 7.2792e-06 1.6013e-17 1.4448e-19
 Emean[MeV]            1.1003e+00 2.2960e-01 1.0183e+00 2.4694e+00
#......................................................................../  026-058Fe //  26.000000
#                                                                   GAMMAS FROM DISCRETE TRANSITION
#           0 1 0 1 0 0             025-057Mn
#   Ex[MeV]     Jpi    FinalState  Branching Production    Egamma Production   T(1/2)[s]
 33  2.7720    2.5+                          2.9344e-03
                        0  0.0000     0.1111               2.7720 3.2605e-04
                        1  0.0832     0.1111               2.6888 3.2605e-04
                        2  0.8501     0.1111               1.9219 3.2605e-04
                        3  1.0558     0.1111               1.7162 3.2605e-04
                        4  1.0729     0.1111               1.6991 3.2605e-04
                       12  1.7254     0.1111               1.0466 3.2605e-04
                       14  1.8354     0.1111               0.9366 3.2605e-04
                       19  2.1467     0.1111               0.6253 3.2605e-04
                       21  2.2329     0.1111               0.5391 3.2605e-04
 32  2.7584    1.5+                          1.8776e-03                       1.4000e-12
                        5  1.2275     1.0000               1.5309 1.8773e-03
 31  2.7410    2.5+                          3.0317e-03
                        0  0.0000     0.1111               2.7410 3.3686e-04
                        1  0.0832     0.1111               2.6578 3.3686e-04
                        2  0.8501     0.1111               1.8909 3.3686e-04
                        3  1.0558     0.1111               1.6852 3.3686e-04
                        4  1.0729     0.1111               1.6681 3.3686e-04
                       12  1.7254     0.1111               1.0156 3.3686e-04
                       14  1.8354     0.1111               0.9056 3.3686e-04
                       19  2.1467     0.1111               0.5943 3.3686e-04
                       21  2.2329     0.1111               0.5081 3.3686e-04
 30  2.7021    0.5-                          1.0300e-03
                        8  1.4927     0.2279               1.2094 2.3470e-04
                        6  1.3750     0.1302               1.3271 1.3409e-04
                        2  0.8501     0.4651               1.8520 4.7895e-04
                        1  0.0832     0.1768               2.6189 1.8206e-04
 29  2.6400    0.5+                          1.0612e-03
                        2  0.8501     0.3333               1.7899 3.5373e-04
                       19  2.1467     0.3333               0.4933 3.5373e-04
                       20  2.1858     0.3333               0.4542 3.5373e-04
 28  2.6070    0.5+                          1.1028e-03
                        2  0.8501     0.3333               1.7569 3.6760e-04
                       19  2.1467     0.3333               0.4603 3.6760e-04
                       20  2.1858     0.3333               0.4212 3.6760e-04
 27  2.5590    3.5+                          5.6309e-03
                        0  0.0000     0.1429               2.5590 8.0442e-04
                        1  0.0832     0.1429               2.4758 8.0442e-04
                        3  1.0558     0.1429               1.5032 8.0442e-04
                        4  1.0729     0.1429               1.4861 8.0442e-04
                       12  1.7254     0.1429               0.8336 8.0442e-04
                       14  1.8354     0.1429               0.7236 8.0442e-04
                       21  2.2329     0.1429               0.3261 8.0442e-04
 26  2.5200    0.5+                          1.2216e-03
                        2  0.8501     0.3333               1.6699 4.0719e-04
                       19  2.1467     0.3333               0.3733 4.0719e-04
                       20  2.1858     0.3333               0.3342 4.0719e-04
 25  2.5030    0.5+                          1.2464e-03
                        2  0.8501     0.3333               1.6529 4.1548e-04
                       19  2.1467     0.3333               0.3563 4.1548e-04
                       20  2.1858     0.3333               0.3172 4.1548e-04
 24  2.4932    2.5+                          3.9315e-03
                        1  0.0832     0.5208               2.4100 2.0456e-03
                        0  0.0000     0.4792               2.4932 1.8821e-03
 23  2.4220    1.5+                          2.7288e-03
                        0  0.0000     0.1667               2.4220 4.5480e-04
                        2  0.8501     0.1667               1.5719 4.5480e-04
                        3  1.0558     0.1667               1.3662 4.5480e-04
                       19  2.1467     0.1667               0.2753 4.5480e-04
                       20  2.1858     0.1667               0.2362 4.5480e-04
                       21  2.2329     0.1667               0.1891 4.5480e-04
 22  2.3406    1.5+                          2.9919e-03
                        1  0.0832     1.0000               2.2574 2.9910e-03
 21  2.2329    2.5-                          7.2928e-03
                        5  1.2275     0.1000               1.0054 7.2928e-04
                        6  1.3750     0.1000               0.8579 7.2928e-04
                        8  1.4927     0.1000               0.7402 7.2928e-04
                        9  1.5348     0.1000               0.6981 7.2928e-04
                       10  1.6180     0.1000               0.6149 7.2928e-04
                       11  1.6300     0.1000               0.6029 7.2928e-04
                       15  1.9160     0.1000               0.3169 7.2928e-04
                       16  1.9280     0.1000               0.3049 7.2928e-04
                       17  1.9620     0.1000               0.2709 7.2928e-04
                       18  2.0080     0.1000               0.2249 7.2928e-04
 20  2.1858    0.5-                          3.9542e-03
                        3  1.0558     0.5405               1.1300 2.1370e-03
                        2  0.8501     0.4595               1.3357 1.8167e-03
 19  2.1467    1.5-                          6.5839e-03
                        1  0.0832     1.0000               2.0635 6.5814e-03
 18  2.0080    2.5+                          7.2764e-03
                        0  0.0000     0.1429               2.0080 1.0395e-03
                        1  0.0832     0.1429               1.9248 1.0395e-03
                        2  0.8501     0.1429               1.1579 1.0395e-03
                        3  1.0558     0.1429               0.9522 1.0395e-03
                        4  1.0729     0.1429               0.9351 1.0395e-03
                       12  1.7254     0.1429               0.2826 1.0395e-03
                       14  1.8354     0.1429               0.1726 1.0395e-03
 17  1.9620    1.5+                          5.3660e-03
                        0  0.0000     0.3333               1.9620 1.7887e-03
                        2  0.8501     0.3333               1.1119 1.7887e-03
                        3  1.0558     0.3333               0.9062 1.7887e-03
 16  1.9280    2.5+                          7.8570e-03
                        0  0.0000     0.1429               1.9280 1.1224e-03
                        1  0.0832     0.1429               1.8448 1.1224e-03
                        2  0.8501     0.1429               1.0779 1.1224e-03
                        3  1.0558     0.1429               0.8722 1.1224e-03
                        4  1.0729     0.1429               0.8551 1.1224e-03
                       12  1.7254     0.1429               0.2026 1.1224e-03
                       14  1.8354     0.1429               0.0926 1.1224e-03
 15  1.9160    3.5+                          1.1922e-02
                        0  0.0000     0.1667               1.9160 1.9870e-03
                        1  0.0832     0.1667               1.8328 1.9870e-03
                        3  1.0558     0.1667               0.8602 1.9870e-03
                        4  1.0729     0.1667               0.8431 1.9870e-03
                       12  1.7254     0.1667               0.1906 1.9870e-03
                       14  1.8354     0.1667               0.0806 1.9870e-03
 14  1.8354    3.5-                          1.7517e-02
                        8  1.4927     0.0711               0.3427 1.2444e-03
                        1  0.0832     0.7326               1.7522 1.2830e-02
                        0  0.0000     0.1963               1.8354 3.4377e-03
 13  1.7530    0.5+                          3.1947e-03
                        2  0.8501     1.0000               0.9029 3.1947e-03
 12  1.7254    3.5-                          1.8883e-02
                        1  0.0832     1.0000               1.6422 1.8879e-02
 11  1.6300    2.5+                          1.0552e-02
                        0  0.0000     0.2000               1.6300 2.1104e-03
                        1  0.0832     0.2000               1.5468 2.1104e-03
                        2  0.8501     0.2000               0.7799 2.1104e-03
                        3  1.0558     0.2000               0.5742 2.1104e-03
                        4  1.0729     0.2000               0.5571 2.1104e-03
 10  1.6180    3.5+                          1.6316e-02
                        5  1.2275     1.0000               0.3905 1.6285e-02
  9  1.5348    1.5+                          8.5136e-03
                        3  1.0558     0.0330               0.4790 2.8125e-04
                        2  0.8501     0.0974               0.6848 8.2889e-04
                        0  0.0000     0.8696               1.5348 7.4009e-03
  8  1.4927    2.5+                          1.3629e-02
                        1  0.0832     0.4898               1.4095 6.6738e-03
                        0  0.0000     0.5102               1.4927 6.9514e-03
  7  1.4770    0.5+                          4.6355e-03
                        2  0.8501     1.0000               0.6269 4.6355e-03
  6  1.3750    3.5+                          2.1417e-02
                        2  0.8501     0.2810               0.5249 6.0038e-03
                        1  0.0832     0.7190               1.2918 1.5396e-02
  5  1.2275    2.5+                          3.4289e-02                       3.5000e-13
                        4  1.0729     0.0834               0.1546 2.8284e-03
                        1  0.0832     0.9166               1.1443 3.1426e-02
  4  1.0729    3.5-                          3.5366e-02
                        1  0.0832     0.9434               0.9897 3.3359e-02
                        0  0.0000     0.0566               1.0729 2.0014e-03
  3  1.0558    2.5-                          3.0022e-02
                        2  0.8501     0.8027               0.2058 2.3696e-02
                        0  0.0000     0.1973               1.0558 5.9225e-03
  2  0.8501    1.5-                          6.6666e-02
                        1  0.0832     0.0412               0.7669 2.7476e-03
                        0  0.0000     0.9588               0.8501 6.3903e-02
  1  0.0832    3.5-                          2.0096e-01
                        0  0.0000     1.0000               0.0832 1.9124e-01
  0  0.0000    2.5-                          3.4830e-01                       8.5400e+01
#......................................................................../  026-058Fe //  26.000000
#                                                                          SUM SPECTRA FOR COMPOUND
#            023-052V       gamma    neutron     proton      alpha   deuteron
 SpcSum[mb]            1.8186e+00 3.0578e-02 4.7645e-08 1.8327e-12 4.2024e-16
 Emean[MeV]            1.7259e+00 7.0061e-01 2.3529e+00 4.2202e+00 1.8998e+00
#......................................................................../  026-058Fe //  26.000000
#                                                                   GAMMAS FROM DISCRETE TRANSITION
#           0 0 2 0 0 0             023-052V 
#   Ex[MeV]     Jpi    FinalState  Branching Production    Egamma Production   T(1/2)[s]
 31  2.5910    1.0+                          3.0611e-03
                       24  2.3470     0.5000               0.2440 1.5305e-03
                       27  2.4730     0.5000               0.1180 1.5305e-03
 30  2.5594    3.0-                          9.0116e-03
                        5  0.4366     0.5076               2.1227 4.5709e-03
                        3  0.1416     0.2385               2.4178 2.1485e-03
                        0  0.0000     0.2539               2.5594 2.2857e-03
 29  2.5430    9.0+                          7.6228e-02                       5.5000e-12
                       11  1.4931     1.0000               1.0499 7.6219e-02
 28  2.5388    3.0+                          8.9792e-03
                       15  1.7326     0.0868               0.8062 7.7915e-04
                       12  1.5588     0.0868               0.9800 7.7913e-04
                       10  1.4188     0.0503               1.1200 4.5189e-04
                        7  0.8459     0.1620               1.6929 1.4544e-03
                        6  0.7935     0.0353               1.7453 3.1690e-04
                        2  0.0228     0.5788               2.5161 5.1944e-03
 27  2.4730    0.0-                          2.8031e-03
                        3  0.1416     0.2000               2.3314 5.6063e-04
                        9  1.2898     0.2000               1.1832 5.6063e-04
                       13  1.5792     0.2000               0.8938 5.6063e-04
                       14  1.6640     0.2000               0.8090 5.6063e-04
                       21  2.1520     0.2000               0.3210 5.6063e-04
 26  2.4277    2.0+                          6.1164e-03
                        6  0.7935     0.3199               1.6341 1.9562e-03
                        5  0.4366     0.0090               1.9910 5.4862e-05
                        3  0.1416     0.1249               2.2860 7.6355e-04
                        1  0.0172     0.3902               2.4105 2.3853e-03
                        0  0.0000     0.1561               2.4277 9.5423e-04
 25  2.3960    0.0+                          1.1403e-03
                       24  2.3470     1.0000               0.0490 1.1403e-03
 24  2.3470    1.0-                          6.7698e-03
                        1  0.0172     0.1111               2.3298 7.5220e-04
                        3  0.1416     0.1111               2.2054 7.5220e-04
                        5  0.4366     0.1111               1.9104 7.5220e-04
                        9  1.2898     0.1111               1.0572 7.5220e-04
                       13  1.5792     0.1111               0.7678 7.5220e-04
                       14  1.6640     0.1111               0.6830 7.5220e-04
                       17  1.7702     0.1111               0.5768 7.5220e-04
                       18  1.7951     0.1111               0.5519 7.5220e-04
                       21  2.1520     0.1111               0.1950 7.5220e-04
 23  2.3180    3.0+                          1.0854e-02
                       10  1.4188     0.1638               0.8992 1.7776e-03
                        7  0.8459     0.1247               1.4721 1.3533e-03
                        6  0.7935     0.1296               1.5245 1.4064e-03
                        4  0.1478     0.2347               2.1702 2.5464e-03
                        1  0.0172     0.1027               2.3009 1.1142e-03
                        0  0.0000     0.2445               2.3180 2.6525e-03
 22  2.1686    4.0+                          1.8832e-02
                        7  0.8459     0.1023               1.3227 1.9263e-03
                        6  0.7935     0.0416               1.3751 7.8350e-04
                        4  0.1478     0.1057               2.0208 1.9899e-03
                        2  0.0228     0.6823               2.1459 1.2844e-02
                        1  0.0172     0.0169               2.1515 3.1850e-04
                        0  0.0000     0.0512               2.1686 9.6323e-04
 21  2.1520    1.0+                          5.9153e-03
                        3  0.1416     1.0000               2.0104 5.9153e-03
 20  2.1008    3.0+                          1.3073e-02
                       12  1.5588     0.0049               0.5420 6.4357e-05
                       10  1.4188     0.0596               0.6820 7.7903e-04
                        7  0.8459     0.0855               1.2549 1.1178e-03
                        6  0.7935     0.1399               1.3073 1.8290e-03
                        5  0.4366     0.1995               1.6642 2.6080e-03
                        4  0.1478     0.2591               1.9530 3.3867e-03
                        1  0.0172     0.1425               2.0837 1.8625e-03
                        0  0.0000     0.1088               2.1008 1.4220e-03
 19  1.8430    3.0-                          1.7932e-02
                        0  0.0000     0.0833               1.8430 1.4943e-03
                        1  0.0172     0.0833               1.8258 1.4943e-03
                        2  0.0228     0.0833               1.8202 1.4943e-03
                        4  0.1478     0.0833               1.6952 1.4943e-03
                        5  0.4366     0.0833               1.4064 1.4943e-03
                        6  0.7935     0.0833               1.0495 1.4943e-03
                        7  0.8459     0.0833               0.9971 1.4943e-03
                       10  1.4188     0.0833               0.4242 1.4943e-03
                       12  1.5588     0.0833               0.2842 1.4943e-03
                       16  1.7596     0.0833               0.0834 1.4943e-03
                       17  1.7702     0.0833               0.0728 1.4943e-03
                       18  1.7951     0.0833               0.0479 1.4943e-03
 18  1.7951    2.0+                          1.3046e-02
                        9  1.2898     0.0247               0.5053 3.2162e-04
                        6  0.7935     0.1414               1.0016 1.8445e-03
                        5  0.4366     0.3799               1.3585 4.9557e-03
                        4  0.1478     0.0029               1.6473 3.8479e-05
                        3  0.1416     0.0149               1.6535 1.9501e-04
                        1  0.0172     0.4042               1.7780 5.2721e-03
                        0  0.0000     0.0319               1.7951 4.1647e-04
 17  1.7702    2.0+                          1.3290e-02
                        5  0.4366     0.4464               1.3335 5.9319e-03
                        4  0.1478     0.3750               1.6223 4.9827e-03
                        2  0.0228     0.1786               1.7474 2.3730e-03
 16  1.7596    3.0+                          1.8971e-02
                        6  0.7935     0.0101               0.9661 1.9103e-04
                        5  0.4366     0.4026               1.3230 7.6375e-03
                        4  0.1478     0.4376               1.6118 8.3009e-03
                        3  0.1416     0.0228               1.6180 4.3173e-04
                        1  0.0172     0.1269               1.7425 2.4071e-03
 15  1.7326    3.0-                          2.0793e-02
                        7  0.8459     0.3262               0.8866 6.7820e-03
                        4  0.1478     0.0750               1.5847 1.5597e-03
                        3  0.1416     0.0147               1.5910 3.0519e-04
                        2  0.0228     0.2578               1.7098 5.3579e-03
                        0  0.0000     0.3263               1.7326 6.7814e-03
 14  1.6640    1.0+                          8.5742e-03
                        3  0.1416     1.0000               1.5224 8.5742e-03
 13  1.5792    1.0+                          9.1703e-03
                        0  0.0000     1.0000               1.5792 9.1688e-03
 12  1.5588    4.0+                          3.3746e-02
                        7  0.8459     0.1332               0.7129 4.4940e-03
                        4  0.1478     0.0225               1.4110 7.5823e-04
                        2  0.0228     0.0077               1.5361 2.6120e-04
                        1  0.0172     0.0042               1.5417 1.4324e-04
                        0  0.0000     0.8323               1.5588 2.8084e-02
 11  1.4931    7.0+                          2.5362e-01                       1.8000e-12
                        2  0.0228     1.0000               1.4703 2.5357e-01
 10  1.4188    3.0+                          2.7761e-02
                        7  0.8459     0.0261               0.5729 7.2531e-04
                        5  0.4366     0.1148               0.9822 3.1865e-03
                        4  0.1478     0.0673               1.2710 1.8681e-03
                        1  0.0172     0.3959               1.4017 1.0989e-02
                        0  0.0000     0.3959               1.4188 1.0989e-02
  9  1.2898    1.0+                          1.1894e-02
                        3  0.1416     0.2593               1.1482 3.0839e-03
                        1  0.0172     0.7407               1.2727 8.8094e-03
  8  0.8810    4.0-                          7.1514e-02
                        0  0.0000     0.2000               0.8810 1.4303e-02
                        2  0.0228     0.2000               0.8582 1.4303e-02
                        4  0.1478     0.2000               0.7332 1.4303e-02
                        6  0.7935     0.2000               0.0875 1.4303e-02
                        7  0.8459     0.2000               0.0351 1.4303e-02
  7  0.8459    4.0+                          8.9510e-02
                        4  0.1478     0.0674               0.6981 6.0279e-03
                        2  0.0228     0.5181               0.8232 4.6368e-02
                        0  0.0000     0.4145               0.8459 3.7097e-02
  6  0.7935    3.0+                          6.2848e-02
                        5  0.4366     0.0092               0.3569 5.7817e-04
                        4  0.1478     0.7669               0.6457 4.8180e-02
                        1  0.0172     0.0092               0.7764 5.7813e-04
                        0  0.0000     0.2147               0.7935 1.3490e-02
  5  0.4366    2.0+                          6.6623e-02
                        3  0.1416     0.2242               0.2950 1.4880e-02
                        1  0.0172     0.3195               0.4195 2.1260e-02
                        0  0.0000     0.4563               0.4366 3.0367e-02
  4  0.1478    4.0+                          1.9377e-01
                        2  0.0228     0.8593               0.1251 1.5276e-01
                        0  0.0000     0.1407               0.1478 2.5965e-02
  3  0.1416    1.0+                          6.6308e-02
                        1  0.0172     1.0000               0.1245 6.0833e-02
  2  0.0228    4.0+                          6.1750e-01
                        0  0.0000     1.0000               0.0228 8.6971e-03
  1  0.0172    2.0+                          1.7366e-01                       1.0800e-09
                        0  0.0000     1.0000               0.0172 2.1707e-02
  0  0.0000    3.0+                          1.0528e+00                       2.2460e+02
#......................................................................../  026-058Fe //  26.000000
#                                                                          SUM SPECTRA FOR COMPOUND
#            024-054Cr      gamma    neutron     proton      alpha
 SpcSum[mb]            1.1177e+00 2.9912e-06 2.9126e-20 6.7094e-14
 Emean[MeV]            1.3154e+00 4.0728e-01 1.1377e+00 3.2352e+00
#......................................................................../  026-058Fe //  26.000000
#                                                                   GAMMAS FROM DISCRETE TRANSITION
#           0 0 1 1 0 0             024-054Cr
#   Ex[MeV]     Jpi    FinalState  Branching Production    Egamma Production   T(1/2)[s]
 38  4.6870    1.0-                          8.2889e-04
                        0  0.0000     0.0500               4.6870 4.1444e-05
                        1  0.8349     0.0500               3.8521 4.1444e-05
                        3  2.6197     0.0500               2.0673 4.1444e-05
                        4  2.8296     0.0500               1.8574 4.1444e-05
                        5  3.0741     0.0500               1.6129 4.1444e-05
                        9  3.4369     0.0500               1.2501 4.1444e-05
                       13  3.7200     0.0500               0.9670 4.1444e-05
                       16  3.8610     0.0500               0.8260 4.1444e-05
                       19  3.9277     0.0500               0.7593 4.1444e-05
                       20  3.9874     0.0500               0.6996 4.1444e-05
                       21  4.0129     0.0500               0.6741 4.1444e-05
                       23  4.0832     0.0500               0.6038 4.1444e-05
                       24  4.1260     0.0500               0.5610 4.1444e-05
                       26  4.1908     0.0500               0.4962 4.1444e-05
                       27  4.2175     0.0500               0.4695 4.1444e-05
                       28  4.2391     0.0500               0.4479 4.1444e-05
                       29  4.2564     0.0500               0.4306 4.1444e-05
                       32  4.4584     0.0500               0.2286 4.1444e-05
                       34  4.5830     0.0500               0.1040 4.1444e-05
                       36  4.6336     0.0500               0.0534 4.1444e-05
 37  4.6815    8.0+                          2.5803e-02                       5.5000e-13
                        7  3.2224     1.0000               1.4590 2.5799e-02
 36  4.6336    2.0+                          1.5989e-03
                        4  2.8296     1.0000               1.8040 1.5985e-03
                        3  2.6197     0.0000               2.0139 0.0000e+00
 35  4.6180    3.0-                          2.5891e-03
                        1  0.8349     0.0526               3.7831 1.3627e-04
                        2  1.8239     0.0526               2.7941 1.3627e-04
                        3  2.6197     0.0526               1.9983 1.3627e-04
                        5  3.0741     0.0526               1.5439 1.3627e-04
                        6  3.1596     0.0526               1.4584 1.3627e-04
                        9  3.4369     0.0526               1.1811 1.3627e-04
                       12  3.6552     0.0526               0.9628 1.3627e-04
                       13  3.7200     0.0526               0.8980 1.3627e-04
                       15  3.7985     0.0526               0.8195 1.3627e-04
                       16  3.8610     0.0526               0.7570 1.3627e-04
                       19  3.9277     0.0526               0.6903 1.3627e-04
                       23  4.0832     0.0526               0.5348 1.3627e-04
                       24  4.1260     0.0526               0.4920 1.3627e-04
                       26  4.1908     0.0526               0.4272 1.3627e-04
                       27  4.2175     0.0526               0.4005 1.3627e-04
                       28  4.2391     0.0526               0.3789 1.3627e-04
                       29  4.2564     0.0526               0.3616 1.3627e-04
                       31  4.4510     0.0526               0.1670 1.3627e-04
                       32  4.4584     0.0526               0.1596 1.3627e-04
 34  4.5830    0.0+                          3.3126e-04
                       20  3.9874     1.0000               0.5956 3.3126e-04
 33  4.5708    2.0-                          1.6596e-03
                        2  1.8239     1.0000               2.7469 1.6589e-03
 32  4.4584    2.0+                          2.1201e-03
                        0  0.0000     1.0000               4.4584 2.1173e-03
 31  4.4510    4.0+                          5.2011e-03
                        2  1.8239     1.0000               2.6271 5.1980e-03
 30  4.3810    3.0-                          3.4951e-03
                        1  0.8349     1.0000               3.5461 3.4899e-03
 29  4.2564    2.0+                          2.6684e-03
                        1  0.8349     0.5000               3.4215 1.3342e-03
                        0  0.0000     0.5000               4.2564 1.3342e-03
 28  4.2391    2.0+                          2.7213e-03
                        3  2.6197     0.5000               1.6194 1.3606e-03
                        1  0.8349     0.5000               3.4042 1.3606e-03
 27  4.2175    2.0+                          2.7887e-03
                        3  2.6197     0.1238               1.5978 3.4518e-04
                        2  1.8239     0.4174               2.3936 1.1634e-03
                        1  0.8349     0.4588               3.3827 1.2783e-03
 26  4.1908    2.0+                          2.8743e-03
                        1  0.8349     0.5000               3.3559 1.4371e-03
                        0  0.0000     0.5000               4.1908 1.4371e-03
 25  4.1270    3.0-                          4.7797e-03
                        3  2.6197     0.3148               1.5074 1.5042e-03
                        1  0.8349     0.6852               3.2922 3.2705e-03
 24  4.1260    2.0+                          3.0925e-03
                        5  3.0741     1.0000               1.0519 3.0922e-03
 23  4.0832    2.0+                          3.2449e-03
                        9  3.4369     0.0339               0.6464 1.0998e-04
                        6  3.1596     0.1225               0.9237 3.9739e-04
                        5  3.0741     0.0208               1.0092 6.7350e-05
                        3  2.6197     0.1308               1.4636 4.2435e-04
                        2  1.8239     0.6921               2.2593 2.2446e-03
 22  4.0433    5.0+                          1.3523e-02                       2.8000e-14
                        7  3.2224     0.8439               0.8209 1.1410e-02
                        2  1.8239     0.1561               2.2194 2.1101e-03
 21  4.0129    0.0+                          6.1218e-04                       1.4000e-15
                        3  2.6197     0.0000               1.3932 0.0000e+00
                        1  0.8349     1.0000               3.1780 6.1165e-04
 20  3.9874    1.0+                          2.5173e-03
                        8  3.3934     1.0000               0.5940 2.5167e-03
 19  3.9277    2.0+                          3.8618e-03
                        0  0.0000     1.0000               3.9277 3.8573e-03
 18  3.9255    2.0-                          3.6403e-03
                       13  3.7200     0.1456               0.2055 5.2789e-04
                        4  2.8296     0.0000               1.0959 0.0000e+00
                        2  1.8239     0.0000               2.1016 0.0000e+00
                        1  0.8349     0.8544               3.0907 3.1063e-03
 17  3.8704    4.0-                          1.0107e-02
                        3  2.6197     1.0000               1.2507 1.0105e-02
                        1  0.8349     0.0000               3.0355 0.0000e+00
 16  3.8610    2.0+                          4.1583e-03
                        3  2.6197     0.6248               1.2413 2.5978e-03
                        1  0.8349     0.3752               3.0262 1.5590e-03
 15  3.7985    4.0+                          1.1273e-02                       5.1000e-14
                        6  3.1596     0.3101               0.6390 3.4942e-03
                        2  1.8239     0.3875               1.9746 4.3668e-03
                        1  0.8349     0.3024               2.9637 3.4062e-03
 14  3.7857    5.0+                          1.8561e-02
                        7  3.2224     0.2819               0.5633 5.2295e-03
                        6  3.1596     0.0470               0.6261 8.7164e-04
                        2  1.8239     0.6711               1.9618 1.2453e-02
 13  3.7200    2.0+                          5.3874e-03                       1.6600e-14
                        4  2.8296     0.0866               0.8904 4.6621e-04
                        3  2.6197     0.1259               1.1004 6.7816e-04
                        0  0.0000     0.7876               3.7200 4.2383e-03
 12  3.6552    4.0+                          1.3260e-02                       6.0000e-15
                        2  1.8239     1.0000               1.8313 1.3256e-02
 11  3.5140    3.0-                          9.9061e-03
                        1  0.8349     0.1667               2.6791 1.6510e-03
                        2  1.8239     0.1667               1.6901 1.6510e-03
                        3  2.6197     0.1667               0.8943 1.6510e-03
                        5  3.0741     0.1667               0.4399 1.6510e-03
                        6  3.1596     0.1667               0.3544 1.6510e-03
                        9  3.4369     0.1667               0.0771 1.6510e-03
 10  3.4680    3.0-                          1.0451e-02
                        1  0.8349     0.1667               2.6331 1.7418e-03
                        2  1.8239     0.1667               1.6441 1.7418e-03
                        3  2.6197     0.1667               0.8483 1.7418e-03
                        5  3.0741     0.1667               0.3939 1.7418e-03
                        6  3.1596     0.1667               0.3084 1.7418e-03
                        9  3.4369     0.1667               0.0311 1.7418e-03
  9  3.4369    2.0+                          1.0104e-02                       8.0000e-15
                        3  2.6197     0.0291               0.8172 2.9417e-04
                        1  0.8349     0.9709               2.6020 9.8049e-03
  8  3.3934    2.0-                          9.2339e-03                       1.5000e-14
                        1  0.8349     0.6330               2.5586 5.8392e-03
                        0  0.0000     0.3670               3.3934 3.3867e-03
  7  3.2224    6.0+                          9.9971e-02                       4.9000e-13
                        2  1.8239     1.0000               1.3985 9.9958e-02
  6  3.1596    4.0+                          3.0936e-02                       2.4000e-13
                        2  1.8239     0.5318               1.3356 1.6450e-02
                        1  0.8349     0.4682               2.3247 1.4477e-02
  5  3.0741    2.0+                          1.6232e-02                       7.1000e-15
                        1  0.8349     0.9892               2.2392 1.6051e-02
                        0  0.0000     0.0108               3.0741 1.7500e-04
  4  2.8296    0.0+                          4.1353e-03                       1.5000e-13
                        1  0.8349     1.0000               1.9948 4.1339e-03
  3  2.6197    2.0+                          3.6062e-02                       7.8000e-14
                        1  0.8349     0.9588               1.7848 3.4567e-02
                        0  0.0000     0.0412               2.6197 1.4862e-03
  2  1.8239    4.0+                          2.4583e-01                       1.7000e-12
                        1  0.8349     1.0000               0.9891 2.4579e-01
  1  0.8349    2.0+                          4.2042e-01                       7.9000e-12
                        0  0.0000     1.0000               0.8349 4.2032e-01
  0  0.0000    0.0+                          4.5747e-01
#......................................................................../  026-058Fe //  26.000000
#                                                                          SUM SPECTRA FOR COMPOUND
#            025-056Mn      gamma
 SpcSum[mb]            6.4425e-04
 Emean[MeV]            2.5200e-01
#......................................................................../  026-058Fe //  26.000000
#                                                                   GAMMAS FROM DISCRETE TRANSITION
#           0 0 0 2 0 0             025-056Mn
#   Ex[MeV]     Jpi    FinalState  Branching Production    Egamma Production   T(1/2)[s]
 45  1.9802    2.0-                          8.5595e-08
                        0  0.0000     0.0455               1.9802 3.8907e-09
                        1  0.0266     0.0455               1.9536 3.8907e-09
                        2  0.1105     0.0455               1.8697 3.8907e-09
                        4  0.2151     0.0455               1.7651 3.8907e-09
                        6  0.3410     0.0455               1.6392 3.8907e-09
                        7  0.4543     0.0455               1.5259 3.8907e-09
                        8  0.4863     0.0455               1.4939 3.8907e-09
                       11  0.7162     0.0455               1.2640 3.8907e-09
                       12  0.7535     0.0455               1.2267 3.8907e-09
                       18  1.1677     0.0455               0.8125 3.8907e-09
                       20  1.1950     0.0455               0.7852 3.8907e-09
                       22  1.2390     0.0455               0.7412 3.8907e-09
                       23  1.2937     0.0455               0.6865 3.8907e-09
                       24  1.3509     0.0455               0.6293 3.8907e-09
                       30  1.5099     0.0455               0.4703 3.8907e-09
                       31  1.5600     0.0455               0.4202 3.8907e-09
                       32  1.6136     0.0455               0.3666 3.8907e-09
                       33  1.6550     0.0455               0.3252 3.8907e-09
                       37  1.7444     0.0455               0.2358 3.8907e-09
                       39  1.8337     0.0455               0.1465 3.8907e-09
                       40  1.8660     0.0455               0.1142 3.8907e-09
                       44  1.9700     0.0455               0.0102 3.8907e-09
 44  1.9700    3.0+                          1.4105e-07
                        9  0.5410     0.0769               1.4290 1.0850e-08
                       10  0.6610     0.0769               1.3090 1.0850e-08
                       14  0.8530     0.0769               1.1170 1.0850e-08
                       17  1.1400     0.0769               0.8300 1.0850e-08
                       25  1.3640     0.0769               0.6060 1.0850e-08
                       26  1.3840     0.0769               0.5860 1.0850e-08
                       27  1.4470     0.0769               0.5230 1.0850e-08
                       28  1.4840     0.0769               0.4860 1.0850e-08
                       34  1.6740     0.0769               0.2960 1.0850e-08
                       36  1.7275     0.0769               0.2425 1.0850e-08
                       38  1.7800     0.0769               0.1900 1.0850e-08
                       41  1.8780     0.0769               0.0920 1.0850e-08
                       42  1.9110     0.0769               0.0590 1.0850e-08
 43  1.9490    1.0-                          5.5703e-08
                        1  0.0266     0.0769               1.9224 4.2848e-09
                        2  0.1105     0.0769               1.8385 4.2848e-09
                        4  0.2151     0.0769               1.7339 4.2848e-09
                       11  0.7162     0.0769               1.2328 4.2848e-09
                       18  1.1677     0.0769               0.7813 4.2848e-09
                       23  1.2937     0.0769               0.6553 4.2848e-09
                       24  1.3509     0.0769               0.5981 4.2848e-09
                       30  1.5099     0.0769               0.4391 4.2848e-09
                       31  1.5600     0.0769               0.3890 4.2848e-09
                       33  1.6550     0.0769               0.2940 4.2848e-09
                       37  1.7444     0.0769               0.2046 4.2848e-09
                       39  1.8337     0.0769               0.1153 4.2848e-09
                       40  1.8660     0.0769               0.0830 4.2848e-09
 42  1.9110    3.0-                          1.8558e-07
                        0  0.0000     0.0556               1.9110 1.0310e-08
                        1  0.0266     0.0556               1.8844 1.0310e-08
                        3  0.2120     0.0556               1.6990 1.0310e-08
                        4  0.2151     0.0556               1.6959 1.0310e-08
                        6  0.3410     0.0556               1.5700 1.0310e-08
                        7  0.4543     0.0556               1.4567 1.0310e-08
                        8  0.4863     0.0556               1.4247 1.0310e-08
                       12  0.7535     0.0556               1.1575 1.0310e-08
                       19  1.1923     0.0556               0.7187 1.0310e-08
                       20  1.1950     0.0556               0.7160 1.0310e-08
                       22  1.2390     0.0556               0.6720 1.0310e-08
                       23  1.2937     0.0556               0.6173 1.0310e-08
                       24  1.3509     0.0556               0.5601 1.0310e-08
                       29  1.4845     0.0556               0.4265 1.0310e-08
                       30  1.5099     0.0556               0.4011 1.0310e-08
                       32  1.6136     0.0556               0.2974 1.0310e-08
                       37  1.7444     0.0556               0.1666 1.0310e-08
                       40  1.8660     0.0556               0.0450 1.0310e-08
 41  1.8780    3.0-                          2.1169e-07
                        0  0.0000     0.0556               1.8780 1.1761e-08
                        1  0.0266     0.0556               1.8514 1.1761e-08
                        3  0.2120     0.0556               1.6660 1.1761e-08
                        4  0.2151     0.0556               1.6629 1.1761e-08
                        6  0.3410     0.0556               1.5370 1.1761e-08
                        7  0.4543     0.0556               1.4237 1.1761e-08
                        8  0.4863     0.0556               1.3917 1.1761e-08
                       12  0.7535     0.0556               1.1245 1.1761e-08
                       19  1.1923     0.0556               0.6857 1.1761e-08
                       20  1.1950     0.0556               0.6830 1.1761e-08
                       22  1.2390     0.0556               0.6390 1.1761e-08
                       23  1.2937     0.0556               0.5843 1.1761e-08
                       24  1.3509     0.0556               0.5271 1.1761e-08
                       29  1.4845     0.0556               0.3935 1.1761e-08
                       30  1.5099     0.0556               0.3681 1.1761e-08
                       32  1.6136     0.0556               0.2644 1.1761e-08
                       37  1.7444     0.0556               0.1336 1.1761e-08
                       40  1.8660     0.0556               0.0120 1.1761e-08
 40  1.8660    2.0+                          1.6800e-07
                        9  0.5410     0.0769               1.3250 1.2923e-08
                       10  0.6610     0.0769               1.2050 1.2923e-08
                       14  0.8530     0.0769               1.0130 1.2923e-08
                       15  0.8840     0.0769               0.9820 1.2923e-08
                       16  0.9740     0.0769               0.8920 1.2923e-08
                       25  1.3640     0.0769               0.5020 1.2923e-08
                       26  1.3840     0.0769               0.4820 1.2923e-08
                       27  1.4470     0.0769               0.4190 1.2923e-08
                       28  1.4840     0.0769               0.3820 1.2923e-08
                       34  1.6740     0.0769               0.1920 1.2923e-08
                       35  1.6929     0.0769               0.1731 1.2923e-08
                       36  1.7275     0.0769               0.1385 1.2923e-08
                       38  1.7800     0.0769               0.0860 1.2923e-08
 39  1.8337    1.0+                          9.9740e-08
                        9  0.5410     0.0909               1.2927 9.0673e-09
                       14  0.8530     0.0909               0.9807 9.0673e-09
                       15  0.8840     0.0909               0.9497 9.0673e-09
                       16  0.9740     0.0909               0.8597 9.0673e-09
                       25  1.3640     0.0909               0.4697 9.0673e-09
                       26  1.3840     0.0909               0.4497 9.0673e-09
                       27  1.4470     0.0909               0.3867 9.0673e-09
                       28  1.4840     0.0909               0.3497 9.0673e-09
                       35  1.6929     0.0909               0.1408 9.0673e-09
                       36  1.7275     0.0909               0.1062 9.0673e-09
                       38  1.7800     0.0909               0.0537 9.0673e-09
 38  1.7800    2.0-                          2.3079e-07
                        0  0.0000     0.0526               1.7800 1.2147e-08
                        1  0.0266     0.0526               1.7534 1.2147e-08
                        2  0.1105     0.0526               1.6695 1.2147e-08
                        4  0.2151     0.0526               1.5649 1.2147e-08
                        6  0.3410     0.0526               1.4390 1.2147e-08
                        7  0.4543     0.0526               1.3257 1.2147e-08
                        8  0.4863     0.0526               1.2937 1.2147e-08
                       11  0.7162     0.0526               1.0638 1.2147e-08
                       12  0.7535     0.0526               1.0265 1.2147e-08
                       18  1.1677     0.0526               0.6123 1.2147e-08
                       20  1.1950     0.0526               0.5850 1.2147e-08
                       22  1.2390     0.0526               0.5410 1.2147e-08
                       23  1.2937     0.0526               0.4863 1.2147e-08
                       24  1.3509     0.0526               0.4291 1.2147e-08
                       30  1.5099     0.0526               0.2701 1.2147e-08
                       31  1.5600     0.0526               0.2200 1.2147e-08
                       32  1.6136     0.0526               0.1664 1.2147e-08
                       33  1.6550     0.0526               0.1250 1.2147e-08
                       37  1.7444     0.0526               0.0356 1.2147e-08
 37  1.7444    2.0+                          2.6854e-07
                        9  0.5410     0.0833               1.2034 2.2378e-08
                       10  0.6610     0.0833               1.0834 2.2378e-08
                       14  0.8530     0.0833               0.8914 2.2378e-08
                       15  0.8840     0.0833               0.8604 2.2378e-08
                       16  0.9740     0.0833               0.7704 2.2378e-08
                       25  1.3640     0.0833               0.3804 2.2378e-08
                       26  1.3840     0.0833               0.3604 2.2378e-08
                       27  1.4470     0.0833               0.2974 2.2378e-08
                       28  1.4840     0.0833               0.2604 2.2378e-08
                       34  1.6740     0.0833               0.0704 2.2378e-08
                       35  1.6929     0.0833               0.0515 2.2378e-08
                       36  1.7275     0.0833               0.0169 2.2378e-08
 36  1.7275    2.0-                          2.9948e-07
                        0  0.0000     0.0556               1.7275 1.6638e-08
                        1  0.0266     0.0556               1.7009 1.6638e-08
                        2  0.1105     0.0556               1.6170 1.6638e-08
                        4  0.2151     0.0556               1.5123 1.6638e-08
                        6  0.3410     0.0556               1.3865 1.6638e-08
                        7  0.4543     0.0556               1.2731 1.6638e-08
                        8  0.4863     0.0556               1.2411 1.6638e-08
                       11  0.7162     0.0556               1.0113 1.6638e-08
                       12  0.7535     0.0556               0.9740 1.6638e-08
                       18  1.1677     0.0556               0.5598 1.6638e-08
                       20  1.1950     0.0556               0.5325 1.6638e-08
                       22  1.2390     0.0556               0.4885 1.6638e-08
                       23  1.2937     0.0556               0.4338 1.6638e-08
                       24  1.3509     0.0556               0.3766 1.6638e-08
                       30  1.5099     0.0556               0.2176 1.6638e-08
                       31  1.5600     0.0556               0.1675 1.6638e-08
                       32  1.6136     0.0556               0.1139 1.6638e-08
                       33  1.6550     0.0556               0.0725 1.6638e-08
 35  1.6929    1.0-                          2.0320e-07
                        1  0.0266     0.1000               1.6663 2.0320e-08
                        2  0.1105     0.1000               1.5824 2.0320e-08
                        4  0.2151     0.1000               1.4778 2.0320e-08
                       11  0.7162     0.1000               0.9767 2.0320e-08
                       18  1.1677     0.1000               0.5252 2.0320e-08
                       23  1.2937     0.1000               0.3992 2.0320e-08
                       24  1.3509     0.1000               0.3420 2.0320e-08
                       30  1.5099     0.1000               0.1830 2.0320e-08
                       31  1.5600     0.1000               0.1329 2.0320e-08
                       33  1.6550     0.1000               0.0379 2.0320e-08
 34  1.6740    3.0-                          5.0457e-07
                        0  0.0000     0.0625               1.6740 3.1535e-08
                        1  0.0266     0.0625               1.6474 3.1535e-08
                        3  0.2120     0.0625               1.4620 3.1535e-08
                        4  0.2151     0.0625               1.4589 3.1535e-08
                        6  0.3410     0.0625               1.3330 3.1535e-08
                        7  0.4543     0.0625               1.2197 3.1535e-08
                        8  0.4863     0.0625               1.1877 3.1535e-08
                       12  0.7535     0.0625               0.9205 3.1535e-08
                       19  1.1923     0.0625               0.4817 3.1535e-08
                       20  1.1950     0.0625               0.4790 3.1535e-08
                       22  1.2390     0.0625               0.4350 3.1535e-08
                       23  1.2937     0.0625               0.3803 3.1535e-08
                       24  1.3509     0.0625               0.3231 3.1535e-08
                       29  1.4845     0.0625               0.1895 3.1535e-08
                       30  1.5099     0.0625               0.1641 3.1535e-08
                       32  1.6136     0.0625               0.0604 3.1535e-08
 33  1.6550    1.0+                          2.4368e-07
                        9  0.5410     0.1250               1.1140 3.0460e-08
                       14  0.8530     0.1250               0.8020 3.0460e-08
                       15  0.8840     0.1250               0.7710 3.0460e-08
                       16  0.9740     0.1250               0.6810 3.0460e-08
                       25  1.3640     0.1250               0.2910 3.0460e-08
                       26  1.3840     0.1250               0.2710 3.0460e-08
                       27  1.4470     0.1250               0.2080 3.0460e-08
                       28  1.4840     0.1250               0.1710 3.0460e-08
 32  1.6136    3.0+                          6.7119e-07                       5.9000e-13
                       21  1.2367     0.0743               0.3769 4.9702e-08
                        5  0.3355     0.9257               1.2780 6.2125e-07
 31  1.5600    1.0+                          3.2441e-07
                        9  0.5410     0.1250               1.0190 4.0551e-08
                       14  0.8530     0.1250               0.7070 4.0551e-08
                       15  0.8840     0.1250               0.6760 4.0551e-08
                       16  0.9740     0.1250               0.5860 4.0551e-08
                       25  1.3640     0.1250               0.1960 4.0551e-08
                       26  1.3840     0.1250               0.1760 4.0551e-08
                       27  1.4470     0.1250               0.1130 4.0551e-08
                       28  1.4840     0.1250               0.0760 4.0551e-08
 30  1.5099    2.0+                          6.6570e-07
                        9  0.5410     0.1111               0.9689 7.3966e-08
                       10  0.6610     0.1111               0.8489 7.3966e-08
                       14  0.8530     0.1111               0.6569 7.3966e-08
                       15  0.8840     0.1111               0.6259 7.3966e-08
                       16  0.9740     0.1111               0.5359 7.3966e-08
                       25  1.3640     0.1111               0.1459 7.3966e-08
                       26  1.3840     0.1111               0.1259 7.3966e-08
                       27  1.4470     0.1111               0.0629 7.3966e-08
                       28  1.4840     0.1111               0.0259 7.3966e-08
 29  1.4845    4.0+                          1.4678e-06
                       12  0.7535     0.4414               0.7311 6.4769e-07
                        5  0.3355     0.5586               1.1490 8.1984e-07
 28  1.4840    2.0-                          8.1582e-07
                        0  0.0000     0.0714               1.4840 5.8273e-08
                        1  0.0266     0.0714               1.4574 5.8273e-08
                        2  0.1105     0.0714               1.3735 5.8273e-08
                        4  0.2151     0.0714               1.2689 5.8273e-08
                        6  0.3410     0.0714               1.1430 5.8273e-08
                        7  0.4543     0.0714               1.0297 5.8273e-08
                        8  0.4863     0.0714               0.9977 5.8273e-08
                       11  0.7162     0.0714               0.7678 5.8273e-08
                       12  0.7535     0.0714               0.7305 5.8273e-08
                       18  1.1677     0.0714               0.3163 5.8273e-08
                       20  1.1950     0.0714               0.2890 5.8273e-08
                       22  1.2390     0.0714               0.2450 5.8273e-08
                       23  1.2937     0.0714               0.1903 5.8273e-08
                       24  1.3509     0.0714               0.1331 5.8273e-08
 27  1.4470    2.0-                          9.0386e-07
                        0  0.0000     0.0714               1.4470 6.4561e-08
                        1  0.0266     0.0714               1.4204 6.4561e-08
                        2  0.1105     0.0714               1.3365 6.4561e-08
                        4  0.2151     0.0714               1.2319 6.4561e-08
                        6  0.3410     0.0714               1.1060 6.4561e-08
                        7  0.4543     0.0714               0.9927 6.4561e-08
                        8  0.4863     0.0714               0.9607 6.4561e-08
                       11  0.7162     0.0714               0.7308 6.4561e-08
                       12  0.7535     0.0714               0.6935 6.4561e-08
                       18  1.1677     0.0714               0.2793 6.4561e-08
                       20  1.1950     0.0714               0.2520 6.4561e-08
                       22  1.2390     0.0714               0.2080 6.4561e-08
                       23  1.2937     0.0714               0.1533 6.4561e-08
                       24  1.3509     0.0714               0.0961 6.4561e-08
 26  1.3840    2.0-                          1.0802e-06
                        0  0.0000     0.0714               1.3840 7.7158e-08
                        1  0.0266     0.0714               1.3574 7.7158e-08
                        2  0.1105     0.0714               1.2735 7.7158e-08
                        4  0.2151     0.0714               1.1689 7.7158e-08
                        6  0.3410     0.0714               1.0430 7.7158e-08
                        7  0.4543     0.0714               0.9297 7.7158e-08
                        8  0.4863     0.0714               0.8977 7.7158e-08
                       11  0.7162     0.0714               0.6678 7.7158e-08
                       12  0.7535     0.0714               0.6305 7.7158e-08
                       18  1.1677     0.0714               0.2163 7.7158e-08
                       20  1.1950     0.0714               0.1890 7.7158e-08
                       22  1.2390     0.0714               0.1450 7.7158e-08
                       23  1.2937     0.0714               0.0903 7.7158e-08
                       24  1.3509     0.0714               0.0331 7.7158e-08
 25  1.3640    2.0-                          1.1440e-06
                        0  0.0000     0.0714               1.3640 8.1714e-08
                        1  0.0266     0.0714               1.3374 8.1714e-08
                        2  0.1105     0.0714               1.2535 8.1714e-08
                        4  0.2151     0.0714               1.1489 8.1714e-08
                        6  0.3410     0.0714               1.0230 8.1714e-08
                        7  0.4543     0.0714               0.9097 8.1714e-08
                        8  0.4863     0.0714               0.8777 8.1714e-08
                       11  0.7162     0.0714               0.6478 8.1714e-08
                       12  0.7535     0.0714               0.6105 8.1714e-08
                       18  1.1677     0.0714               0.1963 8.1714e-08
                       20  1.1950     0.0714               0.1690 8.1714e-08
                       22  1.2390     0.0714               0.1250 8.1714e-08
                       23  1.2937     0.0714               0.0703 8.1714e-08
                       24  1.3509     0.0714               0.0131 8.1714e-08
 24  1.3509    2.0+                          1.3713e-06
                        9  0.5410     0.2000               0.8099 2.7426e-07
                       10  0.6610     0.2000               0.6899 2.7426e-07
                       14  0.8530     0.2000               0.4979 2.7426e-07
                       15  0.8840     0.2000               0.4669 2.7426e-07
                       16  0.9740     0.2000               0.3769 2.7426e-07
 23  1.2937    2.0+                          1.5840e-06
                        9  0.5410     0.2000               0.7527 3.1680e-07
                       10  0.6610     0.2000               0.6327 3.1680e-07
                       14  0.8530     0.2000               0.4407 3.1680e-07
                       15  0.8840     0.2000               0.4097 3.1680e-07
                       16  0.9740     0.2000               0.3197 3.1680e-07
 22  1.2390    3.0+                          2.6008e-06
                        9  0.5410     0.2500               0.6980 6.5021e-07
                       10  0.6610     0.2500               0.5780 6.5021e-07
                       14  0.8530     0.2500               0.3860 6.5021e-07
                       17  1.1400     0.2500               0.0990 6.5021e-07
 21  1.2367    5.0+                          5.3035e-06                       2.6000e-12
                       12  0.7535     0.7815               0.4832 4.1388e-06
                        5  0.3355     0.2185               0.9011 1.1586e-06
 20  1.1950    3.0+                          2.9526e-06
                        9  0.5410     0.2500               0.6540 7.3814e-07
                       10  0.6610     0.2500               0.5340 7.3814e-07
                       14  0.8530     0.2500               0.3420 7.3814e-07
                       17  1.1400     0.2500               0.0550 7.3814e-07
 19  1.1923    4.0+                          3.9620e-06                       5.0000e-13
                       12  0.7535     0.0295               0.4388 1.1673e-07
                       11  0.7162     0.5933               0.4761 2.3348e-06
                        5  0.3355     0.3772               0.8567 1.4941e-06
 18  1.1677    1.0+                          1.3849e-06
                        9  0.5410     0.2500               0.6267 3.4623e-07
                       14  0.8530     0.2500               0.3147 3.4623e-07
                       15  0.8840     0.2500               0.2837 3.4623e-07
                       16  0.9740     0.2500               0.1937 3.4623e-07
 17  1.1400    4.0-                          6.0867e-06
                        0  0.0000     0.1250               1.1400 7.6083e-07
                        3  0.2120     0.1250               0.9280 7.6083e-07
                        5  0.3355     0.1250               0.8045 7.6083e-07
                        6  0.3410     0.1250               0.7990 7.6083e-07
                        7  0.4543     0.1250               0.6857 7.6083e-07
                        8  0.4863     0.1250               0.6537 7.6083e-07
                       12  0.7535     0.1250               0.3865 7.6083e-07
                       13  0.8404     0.1250               0.2996 7.6083e-07
 16  0.9740    1.0-                          3.0280e-06
                        1  0.0266     0.2500               0.9474 7.5699e-07
                        2  0.1105     0.2500               0.8635 7.5699e-07
                        4  0.2151     0.2500               0.7589 7.5699e-07
                       11  0.7162     0.2500               0.2578 7.5699e-07
 15  0.8840    1.0-                          3.6170e-06
                        1  0.0266     0.2500               0.8574 9.0424e-07
                        2  0.1105     0.2500               0.7735 9.0424e-07
                        4  0.2151     0.2500               0.6689 9.0424e-07
                       11  0.7162     0.2500               0.1678 9.0424e-07
 14  0.8530    2.0-                          7.3659e-06
                        0  0.0000     0.1111               0.8530 8.1843e-07
                        1  0.0266     0.1111               0.8264 8.1843e-07
                        2  0.1105     0.1111               0.7425 8.1843e-07
                        4  0.2151     0.1111               0.6379 8.1843e-07
                        6  0.3410     0.1111               0.5120 8.1843e-07
                        7  0.4543     0.1111               0.3987 8.1843e-07
                        8  0.4863     0.1111               0.3667 8.1843e-07
                       11  0.7162     0.1111               0.1368 8.1843e-07
                       12  0.7535     0.1111               0.0995 8.1843e-07
 13  0.8404    5.0+                          1.9044e-05
                        8  0.4863     0.4209               0.3541 7.9835e-06
                        6  0.3410     0.1679               0.4994 3.1935e-06
                        5  0.3355     0.4112               0.5049 7.8240e-06
 12  0.7535    3.0+                          1.6869e-05                       5.0000e-13
                        7  0.4543     0.0292               0.2991 4.9093e-07
                        3  0.2120     0.9708               0.5414 1.6363e-05
 11  0.7162    1.0+                          9.2449e-06
                        8  0.4863     0.2432               0.2299 2.2051e-06
                        6  0.3410     0.3989               0.3752 3.6753e-06
                        0  0.0000     0.3580               0.7162 3.3079e-06
 10  0.6610    3.0-                          1.4964e-05
                        0  0.0000     0.1429               0.6610 2.1377e-06
                        1  0.0266     0.1429               0.6344 2.1377e-06
                        3  0.2120     0.1429               0.4490 2.1377e-06
                        4  0.2151     0.1429               0.4459 2.1377e-06
                        6  0.3410     0.1429               0.3200 2.1377e-06
                        7  0.4543     0.1429               0.2067 2.1377e-06
                        8  0.4863     0.1429               0.1747 2.1377e-06
  9  0.5410    2.0-                          1.4072e-05
                        0  0.0000     0.1429               0.5410 2.0103e-06
                        1  0.0266     0.1429               0.5144 2.0103e-06
                        2  0.1105     0.1429               0.4305 2.0103e-06
                        4  0.2151     0.1429               0.3259 2.0103e-06
                        6  0.3410     0.1429               0.2000 2.0103e-06
                        7  0.4543     0.1429               0.0867 2.0103e-06
                        8  0.4863     0.1429               0.0547 2.0103e-06
  8  0.4863    3.0+                          3.7112e-05
                        6  0.3410     0.0021               0.1453 7.3804e-08
                        4  0.2151     0.7146               0.2712 2.6362e-05
                        3  0.2120     0.0579               0.2743 2.1352e-06
                        1  0.0266     0.1991               0.4597 7.3802e-06
                        0  0.0000     0.0263               0.4863 9.7545e-07
  7  0.4543    3.0+                          2.9140e-05
                        6  0.3410     0.0187               0.1133 4.7411e-07
                        3  0.2120     0.0232               0.2423 6.6917e-07
                        0  0.0000     0.9581               0.4543 2.7887e-05
  6  0.3410    3.0+                          4.3682e-05
                        4  0.2151     0.0036               0.1259 1.4162e-07
                        3  0.2120     0.0083               0.1290 3.3176e-07
                        1  0.0266     0.9296               0.3144 4.0455e-05
                        0  0.0000     0.0585               0.3410 2.5486e-06
  5  0.3355    5.0+                          8.4809e-05                       2.0000e-09
                        3  0.2120     0.6054               0.1235 4.6255e-05
                        0  0.0000     0.3946               0.3355 3.3303e-05
  4  0.2151    2.0+                          5.9689e-05
                        2  0.1105     0.7914               0.1046 3.9366e-05
                        1  0.0266     0.1417               0.1885 8.2680e-06
                        0  0.0000     0.0669               0.2151 3.9370e-06
  3  0.2120    4.0+                          1.3631e-04                       3.0000e-11
                        0  0.0000     1.0000               0.2120 1.3430e-04
  2  0.1105    1.0+                          7.0995e-05                       5.0800e-09
                        1  0.0266     0.9959               0.0839 6.7362e-05
                        0  0.0000     0.0041               0.1105 2.2231e-07
  1  0.0266    2.0+                          1.7444e-04                       8.7000e-09
                        0  0.0000     1.0000               0.0266 7.7874e-05
  0  0.0000    3.0+                          4.5680e-04                       9.2840e+03
#......................................................................../  026-058Fe //  26.000000
#                                                                          SUM SPECTRA FOR COMPOUND
#            027-057Co      gamma     proton      alpha
 SpcSum[mb]            6.8629e+02 1.7701e+00 2.3364e-07
 Emean[MeV]            1.6318e+00 2.2587e+00 3.4015e+00
#......................................................................../  026-058Fe //  26.000000
#                                                                   GAMMAS FROM DISCRETE TRANSITION
#           3 0 0 0 0 0             027-057Co
#   Ex[MeV]     Jpi    FinalState  Branching Production    Egamma Production   T(1/2)[s]
 53  3.7696    4.5+                          2.5693e+00
                        0  0.0000     0.1000               3.7696 2.5693e-01
                        1  1.2240     0.1000               2.5456 2.5693e-01
                        4  1.6896     0.1000               2.0800 2.5693e-01
                        6  1.8974     0.1000               1.8722 2.5693e-01
                       10  2.3114     0.1000               1.4582 2.5693e-01
                       12  2.4861     0.1000               1.2835 2.5693e-01
                       15  2.5598     0.1000               1.2098 2.5693e-01
                       16  2.6112     0.1000               1.1584 2.5693e-01
                       32  3.2722     0.1000               0.4974 2.5693e-01
                       48  3.7011     0.1000               0.0685 2.5693e-01
 52  3.7620    3.5+                          1.5967e+00
                        0  0.0000     0.0667               3.7620 1.0645e-01
                        1  1.2240     0.0667               2.5380 1.0645e-01
                        6  1.8974     0.0667               1.8646 1.0645e-01
                        7  1.9195     0.0667               1.8425 1.0645e-01
                        9  2.1331     0.0667               1.6289 1.0645e-01
                       10  2.3114     0.0667               1.4506 1.0645e-01
                       12  2.4861     0.0667               1.2759 1.0645e-01
                       15  2.5598     0.0667               1.2022 1.0645e-01
                       16  2.6112     0.0667               1.1508 1.0645e-01
                       21  2.8043     0.0667               0.9577 1.0645e-01
                       28  3.1774     0.0667               0.5846 1.0645e-01
                       30  3.2463     0.0667               0.5157 1.0645e-01
                       32  3.2722     0.0667               0.4898 1.0645e-01
                       47  3.6813     0.0667               0.0807 1.0645e-01
                       48  3.7011     0.0667               0.0609 1.0645e-01
 51  3.7280    3.5+                          1.6454e+00
                        0  0.0000     0.0667               3.7280 1.0969e-01
                        1  1.2240     0.0667               2.5040 1.0969e-01
                        6  1.8974     0.0667               1.8306 1.0969e-01
                        7  1.9195     0.0667               1.8085 1.0969e-01
                        9  2.1331     0.0667               1.5949 1.0969e-01
                       10  2.3114     0.0667               1.4166 1.0969e-01
                       12  2.4861     0.0667               1.2419 1.0969e-01
                       15  2.5598     0.0667               1.1682 1.0969e-01
                       16  2.6112     0.0667               1.1168 1.0969e-01
                       21  2.8043     0.0667               0.9237 1.0969e-01
                       28  3.1774     0.0667               0.5506 1.0969e-01
                       30  3.2463     0.0667               0.4817 1.0969e-01
                       32  3.2722     0.0667               0.4558 1.0969e-01
                       47  3.6813     0.0667               0.0467 1.0969e-01
                       48  3.7011     0.0667               0.0269 1.0969e-01
 50  3.7220    0.5+                          3.2442e-01
                        2  1.3777     0.0833               2.3443 2.7035e-02
                        3  1.5048     0.0833               2.2172 2.7035e-02
                        5  1.7576     0.0833               1.9644 2.7035e-02
                       19  2.7310     0.0833               0.9910 2.7035e-02
                       22  2.8792     0.0833               0.8428 2.7035e-02
                       25  3.1082     0.0833               0.6138 2.7035e-02
                       27  3.1649     0.0833               0.5571 2.7035e-02
                       35  3.3567     0.0833               0.3653 2.7035e-02
                       36  3.3650     0.0833               0.3570 2.7035e-02
                       39  3.4606     0.0833               0.2614 2.7035e-02
                       40  3.4686     0.0833               0.2534 2.7035e-02
                       42  3.5404     0.0833               0.1816 2.7035e-02
 49  3.7197    2.5+                          1.0501e+00
                        0  0.0000     1.0000               3.7197 1.0484e+00
 48  3.7011    3.5-                          2.1412e+00
                        0  0.0000     1.0000               3.7011 2.1390e+00
 47  3.6813    2.5-                          1.2802e+00
                        8  2.1330     0.0833               1.5483 1.0668e-01
                       13  2.5140     0.0833               1.1673 1.0668e-01
                       17  2.6145     0.0833               1.0668 1.0668e-01
                       24  2.9821     0.0833               0.6992 1.0668e-01
                       26  3.1214     0.0833               0.5599 1.0668e-01
                       29  3.1842     0.0833               0.4971 1.0668e-01
                       31  3.2627     0.0833               0.4186 1.0668e-01
                       34  3.3430     0.0833               0.3383 1.0668e-01
                       37  3.3937     0.0833               0.2876 1.0668e-01
                       43  3.5539     0.0833               0.1274 1.0668e-01
                       44  3.6223     0.0833               0.0590 1.0668e-01
                       46  3.6716     0.0833               0.0097 1.0668e-01
 46  3.6716    2.5+                          1.2023e+00
                        6  1.8974     0.5000               1.7742 6.0114e-01
                        0  0.0000     0.5000               3.6716 6.0114e-01
 45  3.6650    4.5+                          2.8123e+00
                        0  0.0000     0.1111               3.6650 3.1247e-01
                        1  1.2240     0.1111               2.4410 3.1247e-01
                        4  1.6896     0.1111               1.9754 3.1247e-01
                        6  1.8974     0.1111               1.7676 3.1247e-01
                       10  2.3114     0.1111               1.3536 3.1247e-01
                       12  2.4861     0.1111               1.1789 3.1247e-01
                       15  2.5598     0.1111               1.1052 3.1247e-01
                       16  2.6112     0.1111               1.0538 3.1247e-01
                       32  3.2722     0.1111               0.3928 3.1247e-01
 44  3.6223    2.5+                          1.2651e+00
                        0  0.0000     0.0476               3.6223 6.0244e-02
                        2  1.3777     0.0476               2.2446 6.0244e-02
                        5  1.7576     0.0476               1.8647 6.0244e-02
                        6  1.8974     0.0476               1.7249 6.0244e-02
                        7  1.9195     0.0476               1.7028 6.0244e-02
                        9  2.1331     0.0476               1.4892 6.0244e-02
                       10  2.3114     0.0476               1.3109 6.0244e-02
                       16  2.6112     0.0476               1.0111 6.0244e-02
                       19  2.7310     0.0476               0.8913 6.0244e-02
                       21  2.8043     0.0476               0.8180 6.0244e-02
                       22  2.8792     0.0476               0.7431 6.0244e-02
                       25  3.1082     0.0476               0.5141 6.0244e-02
                       27  3.1649     0.0476               0.4574 6.0244e-02
                       28  3.1774     0.0476               0.4449 6.0244e-02
                       30  3.2463     0.0476               0.3760 6.0244e-02
                       32  3.2722     0.0476               0.3501 6.0244e-02
                       35  3.3567     0.0476               0.2656 6.0244e-02
                       36  3.3650     0.0476               0.2573 6.0244e-02
                       39  3.4606     0.0476               0.1617 6.0244e-02
                       40  3.4686     0.0476               0.1537 6.0244e-02
                       42  3.5404     0.0476               0.0819 6.0244e-02
 43  3.5539    2.5+                          1.3481e+00
                        5  1.7576     0.4594               1.7963 6.1899e-01
                        2  1.3777     0.5406               2.1762 7.2821e-01
 42  3.5404    1.5-                          8.1842e-01
                       23  2.9809     1.0000               0.5595 8.1813e-01
 41  3.5221    6.5-                          1.0161e+01
                       12  2.4861     1.0000               1.0360 1.0159e+01
 40  3.4686    1.5-                          8.6867e-01
                        7  1.9195     0.5000               1.5491 4.3433e-01
                        2  1.3777     0.5000               2.0909 4.3433e-01
 39  3.4606    1.5-                          8.7443e-01
                        7  1.9195     0.3333               1.5411 2.9148e-01
                        2  1.3777     0.3333               2.0829 2.9148e-01
                        0  0.0000     0.3333               3.4606 2.9148e-01
 38  3.4310    5.5+                          6.0977e+00
                        1  1.2240     0.2000               2.2070 1.2195e+00
                        4  1.6896     0.2000               1.7414 1.2195e+00
                       12  2.4861     0.2000               0.9449 1.2195e+00
                       14  2.5241     0.2000               0.9069 1.2195e+00
                       15  2.5598     0.2000               0.8712 1.2195e+00
 37  3.3937    1.5+                          1.0035e+00
                        2  1.3777     0.0714               2.0160 7.1682e-02
                        3  1.5048     0.0714               1.8889 7.1682e-02
                        5  1.7576     0.0714               1.6361 7.1682e-02
                        7  1.9195     0.0714               1.4742 7.1682e-02
                        9  2.1331     0.0714               1.2606 7.1682e-02
                       19  2.7310     0.0714               0.6627 7.1682e-02
                       21  2.8043     0.0714               0.5894 7.1682e-02
                       22  2.8792     0.0714               0.5145 7.1682e-02
                       25  3.1082     0.0714               0.2855 7.1682e-02
                       27  3.1649     0.0714               0.2288 7.1682e-02
                       28  3.1774     0.0714               0.2163 7.1682e-02
                       30  3.2463     0.0714               0.1474 7.1682e-02
                       35  3.3567     0.0714               0.0370 7.1682e-02
                       36  3.3650     0.0714               0.0287 7.1682e-02
 36  3.3650    1.5-                          1.0305e+00
                        8  2.1330     0.1667               1.2320 1.7174e-01
                       17  2.6145     0.1667               0.7505 1.7174e-01
                       23  2.9809     0.1667               0.3841 1.7174e-01
                       24  2.9821     0.1667               0.3830 1.7174e-01
                       29  3.1842     0.1667               0.1808 1.7174e-01
                       31  3.2627     0.1667               0.1023 1.7174e-01
 35  3.3567    1.5-                          1.0376e+00
                        2  1.3777     0.5000               1.9790 5.1878e-01
                        0  0.0000     0.5000               3.3567 5.1878e-01
 34  3.3430    3.5+                          2.5050e+00
                        0  0.0000     0.0769               3.3430 1.9269e-01
                        1  1.2240     0.0769               2.1190 1.9269e-01
                        6  1.8974     0.0769               1.4456 1.9269e-01
                        7  1.9195     0.0769               1.4235 1.9269e-01
                        9  2.1331     0.0769               1.2099 1.9269e-01
                       10  2.3114     0.0769               1.0316 1.9269e-01
                       12  2.4861     0.0769               0.8569 1.9269e-01
                       15  2.5598     0.0769               0.7832 1.9269e-01
                       16  2.6112     0.0769               0.7318 1.9269e-01
                       21  2.8043     0.0769               0.5387 1.9269e-01
                       28  3.1774     0.0769               0.1656 1.9269e-01
                       30  3.2463     0.0769               0.0967 1.9269e-01
                       32  3.2722     0.0769               0.0708 1.9269e-01
 33  3.2960    4.5+                          4.0239e+00
                        0  0.0000     0.1111               3.2960 4.4710e-01
                        1  1.2240     0.1111               2.0720 4.4710e-01
                        4  1.6896     0.1111               1.6064 4.4710e-01
                        6  1.8974     0.1111               1.3986 4.4710e-01
                       10  2.3114     0.1111               0.9846 4.4710e-01
                       12  2.4861     0.1111               0.8099 4.4710e-01
                       15  2.5598     0.1111               0.7362 4.4710e-01
                       16  2.6112     0.1111               0.6848 4.4710e-01
                       32  3.2722     0.1111               0.0238 4.4710e-01
 32  3.2722    3.5-                          3.9828e+00
                       13  2.5140     0.1429               0.7582 5.6896e-01
                       17  2.6145     0.1429               0.6577 5.6896e-01
                       18  2.7230     0.1429               0.5492 5.6896e-01
                       20  2.7435     0.1429               0.5287 5.6896e-01
                       26  3.1214     0.1429               0.1508 5.6896e-01
                       29  3.1842     0.1429               0.0880 5.6896e-01
                       31  3.2627     0.1429               0.0095 5.6896e-01
 31  3.2627    2.5+                          2.5103e+00
                        5  1.7576     0.5206               1.5051 1.3064e+00
                        0  0.0000     0.4794               3.2627 1.2018e+00
 30  3.2463    2.5-                          2.1681e+00
                        1  1.2240     1.0000               2.0223 2.1673e+00
 29  3.1842    2.5+                          2.6777e+00
                        2  1.3777     0.5000               1.8065 1.3389e+00
                        0  0.0000     0.5000               3.1842 1.3389e+00
 28  3.1774    2.5-                          2.2986e+00                       1.5200e-13
                        6  1.8974     0.4651               1.2800 1.0690e+00
                        0  0.0000     0.5349               3.1774 1.2285e+00
 27  3.1649    1.5-                          1.2290e+00
                        6  1.8974     0.5000               1.2675 6.1451e-01
                        0  0.0000     0.5000               3.1649 6.1451e-01
 26  3.1214    3.5+                          3.6769e+00
                       10  2.3114     0.5000               0.8100 1.8384e+00
                        1  1.2240     0.5000               1.8974 1.8384e+00
 25  3.1082    1.5-                          1.2913e+00                       5.4000e-14
                       21  2.8043     0.0346               0.3039 4.4509e-02
                        5  1.7576     0.0345               1.3506 4.4506e-02
                        3  1.5048     0.0690               1.6033 8.9021e-02
                        2  1.3777     0.8619               1.7305 1.1127e+00
                        0  0.0000     0.0000               3.1082 0.0000e+00
 24  2.9821    1.5+                          1.6880e+00
                        2  1.3777     0.1250               1.6044 2.1100e-01
                        3  1.5048     0.1250               1.4772 2.1100e-01
                        5  1.7576     0.1250               1.2244 2.1100e-01
                        7  1.9195     0.1250               1.0626 2.1100e-01
                        9  2.1331     0.1250               0.8490 2.1100e-01
                       19  2.7310     0.1250               0.2511 2.1100e-01
                       21  2.8043     0.1250               0.1778 2.1100e-01
                       22  2.8792     0.1250               0.1029 2.1100e-01
 23  2.9809    0.5+                          1.6982e+00
                        9  2.1331     0.3333               0.8478 5.6605e-01
                        5  1.7576     0.3333               1.2233 5.6605e-01
                        2  1.3777     0.3333               1.6032 5.6605e-01
 22  2.8792    1.5-                          1.8109e+00                       1.1100e-13
                        7  1.9195     0.3999               0.9597 7.2411e-01
                        5  1.7576     0.1999               1.1216 3.6199e-01
                        0  0.0000     0.4001               2.8792 7.2409e-01
 21  2.8043    2.5-                          3.3778e+00                       3.7000e-14
                        6  1.8974     0.2100               0.9069 7.0923e-01
                        5  1.7576     0.4565               1.0467 1.5418e+00
                        0  0.0000     0.3334               2.8043 1.1255e+00
 20  2.7435    4.5+                          7.7058e+00                       4.7000e-14
                        4  1.6896     1.0000               1.0539 7.7051e+00
 19  2.7310    1.5-                          2.0664e+00                       9.1000e-14
                        0  0.0000     1.0000               2.7310 2.0650e+00
 18  2.7230    4.5+                          7.8531e+00
                        1  1.2240     1.0000               1.4990 7.8508e+00
 17  2.6145    2.5+                          4.3376e+00
                        0  0.0000     0.1250               2.6145 5.4220e-01
                        2  1.3777     0.1250               1.2368 5.4220e-01
                        5  1.7576     0.1250               0.8569 5.4220e-01
                        6  1.8974     0.1250               0.7171 5.4220e-01
                        7  1.9195     0.1250               0.6950 5.4220e-01
                        9  2.1331     0.1250               0.4814 5.4220e-01
                       10  2.3114     0.1250               0.3031 5.4220e-01
                       16  2.6112     0.1250               0.0033 5.4220e-01
 16  2.6112    3.5-                          6.7999e+00                       8.5000e-14
                        7  1.9195     0.0000               0.6917 0.0000e+00
                        0  0.0000     1.0000               2.6112 6.7958e+00
 15  2.5598    4.5-                          1.0669e+01                       4.5000e-13
                        4  1.6896     0.1597               0.8702 1.7031e+00
                        1  1.2240     0.4201               1.3358 4.4808e+00
                        0  0.0000     0.4203               2.5598 4.4810e+00
 14  2.5241    6.5-                          4.1333e+01                       2.6000e-13
                        4  1.6896     1.0000               0.8345 4.1322e+01
 13  2.5140    3.5+                          6.4827e+00
                        0  0.0000     0.1429               2.5140 9.2610e-01
                        1  1.2240     0.1429               1.2900 9.2610e-01
                        6  1.8974     0.1429               0.6166 9.2610e-01
                        7  1.9195     0.1429               0.5945 9.2610e-01
                        9  2.1331     0.1429               0.3809 9.2610e-01
                       10  2.3114     0.1429               0.2026 9.2610e-01
                       12  2.4861     0.1429               0.0279 9.2610e-01
 12  2.4861    4.5-                          2.2324e+01                       5.9000e-14
                        6  1.8974     0.1111               0.5887 2.4787e+00
                        4  1.6896     0.1176               0.7965 2.6247e+00
                        1  1.2240     0.1176               1.2621 2.6252e+00
                        0  0.0000     0.6537               2.4861 1.4585e+01
 11  2.4790    5.5+                          1.6845e+01
                        1  1.2240     0.5000               1.2550 8.4225e+00
                        4  1.6896     0.5000               0.7894 8.4225e+00
 10  2.3114    3.5-                          1.1231e+01                       2.1000e-13
                        2  1.3777     0.0979               0.9337 1.0993e+00
                        1  1.2240     0.6993               1.0874 7.8525e+00
                        0  0.0000     0.2028               2.3114 2.2766e+00
  9  2.1331    2.5-                          8.0594e+00                       3.4000e-13
                        3  1.5048     0.0331               0.6282 2.6633e-01
                        2  1.3777     0.1405               0.7554 1.1320e+00
                        0  0.0000     0.8264               2.1331 6.6579e+00
  8  2.1330    1.5+                          4.1809e+00
                        2  1.3777     0.2500               0.7553 1.0452e+00
                        3  1.5048     0.2500               0.6282 1.0452e+00
                        5  1.7576     0.2500               0.3754 1.0452e+00
                        7  1.9195     0.2500               0.2135 1.0452e+00
  7  1.9195    2.5-                          1.1389e+01                       2.2000e-14
                        5  1.7576     0.0020               0.1619 2.2715e-02
                        2  1.3777     0.0003               0.5418 3.4079e-03
                        1  1.2240     0.0001               0.6955 1.1358e-03
                        0  0.0000     0.9976               1.9195 1.1358e+01
  6  1.8974    3.5-                          1.8338e+01                       1.1000e-13
                        1  1.2240     0.5348               0.6734 9.8035e+00
                        0  0.0000     0.4652               1.8974 8.5288e+00
  5  1.7576    1.5-                          1.1442e+01                       2.7000e-13
                        3  1.5048     0.0050               0.2528 5.6346e-02
                        2  1.3777     0.0099               0.3799 1.1269e-01
                        0  0.0000     0.9852               1.7576 1.1269e+01
  4  1.6896    5.5-                          1.0346e+02                       2.4000e-13
                        1  1.2240     0.5407               0.4656 5.5892e+01
                        0  0.0000     0.4593               1.6896 4.7510e+01
  3  1.5048    0.5-                          5.2314e+00                       2.1000e-10
                        2  1.3777     1.0000               0.1272 5.1183e+00
  2  1.3777    1.5-                          2.2487e+01                       1.9000e-11
                        0  0.0000     1.0000               1.3777 2.2483e+01
  1  1.2240    4.5-                          1.3909e+02                       5.4000e-14
                        0  0.0000     1.0000               1.2240 1.3907e+02
  0  0.0000    3.5-                          3.6791e+02                       2.3480e+07
#......................................................................../  026-058Fe //  26.000000
#                                                                          SUM SPECTRA FOR COMPOUND
#            026-057Fe      gamma    neutron     proton      alpha
 SpcSum[mb]            5.1992e+02 4.1680e-01 1.2082e-13 1.0048e-10
 Emean[MeV]            1.1110e+00 5.0381e-01 9.1946e-01 3.2865e+00
#......................................................................../  026-058Fe //  26.000000
#                                                                   GAMMAS FROM DISCRETE TRANSITION
#           2 1 0 0 0 0             026-057Fe
#   Ex[MeV]     Jpi    FinalState  Branching Production    Egamma Production   T(1/2)[s]
 29  2.5994    1.5+                          1.1152e+00
                        2  0.1365     0.6993               2.4629 7.7910e-01
                        0  0.0000     0.3007               2.5994 3.3499e-01
 28  2.5936    1.5-                          9.9945e-01                       3.7000e-14
                        5  1.0071     0.4100               1.5865 4.0968e-01
                        4  0.7064     0.5000               1.8872 4.9957e-01
                        0  0.0000     0.0900               2.5936 8.9926e-02
 27  2.5745    0.5-                          4.7810e-01                       1.8000e-14
                        3  0.3668     0.2753               2.2077 1.3157e-01
                        0  0.0000     0.7247               2.5745 3.4630e-01
 26  2.5642    1.5-                          1.0294e+00
                       11  1.7254     0.6369               0.8388 6.5548e-01
                        0  0.0000     0.3631               2.5642 3.7357e-01
 25  2.5053    2.5+                          2.1809e+00                       7.8000e-14
                       11  1.7254     0.0278               0.7799 6.0539e-02
                        4  0.7064     0.0555               1.7989 1.2108e-01
                        3  0.3668     0.5556               2.1385 1.2107e+00
                        2  0.1365     0.2611               2.3688 5.6898e-01
                        1  0.0144     0.1000               2.4909 2.1790e-01
 24  2.4560    3.5+                          4.0306e+00
                        2  0.1365     0.1000               2.3195 4.0306e-01
                        4  0.7064     0.1000               1.7496 4.0306e-01
                        5  1.0071     0.1000               1.4489 4.0306e-01
                        7  1.1978     0.1000               1.2582 4.0306e-01
                        9  1.3568     0.1000               1.0992 4.0306e-01
                       13  1.9897     0.1000               0.4663 4.0306e-01
                       15  2.1131     0.1000               0.3429 4.0306e-01
                       16  2.1186     0.1000               0.3374 4.0306e-01
                       17  2.2069     0.1000               0.2491 4.0306e-01
                       19  2.2202     0.1000               0.2358 4.0306e-01
 23  2.4556    4.5+                          7.2861e+00                       1.4000e-12
                        5  1.0071     1.0000               1.4484 7.2842e+00
 22  2.3580    1.5-                          1.2790e+00
                        6  1.1399     0.3333               1.2181 4.2633e-01
                       18  2.2177     0.3333               0.1403 4.2633e-01
                       20  2.3304     0.3333               0.0276 4.2633e-01
 21  2.3560    5.5-                          2.0792e+01                       6.0000e-14
                        7  1.1978     0.2908               1.1582 6.0457e+00
                        5  1.0071     0.7092               1.3488 1.4744e+01
 20  2.3304    1.5+                          1.9455e+00
                       10  1.6273     1.0000               0.7032 1.9452e+00
 19  2.2202    3.5-                          4.9584e+00                       3.0000e-13
                        3  0.3668     0.0490               1.8534 2.4294e-01
                        2  0.1365     0.4608               2.0837 2.2840e+00
                        1  0.0144     0.4902               2.2058 2.4295e+00
 18  2.2177    2.5+                          3.5690e+00
                        3  0.3668     0.2062               1.8509 7.3552e-01
                        2  0.1365     0.3453               2.0812 1.2315e+00
                        1  0.0144     0.4485               2.2032 1.5994e+00
 17  2.2069    2.5-                          3.0819e+00                       1.0000e-14
                        8  1.2655     0.0342               0.9414 1.0532e-01
                        5  1.0071     0.1794               1.1997 5.5283e-01
                        3  0.3668     0.0000               1.8401 0.0000e+00
                        1  0.0144     0.4274               2.1925 1.3167e+00
                        0  0.0000     0.3590               2.2069 1.1059e+00
 16  2.1186    2.5-                          3.3465e+00                       4.6000e-14
                        5  1.0071     0.1465               1.1115 4.9020e-01
                        4  0.7064     0.5050               1.4122 1.6898e+00
                        1  0.0144     0.3485               2.1042 1.1658e+00
 15  2.1131    2.5-                          3.3635e+00
                        8  1.2655     0.2126               0.8476 7.1487e-01
                        0  0.0000     0.7874               2.1131 2.6474e+00
 14  1.9910    0.5-                          8.7954e-01
                        6  1.1399     1.0000               0.8511 8.7954e-01
 13  1.9897    4.5-                          1.1502e+01                       1.8000e-13
                        7  1.1978     0.2705               0.7918 3.1104e+00
                        5  1.0071     0.3197               0.9825 3.6765e+00
                        4  0.7064     0.4098               1.2832 4.7129e+00
 12  1.9766    0.5-                          8.9289e-01
                       11  1.7254     0.1690               0.2513 1.4955e-01
                        2  0.1365     0.6702               1.8402 5.9824e-01
                        0  0.0000     0.1608               1.9766 1.4353e-01
 11  1.7254    1.5-                          3.4131e+00                       3.1000e-14
                        8  1.2655     0.0033               0.4599 1.1191e-02
                        4  0.7064     0.1885               1.0190 6.4327e-01
                        3  0.3668     0.0977               1.3586 3.3335e-01
                        1  0.0144     0.0273               1.7110 9.3261e-02
                        0  0.0000     0.6832               1.7254 2.3314e+00
 10  1.6273    1.5-                          4.7896e+00                       5.6000e-14
                        4  0.7064     0.0860               0.9208 4.1170e-01
                        3  0.3668     0.2805               1.2605 1.3432e+00
                        1  0.0144     0.6098               1.6128 2.9200e+00
                        0  0.0000     0.0238               1.6273 1.1387e-01
  9  1.3568    3.5-                          1.3578e+01                       1.8000e-13
                        4  0.7064     0.5466               0.6504 7.4176e+00
                        3  0.3668     0.2349               0.9901 3.1892e+00
                        1  0.0144     0.2185               1.3424 2.9668e+00
  8  1.2655    0.5-                          2.7419e+00                       8.2000e-14
                        3  0.3668     0.9302               0.8988 2.5501e+00
                        1  0.0144     0.0447               1.2511 1.2242e-01
                        0  0.0000     0.0251               1.2655 6.8844e-02
  7  1.1978    4.5-                          4.7369e+01                       2.9000e-12
                        2  0.1365     1.0000               1.0613 4.7361e+01
  6  1.1399    1.5+                          8.2466e+00
                        0  0.0000     0.2000               1.1399 1.6493e+00
                        1  0.0144     0.2000               1.1255 1.6493e+00
                        2  0.1365     0.2000               1.0034 1.6493e+00
                        3  0.3668     0.2000               0.7731 1.6493e+00
                        4  0.7064     0.2000               0.4335 1.6493e+00
  5  1.0071    3.5-                          4.9972e+01                       1.3000e-13
                        3  0.3668     0.0301               0.6404 1.5022e+00
                        2  0.1365     0.6398               0.8707 3.1965e+01
                        1  0.0144     0.3301               0.9927 1.6493e+01
  4  0.7064    2.5-                          3.2634e+01                       4.1000e-12
                        3  0.3668     0.0144               0.3397 4.6847e-01
                        2  0.1365     0.0929               0.5699 3.0306e+00
                        1  0.0144     0.8446               0.6920 2.7551e+01
                        0  0.0000     0.0481               0.7064 1.5704e+00
  3  0.3668    1.5-                          2.5236e+01                       1.0500e-11
                        2  0.1365     0.0727               0.2303 1.8264e+00
                        1  0.0144     0.7878               0.3523 1.9852e+01
                        0  0.0000     0.1395               0.3668 3.5143e+00
  2  0.1365    2.5-                          1.2901e+02                       8.7000e-09
                        1  0.0144     0.8824               0.1221 1.1117e+02
                        0  0.0000     0.1176               0.1365 1.3344e+01
  1  0.0144    1.5-                          2.1439e+02                       9.8300e-08
                        0  0.0000     1.0000               0.0144 2.2426e+01
  0  0.0000    0.5-                          2.5284e+02
#......................................................................../  026-058Fe //  26.000000
#                                                                          SUM SPECTRA FOR COMPOUND
#            025-054Mn      gamma    neutron     proton      alpha
 SpcSum[mb]            8.0424e+01 3.6124e-08 9.0434e-09 4.0970e-24
 Emean[MeV]            5.6529e-01 2.7492e-01 1.3093e+00 2.0325e+00
#......................................................................../  026-058Fe //  26.000000
#                                                                   GAMMAS FROM DISCRETE TRANSITION
#           2 0 1 0 0 0             025-054Mn
#   Ex[MeV]     Jpi    FinalState  Branching Production    Egamma Production   T(1/2)[s]
 33  2.3545    2.0+                          9.9530e-02                       9.0000e-15
                        6  1.0096     0.0000               1.3449 0.0000e+00
                        2  0.1563     0.6370               2.1982 6.3369e-02
                        1  0.0549     0.2420               2.2997 2.4078e-02
                        0  0.0000     0.1210               2.3545 1.2039e-02
 32  2.3200    5.0+                          3.6447e-01
                        3  0.3683     1.0000               1.9517 3.6447e-01
 31  2.2916    2.0+                          1.0978e-01                       1.2000e-14
                        2  0.1563     0.5102               2.1353 5.5989e-02
                        1  0.0549     0.2602               2.2367 2.8554e-02
                        0  0.0000     0.2296               2.2916 2.5195e-02
 30  2.2800    5.0+                          3.9130e-01
                        3  0.3683     1.0000               1.9117 3.9130e-01
 29  2.2676    2.0+                          1.1497e-01                       1.2500e-14
                       11  1.4544     0.0800               0.8132 9.1941e-03
                        4  0.4076     0.3600               1.8600 4.1378e-02
                        1  0.0549     0.4000               2.2127 4.5969e-02
                        0  0.0000     0.1600               2.2676 1.8387e-02
 28  2.2340    4.0+                          2.8385e-01
                        2  0.1563     1.0000               2.0777 2.8385e-01
 27  2.1361    1.0+                          7.8155e-02                       7.0000e-14
                        1  0.0549     0.6579               2.0813 5.1399e-02
                        0  0.0000     0.3421               2.1361 2.6726e-02
 26  2.1339    1.0+                          7.8395e-02                       2.4000e-14
                       11  1.4544     0.0661               0.6795 5.1817e-03
                       10  1.3910     0.0496               0.7429 3.8858e-03
                        9  1.3750     0.0579               0.7589 4.5337e-03
                        1  0.0549     0.8264               2.0790 6.4766e-02
 25  2.1130    4.0+                          3.3360e-01                       1.1000e-14
                        4  0.4076     0.8928               1.7054 2.9777e-01
                        0  0.0000     0.1072               2.1130 3.5748e-02
 24  2.1098    1.0+                          8.0984e-02                       4.1600e-13
                       10  1.3910     0.5988               0.7188 4.8477e-02
                        1  0.0549     0.4012               2.0549 3.2479e-02
 23  2.0560    2.0+                          1.5923e-01
                        1  0.0549     1.0000               2.0011 1.5923e-01
 22  1.9253    7.0+                          1.5822e+00                       7.3000e-13
                        7  1.0733     0.9434               0.8520 1.4924e+00
                        3  0.3683     0.0566               1.5570 8.9538e-02
 21  1.9223    1.0+                          1.0941e-01                       2.9000e-14
                       10  1.3910     0.0400               0.5313 4.3752e-03
                        9  1.3750     0.0298               0.5473 3.2562e-03
                        1  0.0549     0.9302               1.8674 1.0175e-01
 20  1.8530    3.0+                          3.3307e-01                       9.5000e-14
                       13  1.5084     0.3794               0.3446 1.2600e-01
                        9  1.3750     0.0606               0.4780 2.0159e-02
                        2  0.1563     0.2195               1.6967 7.3087e-02
                        1  0.0549     0.3406               1.7981 1.1341e-01
 19  1.7845    1.0+                          1.3805e-01                       1.6000e-14
                        6  1.0096     0.0798               0.7749 1.1012e-02
                        4  0.4076     0.3564               1.3769 4.9194e-02
                        1  0.0549     0.0319               1.7296 4.4042e-03
                        0  0.0000     0.5319               1.7845 7.3409e-02
 18  1.7834    7.0+                          2.0887e+00                       7.7000e-13
                        7  1.0733     0.0403               0.7101 8.4184e-02
                        3  0.3683     0.9597               1.4151 2.0042e+00
 17  1.6790    0.0+                          5.5363e-02
                       10  1.3910     1.0000               0.2880 5.5363e-02
 16  1.6511    1.0+                          1.7220e-01                       3.3000e-13
                        1  0.0549     1.0000               1.5962 1.7217e-01
 15  1.6342    2.0+                          3.0242e-01                       1.5000e-14
                        4  0.4076     0.4118               1.2267 1.2452e-01
                        2  0.1563     0.0980               1.4779 2.9644e-02
                        1  0.0549     0.4902               1.5793 1.4822e-01
 14  1.5440    2.0+                          3.4233e-01                       1.3000e-14
                        0  0.0000     1.0000               1.5440 3.4228e-01
 13  1.5084    2.0+                          4.8490e-01                       1.2000e-13
                        5  0.8389     0.0806               0.6695 3.9049e-02
                        1  0.0549     0.2483               1.4535 1.2039e-01
                        0  0.0000     0.6711               1.5084 3.2538e-01
 12  1.4608    4.0+                          8.5508e-01                       2.8000e-13
                        7  1.0733     1.0000               0.3875 8.5256e-01
 11  1.4544    1.0+                          2.5321e-01                       8.0000e-11
                        1  0.0549     0.9497               1.3995 2.4044e-01
                        0  0.0000     0.0503               1.4544 1.2742e-02
 10  1.3910    1.0+                          3.7613e-01                       3.8000e-13
                        1  0.0549     1.0000               1.3361 3.7609e-01
  9  1.3750    3.0+                          6.8421e-01                       1.1200e-14
                        4  0.4076     0.2013               0.9674 1.3771e-01
                        1  0.0549     0.1698               1.3201 1.1617e-01
                        0  0.0000     0.6289               1.3750 4.3025e-01
  8  1.1367    5.0+                          1.9439e+00                       6.0000e-13
                        5  0.8389     0.0709               0.2978 1.3714e-01
                        3  0.3683     0.5881               0.7685 1.1429e+00
                        2  0.1563     0.3410               0.9804 6.6277e-01
  7  1.0733    6.0+                          6.2596e+00                       2.2000e-10
                        3  0.3683     0.9900               0.7050 6.1952e+00
                        2  0.1563     0.0100               0.9170 6.2569e-02
  6  1.0096    3.0+                          1.1105e+00                       4.4000e-14
                        2  0.1563     0.4414               0.8533 4.9010e-01
                        1  0.0549     0.5586               0.9547 6.2025e-01
  5  0.8389    4.0+                          2.1750e+00                       4.1000e-13
                        3  0.3683     0.3613               0.4706 7.8525e-01
                        2  0.1563     0.0997               0.6826 2.1682e-01
                        0  0.0000     0.5390               0.8389 1.1720e+00
  4  0.4076    3.0+                          3.2267e+00                       1.8000e-12
                        2  0.1563     0.6223               0.2513 2.0021e+00
                        1  0.0549     0.0920               0.3527 2.9632e-01
                        0  0.0000     0.2857               0.4076 9.2104e-01
  3  0.3683    5.0+                          1.7698e+01                       6.9000e-12
                        2  0.1563     0.9911               0.2120 1.7461e+01
                        0  0.0000     0.0089               0.3683 1.5715e-01
  2  0.1563    4.0+                          2.7580e+01                       1.8600e-10
                        0  0.0000     1.0000               0.1563 2.7312e+01
  1  0.0549    2.0+                          6.3105e+00                       4.9000e-11
                        0  0.0000     1.0000               0.0549 5.2084e+00
  0  0.0000    3.0+                          4.3298e+01                       2.6960e+07
#......................................................................../  026-058Fe //  26.000000
#                                                                          SUM SPECTRA FOR COMPOUND
#            026-056Fe      gamma
 SpcSum[mb]            3.1091e+00
 Emean[MeV]            9.0253e-01
#......................................................................../  026-058Fe //  26.000000
#                                                                   GAMMAS FROM DISCRETE TRANSITION
#           2 0 0 1 0 0             026-056Fe
#   Ex[MeV]     Jpi    FinalState  Branching Production    Egamma Production   T(1/2)[s]
 76  5.3078    5.0-                          1.0166e-06
                       24  4.2981     0.3333               1.0097 3.3888e-07
                        9  3.3885     0.3333               1.9193 3.3888e-07
                        2  2.0851     0.3333               3.2227 3.3888e-07
 75  5.3029    4.0+                          3.6727e-07                       2.8000e-14
                       33  4.5395     0.1106               0.7634 4.0607e-08
                       24  4.2981     0.0711               1.0048 2.6114e-08
                        9  3.3885     0.1580               1.9144 5.8015e-08
                        7  3.1230     0.1067               2.1800 3.9175e-08
                        2  2.0851     0.3953               3.2178 1.4507e-07
                        1  0.8468     0.1582               4.4562 5.8030e-08
 74  5.2960    0.0+                          3.6442e-08
                       17  3.7596     0.5000               1.5364 1.8221e-08
                       30  4.4477     0.5000               0.8483 1.8221e-08
 73  5.2839    4.0-                          6.6063e-07
                        2  2.0851     0.0476               3.1988 3.1458e-08
                        7  3.1230     0.0476               2.1609 3.1458e-08
                       10  3.4453     0.0476               1.8386 3.1458e-08
                       19  3.8565     0.0476               1.4274 3.1458e-08
                       20  4.0489     0.0476               1.2350 3.1458e-08
                       22  4.1004     0.0476               1.1835 3.1458e-08
                       23  4.1199     0.0476               1.1640 3.1458e-08
                       24  4.2981     0.0476               0.9858 3.1458e-08
                       28  4.3949     0.0476               0.8890 3.1458e-08
                       31  4.4585     0.0476               0.8254 3.1458e-08
                       34  4.5548     0.0476               0.7291 3.1458e-08
                       36  4.6108     0.0476               0.6731 3.1458e-08
                       40  4.6830     0.0476               0.6009 3.1458e-08
                       41  4.6923     0.0476               0.5916 3.1458e-08
                       48  4.8127     0.0476               0.4712 3.1458e-08
                       57  5.0330     0.0476               0.2509 3.1458e-08
                       58  5.0385     0.0476               0.2454 3.1458e-08
                       59  5.0559     0.0476               0.2280 3.1458e-08
                       68  5.2326     0.0476               0.0513 3.1458e-08
                       69  5.2359     0.0476               0.0480 3.1458e-08
                       70  5.2490     0.0476               0.0349 3.1458e-08
 72  5.2569    2.0+                          1.8695e-07                       2.0000e-14
                        1  0.8468     0.4999               4.4101 9.3338e-08
                        0  0.0000     0.5001               5.2569 9.3347e-08
 71  5.2557    8.0+                          2.9815e-06                       3.5000e-13
                       16  3.7556     0.2805               1.5001 8.3616e-07
                        9  3.3885     0.7195               1.8672 2.1445e-06
 70  5.2490    4.0+                          4.7958e-07
                       27  4.3681     0.1667               0.8809 7.9930e-08
                       32  4.5096     0.1667               0.7394 7.9930e-08
                       37  4.6200     0.1667               0.6290 7.9930e-08
                       47  4.8020     0.1667               0.4470 7.9930e-08
                       53  4.8817     0.1667               0.3673 7.9930e-08
                       60  5.1221     0.1667               0.1269 7.9930e-08
 69  5.2359    4.0+                          5.0092e-07                       1.0400e-13
                       41  4.6923     0.0590               0.5436 2.9550e-08
                       31  4.4585     0.0798               0.7774 3.9985e-08
                       24  4.2981     0.0555               0.9378 2.7815e-08
                       22  4.1004     0.1180               1.1355 5.9099e-08
                       20  4.0489     0.0208               1.1870 1.0433e-08
                       16  3.7556     0.0174               1.4803 8.6944e-09
                       10  3.4453     0.0590               1.7905 2.9551e-08
                        9  3.3885     0.1146               1.8473 5.7388e-08
                        5  2.9600     0.0417               2.2759 2.0863e-08
                        3  2.6576     0.0868               2.5783 4.3462e-08
                        2  2.0851     0.3473               3.1508 1.7383e-07
 68  5.2326    3.0+                          4.5330e-07                       8.0000e-15
                       22  4.1004     0.0478               1.1322 2.1680e-08
                       20  4.0489     0.1542               1.1837 6.9879e-08
                       11  3.4484     0.0319               1.7842 1.4454e-08
                       10  3.4453     0.1489               1.7872 6.7469e-08
                        2  2.0851     0.0851               3.1475 3.8543e-08
                        1  0.8468     0.5321               4.3858 2.4091e-07
 67  5.2273    1.0+                          1.9444e-07                       1.2300e-14
                        0  0.0000     1.0000               5.2273 1.9416e-07
 66  5.2190    0.0-                          1.4226e-07
                        6  3.1201     0.1667               2.0989 2.3710e-08
                       11  3.4484     0.1667               1.7706 2.3710e-08
                       46  4.7841     0.1667               0.4349 2.3710e-08
                       51  4.8665     0.1667               0.3525 2.3710e-08
                       54  4.8871     0.1667               0.3319 2.3710e-08
                       55  5.0235     0.1667               0.1955 2.3710e-08
 65  5.1948    2.0+                          4.4593e-07
                       14  3.6102     0.0898               1.5846 4.0032e-08
                        6  3.1201     0.0898               2.0747 4.0034e-08
                        4  2.9415     0.1796               2.2533 8.0051e-08
                        3  2.6576     0.2500               2.5372 1.1142e-07
                        1  0.8468     0.3908               4.3480 1.7405e-07
 64  5.1868    2.0+                          4.6791e-07
                       20  4.0489     0.5000               1.1379 2.3395e-07
                        2  2.0851     0.5000               3.1017 2.3395e-07
 63  5.1843    8.0+                          7.8313e-06
                       16  3.7556     1.0000               1.4287 7.8301e-06
 62  5.1495    2.0+                          5.5873e-07
                        7  3.1230     0.2125               2.0266 1.1869e-07
                        2  2.0851     0.7875               3.0644 4.3964e-07
 61  5.1317    2.0+                          5.9954e-07                       7.3000e-14
                       31  4.4585     0.1191               0.6731 7.1361e-08
                       20  4.0489     0.0912               1.0828 5.4692e-08
                       10  3.4453     0.3967               1.6863 2.3778e-07
                        7  3.1230     0.2381               2.0087 1.4269e-07
                        1  0.8468     0.1549               4.2849 9.2752e-08
 60  5.1221    5.0-                          4.7047e-06
                        2  2.0851     1.0000               3.0370 4.6988e-06
 59  5.0559    4.0+                          1.9280e-06                       6.6000e-14
                       24  4.2981     0.5951               0.7578 1.1470e-06
                        2  2.0851     0.4049               2.9708 7.8007e-07
 58  5.0385    4.0+                          2.0425e-06                       7.8000e-14
                        7  3.1230     1.0000               1.9155 2.0419e-06
 57  5.0330    4.0+                          2.6062e-06                       1.0000e-14
                       16  3.7556     0.1674               1.2774 4.3624e-07
                        9  3.3885     0.0890               1.6445 2.3181e-07
                        2  2.0851     0.5236               2.9479 1.3637e-06
                        1  0.8468     0.2200               4.1862 5.7267e-07
 56  5.0267    2.0-                          2.1891e-06
                        1  0.8468     0.0333               4.1799 7.2969e-08
                        3  2.6576     0.0333               2.3691 7.2969e-08
                        5  2.9600     0.0333               2.0667 7.2969e-08
                        6  3.1201     0.0333               1.9066 7.2969e-08
                        8  3.3699     0.0333               1.6568 7.2969e-08
                       10  3.4453     0.0333               1.5814 7.2969e-08
                       11  3.4484     0.0333               1.5783 7.2969e-08
                       12  3.6002     0.0333               1.4265 7.2969e-08
                       13  3.6057     0.0333               1.4210 7.2969e-08
                       15  3.7441     0.0333               1.2826 7.2969e-08
                       18  3.8298     0.0333               1.1969 7.2969e-08
                       19  3.8565     0.0333               1.1702 7.2969e-08
                       20  4.0489     0.0333               0.9778 7.2969e-08
                       21  4.0859     0.0333               0.9408 7.2969e-08
                       23  4.1199     0.0333               0.9068 7.2969e-08
                       26  4.3200     0.0333               0.7067 7.2969e-08
                       28  4.3949     0.0333               0.6318 7.2969e-08
                       29  4.4013     0.0333               0.6254 7.2969e-08
                       33  4.5395     0.0333               0.4872 7.2969e-08
                       35  4.6086     0.0333               0.4181 7.2969e-08
                       38  4.6583     0.0333               0.3684 7.2969e-08
                       40  4.6830     0.0333               0.3437 7.2969e-08
                       43  4.7281     0.0333               0.2986 7.2969e-08
                       45  4.7373     0.0333               0.2894 7.2969e-08
                       46  4.7841     0.0333               0.2426 7.2969e-08
                       50  4.8479     0.0333               0.1788 7.2969e-08
                       51  4.8665     0.0333               0.1602 7.2969e-08
                       52  4.8780     0.0333               0.1487 7.2969e-08
                       54  4.8871     0.0333               0.1396 7.2969e-08
                       55  5.0235     0.0333               0.0032 7.2969e-08
 55  5.0235    1.0+                          8.7888e-07                       6.0000e-15
                       23  4.1199     0.0294               0.9036 2.5817e-08
                       18  3.8298     0.0000               1.1937 0.0000e+00
                       11  3.4484     0.2361               1.5751 2.0748e-07
                        8  3.3699     0.2454               1.6535 2.1565e-07
                        6  3.1201     0.0099               1.9034 8.6595e-09
                        5  2.9600     0.3719               2.0635 3.2677e-07
                        3  2.6576     0.0079               2.3659 6.9281e-09
                        1  0.8468     0.0264               4.1767 2.3203e-08
                        0  0.0000     0.0730               5.0235 6.4048e-08
 54  4.8871    1.0+                          1.6193e-06
                       18  3.8298     1.0000               1.0573 1.6190e-06
 53  4.8817    4.0-                          1.2219e-05
                        2  2.0851     0.0667               2.7966 8.1459e-07
                        7  3.1230     0.0667               1.7587 8.1459e-07
                       10  3.4453     0.0667               1.4364 8.1459e-07
                       19  3.8565     0.0667               1.0252 8.1459e-07
                       20  4.0489     0.0667               0.8328 8.1459e-07
                       22  4.1004     0.0667               0.7813 8.1459e-07
                       23  4.1199     0.0667               0.7618 8.1459e-07
                       24  4.2981     0.0667               0.5836 8.1459e-07
                       28  4.3949     0.0667               0.4868 8.1459e-07
                       31  4.4585     0.0667               0.4232 8.1459e-07
                       34  4.5548     0.0667               0.3269 8.1459e-07
                       36  4.6108     0.0667               0.2709 8.1459e-07
                       40  4.6830     0.0667               0.1987 8.1459e-07
                       41  4.6923     0.0667               0.1894 8.1459e-07
                       48  4.8127     0.0667               0.0690 8.1459e-07
 52  4.8780    2.0+                          2.6832e-06
                        5  2.9600     0.1958               1.9180 5.2521e-07
                        2  2.0851     0.2736               2.7929 7.3359e-07
                        1  0.8468     0.3379               4.0312 9.0561e-07
                        0  0.0000     0.1927               4.8780 5.1629e-07
 51  4.8665    1.0+                          1.7174e-06                       9.7000e-15
                       12  3.6002     0.0051               1.2663 8.7800e-09
                       11  3.4484     0.0818               1.4181 1.4046e-07
                       10  3.4453     0.0092               1.4212 1.5803e-08
                        8  3.3699     0.0399               1.4966 6.8479e-08
                        6  3.1201     0.0112               1.7464 1.9316e-08
                        5  2.9600     0.2807               1.9065 4.8193e-07
                        3  2.6576     0.0307               2.2089 5.2668e-08
                        2  2.0851     0.0040               2.7814 6.8484e-09
                        1  0.8468     0.5118               4.0197 8.7797e-07
                        0  0.0000     0.0256               4.8665 4.3890e-08
 50  4.8479    2.0+                          2.9335e-06                       6.4000e-14
                        3  2.6576     0.3333               2.1903 9.7782e-07
                        2  2.0851     0.3333               2.7628 9.7782e-07
                        0  0.0000     0.3333               4.8479 9.7782e-07
 49  4.8200    2.0-                          8.2685e-06
                        1  0.8468     0.0400               3.9732 3.3074e-07
                        3  2.6576     0.0400               2.1624 3.3074e-07
                        5  2.9600     0.0400               1.8600 3.3074e-07
                        6  3.1201     0.0400               1.6999 3.3074e-07
                        8  3.3699     0.0400               1.4501 3.3074e-07
                       10  3.4453     0.0400               1.3747 3.3074e-07
                       11  3.4484     0.0400               1.3716 3.3074e-07
                       12  3.6002     0.0400               1.2198 3.3074e-07
                       13  3.6057     0.0400               1.2143 3.3074e-07
                       15  3.7441     0.0400               1.0759 3.3074e-07
                       18  3.8298     0.0400               0.9902 3.3074e-07
                       19  3.8565     0.0400               0.9635 3.3074e-07
                       20  4.0489     0.0400               0.7711 3.3074e-07
                       21  4.0859     0.0400               0.7341 3.3074e-07
                       23  4.1199     0.0400               0.7001 3.3074e-07
                       26  4.3200     0.0400               0.5000 3.3074e-07
                       28  4.3949     0.0400               0.4251 3.3074e-07
                       29  4.4013     0.0400               0.4187 3.3074e-07
                       33  4.5395     0.0400               0.2805 3.3074e-07
                       35  4.6086     0.0400               0.2114 3.3074e-07
                       38  4.6583     0.0400               0.1617 3.3074e-07
                       40  4.6830     0.0400               0.1370 3.3074e-07
                       43  4.7281     0.0400               0.0919 3.3074e-07
                       45  4.7373     0.0400               0.0827 3.3074e-07
                       46  4.7841     0.0400               0.0359 3.3074e-07
 48  4.8127    4.0+                          1.3013e-05
                       23  4.1199     0.3333               0.6927 4.3378e-06
                       16  3.7556     0.3333               1.0571 4.3378e-06
                       10  3.4453     0.3333               1.3673 4.3378e-06
 47  4.8020    3.0-                          1.4837e-05
                        1  0.8468     0.0333               3.9552 4.9457e-07
                        2  2.0851     0.0333               2.7169 4.9457e-07
                        3  2.6576     0.0333               2.1444 4.9457e-07
                        5  2.9600     0.0333               1.8420 4.9457e-07
                        7  3.1230     0.0333               1.6790 4.9457e-07
                        8  3.3699     0.0333               1.4320 4.9457e-07
                       10  3.4453     0.0333               1.3567 4.9457e-07
                       12  3.6002     0.0333               1.2018 4.9457e-07
                       13  3.6057     0.0333               1.1963 4.9457e-07
                       15  3.7441     0.0333               1.0579 4.9457e-07
                       18  3.8298     0.0333               0.9722 4.9457e-07
                       19  3.8565     0.0333               0.9455 4.9457e-07
                       20  4.0489     0.0333               0.7531 4.9457e-07
                       21  4.0859     0.0333               0.7161 4.9457e-07
                       22  4.1004     0.0333               0.7016 4.9457e-07
                       23  4.1199     0.0333               0.6821 4.9457e-07
                       24  4.2981     0.0333               0.5039 4.9457e-07
                       26  4.3200     0.0333               0.4820 4.9457e-07
                       28  4.3949     0.0333               0.4071 4.9457e-07
                       29  4.4013     0.0333               0.4007 4.9457e-07
                       31  4.4585     0.0333               0.3435 4.9457e-07
                       33  4.5395     0.0333               0.2625 4.9457e-07
                       34  4.5548     0.0333               0.2472 4.9457e-07
                       35  4.6086     0.0333               0.1934 4.9457e-07
                       36  4.6108     0.0333               0.1912 4.9457e-07
                       38  4.6583     0.0333               0.1437 4.9457e-07
                       40  4.6830     0.0333               0.1190 4.9457e-07
                       41  4.6923     0.0333               0.1097 4.9457e-07
                       43  4.7281     0.0333               0.0739 4.9457e-07
                       45  4.7373     0.0333               0.0647 4.9457e-07
 46  4.7841    1.0+                          3.9068e-06
                        6  3.1201     0.1008               1.6640 3.9372e-07
                        1  0.8468     0.4587               3.9373 1.7900e-06
                        0  0.0000     0.4405               4.7841 1.7187e-06
 45  4.7373    2.0+                          7.8145e-06                       3.2000e-14
                       23  4.1199     0.0857               0.6174 6.6939e-07
                        6  3.1201     0.1190               1.6172 9.2974e-07
                        3  2.6576     0.4761               2.0797 3.7191e-06
                        1  0.8468     0.1286               3.8906 1.0038e-06
                        0  0.0000     0.1906               4.7373 1.4873e-06
 44  4.7300    0.0+                          1.4906e-06
                        1  0.8468     1.0000               3.8832 1.4889e-06
 43  4.7281    2.0+                          8.0388e-06                       6.3000e-14
                        1  0.8468     0.9009               3.8814 7.2341e-06
                        0  0.0000     0.0991               4.7281 7.9573e-07
 42  4.7006    7.0+                          1.2491e-04                       8.3000e-14
                       16  3.7556     0.1597               0.9451 1.9944e-05
                        9  3.3885     0.8403               1.3121 1.0495e-04
 41  4.6923    4.0+                          2.2279e-05                       3.3000e-14
                       16  3.7556     0.1179               0.9367 2.6263e-06
                       15  3.7441     0.0142               0.9482 3.1520e-07
                        7  3.1230     0.0755               1.5693 1.6808e-06
                        3  2.6576     0.2405               2.0347 5.3565e-06
                        2  2.0851     0.4717               2.6072 1.0504e-05
                        1  0.8468     0.0802               3.8455 1.7858e-06
 40  4.6830    3.0+                          1.5080e-05                       6.6000e-14
                        8  3.3699     0.1927               1.3131 2.9053e-06
                        7  3.1230     0.0963               1.5601 1.4525e-06
                        5  2.9600     0.0000               1.7231 0.0000e+00
                        2  2.0851     0.3092               2.5979 4.6598e-06
                        1  0.8468     0.4018               3.8363 6.0522e-06
 39  4.6734    2.0-                          1.4530e-05
                        1  0.8468     0.0476               3.8266 6.9191e-07
                        3  2.6576     0.0476               2.0158 6.9191e-07
                        5  2.9600     0.0476               1.7134 6.9191e-07
                        6  3.1201     0.0476               1.5533 6.9191e-07
                        8  3.3699     0.0476               1.3035 6.9191e-07
                       10  3.4453     0.0476               1.2281 6.9191e-07
                       11  3.4484     0.0476               1.2250 6.9191e-07
                       12  3.6002     0.0476               1.0732 6.9191e-07
                       13  3.6057     0.0476               1.0677 6.9191e-07
                       15  3.7441     0.0476               0.9293 6.9191e-07
                       18  3.8298     0.0476               0.8436 6.9191e-07
                       19  3.8565     0.0476               0.8169 6.9191e-07
                       20  4.0489     0.0476               0.6245 6.9191e-07
                       21  4.0859     0.0476               0.5875 6.9191e-07
                       23  4.1199     0.0476               0.5535 6.9191e-07
                       26  4.3200     0.0476               0.3534 6.9191e-07
                       28  4.3949     0.0476               0.2785 6.9191e-07
                       29  4.4013     0.0476               0.2721 6.9191e-07
                       33  4.5395     0.0476               0.1339 6.9191e-07
                       35  4.6086     0.0476               0.0648 6.9191e-07
                       38  4.6583     0.0476               0.0151 6.9191e-07
 38  4.6583    2.0+                          1.0463e-05                       4.9000e-14
                       10  3.4453     0.0178               1.2129 1.8632e-07
                        8  3.3699     0.0178               1.2883 1.8632e-07
                        5  2.9600     0.0270               1.6983 2.8222e-07
                        3  2.6576     0.0178               2.0007 1.8628e-07
                        2  2.0851     0.5399               2.5732 5.6453e-06
                        1  0.8468     0.3619               3.8115 3.7824e-06
                        0  0.0000     0.0178               4.6583 1.8629e-07
 37  4.6200    3.0-                          4.0610e-05
                        1  0.8468     0.0400               3.7732 1.6244e-06
                        2  2.0851     0.0400               2.5349 1.6244e-06
                        3  2.6576     0.0400               1.9624 1.6244e-06
                        5  2.9600     0.0400               1.6600 1.6244e-06
                        7  3.1230     0.0400               1.4970 1.6244e-06
                        8  3.3699     0.0400               1.2501 1.6244e-06
                       10  3.4453     0.0400               1.1747 1.6244e-06
                       12  3.6002     0.0400               1.0198 1.6244e-06
                       13  3.6057     0.0400               1.0143 1.6244e-06
                       15  3.7441     0.0400               0.8759 1.6244e-06
                       18  3.8298     0.0400               0.7902 1.6244e-06
                       19  3.8565     0.0400               0.7635 1.6244e-06
                       20  4.0489     0.0400               0.5711 1.6244e-06
                       21  4.0859     0.0400               0.5341 1.6244e-06
                       22  4.1004     0.0400               0.5196 1.6244e-06
                       23  4.1199     0.0400               0.5001 1.6244e-06
                       24  4.2981     0.0400               0.3219 1.6244e-06
                       26  4.3200     0.0400               0.3000 1.6244e-06
                       28  4.3949     0.0400               0.2251 1.6244e-06
                       29  4.4013     0.0400               0.2187 1.6244e-06
                       31  4.4585     0.0400               0.1615 1.6244e-06
                       33  4.5395     0.0400               0.0805 1.6244e-06
                       34  4.5548     0.0400               0.0652 1.6244e-06
                       35  4.6086     0.0400               0.0114 1.6244e-06
                       36  4.6108     0.0400               0.0092 1.6244e-06
 36  4.6108    4.0+                          4.1246e-05                       2.7000e-14
                       19  3.8565     0.0262               0.7543 1.0806e-06
                       18  3.8298     0.1310               0.7811 5.4008e-06
                        5  2.9600     0.0561               1.6508 2.3153e-06
                        3  2.6576     0.1236               1.9532 5.0960e-06
                        2  2.0851     0.2884               2.5257 1.1888e-05
                        1  0.8468     0.3747               3.7640 1.5437e-05
 35  4.6086    2.0+                          1.8117e-05                       4.7000e-14
                        7  3.1230     0.1027               1.4856 1.8602e-06
                        4  2.9415     0.0540               1.6671 9.7857e-07
                        3  2.6576     0.0486               1.9510 8.8069e-07
                        2  2.0851     0.5405               2.5235 9.7857e-06
                        1  0.8468     0.2542               3.7618 4.6002e-06
 34  4.5548    4.0+                          5.3587e-05                       9.4000e-14
                       16  3.7556     0.0693               0.7992 3.7122e-06
                       15  3.7441     0.0495               0.8106 2.6516e-06
                       10  3.4453     0.0495               1.1094 2.6516e-06
                        9  3.3885     0.0792               1.1662 4.2429e-06
                        7  3.1230     0.1683               1.4318 9.0173e-06
                        3  2.6576     0.0544               1.8972 2.9169e-06
                        2  2.0851     0.4951               2.4697 2.6516e-05
                        1  0.8468     0.0347               3.7080 1.8564e-06
 33  4.5395    2.0+                          2.3512e-05                       2.5000e-14
                        5  2.9600     0.5700               1.5795 1.3399e-05
                        3  2.6576     0.2999               1.8819 7.0492e-06
                        0  0.0000     0.1301               4.5395 3.0547e-06
 32  4.5096    3.0-                          6.4524e-05                       8.3000e-14
                       16  3.7556     0.0673               0.7540 4.3397e-06
                       10  3.4453     0.0192               1.0642 1.2401e-06
                        8  3.3699     0.1249               1.1396 8.0589e-06
                        7  3.1230     0.0897               1.3866 5.7863e-06
                        3  2.6576     0.3204               1.8520 2.0663e-05
                        2  2.0851     0.0641               2.4245 4.1331e-06
                        1  0.8468     0.3143               3.6628 2.0250e-05
 31  4.4585    4.0+                          7.3034e-05                       2.6000e-14
                        7  3.1230     0.5854               1.3356 4.2747e-05
                        2  2.0851     0.3748               2.3734 2.7359e-05
                        1  0.8468     0.0398               3.6118 2.9065e-06
 30  4.4477    1.0-                          2.6860e-05
                        1  0.8468     1.0000               3.6009 2.6819e-05
 29  4.4013    2.0+                          4.5841e-05                       5.6000e-14
                       10  3.4453     0.2647               0.9559 1.2132e-05
                        8  3.3699     0.0115               1.0313 5.2754e-07
                        5  2.9600     0.0673               1.4413 3.0856e-06
                        4  2.9415     0.0443               1.4598 2.0309e-06
                        2  2.0851     0.0363               2.3162 1.6614e-06
                        1  0.8468     0.5759               3.5545 2.6374e-05
 28  4.3949    3.0+                          7.6597e-05                       3.5000e-14
                        7  3.1230     0.0933               1.2720 7.1463e-06
                        1  0.8468     0.9067               3.5482 6.9386e-05
 27  4.3681    3.0-                          1.5949e-04
                        1  0.8468     0.0556               3.5214 8.8608e-06
                        2  2.0851     0.0556               2.2830 8.8608e-06
                        3  2.6576     0.0556               1.7105 8.8608e-06
                        5  2.9600     0.0556               1.4082 8.8608e-06
                        7  3.1230     0.0556               1.2452 8.8608e-06
                        8  3.3699     0.0556               0.9982 8.8608e-06
                       10  3.4453     0.0556               0.9228 8.8608e-06
                       12  3.6002     0.0556               0.7679 8.8608e-06
                       13  3.6057     0.0556               0.7624 8.8608e-06
                       15  3.7441     0.0556               0.6240 8.8608e-06
                       18  3.8298     0.0556               0.5384 8.8608e-06
                       19  3.8565     0.0556               0.5116 8.8608e-06
                       20  4.0489     0.0556               0.3192 8.8608e-06
                       21  4.0859     0.0556               0.2822 8.8608e-06
                       22  4.1004     0.0556               0.2678 8.8608e-06
                       23  4.1199     0.0556               0.2482 8.8608e-06
                       24  4.2981     0.0556               0.0700 8.8608e-06
                       26  4.3200     0.0556               0.0481 8.8608e-06
 26  4.3200    2.0+                          7.0377e-05
                       17  3.7596     1.0000               0.5604 7.0377e-05
 25  4.3020    0.0+                          1.2353e-05
                        1  0.8468     1.0000               3.4552 1.2341e-05
 24  4.2981    4.0+                          1.8646e-04                       1.1000e-13
                       10  3.4453     0.0133               0.8527 2.4795e-06
                        7  3.1230     0.6098               1.1751 1.1370e-04
                        3  2.6576     0.0168               1.6405 3.1377e-06
                        2  2.0851     0.1043               2.2130 1.9440e-05
                        1  0.8468     0.2557               3.4513 4.7634e-05
 23  4.1199    3.0+                          2.6600e-04                       1.4000e-13
                       19  3.8565     0.0024               0.2634 6.2145e-07
                       10  3.4453     0.0035               0.6746 9.3216e-07
                        7  3.1230     0.0117               0.9970 3.1063e-06
                        5  2.9600     0.0089               1.1600 2.3615e-06
                        3  2.6576     0.0078               1.4623 2.0713e-06
                        2  2.0851     0.7790               2.0348 2.0715e-04
                        1  0.8468     0.1868               3.2732 4.9647e-05
 22  4.1004    4.0+                          4.5441e-04                       4.3000e-14
                       10  3.4453     0.0028               0.6550 1.2713e-06
                        7  3.1230     0.1122               0.9774 5.0977e-05
                        5  2.9600     0.0104               1.1404 4.7434e-06
                        3  2.6576     0.0142               1.4428 6.4699e-06
                        2  2.0851     0.2381               2.0153 1.0816e-04
                        1  0.8468     0.6222               3.2536 2.8248e-04
 21  4.0859    2.0+                          1.7387e-04
                        1  0.8468     0.7518               3.2392 1.3060e-04
                        0  0.0000     0.2482               4.0859 4.3102e-05
 20  4.0489    3.0+                          3.1770e-04                       7.0000e-15
                        5  2.9600     0.0137               1.0889 4.3645e-06
                        2  2.0851     0.1778               1.9638 5.6469e-05
                        1  0.8468     0.8085               3.2021 2.5665e-04
 19  3.8565    3.0+                          7.3290e-04                       2.5000e-14
                       10  3.4453     0.0016               0.4111 1.1435e-06
                        8  3.3699     0.0035               0.4865 2.5558e-06
                        7  3.1230     0.0114               0.7335 8.3375e-06
                        5  2.9600     0.0042               0.8965 3.0937e-06
                        3  2.6576     0.0026               1.1989 1.8834e-06
                        2  2.0851     0.9178               1.7714 6.7253e-04
                        1  0.8468     0.0590               3.0097 4.3175e-05
 18  3.8298    2.0+                          5.1313e-04                       3.9000e-14
                        3  2.6576     0.3004               1.1722 1.5413e-04
                        1  0.8468     0.5182               2.9830 2.6571e-04
                        0  0.0000     0.1814               3.8298 9.2978e-05
 17  3.7596    1.0-                          7.8629e-04
                        0  0.0000     0.0833               3.7596 6.5524e-05
                        1  0.8468     0.0833               2.9128 6.5524e-05
                        3  2.6576     0.0833               1.1020 6.5524e-05
                        4  2.9415     0.0833               0.8181 6.5524e-05
                        5  2.9600     0.0833               0.7996 6.5524e-05
                        6  3.1201     0.0833               0.6395 6.5524e-05
                        8  3.3699     0.0833               0.3897 6.5524e-05
                       11  3.4484     0.0833               0.3112 6.5524e-05
                       12  3.6002     0.0833               0.1594 6.5524e-05
                       13  3.6057     0.0833               0.1539 6.5524e-05
                       14  3.6102     0.0833               0.1494 6.5524e-05
                       15  3.7441     0.0833               0.0155 6.5524e-05
 16  3.7556    6.0+                          5.0161e-03                       1.3000e-13
                        9  3.3885     0.1776               0.3670 8.8958e-04
                        7  3.1230     0.0161               0.6326 8.0852e-05
                        2  2.0851     0.8063               1.6705 4.0435e-03
 15  3.7441    2.0+                          7.9818e-04
                        1  0.8468     1.0000               2.8974 7.9761e-04
 14  3.6102    0.0+                          2.7979e-04                       5.2000e-14
                        3  2.6576     0.0137               0.9526 3.8407e-06
                        2  2.0851     0.0064               1.5251 1.7925e-06
                        1  0.8468     0.9158               2.7634 2.5605e-04
                        0  0.0000     0.0641               3.6102 1.7924e-05
 13  3.6057    2.0+                          1.3192e-03                       1.5000e-13
                        3  2.6576     0.0827               0.9481 1.0909e-04
                        2  2.0851     0.0082               1.5206 1.0755e-05
                        1  0.8468     0.5827               2.7589 7.6823e-04
                        0  0.0000     0.3264               3.6057 4.3016e-04
 12  3.6002    2.0+                          1.3482e-03                       5.9000e-14
                        3  2.6576     0.0192               0.9426 2.5906e-05
                        2  2.0851     0.0192               1.5151 2.5907e-05
                        1  0.8468     0.1602               2.7534 2.1583e-04
                        0  0.0000     0.8014               3.6002 1.0793e-03
 11  3.4484    1.0+                          1.1315e-03                       8.0000e-15
                        3  2.6576     0.0052               0.7908 5.9193e-06
                        1  0.8468     0.2468               2.6016 2.7909e-04
                        0  0.0000     0.7480               3.4484 8.4562e-04
 10  3.4453    3.0+                          3.5334e-03                       2.9000e-14
                        3  2.6576     0.0144               0.7878 5.0726e-05
                        2  2.0851     0.2010               1.3602 7.1015e-04
                        1  0.8468     0.7846               2.5986 2.7709e-03
  9  3.3885    6.0+                          3.0729e-02                       2.9000e-12
                        7  3.1230     0.0130               0.2656 3.9421e-04
                        2  2.0851     0.9870               1.3034 3.0326e-02
  8  3.3699    2.0+                          3.0352e-03                       1.7000e-14
                        1  0.8468     0.8546               2.5232 2.5926e-03
                        0  0.0000     0.1454               3.3699 4.4090e-04
  7  3.1230    4.0+                          1.8900e-02                       4.7000e-14
                        2  2.0851     0.9916               1.0379 1.8737e-02
                        1  0.8468     0.0084               2.2762 1.5926e-04
  6  3.1201    1.0+                          3.6037e-03                       1.9000e-14
                        3  2.6576     0.0099               0.4625 3.5725e-05
                        1  0.8468     0.9445               2.2733 3.4023e-03
                        0  0.0000     0.0455               3.1201 1.6400e-04
  5  2.9600    2.0+                          1.1133e-02                       2.8000e-14
                        1  0.8468     0.9788               2.1132 1.0894e-02
                        0  0.0000     0.0212               2.9600 2.3530e-04
  4  2.9415    0.0+                          2.0334e-03                       4.5000e-13
                        1  0.8468     1.0000               2.0947 2.0325e-03
                        0  0.0000     0.0000               2.9415 0.0000e+00
  3  2.6576    2.0+                          2.5153e-02                       2.1000e-14
                        1  0.8468     0.9699               1.8108 2.4391e-02
                        0  0.0000     0.0301               2.6576 7.5611e-04
  2  2.0851    4.0+                          5.4296e-01                       6.4000e-13
                        1  0.8468     1.0000               1.2383 5.4288e-01
  1  0.8468    2.0+                          2.4545e+00                       6.0700e-12
                        0  0.0000     1.0000               0.8468 2.4538e+00
  0  0.0000    0.0+                          3.6929e+00
#......................................................................../  026-058Fe //  26.000000
#                                                                          SUM SPECTRA FOR COMPOUND
#            025-057Mn      gamma    neutron     proton      alpha
 SpcSum[mb]            1.0250e+00 7.5274e-13 0.0000e+00 2.5168e-34
 Emean[MeV]            5.9914e-01 1.3575e-02 0.0000e+00 1.4000e+00
#......................................................................../  026-058Fe //  26.000000
#                                                                   GAMMAS FROM DISCRETE TRANSITION
#           1 2 0 0 0 0             025-057Mn
#   Ex[MeV]     Jpi    FinalState  Branching Production    Egamma Production   T(1/2)[s]
 33  2.7720    2.5+                          1.9126e-03
                        0  0.0000     0.1111               2.7720 2.1251e-04
                        1  0.0832     0.1111               2.6888 2.1251e-04
                        2  0.8501     0.1111               1.9219 2.1251e-04
                        3  1.0558     0.1111               1.7162 2.1251e-04
                        4  1.0729     0.1111               1.6991 2.1251e-04
                       12  1.7254     0.1111               1.0466 2.1251e-04
                       14  1.8354     0.1111               0.9366 2.1251e-04
                       19  2.1467     0.1111               0.6253 2.1251e-04
                       21  2.2329     0.1111               0.5391 2.1251e-04
 32  2.7584    1.5+                          1.1778e-03                       1.4000e-12
                        5  1.2275     1.0000               1.5309 1.1777e-03
 31  2.7410    2.5+                          2.0366e-03
                        0  0.0000     0.1111               2.7410 2.2629e-04
                        1  0.0832     0.1111               2.6578 2.2629e-04
                        2  0.8501     0.1111               1.8909 2.2629e-04
                        3  1.0558     0.1111               1.6852 2.2629e-04
                        4  1.0729     0.1111               1.6681 2.2629e-04
                       12  1.7254     0.1111               1.0156 2.2629e-04
                       14  1.8354     0.1111               0.9056 2.2629e-04
                       19  2.1467     0.1111               0.5943 2.2629e-04
                       21  2.2329     0.1111               0.5081 2.2629e-04
 30  2.7021    0.5-                          7.1094e-04
                        8  1.4927     0.2279               1.2094 1.6199e-04
                        6  1.3750     0.1302               1.3271 9.2547e-05
                        2  0.8501     0.4651               1.8520 3.3057e-04
                        1  0.0832     0.1768               2.6189 1.2566e-04
 29  2.6400    0.5+                          7.3006e-04
                        2  0.8501     0.3333               1.7899 2.4335e-04
                       19  2.1467     0.3333               0.4933 2.4335e-04
                       20  2.1858     0.3333               0.4542 2.4335e-04
 28  2.6070    0.5+                          7.6877e-04
                        2  0.8501     0.3333               1.7569 2.5626e-04
                       19  2.1467     0.3333               0.4603 2.5626e-04
                       20  2.1858     0.3333               0.4212 2.5626e-04
 27  2.5590    3.5+                          4.8554e-03
                        0  0.0000     0.1429               2.5590 6.9363e-04
                        1  0.0832     0.1429               2.4758 6.9363e-04
                        3  1.0558     0.1429               1.5032 6.9363e-04
                        4  1.0729     0.1429               1.4861 6.9363e-04
                       12  1.7254     0.1429               0.8336 6.9363e-04
                       14  1.8354     0.1429               0.7236 6.9363e-04
                       21  2.2329     0.1429               0.3261 6.9363e-04
 26  2.5200    0.5+                          9.0784e-04
                        2  0.8501     0.3333               1.6699 3.0261e-04
                       19  2.1467     0.3333               0.3733 3.0261e-04
                       20  2.1858     0.3333               0.3342 3.0261e-04
 25  2.5030    0.5+                          9.3687e-04
                        2  0.8501     0.3333               1.6529 3.1229e-04
                       19  2.1467     0.3333               0.3563 3.1229e-04
                       20  2.1858     0.3333               0.3172 3.1229e-04
 24  2.4932    2.5+                          3.2034e-03
                        1  0.0832     0.5208               2.4100 1.6668e-03
                        0  0.0000     0.4792               2.4932 1.5336e-03
 23  2.4220    1.5+                          2.1737e-03
                        0  0.0000     0.1667               2.4220 3.6229e-04
                        2  0.8501     0.1667               1.5719 3.6229e-04
                        3  1.0558     0.1667               1.3662 3.6229e-04
                       19  2.1467     0.1667               0.2753 3.6229e-04
                       20  2.1858     0.1667               0.2362 3.6229e-04
                       21  2.2329     0.1667               0.1891 3.6229e-04
 22  2.3406    1.5+                          2.5043e-03
                        1  0.0832     1.0000               2.2574 2.5035e-03
 21  2.2329    2.5-                          6.7069e-03
                        5  1.2275     0.1000               1.0054 6.7069e-04
                        6  1.3750     0.1000               0.8579 6.7069e-04
                        8  1.4927     0.1000               0.7402 6.7069e-04
                        9  1.5348     0.1000               0.6981 6.7069e-04
                       10  1.6180     0.1000               0.6149 6.7069e-04
                       11  1.6300     0.1000               0.6029 6.7069e-04
                       15  1.9160     0.1000               0.3169 6.7069e-04
                       16  1.9280     0.1000               0.3049 6.7069e-04
                       17  1.9620     0.1000               0.2709 6.7069e-04
                       18  2.0080     0.1000               0.2249 6.7069e-04
 20  2.1858    0.5-                          3.1941e-03
                        3  1.0558     0.5405               1.1300 1.7262e-03
                        2  0.8501     0.4595               1.3357 1.4675e-03
 19  2.1467    1.5-                          5.5536e-03
                        1  0.0832     1.0000               2.0635 5.5514e-03
 18  2.0080    2.5+                          7.9184e-03
                        0  0.0000     0.1429               2.0080 1.1312e-03
                        1  0.0832     0.1429               1.9248 1.1312e-03
                        2  0.8501     0.1429               1.1579 1.1312e-03
                        3  1.0558     0.1429               0.9522 1.1312e-03
                        4  1.0729     0.1429               0.9351 1.1312e-03
                       12  1.7254     0.1429               0.2826 1.1312e-03
                       14  1.8354     0.1429               0.1726 1.1312e-03
 17  1.9620    1.5+                          5.4342e-03
                        0  0.0000     0.3333               1.9620 1.8114e-03
                        2  0.8501     0.3333               1.1119 1.8114e-03
                        3  1.0558     0.3333               0.9062 1.8114e-03
 16  1.9280    2.5+                          9.0324e-03
                        0  0.0000     0.1429               1.9280 1.2903e-03
                        1  0.0832     0.1429               1.8448 1.2903e-03
                        2  0.8501     0.1429               1.0779 1.2903e-03
                        3  1.0558     0.1429               0.8722 1.2903e-03
                        4  1.0729     0.1429               0.8551 1.2903e-03
                       12  1.7254     0.1429               0.2026 1.2903e-03
                       14  1.8354     0.1429               0.0926 1.2903e-03
 15  1.9160    3.5+                          1.6033e-02
                        0  0.0000     0.1667               1.9160 2.6721e-03
                        1  0.0832     0.1667               1.8328 2.6721e-03
                        3  1.0558     0.1667               0.8602 2.6721e-03
                        4  1.0729     0.1667               0.8431 2.6721e-03
                       12  1.7254     0.1667               0.1906 2.6721e-03
                       14  1.8354     0.1667               0.0806 2.6721e-03
 14  1.8354    3.5-                          2.2842e-02
                        8  1.4927     0.0711               0.3427 1.6227e-03
                        1  0.0832     0.7326               1.7522 1.6730e-02
                        0  0.0000     0.1963               1.8354 4.4828e-03
 13  1.7530    0.5+                          3.3991e-03
                        2  0.8501     1.0000               0.9029 3.3991e-03
 12  1.7254    3.5-                          2.6033e-02
                        1  0.0832     1.0000               1.6422 2.6029e-02
 11  1.6300    2.5+                          1.4314e-02
                        0  0.0000     0.2000               1.6300 2.8627e-03
                        1  0.0832     0.2000               1.5468 2.8627e-03
                        2  0.8501     0.2000               0.7799 2.8627e-03
                        3  1.0558     0.2000               0.5742 2.8627e-03
                        4  1.0729     0.2000               0.5571 2.8627e-03
 10  1.6180    3.5+                          2.6411e-02
                        5  1.2275     1.0000               0.3905 2.6360e-02
  9  1.5348    1.5+                          1.0887e-02
                        3  1.0558     0.0330               0.4790 3.5967e-04
                        2  0.8501     0.0974               0.6848 1.0600e-03
                        0  0.0000     0.8696               1.5348 9.4643e-03
  8  1.4927    2.5+                          1.9868e-02
                        1  0.0832     0.4898               1.4095 9.7289e-03
                        0  0.0000     0.5102               1.4927 1.0134e-02
  7  1.4770    0.5+                          5.8667e-03
                        2  0.8501     1.0000               0.6269 5.8667e-03
  6  1.3750    3.5+                          4.0806e-02
                        2  0.8501     0.2810               0.5249 1.1439e-02
                        1  0.0832     0.7190               1.2918 2.9335e-02
  5  1.2275    2.5+                          5.5829e-02                       3.5000e-13
                        4  1.0729     0.0834               0.1546 4.6051e-03
                        1  0.0832     0.9166               1.1443 5.1168e-02
  4  1.0729    3.5-                          6.8102e-02
                        1  0.0832     0.9434               0.9897 6.4237e-02
                        0  0.0000     0.0566               1.0729 3.8541e-03
  3  1.0558    2.5-                          4.5875e-02
                        2  0.8501     0.8027               0.2058 3.6208e-02
                        0  0.0000     0.1973               1.0558 9.0498e-03
  2  0.8501    1.5-                          9.9145e-02
                        1  0.0832     0.0412               0.7669 4.0862e-03
                        0  0.0000     0.9588               0.8501 9.5036e-02
  1  0.0832    3.5-                          4.9560e-01
                        0  0.0000     1.0000               0.0832 4.7164e-01
  0  0.0000    2.5-                          8.3245e-01                       8.5400e+01
#......................................................................../  026-058Fe //  26.000000
#                                                                          SUM SPECTRA FOR COMPOUND
#            024-054Cr      gamma    neutron     proton      alpha
 SpcSum[mb]            2.1131e+00 1.1459e-10 0.0000e+00 2.1725e-19
 Emean[MeV]            1.0133e+00 2.9168e-01 0.0000e+00 2.5595e+00
#......................................................................../  026-058Fe //  26.000000
#                                                                   GAMMAS FROM DISCRETE TRANSITION
#           1 1 1 0 0 0             024-054Cr
#   Ex[MeV]     Jpi    FinalState  Branching Production    Egamma Production   T(1/2)[s]
 38  4.6870    1.0-                          2.4945e-04
                        0  0.0000     0.0500               4.6870 1.2473e-05
                        1  0.8349     0.0500               3.8521 1.2473e-05
                        3  2.6197     0.0500               2.0673 1.2473e-05
                        4  2.8296     0.0500               1.8574 1.2473e-05
                        5  3.0741     0.0500               1.6129 1.2473e-05
                        9  3.4369     0.0500               1.2501 1.2473e-05
                       13  3.7200     0.0500               0.9670 1.2473e-05
                       16  3.8610     0.0500               0.8260 1.2473e-05
                       19  3.9277     0.0500               0.7593 1.2473e-05
                       20  3.9874     0.0500               0.6996 1.2473e-05
                       21  4.0129     0.0500               0.6741 1.2473e-05
                       23  4.0832     0.0500               0.6038 1.2473e-05
                       24  4.1260     0.0500               0.5610 1.2473e-05
                       26  4.1908     0.0500               0.4962 1.2473e-05
                       27  4.2175     0.0500               0.4695 1.2473e-05
                       28  4.2391     0.0500               0.4479 1.2473e-05
                       29  4.2564     0.0500               0.4306 1.2473e-05
                       32  4.4584     0.0500               0.2286 1.2473e-05
                       34  4.5830     0.0500               0.1040 1.2473e-05
                       36  4.6336     0.0500               0.0534 1.2473e-05
 37  4.6815    8.0+                          1.3407e-02                       5.5000e-13
                        7  3.2224     1.0000               1.4590 1.3406e-02
 36  4.6336    2.0+                          4.7708e-04
                        4  2.8296     1.0000               1.8040 4.7695e-04
                        3  2.6197     0.0000               2.0139 0.0000e+00
 35  4.6180    3.0-                          8.7423e-04
                        1  0.8349     0.0526               3.7831 4.6012e-05
                        2  1.8239     0.0526               2.7941 4.6012e-05
                        3  2.6197     0.0526               1.9983 4.6012e-05
                        5  3.0741     0.0526               1.5439 4.6012e-05
                        6  3.1596     0.0526               1.4584 4.6012e-05
                        9  3.4369     0.0526               1.1811 4.6012e-05
                       12  3.6552     0.0526               0.9628 4.6012e-05
                       13  3.7200     0.0526               0.8980 4.6012e-05
                       15  3.7985     0.0526               0.8195 4.6012e-05
                       16  3.8610     0.0526               0.7570 4.6012e-05
                       19  3.9277     0.0526               0.6903 4.6012e-05
                       23  4.0832     0.0526               0.5348 4.6012e-05
                       24  4.1260     0.0526               0.4920 4.6012e-05
                       26  4.1908     0.0526               0.4272 4.6012e-05
                       27  4.2175     0.0526               0.4005 4.6012e-05
                       28  4.2391     0.0526               0.3789 4.6012e-05
                       29  4.2564     0.0526               0.3616 4.6012e-05
                       31  4.4510     0.0526               0.1670 4.6012e-05
                       32  4.4584     0.0526               0.1596 4.6012e-05
 34  4.5830    0.0+                          1.0873e-04
                       20  3.9874     1.0000               0.5956 1.0873e-04
 33  4.5708    2.0-                          5.8972e-04
                        2  1.8239     1.0000               2.7469 5.8946e-04
 32  4.4584    2.0+                          7.3701e-04
                        0  0.0000     1.0000               4.4584 7.3603e-04
 31  4.4510    4.0+                          2.0094e-03
                        2  1.8239     1.0000               2.6271 2.0083e-03
 30  4.3810    3.0-                          1.5099e-03
                        1  0.8349     1.0000               3.5461 1.5077e-03
 29  4.2564    2.0+                          1.1171e-03
                        1  0.8349     0.5000               3.4215 5.5857e-04
                        0  0.0000     0.5000               4.2564 5.5857e-04
 28  4.2391    2.0+                          1.1762e-03
                        3  2.6197     0.5000               1.6194 5.8810e-04
                        1  0.8349     0.5000               3.4042 5.8810e-04
 27  4.2175    2.0+                          1.2320e-03
                        3  2.6197     0.1238               1.5978 1.5250e-04
                        2  1.8239     0.4174               2.3936 5.1397e-04
                        1  0.8349     0.4588               3.3827 5.6474e-04
 26  4.1908    2.0+                          1.3003e-03
                        1  0.8349     0.5000               3.3559 6.5013e-04
                        0  0.0000     0.5000               4.1908 6.5013e-04
 25  4.1270    3.0-                          2.6463e-03
                        3  2.6197     0.3148               1.5074 8.3281e-04
                        1  0.8349     0.6852               3.2922 1.8107e-03
 24  4.1260    2.0+                          1.4745e-03
                        5  3.0741     1.0000               1.0519 1.4744e-03
 23  4.0832    2.0+                          1.5994e-03
                        9  3.4369     0.0339               0.6464 5.4211e-05
                        6  3.1596     0.1225               0.9237 1.9588e-04
                        5  3.0741     0.0208               1.0092 3.3197e-05
                        3  2.6197     0.1308               1.4636 2.0916e-04
                        2  1.8239     0.6921               2.2593 1.1064e-03
 22  4.0433    5.0+                          8.6526e-03                       2.8000e-14
                        7  3.2224     0.8439               0.8209 7.3003e-03
                        2  1.8239     0.1561               2.2194 1.3501e-03
 21  4.0129    0.0+                          3.4163e-04                       1.4000e-15
                        3  2.6197     0.0000               1.3932 0.0000e+00
                        1  0.8349     1.0000               3.1780 3.4134e-04
 20  3.9874    1.0+                          1.2183e-03
                        8  3.3934     1.0000               0.5940 1.2181e-03
 19  3.9277    2.0+                          2.2132e-03
                        0  0.0000     1.0000               3.9277 2.2106e-03
 18  3.9255    2.0-                          2.4777e-03
                       13  3.7200     0.1456               0.2055 3.5930e-04
                        4  2.8296     0.0000               1.0959 0.0000e+00
                        2  1.8239     0.0000               2.1016 0.0000e+00
                        1  0.8349     0.8544               3.0907 2.1142e-03
 17  3.8704    4.0-                          8.0150e-03
                        3  2.6197     1.0000               1.2507 8.0137e-03
                        1  0.8349     0.0000               3.0355 0.0000e+00
 16  3.8610    2.0+                          2.5057e-03
                        3  2.6197     0.6248               1.2413 1.5654e-03
                        1  0.8349     0.3752               3.0262 9.3943e-04
 15  3.7985    4.0+                          8.1691e-03                       5.1000e-14
                        6  3.1596     0.3101               0.6390 2.5322e-03
                        2  1.8239     0.3875               1.9746 3.1645e-03
                        1  0.8349     0.3024               2.9637 2.4684e-03
 14  3.7857    5.0+                          1.5126e-02
                        7  3.2224     0.2819               0.5633 4.2616e-03
                        6  3.1596     0.0470               0.6261 7.1032e-04
                        2  1.8239     0.6711               1.9618 1.0148e-02
 13  3.7200    2.0+                          3.7218e-03                       1.6600e-14
                        4  2.8296     0.0866               0.8904 3.2208e-04
                        3  2.6197     0.1259               1.1004 4.6850e-04
                        0  0.0000     0.7876               3.7200 2.9280e-03
 12  3.6552    4.0+                          1.0835e-02                       6.0000e-15
                        2  1.8239     1.0000               1.8313 1.0832e-02
 11  3.5140    3.0-                          9.8961e-03
                        1  0.8349     0.1667               2.6791 1.6493e-03
                        2  1.8239     0.1667               1.6901 1.6493e-03
                        3  2.6197     0.1667               0.8943 1.6493e-03
                        5  3.0741     0.1667               0.4399 1.6493e-03
                        6  3.1596     0.1667               0.3544 1.6493e-03
                        9  3.4369     0.1667               0.0771 1.6493e-03
 10  3.4680    3.0-                          1.0766e-02
                        1  0.8349     0.1667               2.6331 1.7943e-03
                        2  1.8239     0.1667               1.6441 1.7943e-03
                        3  2.6197     0.1667               0.8483 1.7943e-03
                        5  3.0741     0.1667               0.3939 1.7943e-03
                        6  3.1596     0.1667               0.3084 1.7943e-03
                        9  3.4369     0.1667               0.0311 1.7943e-03
  9  3.4369    2.0+                          9.3911e-03                       8.0000e-15
                        3  2.6197     0.0291               0.8172 2.7340e-04
                        1  0.8349     0.9709               2.6020 9.1128e-03
  8  3.3934    2.0-                          8.9903e-03                       1.5000e-14
                        1  0.8349     0.6330               2.5586 5.6851e-03
                        0  0.0000     0.3670               3.3934 3.2974e-03
  7  3.2224    6.0+                          1.2258e-01                       4.9000e-13
                        2  1.8239     1.0000               1.3985 1.2256e-01
  6  3.1596    4.0+                          3.6280e-02                       2.4000e-13
                        2  1.8239     0.5318               1.3356 1.9292e-02
                        1  0.8349     0.4682               2.3247 1.6978e-02
  5  3.0741    2.0+                          1.6502e-02                       7.1000e-15
                        1  0.8349     0.9892               2.2392 1.6318e-02
                        0  0.0000     0.0108               3.0741 1.7791e-04
  4  2.8296    0.0+                          3.9068e-03                       1.5000e-13
                        1  0.8349     1.0000               1.9948 3.9055e-03
  3  2.6197    2.0+                          4.2018e-02                       7.8000e-14
                        1  0.8349     0.9588               1.7848 4.0277e-02
                        0  0.0000     0.0412               2.6197 1.7317e-03
  2  1.8239    4.0+                          5.4742e-01                       1.7000e-12
                        1  0.8349     1.0000               0.9891 5.4733e-01
  1  0.8349    2.0+                          1.2010e+00                       7.9000e-12
                        0  0.0000     1.0000               0.8349 1.2007e+00
  0  0.0000    0.0+                          1.9508e+00
#......................................................................../  026-058Fe //  26.000000
#                                                                          SUM SPECTRA FOR COMPOUND
#            025-056Mn      gamma
 SpcSum[mb]            5.3741e-06
 Emean[MeV]            1.4533e-01
#......................................................................../  026-058Fe //  26.000000
#                                                                   GAMMAS FROM DISCRETE TRANSITION
#           1 1 0 1 0 0             025-056Mn
#   Ex[MeV]     Jpi    FinalState  Branching Production    Egamma Production   T(1/2)[s]
 45  1.9802    2.0-                          1.7548e-13
                        0  0.0000     0.0455               1.9802 7.9764e-15
                        1  0.0266     0.0455               1.9536 7.9764e-15
                        2  0.1105     0.0455               1.8697 7.9764e-15
                        4  0.2151     0.0455               1.7651 7.9764e-15
                        6  0.3410     0.0455               1.6392 7.9764e-15
                        7  0.4543     0.0455               1.5259 7.9764e-15
                        8  0.4863     0.0455               1.4939 7.9764e-15
                       11  0.7162     0.0455               1.2640 7.9764e-15
                       12  0.7535     0.0455               1.2267 7.9764e-15
                       18  1.1677     0.0455               0.8125 7.9764e-15
                       20  1.1950     0.0455               0.7852 7.9764e-15
                       22  1.2390     0.0455               0.7412 7.9764e-15
                       23  1.2937     0.0455               0.6865 7.9764e-15
                       24  1.3509     0.0455               0.6293 7.9764e-15
                       30  1.5099     0.0455               0.4703 7.9764e-15
                       31  1.5600     0.0455               0.4202 7.9764e-15
                       32  1.6136     0.0455               0.3666 7.9764e-15
                       33  1.6550     0.0455               0.3252 7.9764e-15
                       37  1.7444     0.0455               0.2358 7.9764e-15
                       39  1.8337     0.0455               0.1465 7.9764e-15
                       40  1.8660     0.0455               0.1142 7.9764e-15
                       44  1.9700     0.0455               0.0102 7.9764e-15
 44  1.9700    3.0+                          2.5635e-13
                        9  0.5410     0.0769               1.4290 1.9719e-14
                       10  0.6610     0.0769               1.3090 1.9719e-14
                       14  0.8530     0.0769               1.1170 1.9719e-14
                       17  1.1400     0.0769               0.8300 1.9719e-14
                       25  1.3640     0.0769               0.6060 1.9719e-14
                       26  1.3840     0.0769               0.5860 1.9719e-14
                       27  1.4470     0.0769               0.5230 1.9719e-14
                       28  1.4840     0.0769               0.4860 1.9719e-14
                       34  1.6740     0.0769               0.2960 1.9719e-14
                       36  1.7275     0.0769               0.2425 1.9719e-14
                       38  1.7800     0.0769               0.1900 1.9719e-14
                       41  1.8780     0.0769               0.0920 1.9719e-14
                       42  1.9110     0.0769               0.0590 1.9719e-14
 43  1.9490    1.0-                          1.4185e-13
                        1  0.0266     0.0769               1.9224 1.0912e-14
                        2  0.1105     0.0769               1.8385 1.0912e-14
                        4  0.2151     0.0769               1.7339 1.0912e-14
                       11  0.7162     0.0769               1.2328 1.0912e-14
                       18  1.1677     0.0769               0.7813 1.0912e-14
                       23  1.2937     0.0769               0.6553 1.0912e-14
                       24  1.3509     0.0769               0.5981 1.0912e-14
                       30  1.5099     0.0769               0.4391 1.0912e-14
                       31  1.5600     0.0769               0.3890 1.0912e-14
                       33  1.6550     0.0769               0.2940 1.0912e-14
                       37  1.7444     0.0769               0.2046 1.0912e-14
                       39  1.8337     0.0769               0.1153 1.0912e-14
                       40  1.8660     0.0769               0.0830 1.0912e-14
 42  1.9110    3.0-                          8.2544e-13
                        0  0.0000     0.0556               1.9110 4.5858e-14
                        1  0.0266     0.0556               1.8844 4.5858e-14
                        3  0.2120     0.0556               1.6990 4.5858e-14
                        4  0.2151     0.0556               1.6959 4.5858e-14
                        6  0.3410     0.0556               1.5700 4.5858e-14
                        7  0.4543     0.0556               1.4567 4.5858e-14
                        8  0.4863     0.0556               1.4247 4.5858e-14
                       12  0.7535     0.0556               1.1575 4.5858e-14
                       19  1.1923     0.0556               0.7187 4.5858e-14
                       20  1.1950     0.0556               0.7160 4.5858e-14
                       22  1.2390     0.0556               0.6720 4.5858e-14
                       23  1.2937     0.0556               0.6173 4.5858e-14
                       24  1.3509     0.0556               0.5601 4.5858e-14
                       29  1.4845     0.0556               0.4265 4.5858e-14
                       30  1.5099     0.0556               0.4011 4.5858e-14
                       32  1.6136     0.0556               0.2974 4.5858e-14
                       37  1.7444     0.0556               0.1666 4.5858e-14
                       40  1.8660     0.0556               0.0450 4.5858e-14
 41  1.8780    3.0-                          1.2050e-12
                        0  0.0000     0.0556               1.8780 6.6947e-14
                        1  0.0266     0.0556               1.8514 6.6947e-14
                        3  0.2120     0.0556               1.6660 6.6947e-14
                        4  0.2151     0.0556               1.6629 6.6947e-14
                        6  0.3410     0.0556               1.5370 6.6947e-14
                        7  0.4543     0.0556               1.4237 6.6947e-14
                        8  0.4863     0.0556               1.3917 6.6947e-14
                       12  0.7535     0.0556               1.1245 6.6947e-14
                       19  1.1923     0.0556               0.6857 6.6947e-14
                       20  1.1950     0.0556               0.6830 6.6947e-14
                       22  1.2390     0.0556               0.6390 6.6947e-14
                       23  1.2937     0.0556               0.5843 6.6947e-14
                       24  1.3509     0.0556               0.5271 6.6947e-14
                       29  1.4845     0.0556               0.3935 6.6947e-14
                       30  1.5099     0.0556               0.3681 6.6947e-14
                       32  1.6136     0.0556               0.2644 6.6947e-14
                       37  1.7444     0.0556               0.1336 6.6947e-14
                       40  1.8660     0.0556               0.0120 6.6947e-14
 40  1.8660    2.0+                          8.2839e-13
                        9  0.5410     0.0769               1.3250 6.3722e-14
                       10  0.6610     0.0769               1.2050 6.3722e-14
                       14  0.8530     0.0769               1.0130 6.3722e-14
                       15  0.8840     0.0769               0.9820 6.3722e-14
                       16  0.9740     0.0769               0.8920 6.3722e-14
                       25  1.3640     0.0769               0.5020 6.3722e-14
                       26  1.3840     0.0769               0.4820 6.3722e-14
                       27  1.4470     0.0769               0.4190 6.3722e-14
                       28  1.4840     0.0769               0.3820 6.3722e-14
                       34  1.6740     0.0769               0.1920 6.3722e-14
                       35  1.6929     0.0769               0.1731 6.3722e-14
                       36  1.7275     0.0769               0.1385 6.3722e-14
                       38  1.7800     0.0769               0.0860 6.3722e-14
 39  1.8337    1.0+                          5.8286e-13
                        9  0.5410     0.0909               1.2927 5.2988e-14
                       14  0.8530     0.0909               0.9807 5.2988e-14
                       15  0.8840     0.0909               0.9497 5.2988e-14
                       16  0.9740     0.0909               0.8597 5.2988e-14
                       25  1.3640     0.0909               0.4697 5.2988e-14
                       26  1.3840     0.0909               0.4497 5.2988e-14
                       27  1.4470     0.0909               0.3867 5.2988e-14
                       28  1.4840     0.0909               0.3497 5.2988e-14
                       35  1.6929     0.0909               0.1408 5.2988e-14
                       36  1.7275     0.0909               0.1062 5.2988e-14
                       38  1.7800     0.0909               0.0537 5.2988e-14
 38  1.7800    2.0-                          1.7371e-12
                        0  0.0000     0.0526               1.7800 9.1427e-14
                        1  0.0266     0.0526               1.7534 9.1427e-14
                        2  0.1105     0.0526               1.6695 9.1427e-14
                        4  0.2151     0.0526               1.5649 9.1427e-14
                        6  0.3410     0.0526               1.4390 9.1427e-14
                        7  0.4543     0.0526               1.3257 9.1427e-14
                        8  0.4863     0.0526               1.2937 9.1427e-14
                       11  0.7162     0.0526               1.0638 9.1427e-14
                       12  0.7535     0.0526               1.0265 9.1427e-14
                       18  1.1677     0.0526               0.6123 9.1427e-14
                       20  1.1950     0.0526               0.5850 9.1427e-14
                       22  1.2390     0.0526               0.5410 9.1427e-14
                       23  1.2937     0.0526               0.4863 9.1427e-14
                       24  1.3509     0.0526               0.4291 9.1427e-14
                       30  1.5099     0.0526               0.2701 9.1427e-14
                       31  1.5600     0.0526               0.2200 9.1427e-14
                       32  1.6136     0.0526               0.1664 9.1427e-14
                       33  1.6550     0.0526               0.1250 9.1427e-14
                       37  1.7444     0.0526               0.0356 9.1427e-14
 37  1.7444    2.0+                          2.0242e-12
                        9  0.5410     0.0833               1.2034 1.6868e-13
                       10  0.6610     0.0833               1.0834 1.6868e-13
                       14  0.8530     0.0833               0.8914 1.6868e-13
                       15  0.8840     0.0833               0.8604 1.6868e-13
                       16  0.9740     0.0833               0.7704 1.6868e-13
                       25  1.3640     0.0833               0.3804 1.6868e-13
                       26  1.3840     0.0833               0.3604 1.6868e-13
                       27  1.4470     0.0833               0.2974 1.6868e-13
                       28  1.4840     0.0833               0.2604 1.6868e-13
                       34  1.6740     0.0833               0.0704 1.6868e-13
                       35  1.6929     0.0833               0.0515 1.6868e-13
                       36  1.7275     0.0833               0.0169 1.6868e-13
 36  1.7275    2.0-                          2.7081e-12
                        0  0.0000     0.0556               1.7275 1.5045e-13
                        1  0.0266     0.0556               1.7009 1.5045e-13
                        2  0.1105     0.0556               1.6170 1.5045e-13
                        4  0.2151     0.0556               1.5123 1.5045e-13
                        6  0.3410     0.0556               1.3865 1.5045e-13
                        7  0.4543     0.0556               1.2731 1.5045e-13
                        8  0.4863     0.0556               1.2411 1.5045e-13
                       11  0.7162     0.0556               1.0113 1.5045e-13
                       12  0.7535     0.0556               0.9740 1.5045e-13
                       18  1.1677     0.0556               0.5598 1.5045e-13
                       20  1.1950     0.0556               0.5325 1.5045e-13
                       22  1.2390     0.0556               0.4885 1.5045e-13
                       23  1.2937     0.0556               0.4338 1.5045e-13
                       24  1.3509     0.0556               0.3766 1.5045e-13
                       30  1.5099     0.0556               0.2176 1.5045e-13
                       31  1.5600     0.0556               0.1675 1.5045e-13
                       32  1.6136     0.0556               0.1139 1.5045e-13
                       33  1.6550     0.0556               0.0725 1.5045e-13
 35  1.6929    1.0-                          3.8072e-12
                        1  0.0266     0.1000               1.6663 3.8072e-13
                        2  0.1105     0.1000               1.5824 3.8072e-13
                        4  0.2151     0.1000               1.4778 3.8072e-13
                       11  0.7162     0.1000               0.9767 3.8072e-13
                       18  1.1677     0.1000               0.5252 3.8072e-13
                       23  1.2937     0.1000               0.3992 3.8072e-13
                       24  1.3509     0.1000               0.3420 3.8072e-13
                       30  1.5099     0.1000               0.1830 3.8072e-13
                       31  1.5600     0.1000               0.1329 3.8072e-13
                       33  1.6550     0.1000               0.0379 3.8072e-13
 34  1.6740    3.0-                          1.0330e-11
                        0  0.0000     0.0625               1.6740 6.4560e-13
                        1  0.0266     0.0625               1.6474 6.4560e-13
                        3  0.2120     0.0625               1.4620 6.4560e-13
                        4  0.2151     0.0625               1.4589 6.4560e-13
                        6  0.3410     0.0625               1.3330 6.4560e-13
                        7  0.4543     0.0625               1.2197 6.4560e-13
                        8  0.4863     0.0625               1.1877 6.4560e-13
                       12  0.7535     0.0625               0.9205 6.4560e-13
                       19  1.1923     0.0625               0.4817 6.4560e-13
                       20  1.1950     0.0625               0.4790 6.4560e-13
                       22  1.2390     0.0625               0.4350 6.4560e-13
                       23  1.2937     0.0625               0.3803 6.4560e-13
                       24  1.3509     0.0625               0.3231 6.4560e-13
                       29  1.4845     0.0625               0.1895 6.4560e-13
                       30  1.5099     0.0625               0.1641 6.4560e-13
                       32  1.6136     0.0625               0.0604 6.4560e-13
 33  1.6550    1.0+                          4.3721e-12
                        9  0.5410     0.1250               1.1140 5.4652e-13
                       14  0.8530     0.1250               0.8020 5.4652e-13
                       15  0.8840     0.1250               0.7710 5.4652e-13
                       16  0.9740     0.1250               0.6810 5.4652e-13
                       25  1.3640     0.1250               0.2910 5.4652e-13
                       26  1.3840     0.1250               0.2710 5.4652e-13
                       27  1.4470     0.1250               0.2080 5.4652e-13
                       28  1.4840     0.1250               0.1710 5.4652e-13
 32  1.6136    3.0+                          1.2527e-11                       5.9000e-13
                       21  1.2367     0.0743               0.3769 9.2765e-13
                        5  0.3355     0.9257               1.2780 1.1595e-11
 31  1.5600    1.0+                          7.7450e-12
                        9  0.5410     0.1250               1.0190 9.6813e-13
                       14  0.8530     0.1250               0.7070 9.6813e-13
                       15  0.8840     0.1250               0.6760 9.6813e-13
                       16  0.9740     0.1250               0.5860 9.6813e-13
                       25  1.3640     0.1250               0.1960 9.6813e-13
                       26  1.3840     0.1250               0.1760 9.6813e-13
                       27  1.4470     0.1250               0.1130 9.6813e-13
                       28  1.4840     0.1250               0.0760 9.6813e-13
 30  1.5099    2.0+                          2.4886e-11
                        9  0.5410     0.1111               0.9689 2.7651e-12
                       10  0.6610     0.1111               0.8489 2.7651e-12
                       14  0.8530     0.1111               0.6569 2.7651e-12
                       15  0.8840     0.1111               0.6259 2.7651e-12
                       16  0.9740     0.1111               0.5359 2.7651e-12
                       25  1.3640     0.1111               0.1459 2.7651e-12
                       26  1.3840     0.1111               0.1259 2.7651e-12
                       27  1.4470     0.1111               0.0629 2.7651e-12
                       28  1.4840     0.1111               0.0259 2.7651e-12
 29  1.4845    4.0+                          6.5379e-11
                       12  0.7535     0.4414               0.7311 2.8849e-11
                        5  0.3355     0.5586               1.1490 3.6516e-11
 28  1.4840    2.0-                          4.4758e-11
                        0  0.0000     0.0714               1.4840 3.1970e-12
                        1  0.0266     0.0714               1.4574 3.1970e-12
                        2  0.1105     0.0714               1.3735 3.1970e-12
                        4  0.2151     0.0714               1.2689 3.1970e-12
                        6  0.3410     0.0714               1.1430 3.1970e-12
                        7  0.4543     0.0714               1.0297 3.1970e-12
                        8  0.4863     0.0714               0.9977 3.1970e-12
                       11  0.7162     0.0714               0.7678 3.1970e-12
                       12  0.7535     0.0714               0.7305 3.1970e-12
                       18  1.1677     0.0714               0.3163 3.1970e-12
                       20  1.1950     0.0714               0.2890 3.1970e-12
                       22  1.2390     0.0714               0.2450 3.1970e-12
                       23  1.2937     0.0714               0.1903 3.1970e-12
                       24  1.3509     0.0714               0.1331 3.1970e-12
 27  1.4470    2.0-                          5.6189e-11
                        0  0.0000     0.0714               1.4470 4.0135e-12
                        1  0.0266     0.0714               1.4204 4.0135e-12
                        2  0.1105     0.0714               1.3365 4.0135e-12
                        4  0.2151     0.0714               1.2319 4.0135e-12
                        6  0.3410     0.0714               1.1060 4.0135e-12
                        7  0.4543     0.0714               0.9927 4.0135e-12
                        8  0.4863     0.0714               0.9607 4.0135e-12
                       11  0.7162     0.0714               0.7308 4.0135e-12
                       12  0.7535     0.0714               0.6935 4.0135e-12
                       18  1.1677     0.0714               0.2793 4.0135e-12
                       20  1.1950     0.0714               0.2520 4.0135e-12
                       22  1.2390     0.0714               0.2080 4.0135e-12
                       23  1.2937     0.0714               0.1533 4.0135e-12
                       24  1.3509     0.0714               0.0961 4.0135e-12
 26  1.3840    2.0-                          7.9454e-11
                        0  0.0000     0.0714               1.3840 5.6753e-12
                        1  0.0266     0.0714               1.3574 5.6753e-12
                        2  0.1105     0.0714               1.2735 5.6753e-12
                        4  0.2151     0.0714               1.1689 5.6753e-12
                        6  0.3410     0.0714               1.0430 5.6753e-12
                        7  0.4543     0.0714               0.9297 5.6753e-12
                        8  0.4863     0.0714               0.8977 5.6753e-12
                       11  0.7162     0.0714               0.6678 5.6753e-12
                       12  0.7535     0.0714               0.6305 5.6753e-12
                       18  1.1677     0.0714               0.2163 5.6753e-12
                       20  1.1950     0.0714               0.1890 5.6753e-12
                       22  1.2390     0.0714               0.1450 5.6753e-12
                       23  1.2937     0.0714               0.0903 5.6753e-12
                       24  1.3509     0.0714               0.0331 5.6753e-12
 25  1.3640    2.0-                          8.8892e-11
                        0  0.0000     0.0714               1.3640 6.3494e-12
                        1  0.0266     0.0714               1.3374 6.3494e-12
                        2  0.1105     0.0714               1.2535 6.3494e-12
                        4  0.2151     0.0714               1.1489 6.3494e-12
                        6  0.3410     0.0714               1.0230 6.3494e-12
                        7  0.4543     0.0714               0.9097 6.3494e-12
                        8  0.4863     0.0714               0.8777 6.3494e-12
                       11  0.7162     0.0714               0.6478 6.3494e-12
                       12  0.7535     0.0714               0.6105 6.3494e-12
                       18  1.1677     0.0714               0.1963 6.3494e-12
                       20  1.1950     0.0714               0.1690 6.3494e-12
                       22  1.2390     0.0714               0.1250 6.3494e-12
                       23  1.2937     0.0714               0.0703 6.3494e-12
                       24  1.3509     0.0714               0.0131 6.3494e-12
 24  1.3509    2.0+                          9.4225e-11
                        9  0.5410     0.2000               0.8099 1.8845e-11
                       10  0.6610     0.2000               0.6899 1.8845e-11
                       14  0.8530     0.2000               0.4979 1.8845e-11
                       15  0.8840     0.2000               0.4669 1.8845e-11
                       16  0.9740     0.2000               0.3769 1.8845e-11
 23  1.2937    2.0+                          1.8088e-10
                        9  0.5410     0.2000               0.7527 3.6177e-11
                       10  0.6610     0.2000               0.6327 3.6177e-11
                       14  0.8530     0.2000               0.4407 3.6177e-11
                       15  0.8840     0.2000               0.4097 3.6177e-11
                       16  0.9740     0.2000               0.3197 3.6177e-11
 22  1.2390    3.0+                          3.5166e-10
                        9  0.5410     0.2500               0.6980 8.7915e-11
                       10  0.6610     0.2500               0.5780 8.7915e-11
                       14  0.8530     0.2500               0.3860 8.7915e-11
                       17  1.1400     0.2500               0.0990 8.7915e-11
 21  1.2367    5.0+                          8.6985e-10                       2.6000e-12
                       12  0.7535     0.7815               0.4832 6.7882e-10
                        5  0.3355     0.2185               0.9011 1.9002e-10
 20  1.1950    3.0+                          4.5498e-10
                        9  0.5410     0.2500               0.6540 1.1374e-10
                       10  0.6610     0.2500               0.5340 1.1374e-10
                       14  0.8530     0.2500               0.3420 1.1374e-10
                       17  1.1400     0.2500               0.0550 1.1374e-10
 19  1.1923    4.0+                          6.8009e-10                       5.0000e-13
                       12  0.7535     0.0295               0.4388 2.0037e-11
                       11  0.7162     0.5933               0.4761 4.0078e-10
                        5  0.3355     0.3772               0.8567 2.5647e-10
 18  1.1677    1.0+                          2.4199e-10
                        9  0.5410     0.2500               0.6267 6.0496e-11
                       14  0.8530     0.2500               0.3147 6.0496e-11
                       15  0.8840     0.2500               0.2837 6.0496e-11
                       16  0.9740     0.2500               0.1937 6.0496e-11
 17  1.1400    4.0-                          1.5590e-09
                        0  0.0000     0.1250               1.1400 1.9487e-10
                        3  0.2120     0.1250               0.9280 1.9487e-10
                        5  0.3355     0.1250               0.8045 1.9487e-10
                        6  0.3410     0.1250               0.7990 1.9487e-10
                        7  0.4543     0.1250               0.6857 1.9487e-10
                        8  0.4863     0.1250               0.6537 1.9487e-10
                       12  0.7535     0.1250               0.3865 1.9487e-10
                       13  0.8404     0.1250               0.2996 1.9487e-10
 16  0.9740    1.0-                          1.4546e-09
                        1  0.0266     0.2500               0.9474 3.6366e-10
                        2  0.1105     0.2500               0.8635 3.6366e-10
                        4  0.2151     0.2500               0.7589 3.6366e-10
                       11  0.7162     0.2500               0.2578 3.6366e-10
 15  0.8840    1.0-                          3.9928e-09
                        1  0.0266     0.2500               0.8574 9.9819e-10
                        2  0.1105     0.2500               0.7735 9.9819e-10
                        4  0.2151     0.2500               0.6689 9.9819e-10
                       11  0.7162     0.2500               0.1678 9.9819e-10
 14  0.8530    2.0-                          7.0368e-09
                        0  0.0000     0.1111               0.8530 7.8186e-10
                        1  0.0266     0.1111               0.8264 7.8186e-10
                        2  0.1105     0.1111               0.7425 7.8186e-10
                        4  0.2151     0.1111               0.6379 7.8186e-10
                        6  0.3410     0.1111               0.5120 7.8186e-10
                        7  0.4543     0.1111               0.3987 7.8186e-10
                        8  0.4863     0.1111               0.3667 7.8186e-10
                       11  0.7162     0.1111               0.1368 7.8186e-10
                       12  0.7535     0.1111               0.0995 7.8186e-10
 13  0.8404    5.0+                          1.9377e-08
                        8  0.4863     0.4209               0.3541 8.1231e-09
                        6  0.3410     0.1679               0.4994 3.2493e-09
                        5  0.3355     0.4112               0.5049 7.9608e-09
 12  0.7535    3.0+                          1.2767e-08                       5.0000e-13
                        7  0.4543     0.0292               0.2991 3.7157e-10
                        3  0.2120     0.9708               0.5414 1.2385e-08
 11  0.7162    1.0+                          1.0287e-08
                        8  0.4863     0.2432               0.2299 2.4537e-09
                        6  0.3410     0.3989               0.3752 4.0895e-09
                        0  0.0000     0.3580               0.7162 3.6808e-09
 10  0.6610    3.0-                          4.4002e-08
                        0  0.0000     0.1429               0.6610 6.2860e-09
                        1  0.0266     0.1429               0.6344 6.2860e-09
                        3  0.2120     0.1429               0.4490 6.2860e-09
                        4  0.2151     0.1429               0.4459 6.2860e-09
                        6  0.3410     0.1429               0.3200 6.2860e-09
                        7  0.4543     0.1429               0.2067 6.2860e-09
                        8  0.4863     0.1429               0.1747 6.2860e-09
  9  0.5410    2.0-                          4.7391e-08
                        0  0.0000     0.1429               0.5410 6.7702e-09
                        1  0.0266     0.1429               0.5144 6.7702e-09
                        2  0.1105     0.1429               0.4305 6.7702e-09
                        4  0.2151     0.1429               0.3259 6.7702e-09
                        6  0.3410     0.1429               0.2000 6.7702e-09
                        7  0.4543     0.1429               0.0867 6.7702e-09
                        8  0.4863     0.1429               0.0547 6.7702e-09
  8  0.4863    3.0+                          1.0620e-07
                        6  0.3410     0.0021               0.1453 2.1119e-10
                        4  0.2151     0.7146               0.2712 7.5435e-08
                        3  0.2120     0.0579               0.2743 6.1099e-09
                        1  0.0266     0.1991               0.4597 2.1118e-08
                        0  0.0000     0.0263               0.4863 2.7912e-09
  7  0.4543    3.0+                          1.1384e-07
                        6  0.3410     0.0187               0.1133 1.8521e-09
                        3  0.2120     0.0232               0.2423 2.6141e-09
                        0  0.0000     0.9581               0.4543 1.0894e-07
  6  0.3410    3.0+                          1.9918e-07
                        4  0.2151     0.0036               0.1259 6.4573e-10
                        3  0.2120     0.0083               0.1290 1.5127e-09
                        1  0.0266     0.9296               0.3144 1.8446e-07
                        0  0.0000     0.0585               0.3410 1.1621e-08
  5  0.3355    5.0+                          6.4087e-07                       2.0000e-09
                        3  0.2120     0.6054               0.1235 3.4953e-07
                        0  0.0000     0.3946               0.3355 2.5166e-07
  4  0.2151    2.0+                          4.3776e-07
                        2  0.1105     0.7914               0.1046 2.8871e-07
                        1  0.0266     0.1417               0.1885 6.0637e-08
                        0  0.0000     0.0669               0.2151 2.8873e-08
  3  0.2120    4.0+                          1.6279e-06                       3.0000e-11
                        0  0.0000     1.0000               0.2120 1.6039e-06
  2  0.1105    1.0+                          9.1852e-07                       5.0800e-09
                        1  0.0266     0.9959               0.0839 8.7151e-07
                        0  0.0000     0.0041               0.1105 2.8763e-09
  1  0.0266    2.0+                          3.0197e-06                       8.7000e-09
                        0  0.0000     1.0000               0.0266 1.3481e-06
  0  0.0000    3.0+                          9.1240e-06                       9.2840e+03
#......................................................................../  026-058Fe //  26.000000
#                                                                          SUM SPECTRA FOR COMPOUND
#            023-051V       gamma    neutron     proton      alpha
 SpcSum[mb]            2.6263e-02 0.0000e+00 2.5336e-18 0.0000e+00
 Emean[MeV]            6.0148e-01 0.0000e+00 1.1824e+00 0.0000e+00
#......................................................................../  026-058Fe //  26.000000
#                                                                   GAMMAS FROM DISCRETE TRANSITION
#           1 0 2 0 0 0             023-051V 
#   Ex[MeV]     Jpi    FinalState  Branching Production    Egamma Production   T(1/2)[s]
 68  4.2655    0.5-                          5.1837e-08
                        1  0.3201     0.5000               3.9454 2.5919e-08
                        0  0.0000     0.5000               4.2655 2.5919e-08
 67  4.2395    1.5-                          1.1185e-07
                        9  2.4108     0.5986               1.8287 6.6940e-08
                        1  0.3201     0.4014               3.9194 4.4850e-08
 66  4.2248    5.5-                          5.7816e-07
                       37  3.6141     0.0266               0.6107 1.5378e-08
                       32  3.5169     0.0179               0.7079 1.0346e-08
                        7  1.8132     0.4838               2.4116 2.7956e-07
                        6  1.6092     0.4548               2.6156 2.6278e-07
                        0  0.0000     0.0169               4.2248 9.7813e-09
 65  4.2000    1.5+                          1.2987e-07
                        1  0.3201     0.0476               3.8799 6.1844e-09
                        3  0.9286     0.0476               3.2714 6.1844e-09
                        9  2.4108     0.0476               1.7893 6.1844e-09
                       16  3.0835     0.0476               1.1165 6.1844e-09
                       17  3.1500     0.0476               1.0500 6.1844e-09
                       18  3.2155     0.0476               0.9845 6.1844e-09
                       19  3.2644     0.0476               0.9356 6.1844e-09
                       20  3.2800     0.0476               0.9200 6.1844e-09
                       23  3.3720     0.0476               0.8280 6.1844e-09
                       25  3.3811     0.0476               0.8189 6.1844e-09
                       30  3.4439     0.0476               0.7561 6.1844e-09
                       35  3.5682     0.0476               0.6318 6.1844e-09
                       36  3.5768     0.0476               0.6232 6.1844e-09
                       38  3.6231     0.0476               0.5769 6.1844e-09
                       39  3.6320     0.0476               0.5680 6.1844e-09
                       40  3.6631     0.0476               0.5369 6.1844e-09
                       41  3.6675     0.0476               0.5325 6.1844e-09
                       42  3.6785     0.0476               0.5215 6.1844e-09
                       49  3.7965     0.0476               0.4035 6.1844e-09
                       60  4.0253     0.0476               0.1747 6.1844e-09
                       64  4.1800     0.0476               0.0200 6.1844e-09
 64  4.1800    0.5-                          7.8648e-08
                        2  0.4700     0.1000               3.7100 7.8648e-09
                        5  1.1900     0.1000               2.9900 7.8648e-09
                       10  2.5464     0.1000               1.6336 7.8648e-09
                       12  2.6775     0.1000               1.5025 7.8648e-09
                       15  2.8700     0.1000               1.3100 7.8648e-09
                       43  3.6808     0.1000               0.4992 7.8648e-09
                       45  3.7430     0.1000               0.4370 7.8648e-09
                       46  3.7482     0.1000               0.4318 7.8648e-09
                       47  3.7653     0.1000               0.4147 7.8648e-09
                       54  3.8739     0.1000               0.3061 7.8648e-09
 63  4.1240    4.5-                          5.7478e-07                       8.0000e-15
                       24  3.3777     0.0070               0.7464 4.0270e-09
                        6  1.6092     0.8873               2.5148 5.0972e-07
                        0  0.0000     0.1057               4.1240 6.0683e-08
 62  4.0525    2.5+                          3.5783e-07                       6.6000e-14
                        1  0.3201     1.0000               3.7324 3.5727e-07
 61  4.0300    2.5+                          3.8116e-07
                        0  0.0000     0.0455               4.0300 1.7325e-08
                        1  0.3201     0.0455               3.7099 1.7325e-08
                        3  0.9286     0.0455               3.1014 1.7325e-08
                        9  2.4108     0.0455               1.6193 1.7325e-08
                       16  3.0835     0.0455               0.9465 1.7325e-08
                       17  3.1500     0.0455               0.8800 1.7325e-08
                       18  3.2155     0.0455               0.8145 1.7325e-08
                       19  3.2644     0.0455               0.7656 1.7325e-08
                       20  3.2800     0.0455               0.7500 1.7325e-08
                       23  3.3720     0.0455               0.6580 1.7325e-08
                       25  3.3811     0.0455               0.6489 1.7325e-08
                       30  3.4439     0.0455               0.5861 1.7325e-08
                       34  3.5626     0.0455               0.4674 1.7325e-08
                       35  3.5682     0.0455               0.4618 1.7325e-08
                       36  3.5768     0.0455               0.4532 1.7325e-08
                       38  3.6231     0.0455               0.4069 1.7325e-08
                       39  3.6320     0.0455               0.3980 1.7325e-08
                       40  3.6631     0.0455               0.3669 1.7325e-08
                       41  3.6675     0.0455               0.3625 1.7325e-08
                       42  3.6785     0.0455               0.3515 1.7325e-08
                       49  3.7965     0.0455               0.2335 1.7325e-08
                       60  4.0253     0.0455               0.0047 1.7325e-08
 60  4.0253    2.5-                          3.8993e-07                       1.7000e-14
                        7  1.8132     1.0000               2.2121 3.8975e-07
 59  4.0026    4.5-                          8.2823e-07                       1.7000e-16
                        1  0.3201     0.1589               3.6825 1.3147e-07
                        0  0.0000     0.8411               4.0026 6.9584e-07
 58  3.9433    4.5-                          1.0821e-06                       9.0000e-14
                        7  1.8132     0.3280               2.1301 3.5484e-07
                        6  1.6092     0.5468               2.3341 5.9149e-07
                        3  0.9286     0.1093               3.0147 1.1824e-07
                        1  0.3201     0.0158               3.6232 1.7092e-08
 57  3.9390    2.5+                          5.5537e-07
                        0  0.0000     0.0476               3.9390 2.6446e-08
                        1  0.3201     0.0476               3.6189 2.6446e-08
                        3  0.9286     0.0476               3.0104 2.6446e-08
                        9  2.4108     0.0476               1.5282 2.6446e-08
                       16  3.0835     0.0476               0.8555 2.6446e-08
                       17  3.1500     0.0476               0.7890 2.6446e-08
                       18  3.2155     0.0476               0.7235 2.6446e-08
                       19  3.2644     0.0476               0.6746 2.6446e-08
                       20  3.2800     0.0476               0.6590 2.6446e-08
                       23  3.3720     0.0476               0.5670 2.6446e-08
                       25  3.3811     0.0476               0.5579 2.6446e-08
                       30  3.4439     0.0476               0.4951 2.6446e-08
                       34  3.5626     0.0476               0.3764 2.6446e-08
                       35  3.5682     0.0476               0.3708 2.6446e-08
                       36  3.5768     0.0476               0.3622 2.6446e-08
                       38  3.6231     0.0476               0.3159 2.6446e-08
                       39  3.6320     0.0476               0.3070 2.6446e-08
                       40  3.6631     0.0476               0.2759 2.6446e-08
                       41  3.6675     0.0476               0.2715 2.6446e-08
                       42  3.6785     0.0476               0.2605 2.6446e-08
                       49  3.7965     0.0476               0.1425 2.6446e-08
 56  3.9195    4.5-                          1.1676e-06                       1.4000e-14
                       24  3.3777     0.0096               0.5418 1.1240e-08
                        7  1.8132     0.1792               2.1062 2.0916e-07
                        6  1.6092     0.1792               2.3102 2.0914e-07
                        1  0.3201     0.4079               3.5994 4.7577e-07
                        0  0.0000     0.2241               3.9195 2.6137e-07
 55  3.9024    4.5+                          1.3761e-06                       3.7000e-14
                        7  1.8132     0.3243               2.0891 4.4597e-07
                        6  1.6092     0.6757               2.2931 9.2908e-07
 54  3.8739    1.5+                          4.3231e-07
                        3  0.9286     0.0495               2.9453 2.1355e-08
                        1  0.3201     0.4013               3.5538 1.7321e-07
                        0  0.0000     0.5493               3.8739 2.3726e-07
 53  3.8737    7.5-                          3.9892e-06                       1.5000e-13
                       27  3.3856     0.0926               0.4881 3.6901e-07
                       13  2.6996     0.8982               1.1741 3.5826e-06
                        6  1.6092     0.0093               2.2645 3.6901e-08
 52  3.8400    3.5+                          1.0719e-06
                        0  0.0000     0.0526               3.8400 5.6414e-08
                        1  0.3201     0.0526               3.5199 5.6414e-08
                        7  1.8132     0.0526               2.0268 5.6414e-08
                       16  3.0835     0.0526               0.7565 5.6414e-08
                       19  3.2644     0.0526               0.5756 5.6414e-08
                       20  3.2800     0.0526               0.5600 5.6414e-08
                       24  3.3777     0.0526               0.4623 5.6414e-08
                       25  3.3811     0.0526               0.4589 5.6414e-08
                       26  3.3832     0.0526               0.4568 5.6414e-08
                       30  3.4439     0.0526               0.3961 5.6414e-08
                       31  3.4541     0.0526               0.3859 5.6414e-08
                       32  3.5169     0.0526               0.3231 5.6414e-08
                       34  3.5626     0.0526               0.2774 5.6414e-08
                       35  3.5682     0.0526               0.2718 5.6414e-08
                       37  3.6141     0.0526               0.2259 5.6414e-08
                       39  3.6320     0.0526               0.2080 5.6414e-08
                       41  3.6675     0.0526               0.1725 5.6414e-08
                       49  3.7965     0.0526               0.0435 5.6414e-08
                       50  3.8036     0.0526               0.0364 5.6414e-08
 51  3.8100    3.5+                          1.1644e-06
                        0  0.0000     0.0526               3.8100 6.1284e-08
                        1  0.3201     0.0526               3.4899 6.1284e-08
                        7  1.8132     0.0526               1.9968 6.1284e-08
                       16  3.0835     0.0526               0.7265 6.1284e-08
                       19  3.2644     0.0526               0.5456 6.1284e-08
                       20  3.2800     0.0526               0.5300 6.1284e-08
                       24  3.3777     0.0526               0.4323 6.1284e-08
                       25  3.3811     0.0526               0.4289 6.1284e-08
                       26  3.3832     0.0526               0.4268 6.1284e-08
                       30  3.4439     0.0526               0.3661 6.1284e-08
                       31  3.4541     0.0526               0.3559 6.1284e-08
                       32  3.5169     0.0526               0.2931 6.1284e-08
                       34  3.5626     0.0526               0.2474 6.1284e-08
                       35  3.5682     0.0526               0.2418 6.1284e-08
                       37  3.6141     0.0526               0.1959 6.1284e-08
                       39  3.6320     0.0526               0.1780 6.1284e-08
                       41  3.6675     0.0526               0.1425 6.1284e-08
                       49  3.7965     0.0526               0.0135 6.1284e-08
                       50  3.8036     0.0526               0.0064 6.1284e-08
 50  3.8036    4.5-                          1.7530e-06
                        7  1.8132     0.3976               1.9904 6.9677e-07
                        6  1.6092     0.4142               2.1944 7.2579e-07
                        0  0.0000     0.1882               3.8036 3.2957e-07
 49  3.7965    2.5-                          9.5254e-07                       2.4000e-14
                        3  0.9286     0.4011               2.8679 3.8180e-07
                        0  0.0000     0.5989               3.7965 5.6988e-07
 48  3.7795    3.5+                          1.3693e-06                       2.6000e-14
                        1  0.3201     0.5988               3.4594 8.1875e-07
                        0  0.0000     0.4012               3.7795 5.4850e-07
 47  3.7653    0.5+                          3.2357e-07
                        1  0.3201     1.0000               3.4452 3.2336e-07
 46  3.7482    0.5+                          3.4304e-07
                        1  0.3201     1.0000               3.4281 3.4282e-07
 45  3.7430    1.5+                          6.9293e-07
                        1  0.3201     0.0556               3.4229 3.8496e-08
                        3  0.9286     0.0556               2.8144 3.8496e-08
                        9  2.4108     0.0556               1.3322 3.8496e-08
                       16  3.0835     0.0556               0.6595 3.8496e-08
                       17  3.1500     0.0556               0.5930 3.8496e-08
                       18  3.2155     0.0556               0.5275 3.8496e-08
                       19  3.2644     0.0556               0.4786 3.8496e-08
                       20  3.2800     0.0556               0.4630 3.8496e-08
                       23  3.3720     0.0556               0.3710 3.8496e-08
                       25  3.3811     0.0556               0.3619 3.8496e-08
                       30  3.4439     0.0556               0.2991 3.8496e-08
                       35  3.5682     0.0556               0.1748 3.8496e-08
                       36  3.5768     0.0556               0.1662 3.8496e-08
                       38  3.6231     0.0556               0.1199 3.8496e-08
                       39  3.6320     0.0556               0.1110 3.8496e-08
                       40  3.6631     0.0556               0.0799 3.8496e-08
                       41  3.6675     0.0556               0.0755 3.8496e-08
                       42  3.6785     0.0556               0.0645 3.8496e-08
 44  3.7231    3.5+                          1.6746e-06
                        0  0.0000     1.0000               3.7231 1.6720e-06
 43  3.6808    1.5+                          8.2578e-07
                       16  3.0835     0.2480               0.5973 2.0475e-07
                        0  0.0000     0.7520               3.6808 6.2052e-07
 42  3.6785    1.5-                          8.7175e-07                       3.4000e-11
                        0  0.0000     1.0000               3.6785 8.7082e-07
 41  3.6675    2.5-                          1.4662e-06
                        9  2.4108     0.2616               1.2567 3.8351e-07
                        3  0.9286     0.0671               2.7389 9.8331e-08
                        1  0.3201     0.6713               3.3474 9.8337e-07
 40  3.6631    1.5-                          9.0491e-07
                        0  0.0000     1.0000               3.6631 9.0395e-07
 39  3.6320    2.5-                          1.5920e-06                       1.3000e-14
                        1  0.3201     0.7576               3.3119 1.2050e-06
                        0  0.0000     0.2424               3.6320 3.8551e-07
 38  3.6231    1.5-                          9.9632e-07
                        3  0.9286     0.2256               2.6945 2.2461e-07
                        1  0.3201     0.6097               3.3030 6.0697e-07
                        0  0.0000     0.1647               3.6231 1.6391e-07
 37  3.6141    4.5-                          3.2362e-06                       1.8700e-13
                        7  1.8132     0.2191               1.8008 7.0896e-07
                        6  1.6092     0.7558               2.0048 2.4450e-06
                        0  0.0000     0.0251               3.6141 8.1189e-08
 36  3.5768    1.5-                          1.2066e-06                       6.0000e-14
                        1  0.3201     0.4012               3.2567 4.8367e-07
                        0  0.0000     0.5988               3.5768 7.2176e-07
 35  3.5682    2.5-                          2.0132e-06                       8.0000e-14
                        1  0.3201     1.0000               3.2481 2.0115e-06
 34  3.5626    3.5-                          2.9221e-06
                        0  0.0000     1.0000               3.5626 2.9193e-06
 33  3.5555    3.5+                          2.9553e-06
                        0  0.0000     1.0000               3.5555 2.9509e-06
 32  3.5169    4.5-                          4.6174e-06                       1.7000e-14
                        7  1.8132     0.0718               1.7037 3.3138e-07
                        1  0.3201     0.2239               3.1969 1.0330e-06
                        0  0.0000     0.7043               3.5169 3.2490e-06
 31  3.4541    4.5-                          5.4577e-06                       1.0000e-14
                        1  0.3201     0.6211               3.1340 3.3869e-06
                        0  0.0000     0.3789               3.4541 2.0660e-06
 30  3.4439    2.5-                          2.7942e-06                       7.0000e-15
                        3  0.9286     1.0000               2.5153 2.7927e-06
 29  3.4128    3.5+                          4.3785e-06
                        1  0.3201     1.0000               3.0927 4.3729e-06
 28  3.3950    6.5-                          1.2886e-05                       1.5000e-14
                        7  1.8132     0.5650               1.5818 7.2793e-06
                        6  1.6092     0.4350               1.7858 5.6041e-06
 27  3.3856    6.5-                          1.4079e-05                       8.7000e-13
                       13  2.6996     0.0297               0.6860 4.1861e-07
                        7  1.8132     0.0110               1.5723 1.5527e-07
                        6  1.6092     0.9592               1.7764 1.3502e-05
 26  3.3832    4.5-                          6.9595e-06                       6.7000e-14
                        7  1.8132     0.1280               1.5700 8.9068e-07
                        6  1.6092     0.2621               1.7740 1.8237e-06
                        0  0.0000     0.6099               3.3832 4.2408e-06
 25  3.3811    2.5-                          3.4793e-06                       7.3000e-14
                        0  0.0000     1.0000               3.3811 3.4761e-06
 24  3.3777    4.5-                          7.1732e-06                       5.6000e-14
                        1  0.3201     0.1150               3.0576 8.2425e-07
                        0  0.0000     0.8850               3.3777 6.3427e-06
 23  3.3720    1.5-                          2.2777e-06
                        2  0.4700     0.1429               2.9020 3.2539e-07
                        5  1.1900     0.1429               2.1820 3.2539e-07
                       10  2.5464     0.1429               0.8256 3.2539e-07
                       11  2.6000     0.1429               0.7720 3.2539e-07
                       12  2.6775     0.1429               0.6945 3.2539e-07
                       14  2.7900     0.1429               0.5820 3.2539e-07
                       15  2.8700     0.1429               0.5020 3.2539e-07
 22  3.3200    4.5+                          9.5069e-06
                        0  0.0000     0.3333               3.3200 3.1690e-06
                        6  1.6092     0.3333               1.7108 3.1690e-06
                        7  1.8132     0.3333               1.5068 3.1690e-06
 21  3.3100    3.5+                          6.5188e-06
                        0  0.0000     0.1667               3.3100 1.0865e-06
                        1  0.3201     0.1667               2.9899 1.0865e-06
                        7  1.8132     0.1667               1.4968 1.0865e-06
                       16  3.0835     0.1667               0.2265 1.0865e-06
                       19  3.2644     0.1667               0.0456 1.0865e-06
                       20  3.2800     0.1667               0.0300 1.0865e-06
 20  3.2800    2.5-                          5.7810e-06                       1.3900e-13
                        9  2.4108     0.1381               0.8692 7.9813e-07
                        3  0.9286     0.3094               2.3514 1.7876e-06
                        1  0.3201     0.5525               2.9599 3.1919e-06
 19  3.2644    2.5-                          5.9637e-06                       5.3000e-14
                        9  2.4108     0.0098               0.8536 5.8482e-08
                        3  0.9286     0.0981               2.3357 5.8477e-07
                        1  0.3201     0.8921               2.9443 5.3163e-06
 18  3.2155    1.5-                          3.4611e-06                       2.6000e-14
                        9  2.4108     0.2989               0.8047 1.0342e-06
                        3  0.9286     0.5434               2.2869 1.8801e-06
                        1  0.3201     0.1577               2.8954 5.4537e-07
 17  3.1500    1.5-                          4.5647e-06
                        2  0.4700     0.1429               2.6800 6.5210e-07
                        5  1.1900     0.1429               1.9600 6.5210e-07
                       10  2.5464     0.1429               0.6036 6.5210e-07
                       11  2.6000     0.1429               0.5500 6.5210e-07
                       12  2.6775     0.1429               0.4725 6.5210e-07
                       14  2.7900     0.1429               0.3600 6.5210e-07
                       15  2.8700     0.1429               0.2800 6.5210e-07
 16  3.0835    2.5-                          9.8787e-06                       1.0400e-14
                        9  2.4108     0.0600               0.6728 5.9241e-07
                        3  0.9286     0.3079               2.1549 3.0409e-06
                        1  0.3201     0.4000               2.7634 3.9494e-06
                        0  0.0000     0.2320               3.0835 2.2903e-06
 15  2.8700    1.5+                          1.1219e-05
                        1  0.3201     0.3333               2.5499 3.7396e-06
                        3  0.9286     0.3333               1.9414 3.7396e-06
                        9  2.4108     0.3333               0.4592 3.7396e-06
 14  2.7900    2.5+                          2.1239e-05
                        0  0.0000     0.2500               2.7900 5.3099e-06
                        1  0.3201     0.2500               2.4699 5.3099e-06
                        3  0.9286     0.2500               1.8614 5.3099e-06
                        9  2.4108     0.2500               0.3792 5.3099e-06
 13  2.6996    7.5-                          1.6681e-04                       5.5000e-12
                        6  1.6092     1.0000               1.0904 1.6679e-04
 12  2.6775    1.5+                          1.8890e-05                       5.8000e-13
                        3  0.9286     1.0000               1.7488 1.8881e-05
 11  2.6000    2.5+                          3.5648e-05
                        0  0.0000     0.2500               2.6000 8.9120e-06
                        1  0.3201     0.2500               2.2799 8.9120e-06
                        3  0.9286     0.2500               1.6714 8.9120e-06
                        9  2.4108     0.2500               0.1892 8.9120e-06
 10  2.5464    0.5+                          1.4000e-05                       7.0000e-13
                        3  0.9286     1.0000               1.6178 1.3994e-05
  9  2.4108    1.5-                          5.6425e-05                       1.3900e-14
                        3  0.9286     0.0863               1.4821 4.8694e-06
                        1  0.3201     0.7194               2.0907 4.0579e-05
                        0  0.0000     0.1943               2.4108 1.0957e-05
  8  1.9100    4.5+                          4.9761e-04
                        0  0.0000     0.3333               1.9100 1.6587e-04
                        6  1.6092     0.3333               0.3008 1.6587e-04
                        7  1.8132     0.3333               0.0968 1.6587e-04
  7  1.8132    4.5-                          7.1615e-04                       5.8000e-13
                        6  1.6092     0.0106               0.2040 7.5004e-06
                        1  0.3201     0.2410               1.4932 1.7256e-04
                        0  0.0000     0.7484               1.8132 5.3582e-04
  6  1.6092    5.5-                          1.8887e-03                       5.5000e-13
                        0  0.0000     1.0000               1.6092 1.8883e-03
  5  1.1900    0.5+                          3.4682e-04
                        3  0.9286     1.0000               0.2614 3.4682e-04
  4  1.0100    3.5+                          2.9868e-03
                        0  0.0000     0.5000               1.0100 1.4934e-03
                        1  0.3201     0.5000               0.6899 1.4934e-03
  3  0.9286    1.5-                          1.6641e-03                       8.3000e-12
                        1  0.3201     0.1402               0.6086 2.3318e-04
                        0  0.0000     0.8598               0.9286 1.4305e-03
  2  0.4700    1.5+                          3.8136e-03
                        1  0.3201     1.0000               0.1499 3.8136e-03
  1  0.3201    2.5-                          1.3899e-02                       1.8400e-10
                        0  0.0000     1.0000               0.3201 1.3873e-02
  0  0.0000    3.5-                          5.1451e-02
#......................................................................../  026-058Fe //  26.000000
#                                                                          SUM SPECTRA FOR COMPOUND
#            024-053Cr      gamma
 SpcSum[mb]            1.1928e-07
 Emean[MeV]            8.3406e-01
#......................................................................../  026-058Fe //  26.000000
#                                                                   GAMMAS FROM DISCRETE TRANSITION
#           1 0 1 1 0 0             024-053Cr
#   Ex[MeV]     Jpi    FinalState  Branching Production    Egamma Production   T(1/2)[s]
 33  3.7810    0.5+                          4.9281e-18
                        0  0.0000     0.0909               3.7810 4.4801e-19
                        1  0.5640     0.0909               3.2170 4.4801e-19
                        8  2.3207     0.0909               1.4603 4.4801e-19
                       10  2.4620     0.0909               1.3190 4.4801e-19
                       12  2.6699     0.0909               1.1111 4.4801e-19
                       14  2.7085     0.0909               1.0725 4.4801e-19
                       15  2.7230     0.0909               1.0580 4.4801e-19
                       21  3.1721     0.0909               0.6089 4.4801e-19
                       22  3.1801     0.0909               0.6010 4.4801e-19
                       29  3.5950     0.0909               0.1860 4.4801e-19
                       30  3.6165     0.0909               0.1645 4.4801e-19
 32  3.7065    4.5+                          1.4859e-16
                        3  1.2895     1.0000               2.4170 1.4846e-16
 31  3.6955    3.5+                          1.1177e-16
                        0  0.0000     1.0000               3.6955 1.1168e-16
 30  3.6165    0.5-                          2.3048e-17
                        0  0.0000     1.0000               3.6165 2.3026e-17
 29  3.5950    0.5-                          2.6719e-17
                        1  0.5640     1.0000               3.0310 2.6719e-17
 28  3.5924    6.5-                          6.9064e-16                       1.3000e-13
                       17  2.8265     1.0000               0.7659 6.9049e-16
 27  3.4346    3.5-                          7.3497e-16
                        3  1.2895     1.0000               2.1451 7.3469e-16
 26  3.3817    4.5-                          1.8092e-15
                        4  1.5366     1.0000               1.8451 1.8087e-15
 25  3.3510    3.5-                          2.1037e-15
                       20  3.1371     0.5000               0.2139 1.0519e-15
                       24  3.2621     0.5000               0.0889 1.0519e-15
 24  3.2621    2.5+                          6.5460e-15                       2.1000e-14
                        4  1.5366     0.1999               1.7255 1.3079e-15
                        2  1.0063     0.2285               2.2559 1.4945e-15
                        0  0.0000     0.5716               3.2621 3.7366e-15
 23  3.2436    6.5-                          5.1895e-14                       6.0000e-13
                       19  3.0841     0.5000               0.1595 2.5947e-14
                        6  2.1723     0.5000               1.0713 2.5947e-14
 22  3.1801    1.5-                          3.1237e-15
                        3  1.2895     0.1000               1.8905 3.1216e-16
                        2  1.0063     0.1500               2.1738 4.6834e-16
                        1  0.5640     0.5000               2.6160 1.5608e-15
                        0  0.0000     0.2501               3.1801 7.8055e-16
 21  3.1721    1.5-                          3.2856e-15
                        0  0.0000     1.0000               3.1721 3.2829e-15
 20  3.1371    2.5+                          2.5598e-14                       4.0000e-14
                        3  1.2895     1.0000               1.8476 2.5584e-14
 19  3.0841    7.5-                          8.5235e-13                       3.0000e-11
                       13  2.7059     0.0070               0.3782 5.9241e-15
                        6  2.1723     0.9930               0.9118 8.4624e-13
 18  2.9925    2.5-                          2.9522e-14
                       11  2.6565     0.0000               0.3360 0.0000e+00
                        3  1.2895     0.5814               1.7030 1.7161e-14
                        2  1.0063     0.4186               1.9862 1.2354e-14
 17  2.8265    5.5-                          7.4254e-13                       1.1000e-13
                        7  2.2332     1.0000               0.5933 7.4227e-13
 16  2.7710    3.5-                          2.8292e-13
                        3  1.2895     1.0000               1.4815 2.8289e-13
 15  2.7230    1.5-                          2.3422e-13
                        0  0.0000     1.0000               2.7230 2.3422e-13
 14  2.7085    1.5-                          2.5895e-13
                        8  2.3207     0.0483               0.3878 1.2487e-14
                        5  1.9737     0.1316               0.7348 3.4064e-14
                        2  1.0063     0.2763               1.7022 7.1524e-14
                        1  0.5640     0.4386               2.1445 1.1352e-13
                        0  0.0000     0.1053               2.7085 2.7247e-14
 13  2.7059    5.5-                          2.4872e-12                       2.4000e-12
                        6  2.1723     1.0000               0.5335 2.4855e-12
 12  2.6699    0.5-                          1.6572e-13                       7.0000e-15
                        1  0.5640     0.4011               2.1059 6.6448e-14
                        0  0.0000     0.5989               2.6699 9.9189e-14
 11  2.6565    2.5-                          5.9259e-13                       1.7000e-14
                        3  1.2895     0.2671               1.3670 1.5827e-13
                        2  1.0063     0.6849               1.6502 4.0581e-13
                        0  0.0000     0.0480               2.6565 2.8411e-14
 10  2.4620    1.5-                          1.6277e-12
                        0  0.0000     1.0000               2.4620 1.6277e-12
  9  2.4531    4.5-                          1.1268e-11
                        6  2.1723     0.0000               0.2808 0.0000e+00
                        3  1.2895     0.4012               1.1636 4.5204e-12
                        2  1.0063     0.5988               1.4468 6.7466e-12
  8  2.3207    1.5-                          5.1102e-12                       8.0000e-16
                        0  0.0000     1.0000               2.3207 5.1081e-12
  7  2.2332    4.5-                          7.0630e-11                       3.6000e-13
                        4  1.5366     1.0000               0.6965 7.0612e-11
  6  2.1723    5.5-                          2.3156e-10                       9.6000e-12
                        3  1.2895     1.0000               0.8828 2.3151e-10
  5  1.9737    2.5-                          7.3324e-11                       3.9000e-13
                        3  1.2895     0.1597               0.6841 1.1707e-11
                        0  0.0000     0.8403               1.9737 6.1596e-11
  4  1.5366    3.5-                          2.7188e-09                       2.3000e-11
                        3  1.2895     0.2612               0.2471 7.0450e-10
                        2  1.0063     0.6481               0.5304 1.7612e-09
                        0  0.0000     0.0907               1.5366 2.4658e-10
  3  1.2895    3.5-                          1.6649e-08                       1.1700e-12
                        2  1.0063     0.0567               0.2833 9.4217e-10
                        0  0.0000     0.9433               1.2895 1.5703e-08
  2  1.0063    2.5-                          4.7192e-08                       7.1000e-12
                        1  0.5640     0.0043               0.4422 2.0202e-10
                        0  0.0000     0.9957               1.0063 4.6984e-08
  1  0.5640    0.5-                          5.2363e-08                       5.1000e-13
                        0  0.0000     1.0000               0.5640 5.2333e-08
  0  0.0000    1.5-                          3.7770e-06
#......................................................................../  026-058Fe //  26.000000
#                                                                          SUM SPECTRA FOR COMPOUND
#            024-057Cr      gamma    neutron
 SpcSum[mb]            2.8351e-09 0.0000e+00
 Emean[MeV]            2.8736e-01 0.0000e+00
#......................................................................../  026-058Fe //  26.000000
#                                                                   GAMMAS FROM DISCRETE TRANSITION
#           0 3 0 0 0 0             024-057Cr
#   Ex[MeV]     Jpi    FinalState  Branching Production    Egamma Production   T(1/2)[s]
  7  1.8581    4.5-                          1.4923e-12
                        2  0.6927     0.3789               1.1654 5.6538e-13
                        1  0.2679     0.6211               1.5902 9.2672e-13
  6  1.5852    5.5+                          1.6051e-11
                        2  0.6927     1.0000               0.8925 1.6051e-11
  5  1.5811    4.5-                          8.3312e-12
                        3  0.9418     0.7813               0.6393 6.5065e-12
                        1  0.2679     0.2187               1.3133 1.8218e-12
  4  1.5069    4.5+                          1.2840e-11
                        3  0.9418     1.0000               0.5651 1.2837e-11
  3  0.9418    3.5-                          1.7514e-10
                        2  0.6927     0.3236               0.2491 5.6224e-11
                        1  0.2679     0.1492               0.6739 2.6121e-11
                        0  0.0000     0.5272               0.9418 9.2315e-11
  2  0.6927    2.5-                          3.9126e-10
                        1  0.2679     0.1982               0.4248 7.7448e-11
                        0  0.0000     0.8018               0.6927 3.1361e-10
  1  0.2679    2.5-                          2.2425e-09
                        0  0.0000     1.0000               0.2679 2.2292e-09
  0  0.0000    1.5-                          6.5085e-09                       2.1100e+01
#......................................................................../  026-058Fe //  26.000000
#                                                                          SUM SPECTRA FOR COMPOUND
#            023-054V       gamma    neutron      alpha
 SpcSum[mb]            7.8314e-09 0.0000e+00 0.0000e+00
 Emean[MeV]            2.1367e-01 0.0000e+00 0.0000e+00
#......................................................................../  026-058Fe //  26.000000
#                                                                   GAMMAS FROM DISCRETE TRANSITION
#           0 2 1 0 0 0             023-054V 
#   Ex[MeV]     Jpi    FinalState  Branching Production    Egamma Production   T(1/2)[s]
 16  1.2146    5.0-                          5.5028e-12
                        3  0.2447     1.0000               0.9700 5.5020e-12
 15  1.2080    2.0-                          1.0004e-12
                        2  0.1160     0.2000               1.0920 2.0008e-13
                        6  0.4950     0.2000               0.7130 2.0008e-13
                        9  0.7450     0.2000               0.4630 2.0008e-13
                       13  0.9400     0.2000               0.2680 2.0008e-13
                       14  0.9680     0.2000               0.2400 2.0008e-13
 14  0.9680    4.0+                          1.0447e-11
                        4  0.2910     0.1667               0.6770 1.7412e-12
                        5  0.4470     0.1667               0.5210 1.7412e-12
                        7  0.5400     0.1667               0.4280 1.7412e-12
                        8  0.7030     0.1667               0.2650 1.7412e-12
                       10  0.7700     0.1667               0.1980 1.7412e-12
                       11  0.8470     0.1667               0.1210 1.7412e-12
 13  0.9400    1.0+                          2.4141e-12
                        4  0.2910     0.1667               0.6490 4.0236e-13
                        5  0.4470     0.1667               0.4930 4.0236e-13
                        7  0.5400     0.1667               0.4000 4.0236e-13
                        8  0.7030     0.1667               0.2370 4.0236e-13
                       10  0.7700     0.1667               0.1700 4.0236e-13
                       11  0.8470     0.1667               0.0930 4.0236e-13
 12  0.9000    1.0+                          2.7042e-12
                        0  0.0000     1.0000               0.9000 2.7037e-12
 11  0.8470    3.0-                          1.2759e-11
                        2  0.1160     0.3333               0.7310 4.2531e-12
                        6  0.4950     0.3333               0.3520 4.2531e-12
                        9  0.7450     0.3333               0.1020 4.2531e-12
 10  0.7700    4.0-                          2.9547e-11
                        2  0.1160     0.3333               0.6540 9.8491e-12
                        6  0.4950     0.3333               0.2750 9.8491e-12
                        9  0.7450     0.3333               0.0250 9.8491e-12
  9  0.7450    2.0+                          2.4674e-11
                        4  0.2910     0.2500               0.4540 6.1684e-12
                        5  0.4470     0.2500               0.2980 6.1684e-12
                        7  0.5400     0.2500               0.2050 6.1684e-12
                        8  0.7030     0.2500               0.0420 6.1684e-12
  8  0.7030    6.0-                          1.7128e-10
                        2  0.1160     0.5000               0.5870 8.5639e-11
                        6  0.4950     0.5000               0.2080 8.5639e-11
  7  0.5400    7.0-                          8.8205e-10
                        2  0.1160     0.5000               0.4240 4.4103e-10
                        6  0.4950     0.5000               0.0450 4.4103e-10
  6  0.4950    2.0+                          5.7495e-10
                        4  0.2910     0.5000               0.2040 2.8748e-10
                        5  0.4470     0.5000               0.0480 2.8748e-10
  5  0.4470    5.0-                          5.5746e-10
                        2  0.1160     1.0000               0.3310 5.5746e-10
  4  0.2910    6.0-                          1.4906e-09
                        2  0.1160     1.0000               0.1750 1.4906e-09
  3  0.2447    4.0-                          3.3434e-10
                        0  0.0000     1.0000               0.2447 3.3362e-10
  2  0.1160    2.0+                          2.7769e-09
                        0  0.0000     1.0000               0.1160 2.7769e-09
  1  0.1080    5.0+                          1.2316e-09                       9.0000e-07
                        0  0.0000     1.0000               0.1080 9.5102e-10
  0  0.0000    3.0+                          4.8772e-09                       4.9800e+01
#......................................................................../  026-058Fe //  26.000000
#                                                                          SUM SPECTRA FOR COMPOUND
#            024-056Cr      gamma
 SpcSum[mb]            8.8499e-23
 Emean[MeV]            1.0000e+00
#......................................................................../  026-058Fe //  26.000000
#                                                                   GAMMAS FROM DISCRETE TRANSITION
#           0 2 0 1 0 0             024-056Cr
#   Ex[MeV]     Jpi    FinalState  Branching Production    Egamma Production   T(1/2)[s]
  4  2.0766    1.0-                          1.1176e-36                       2.8000e-12
                        1  1.0066     1.0000               1.0700 1.1175e-36
  3  1.8316    2.0+                          3.5951e-31
                        1  1.0066     0.8475               0.8250 3.0462e-31
                        0  0.0000     0.1525               1.8316 5.4811e-32
  2  1.6745    0.0+                          1.0094e-29
                        1  1.0066     1.0000               0.6679 1.0090e-29
  1  1.0066    2.0+                          8.8513e-23                       1.4000e-12
                        0  0.0000     1.0000               1.0066 8.8499e-23
  0  0.0000    0.0+                          1.8521e-17                       3.5640e+02
#......................................................................../  026-058Fe //  26.000000
#                                                                          SUM SPECTRA FOR COMPOUND
#            022-051Ti      gamma    neutron     proton      alpha
 SpcSum[mb]            3.9008e-09 0.0000e+00 0.0000e+00 0.0000e+00
 Emean[MeV]            1.3729e+00 0.0000e+00 0.0000e+00 0.0000e+00
#......................................................................../  026-058Fe //  26.000000
#                                                                   GAMMAS FROM DISCRETE TRANSITION
#           0 1 2 0 0 0             022-051Ti
#   Ex[MeV]     Jpi    FinalState  Branching Production    Egamma Production   T(1/2)[s]
 34  5.4200    0.5+                          5.4143e-19
                        0  0.0000     0.1667               5.4200 9.0238e-20
                        1  1.1667     0.1667               4.2533 9.0238e-20
                        5  2.1981     0.1667               3.2219 9.0238e-20
                       10  2.9058     0.1667               2.5142 9.0238e-20
                       13  3.1738     0.1667               2.2462 9.0238e-20
                       23  4.5690     0.1667               0.8510 9.0238e-20
 33  5.2240    4.5+                          1.5052e-17
                        2  1.4373     0.0909               3.7867 1.3684e-18
                        6  2.3446     0.0909               2.8794 1.3684e-18
                        7  2.6914     0.0909               2.5326 1.3684e-18
                        8  2.7312     0.0909               2.4928 1.3684e-18
                       11  2.9193     0.0909               2.3047 1.3684e-18
                       12  3.0623     0.0909               2.1617 1.3684e-18
                       14  3.2374     0.0909               1.9866 1.3684e-18
                       15  3.6185     0.0909               1.6055 1.3684e-18
                       18  4.0220     0.0909               1.2020 1.3684e-18
                       19  4.0950     0.0909               1.1290 1.3684e-18
                       28  4.8821     0.0909               0.3419 1.3684e-18
 32  5.1490    2.5-                          1.0577e-17
                       20  4.1720     0.1667               0.9770 1.7629e-18
                       22  4.4700     0.1667               0.6790 1.7629e-18
                       24  4.6020     0.1667               0.5470 1.7629e-18
                       29  4.9980     0.1667               0.1510 1.7629e-18
                       30  5.0130     0.1667               0.1360 1.7629e-18
                       31  5.1020     0.1667               0.0470 1.7629e-18
 31  5.1020    3.5+                          2.3608e-17
                        2  1.4373     0.0769               3.6647 1.8160e-18
                        3  1.5675     0.0769               3.5345 1.8160e-18
                        4  2.1440     0.0769               2.9580 1.8160e-18
                        7  2.6914     0.0769               2.4106 1.8160e-18
                        8  2.7312     0.0769               2.3708 1.8160e-18
                       11  2.9193     0.0769               2.1827 1.8160e-18
                       12  3.0623     0.0769               2.0397 1.8160e-18
                       14  3.2374     0.0769               1.8646 1.8160e-18
                       15  3.6185     0.0769               1.4835 1.8160e-18
                       18  4.0220     0.0769               1.0800 1.8160e-18
                       19  4.0950     0.0769               1.0070 1.8160e-18
                       21  4.1866     0.0769               0.9154 1.8160e-18
                       28  4.8821     0.0769               0.2199 1.8160e-18
 30  5.0130    2.5+                          2.7731e-17
                        0  0.0000     0.0833               5.0130 2.3109e-18
                        2  1.4373     0.0833               3.5757 2.3109e-18
                        3  1.5675     0.0833               3.4455 2.3109e-18
                        4  2.1440     0.0833               2.8690 2.3109e-18
                        5  2.1981     0.0833               2.8149 2.3109e-18
                        7  2.6914     0.0833               2.3216 2.3109e-18
                       11  2.9193     0.0833               2.0937 2.3109e-18
                       13  3.1738     0.0833               1.8392 2.3109e-18
                       15  3.6185     0.0833               1.3945 2.3109e-18
                       18  4.0220     0.0833               0.9910 2.3109e-18
                       21  4.1866     0.0833               0.8264 2.3109e-18
                       23  4.5690     0.0833               0.4440 2.3109e-18
 29  4.9980    1.5+                          1.9698e-17
                        0  0.0000     0.1000               4.9980 1.9698e-18
                        1  1.1667     0.1000               3.8313 1.9698e-18
                        3  1.5675     0.1000               3.4305 1.9698e-18
                        4  2.1440     0.1000               2.8540 1.9698e-18
                        5  2.1981     0.1000               2.7999 1.9698e-18
                       10  2.9058     0.1000               2.0922 1.9698e-18
                       13  3.1738     0.1000               1.8242 1.9698e-18
                       15  3.6185     0.1000               1.3795 1.9698e-18
                       21  4.1866     0.1000               0.8114 1.9698e-18
                       23  4.5690     0.1000               0.4290 1.9698e-18
 28  4.8821    4.5-                          1.3870e-16
                        4  2.1440     1.0000               2.7381 1.3860e-16
 27  4.8820    0.5+                          1.8687e-17
                        0  0.0000     0.1667               4.8820 3.1144e-18
                        1  1.1667     0.1667               3.7153 3.1144e-18
                        5  2.1981     0.1667               2.6839 3.1144e-18
                       10  2.9058     0.1667               1.9762 3.1144e-18
                       13  3.1738     0.1667               1.7082 3.1144e-18
                       23  4.5690     0.1667               0.3130 3.1144e-18
 26  4.8200    0.5+                          2.7482e-17
                        0  0.0000     0.1667               4.8200 4.5803e-18
                        1  1.1667     0.1667               3.6533 4.5803e-18
                        5  2.1981     0.1667               2.6219 4.5803e-18
                       10  2.9058     0.1667               1.9142 4.5803e-18
                       13  3.1738     0.1667               1.6462 4.5803e-18
                       23  4.5690     0.1667               0.2510 4.5803e-18
 25  4.7570    0.5+                          4.0492e-17
                        0  0.0000     0.1667               4.7570 6.7487e-18
                        1  1.1667     0.1667               3.5903 6.7487e-18
                        5  2.1981     0.1667               2.5589 6.7487e-18
                       10  2.9058     0.1667               1.8512 6.7487e-18
                       13  3.1738     0.1667               1.5832 6.7487e-18
                       23  4.5690     0.1667               0.1880 6.7487e-18
 24  4.6020    1.5+                          2.0856e-16
                        0  0.0000     0.1000               4.6020 2.0856e-17
                        1  1.1667     0.1000               3.4353 2.0856e-17
                        3  1.5675     0.1000               3.0345 2.0856e-17
                        4  2.1440     0.1000               2.4580 2.0856e-17
                        5  2.1981     0.1000               2.4039 2.0856e-17
                       10  2.9058     0.1000               1.6962 2.0856e-17
                       13  3.1738     0.1000               1.4282 2.0856e-17
                       15  3.6185     0.1000               0.9835 2.0856e-17
                       21  4.1866     0.1000               0.4154 2.0856e-17
                       23  4.5690     0.1000               0.0330 2.0856e-17
 23  4.5690    1.5-                          2.9121e-16
                       20  4.1720     1.0000               0.3970 2.9121e-16
 22  4.4700    3.5+                          1.0813e-15
                        2  1.4373     0.0833               3.0327 9.0107e-17
                        3  1.5675     0.0833               2.9025 9.0107e-17
                        4  2.1440     0.0833               2.3260 9.0107e-17
                        7  2.6914     0.0833               1.7786 9.0107e-17
                        8  2.7312     0.0833               1.7388 9.0107e-17
                       11  2.9193     0.0833               1.5507 9.0107e-17
                       12  3.0623     0.0833               1.4077 9.0107e-17
                       14  3.2374     0.0833               1.2326 9.0107e-17
                       15  3.6185     0.0833               0.8515 9.0107e-17
                       18  4.0220     0.0833               0.4480 9.0107e-17
                       19  4.0950     0.0833               0.3750 9.0107e-17
                       21  4.1866     0.0833               0.2834 9.0107e-17
 21  4.1866    2.5-                          3.6651e-15
                        3  1.5675     1.0000               2.6191 3.6629e-15
 20  4.1720    2.5+                          4.2079e-15
                        0  0.0000     0.1000               4.1720 4.2079e-16
                        2  1.4373     0.1000               2.7347 4.2079e-16
                        3  1.5675     0.1000               2.6045 4.2079e-16
                        4  2.1440     0.1000               2.0280 4.2079e-16
                        5  2.1981     0.1000               1.9739 4.2079e-16
                        7  2.6914     0.1000               1.4806 4.2079e-16
                       11  2.9193     0.1000               1.2527 4.2079e-16
                       13  3.1738     0.1000               0.9982 4.2079e-16
                       15  3.6185     0.1000               0.5535 4.2079e-16
                       18  4.0220     0.1000               0.1500 4.2079e-16
 19  4.0950    4.5-                          1.3726e-14
                       12  3.0623     0.6493               1.0327 8.9116e-15
                        6  2.3446     0.3507               1.7504 4.8128e-15
 18  4.0220    3.5-                          1.3896e-14
                       17  3.7713     1.0000               0.2507 1.3896e-14
 17  3.7713    4.5+                          9.2677e-14                       1.1600e-13
                        6  2.3446     0.4284               1.4267 3.9694e-14
                        2  1.4373     0.5716               2.3340 5.2928e-14
 16  3.6441    6.5+                          3.7540e-13
                        9  2.7542     1.0000               0.8899 3.7537e-13
 15  3.6185    3.0-                          5.7804e-14
                        8  2.7312     0.0643               0.8873 3.7162e-15
                        4  2.1440     0.1496               1.4745 8.6475e-15
                        3  1.5675     0.6365               2.0510 3.6792e-14
                        2  1.4373     0.1496               2.1812 8.6475e-15
 14  3.2374    4.5-                          1.1259e-12
                        2  1.4373     1.0000               1.8001 1.1257e-12
 13  3.1738    1.5-                          4.1547e-13                       1.1800e-14
                        5  2.1981     0.1128               0.9757 4.6864e-14
                        1  1.1667     0.0806               2.0071 3.3483e-14
                        0  0.0000     0.8066               3.1738 3.3483e-13
 12  3.0623    4.5-                          2.6130e-12
                        8  2.7312     0.2141               0.3311 5.5816e-13
                        6  2.3446     0.5328               0.7177 1.3919e-12
                        2  1.4373     0.2531               1.6250 6.6125e-13
 11  2.9193    3.5-                          3.3395e-12                       1.4000e-14
                        4  2.1440     0.1577               0.7753 5.2653e-13
                        3  1.5675     0.1849               1.3518 6.1741e-13
                        2  1.4373     0.5437               1.4820 1.8155e-12
                        0  0.0000     0.1137               2.9193 3.7941e-13
 10  2.9058    0.5-                          7.1534e-13                       7.6000e-15
                        5  2.1981     0.2817               0.7077 2.0146e-13
                        1  1.1667     0.4694               1.7391 3.3572e-13
                        0  0.0000     0.2489               2.9058 1.7792e-13
  9  2.7542    7.5-                          3.9952e-11                       8.0000e-10
                        6  2.3446     1.0000               0.4096 3.9883e-11
  8  2.7312    4.5-                          1.2598e-11
                        6  2.3446     0.2212               0.3866 2.7828e-12
                        3  1.5675     0.0399               1.1637 5.0263e-13
                        2  1.4373     0.7389               1.2939 9.3081e-12
  7  2.6914    3.5-                          9.4634e-12
                        3  1.5675     0.6930               1.1239 6.5576e-12
                        2  1.4373     0.1940               1.2541 1.8358e-12
                        0  0.0000     0.1130               2.6914 1.0687e-12
  6  2.3446    5.5-                          1.4808e-10                       9.6000e-12
                        2  1.4373     1.0000               0.9073 1.4806e-10
  5  2.1981    1.5-                          3.3550e-11                       1.0000e-14
                        3  1.5675     0.1987               0.6306 6.6642e-12
                        1  1.1667     0.1390               1.0314 4.6630e-12
                        0  0.0000     0.6623               2.1981 2.2211e-11
  4  2.1440    2.5-                          6.7025e-11                       1.1000e-13
                        3  1.5675     0.0909               0.5765 6.0933e-12
                        2  1.4373     0.0257               0.7067 1.7234e-12
                        1  1.1667     0.0171               0.9773 1.1493e-12
                        0  0.0000     0.8662               2.1440 5.8035e-11
  3  1.5675    2.5-                          7.0507e-10                       8.6000e-14
                        0  0.0000     1.0000               1.5675 7.0497e-10
  2  1.4373    3.5-                          1.9096e-09                       4.2000e-13
                        0  0.0000     1.0000               1.4373 1.9093e-09
  1  1.1667    0.5-                          9.6727e-10                       3.4000e-14
                        0  0.0000     1.0000               1.1667 9.6720e-10
  0  0.0000    1.5-                          1.1618e-07                       3.4560e+02
#......................................................................../  026-058Fe //  26.000000
#                                                                          SUM SPECTRA FOR COMPOUND
#            023-053V       gamma
 SpcSum[mb]            1.0002e-20
 Emean[MeV]            2.0001e-01
#......................................................................../  026-058Fe //  26.000000
#                                                                   GAMMAS FROM DISCRETE TRANSITION
#           0 1 1 1 0 0             023-053V 
#   Ex[MeV]     Jpi    FinalState  Branching Production    Egamma Production   T(1/2)[s]
 11  2.3320    1.5+                          3.6544e-37
                        1  0.1276     0.1667               2.2044 6.0906e-38
                        2  0.2284     0.1667               2.1036 6.0906e-38
                        5  1.5496     0.1667               0.7824 6.0906e-38
                        8  1.9040     0.1667               0.4280 6.0906e-38
                        9  1.9576     0.1667               0.3744 6.0906e-38
                       10  2.0840     0.1667               0.2480 6.0906e-38
 10  2.0840    1.5-                          5.1014e-35
                        2  0.2284     0.4819               1.8556 2.4577e-35
                        1  0.1276     0.5181               1.9564 2.6423e-35
  9  1.9576    0.5-                          1.3078e-34                       3.0000e-14
                        2  0.2284     1.0000               1.7292 1.3075e-34
  8  1.9040    2.5-                          1.6453e-33
                        2  0.2284     0.6060               1.6756 9.9692e-34
                        1  0.1276     0.0970               1.7764 1.5952e-34
                        0  0.0000     0.2970               1.9040 4.8855e-34
  7  1.8520    2.5+                          1.9381e-32
                        0  0.0000     0.2000               1.8520 3.8763e-33
                        1  0.1276     0.2000               1.7244 3.8763e-33
                        2  0.2284     0.2000               1.6236 3.8763e-33
                        4  1.2660     0.2000               0.5860 3.8763e-33
                        5  1.5496     0.2000               0.3024 3.8763e-33
  6  1.6530    4.5-                          2.0232e-30                       4.5000e-13
                        0  0.0000     1.0000               1.6530 2.0229e-30
  5  1.5496    1.5-                          2.1866e-30                       8.0000e-14
                        2  0.2284     0.3590               1.3212 7.8492e-31
                        1  0.1276     0.6410               1.4220 1.4015e-30
  4  1.2660    3.5-                          1.4110e-27                       1.1000e-12
                        3  1.0912     0.0922               0.1748 1.2452e-28
                        1  0.1276     0.2774               1.1384 3.9138e-28
                        0  0.0000     0.6304               1.2660 8.8943e-28
  3  1.0912    5.5-                          1.6156e-25                       2.0000e-12
                        0  0.0000     1.0000               1.0912 1.6154e-25
  2  0.2284    1.5-                          1.5426e-21                       4.0000e-09
                        1  0.1276     0.3391               0.1008 5.1171e-22
                        0  0.0000     0.6609               0.2284 1.0035e-21
  1  0.1276    2.5-                          8.5894e-21                       7.0000e-10
                        0  0.0000     1.0000               0.1276 8.4868e-21
  0  0.0000    3.5-                          1.7620e-19                       9.2580e+01
#......................................................................../  026-058Fe //  26.000000
#                                                                          SUM SPECTRA FOR COMPOUND
#            021-048Sc      gamma    neutron     proton      alpha
 SpcSum[mb]            1.1334e-12 0.0000e+00 0.0000e+00 0.0000e+00
 Emean[MeV]            2.1081e-01 0.0000e+00 0.0000e+00 0.0000e+00
#......................................................................../  026-058Fe //  26.000000
#                                                                   GAMMAS FROM DISCRETE TRANSITION
#           0 0 3 0 0 0             021-048Sc
#   Ex[MeV]     Jpi    FinalState  Branching Production    Egamma Production   T(1/2)[s]
 34  2.9808    1.0+                          1.5009e-20
                        6  1.1426     1.0000               1.8382 1.5005e-20
 33  2.9730    1.0-                          1.5304e-20
                        6  1.1426     0.1667               1.8304 2.5506e-21
                       15  2.2000     0.1667               0.7730 2.5506e-21
                       17  2.2755     0.1667               0.6975 2.5506e-21
                       19  2.3900     0.1667               0.5830 2.5506e-21
                       21  2.5173     0.1667               0.4557 2.5506e-21
                       29  2.7833     0.1667               0.1897 2.5506e-21
 32  2.9240    2.0-                          3.7068e-20
                        4  0.6226     0.6302               2.3014 2.3340e-20
                        2  0.2524     0.3698               2.6717 1.3702e-20
 31  2.8913    2.0-                          4.5957e-20
                        6  1.1426     0.5494               1.7487 2.5237e-20
                        4  0.6226     0.4506               2.2687 2.0691e-20
 30  2.8112    1.0-                          4.4106e-20
                        7  1.4017     1.0000               1.4095 4.4102e-20
 29  2.7833    2.0+                          9.1202e-20
                        9  1.8911     0.5882               0.8922 5.3641e-20
                        7  1.4017     0.3412               1.3816 3.1111e-20
                        4  0.6226     0.0706               2.1607 6.4372e-21
 28  2.7390    2.0-                          1.2294e-19
                        4  0.6226     0.1250               2.1164 1.5368e-20
                        6  1.1426     0.1250               1.5964 1.5368e-20
                       13  2.1905     0.1250               0.5485 1.5368e-20
                       15  2.2000     0.1250               0.5390 1.5368e-20
                       16  2.2020     0.1250               0.5370 1.5368e-20
                       17  2.2755     0.1250               0.4635 1.5368e-20
                       19  2.3900     0.1250               0.3490 1.5368e-20
                       21  2.5173     0.1250               0.2217 1.5368e-20
 27  2.7290    4.0+                          2.6408e-19
                        2  0.2524     1.0000               2.4767 2.6394e-19
 26  2.6703    1.0-                          1.0858e-19
                        7  1.4017     1.0000               1.2686 1.0857e-19
 25  2.6401    1.0-                          1.3145e-19
                        7  1.4017     1.0000               1.2384 1.3144e-19
 24  2.6260    1.0-                          1.4366e-19
                        6  1.1426     0.2000               1.4834 2.8732e-20
                       15  2.2000     0.2000               0.4260 2.8732e-20
                       17  2.2755     0.2000               0.3505 2.8732e-20
                       19  2.3900     0.2000               0.2360 2.8732e-20
                       21  2.5173     0.2000               0.1087 2.8732e-20
 23  2.6196    4.0-                          5.5517e-19
                        2  0.2524     0.4413               2.3673 2.4478e-19
                        1  0.1309     0.5587               2.4887 3.0987e-19
 22  2.5602    3.0-                          5.4415e-19
                        6  1.1426     0.5812               1.4176 3.1619e-19
                        2  0.2524     0.4188               2.3079 2.2770e-19
 21  2.5173    1.0+                          3.3773e-19
                        6  1.1426     1.0000               1.3747 3.3770e-19
 20  2.3907    4.0-                          2.2825e-18
                        4  0.6226     0.5290               1.7681 1.2068e-18
                        2  0.2524     0.4710               2.1383 1.0743e-18
 19  2.3900    2.0+                          1.0828e-18
                        7  1.4017     0.3333               0.9883 3.6093e-19
                        8  1.4320     0.3333               0.9580 3.6093e-19
                        9  1.8911     0.3333               0.4989 3.6093e-19
 18  2.3100    5.0-                          5.1104e-18
                        2  0.2524     1.0000               2.0577 5.1069e-18
 17  2.2755    2.0+                          2.1126e-18
                        6  1.1426     0.6998               1.1329 1.4783e-18
                        4  0.6226     0.3002               1.6528 6.3409e-19
 16  2.2020    3.0+                          4.8862e-18
                        3  0.3880     0.1667               1.8140 8.1436e-19
                        7  1.4017     0.1667               0.8003 8.1436e-19
                        8  1.4320     0.1667               0.7700 8.1436e-19
                        9  1.8911     0.1667               0.3109 8.1436e-19
                       11  2.1036     0.1667               0.0984 8.1436e-19
                       12  2.1650     0.1667               0.0370 8.1436e-19
 15  2.2000    1.0+                          2.0367e-18
                        7  1.4017     1.0000               0.7983 2.0367e-18
 14  2.1960    5.0+                          1.0171e-17
                        3  0.3880     0.3333               1.8080 3.3902e-18
                       11  2.1036     0.3333               0.0924 3.3902e-18
                       12  2.1650     0.3333               0.0310 3.3902e-18
 13  2.1905    3.0+                          5.2292e-18
                        4  0.6226     0.2199               1.5678 1.1498e-18
                        2  0.2524     0.7801               1.9381 4.0783e-18
 12  2.1650    4.0-                          1.3009e-17
                        1  0.1309     0.2500               2.0341 3.2523e-18
                        2  0.2524     0.2500               1.9126 3.2523e-18
                        4  0.6226     0.2500               1.5424 3.2523e-18
                       10  2.0641     0.2500               0.1009 3.2523e-18
 11  2.1036    4.0-                          1.6816e-17
                        4  0.6226     0.5099               1.4810 8.5721e-18
                        2  0.2524     0.2300               1.8513 3.8655e-18
                        1  0.1309     0.2601               1.9727 4.3710e-18
 10  2.0641    5.0+                          2.5232e-17
                        2  0.2524     0.2401               1.8117 6.0567e-18
                        0  0.0000     0.7599               2.0641 1.9168e-17
  9  1.8911    3.0-                          3.0317e-17
                        7  1.4017     0.3662               0.4894 1.1096e-17
                        6  1.1426     0.0692               0.7485 2.0970e-18
                        4  0.6226     0.0596               1.2684 1.8062e-18
                        2  0.2524     0.5050               1.6387 1.5305e-17
  8  1.4320    3.0-                          3.6694e-16
                        2  0.2524     0.3333               1.1796 1.2231e-16
                        4  0.6226     0.3333               0.8094 1.2231e-16
                        6  1.1426     0.3333               0.2894 1.2231e-16
  7  1.4017    2.0-                          3.1547e-16
                        6  1.1426     0.0404               0.2591 1.2715e-17
                        4  0.6226     0.9596               0.7791 3.0271e-16
  6  1.1426    2.0+                          1.2483e-15
                        4  0.6226     1.0000               0.5199 1.2477e-15
  5  1.0960    7.0+                          7.9711e-15
                        0  0.0000     1.0000               1.0960 7.9711e-15
  4  0.6226    3.0+                          2.4274e-14
                        2  0.2524     1.0000               0.3703 2.4258e-14
  3  0.3880    4.0-                          1.0262e-13
                        1  0.1309     0.5000               0.2571 5.1308e-14
                        2  0.2524     0.5000               0.1356 5.1308e-14
  2  0.2524    4.0+                          2.5291e-13
                        1  0.1309     1.0000               0.1214 2.5046e-13
  1  0.1309    5.0+                          7.5204e-13
                        0  0.0000     1.0000               0.1309 7.4601e-13
  0  0.0000    6.0+                          1.8327e-12                       1.5720e+05
#......................................................................../  026-058Fe //  26.000000
#                                                                          SUM SPECTRA FOR COMPOUND
#            022-050Ti      gamma
 SpcSum[mb]            5.2562e-18
 Emean[MeV]            1.5999e+00
#......................................................................../  026-058Fe //  26.000000
#                                                                   GAMMAS FROM DISCRETE TRANSITION
#           0 0 2 1 0 0             022-050Ti
#   Ex[MeV]     Jpi    FinalState  Branching Production    Egamma Production   T(1/2)[s]
 19  4.9400    2.0+                          4.9220e-37
                        7  4.1470     0.2500               0.7930 1.2305e-37
                       12  4.4100     0.2500               0.5300 1.2305e-37
                       14  4.5360     0.2500               0.4040 1.2305e-37
                       15  4.5760     0.2500               0.3640 1.2305e-37
 18  4.9280    5.0-                          1.5030e-36
                        2  2.6749     0.2500               2.2531 3.7575e-37
                        3  3.1987     0.2500               1.7293 3.7575e-37
                        8  4.1472     0.2500               0.7808 3.7575e-37
                       17  4.8807     0.2500               0.0473 3.7575e-37
 17  4.8807    5.0+                          3.9692e-36                       2.1500e-13
                        8  4.1472     0.0192               0.7335 7.6188e-38
                        3  3.1987     0.0751               1.6820 2.9821e-37
                        2  2.6749     0.9057               2.2058 3.5933e-36
 16  4.7900    2.0+                          2.3341e-35                       1.4000e-14
                        1  1.5538     0.8984               3.2362 2.0952e-35
                        0  0.0000     0.1016               4.7900 2.3680e-36
 15  4.5760    2.0-                          2.0757e-33
                        1  1.5538     0.1667               3.0222 3.4595e-34
                        4  3.8628     0.1667               0.7132 3.4595e-34
                        9  4.1720     0.1667               0.4040 3.4595e-34
                       10  4.1725     0.1667               0.4035 3.4595e-34
                       11  4.3098     0.1667               0.2661 3.4595e-34
                       13  4.4867     0.1667               0.0893 3.4595e-34
 14  4.5360    1.0-                          2.4952e-33
                        0  0.0000     0.1429               4.5360 3.5646e-34
                        1  1.5538     0.1429               2.9822 3.5646e-34
                        4  3.8628     0.1429               0.6732 3.5646e-34
                        5  3.8682     0.1429               0.6678 3.5646e-34
                       10  4.1725     0.1429               0.3635 3.5646e-34
                       11  4.3098     0.1429               0.2261 3.5646e-34
                       13  4.4867     0.1429               0.0493 3.5646e-34
 13  4.4867    2.0+                          1.0659e-32
                        1  1.5538     0.8546               2.9329 9.1029e-33
                        0  0.0000     0.1454               4.4867 1.5478e-33
 12  4.4100    3.0-                          6.3185e-32                       2.8000e-09
                        2  2.6749     0.2031               1.7351 1.2827e-32
                        1  1.5538     0.7969               2.8562 5.0293e-32
 11  4.3098    2.0+                          1.9242e-31                       6.1000e-15
                        1  1.5538     0.8360               2.7561 1.6077e-31
                        0  0.0000     0.1640               4.3098 3.1517e-32
 10  4.1725    2.0+                          1.6295e-30                       1.1000e-14
                        1  1.5538     1.0000               2.6187 1.6285e-30
  9  4.1720    3.0+                          2.2992e-30                       8.3000e-13
                        2  2.6749     0.3242               1.4971 7.4532e-31
                        1  1.5538     0.6758               2.6182 1.5529e-30
  8  4.1472    4.0+                          4.6091e-30                       3.3000e-14
                        2  2.6749     1.0000               1.4723 4.6086e-30
  7  4.1470    3.0-                          4.0289e-30
                        1  1.5538     0.3333               2.5932 1.3430e-30
                        2  2.6749     0.3333               1.4721 1.3430e-30
                        4  3.8628     0.3333               0.2842 1.3430e-30
  6  3.9749    4.0-                          6.3507e-29
                        2  2.6749     1.0000               1.3000 6.3498e-29
  5  3.8682    0.0+                          2.2697e-29                       5.0000e-13
                        1  1.5538     1.0000               2.3144 2.2686e-29
  4  3.8628    2.0+                          1.2893e-28
                        1  1.5538     1.0000               2.3090 1.2888e-28
  3  3.1987    6.0+                          2.4719e-23                       4.1800e-10
                        2  2.6749     1.0000               0.5238 2.4700e-23
  2  2.6749    4.0+                          8.1677e-22                       5.3000e-12
                        1  1.5538     1.0000               1.1211 8.1669e-22
  1  1.5538    2.0+                          5.2561e-18                       1.0610e-12
                        0  0.0000     1.0000               1.5538 5.2553e-18
  0  0.0000    0.0+                          6.7514e-14
#......................................................................../  026-058Fe //  26.000000
#                                                                          SUM SPECTRA FOR COMPOUND
#            026-056Fe      gamma
 SpcSum[mb]            9.3021e-01
 Emean[MeV]            8.1477e-01
#......................................................................../  026-058Fe //  26.000000
#                                                                   GAMMAS FROM DISCRETE TRANSITION
#           3 1 0 0 0 0             026-056Fe
#   Ex[MeV]     Jpi    FinalState  Branching Production    Egamma Production   T(1/2)[s]
 54  4.8871    1.0+                          1.0841e-20
                       18  3.8298     1.0000               1.0573 1.0839e-20
 53  4.8817    4.0-                          2.5230e-19
                        2  2.0851     0.0667               2.7966 1.6820e-20
                        7  3.1230     0.0667               1.7587 1.6820e-20
                       10  3.4453     0.0667               1.4364 1.6820e-20
                       19  3.8565     0.0667               1.0252 1.6820e-20
                       20  4.0489     0.0667               0.8328 1.6820e-20
                       22  4.1004     0.0667               0.7813 1.6820e-20
                       23  4.1199     0.0667               0.7618 1.6820e-20
                       24  4.2981     0.0667               0.5836 1.6820e-20
                       28  4.3949     0.0667               0.4868 1.6820e-20
                       31  4.4585     0.0667               0.4232 1.6820e-20
                       34  4.5548     0.0667               0.3269 1.6820e-20
                       36  4.6108     0.0667               0.2709 1.6820e-20
                       40  4.6830     0.0667               0.1987 1.6820e-20
                       41  4.6923     0.0667               0.1894 1.6820e-20
                       48  4.8127     0.0667               0.0690 1.6820e-20
 52  4.8780    2.0+                          4.4110e-20
                        5  2.9600     0.1958               1.9180 8.6343e-21
                        2  2.0851     0.2736               2.7929 1.2060e-20
                        1  0.8468     0.3379               4.0312 1.4888e-20
                        0  0.0000     0.1927               4.8780 8.4876e-21
 51  4.8665    1.0+                          4.3694e-20                       9.7000e-15
                       12  3.6002     0.0051               1.2663 2.2338e-22
                       11  3.4484     0.0818               1.4181 3.5737e-21
                       10  3.4453     0.0092               1.4212 4.0206e-22
                        8  3.3699     0.0399               1.4966 1.7423e-21
                        6  3.1201     0.0112               1.7464 4.9145e-22
                        5  2.9600     0.2807               1.9065 1.2261e-20
                        3  2.6576     0.0307               2.2089 1.3400e-21
                        2  2.0851     0.0040               2.7814 1.7424e-22
                        1  0.8468     0.5118               4.0197 2.2337e-20
                        0  0.0000     0.0256               4.8665 1.1166e-21
 50  4.8479    2.0+                          2.8590e-19                       6.4000e-14
                        3  2.6576     0.3333               2.1903 9.5300e-20
                        2  2.0851     0.3333               2.7628 9.5300e-20
                        0  0.0000     0.3333               4.8479 9.5300e-20
 49  4.8200    2.0-                          1.2585e-18
                        1  0.8468     0.0400               3.9732 5.0341e-20
                        3  2.6576     0.0400               2.1624 5.0341e-20
                        5  2.9600     0.0400               1.8600 5.0341e-20
                        6  3.1201     0.0400               1.6999 5.0341e-20
                        8  3.3699     0.0400               1.4501 5.0341e-20
                       10  3.4453     0.0400               1.3747 5.0341e-20
                       11  3.4484     0.0400               1.3716 5.0341e-20
                       12  3.6002     0.0400               1.2198 5.0341e-20
                       13  3.6057     0.0400               1.2143 5.0341e-20
                       15  3.7441     0.0400               1.0759 5.0341e-20
                       18  3.8298     0.0400               0.9902 5.0341e-20
                       19  3.8565     0.0400               0.9635 5.0341e-20
                       20  4.0489     0.0400               0.7711 5.0341e-20
                       21  4.0859     0.0400               0.7341 5.0341e-20
                       23  4.1199     0.0400               0.7001 5.0341e-20
                       26  4.3200     0.0400               0.5000 5.0341e-20
                       28  4.3949     0.0400               0.4251 5.0341e-20
                       29  4.4013     0.0400               0.4187 5.0341e-20
                       33  4.5395     0.0400               0.2805 5.0341e-20
                       35  4.6086     0.0400               0.2114 5.0341e-20
                       38  4.6583     0.0400               0.1617 5.0341e-20
                       40  4.6830     0.0400               0.1370 5.0341e-20
                       43  4.7281     0.0400               0.0919 5.0341e-20
                       45  4.7373     0.0400               0.0827 5.0341e-20
                       46  4.7841     0.0400               0.0359 5.0341e-20
 48  4.8127    4.0+                          1.1966e-17
                       23  4.1199     0.3333               0.6927 3.9885e-18
                       16  3.7556     0.3333               1.0571 3.9885e-18
                       10  3.4453     0.3333               1.3673 3.9885e-18
 47  4.8020    3.0-                          8.8094e-18
                        1  0.8468     0.0333               3.9552 2.9365e-19
                        2  2.0851     0.0333               2.7169 2.9365e-19
                        3  2.6576     0.0333               2.1444 2.9365e-19
                        5  2.9600     0.0333               1.8420 2.9365e-19
                        7  3.1230     0.0333               1.6790 2.9365e-19
                        8  3.3699     0.0333               1.4320 2.9365e-19
                       10  3.4453     0.0333               1.3567 2.9365e-19
                       12  3.6002     0.0333               1.2018 2.9365e-19
                       13  3.6057     0.0333               1.1963 2.9365e-19
                       15  3.7441     0.0333               1.0579 2.9365e-19
                       18  3.8298     0.0333               0.9722 2.9365e-19
                       19  3.8565     0.0333               0.9455 2.9365e-19
                       20  4.0489     0.0333               0.7531 2.9365e-19
                       21  4.0859     0.0333               0.7161 2.9365e-19
                       22  4.1004     0.0333               0.7016 2.9365e-19
                       23  4.1199     0.0333               0.6821 2.9365e-19
                       24  4.2981     0.0333               0.5039 2.9365e-19
                       26  4.3200     0.0333               0.4820 2.9365e-19
                       28  4.3949     0.0333               0.4071 2.9365e-19
                       29  4.4013     0.0333               0.4007 2.9365e-19
                       31  4.4585     0.0333               0.3435 2.9365e-19
                       33  4.5395     0.0333               0.2625 2.9365e-19
                       34  4.5548     0.0333               0.2472 2.9365e-19
                       35  4.6086     0.0333               0.1934 2.9365e-19
                       36  4.6108     0.0333               0.1912 2.9365e-19
                       38  4.6583     0.0333               0.1437 2.9365e-19
                       40  4.6830     0.0333               0.1190 2.9365e-19
                       41  4.6923     0.0333               0.1097 2.9365e-19
                       43  4.7281     0.0333               0.0739 2.9365e-19
                       45  4.7373     0.0333               0.0647 2.9365e-19
 46  4.7841    1.0+                          4.3868e-18
                        6  3.1201     0.1008               1.6640 4.4210e-19
                        1  0.8468     0.4587               3.9373 2.0100e-18
                        0  0.0000     0.4405               4.7841 1.9299e-18
 45  4.7373    2.0+                          5.5977e-17                       3.2000e-14
                       23  4.1199     0.0857               0.6174 4.7950e-18
                        6  3.1201     0.1190               1.6172 6.6600e-18
                        3  2.6576     0.4761               2.0797 2.6641e-17
                        1  0.8468     0.1286               3.8906 7.1907e-18
                        0  0.0000     0.1906               4.7373 1.0654e-17
 44  4.7300    0.0+                          1.0307e-17
                        1  0.8468     1.0000               3.8832 1.0296e-17
 43  4.7281    2.0+                          7.8954e-17                       6.3000e-14
                        1  0.8468     0.9009               3.8814 7.1050e-17
                        0  0.0000     0.0991               4.7281 7.8154e-18
 42  4.7006    7.0+                          1.3692e-13                       8.3000e-14
                       16  3.7556     0.1597               0.9451 2.1861e-14
                        9  3.3885     0.8403               1.3121 1.1504e-13
 41  4.6923    4.0+                          1.7509e-15                       3.3000e-14
                       16  3.7556     0.1179               0.9367 2.0640e-16
                       15  3.7441     0.0142               0.9482 2.4771e-17
                        7  3.1230     0.0755               1.5693 1.3209e-16
                        3  2.6576     0.2405               2.0347 4.2097e-16
                        2  2.0851     0.4717               2.6072 8.2548e-16
                        1  0.8468     0.0802               3.8455 1.4035e-16
 40  4.6830    3.0+                          9.8479e-16                       6.6000e-14
                        8  3.3699     0.1927               1.3131 1.8974e-16
                        7  3.1230     0.0963               1.5601 9.4855e-17
                        5  2.9600     0.0000               1.7231 0.0000e+00
                        2  2.0851     0.3092               2.5979 3.0432e-16
                        1  0.8468     0.4018               3.8363 3.9525e-16
 39  4.6734    2.0-                          5.1876e-16
                        1  0.8468     0.0476               3.8266 2.4703e-17
                        3  2.6576     0.0476               2.0158 2.4703e-17
                        5  2.9600     0.0476               1.7134 2.4703e-17
                        6  3.1201     0.0476               1.5533 2.4703e-17
                        8  3.3699     0.0476               1.3035 2.4703e-17
                       10  3.4453     0.0476               1.2281 2.4703e-17
                       11  3.4484     0.0476               1.2250 2.4703e-17
                       12  3.6002     0.0476               1.0732 2.4703e-17
                       13  3.6057     0.0476               1.0677 2.4703e-17
                       15  3.7441     0.0476               0.9293 2.4703e-17
                       18  3.8298     0.0476               0.8436 2.4703e-17
                       19  3.8565     0.0476               0.8169 2.4703e-17
                       20  4.0489     0.0476               0.6245 2.4703e-17
                       21  4.0859     0.0476               0.5875 2.4703e-17
                       23  4.1199     0.0476               0.5535 2.4703e-17
                       26  4.3200     0.0476               0.3534 2.4703e-17
                       28  4.3949     0.0476               0.2785 2.4703e-17
                       29  4.4013     0.0476               0.2721 2.4703e-17
                       33  4.5395     0.0476               0.1339 2.4703e-17
                       35  4.6086     0.0476               0.0648 2.4703e-17
                       38  4.6583     0.0476               0.0151 2.4703e-17
 38  4.6583    2.0+                          8.6515e-16                       4.9000e-14
                       10  3.4453     0.0178               1.2129 1.5406e-17
                        8  3.3699     0.0178               1.2883 1.5406e-17
                        5  2.9600     0.0270               1.6983 2.3336e-17
                        3  2.6576     0.0178               2.0007 1.5403e-17
                        2  2.0851     0.5399               2.5732 4.6679e-16
                        1  0.8468     0.3619               3.8115 3.1275e-16
                        0  0.0000     0.0178               4.6583 1.5403e-17
 37  4.6200    3.0-                          5.5316e-15
                        1  0.8468     0.0400               3.7732 2.2126e-16
                        2  2.0851     0.0400               2.5349 2.2126e-16
                        3  2.6576     0.0400               1.9624 2.2126e-16
                        5  2.9600     0.0400               1.6600 2.2126e-16
                        7  3.1230     0.0400               1.4970 2.2126e-16
                        8  3.3699     0.0400               1.2501 2.2126e-16
                       10  3.4453     0.0400               1.1747 2.2126e-16
                       12  3.6002     0.0400               1.0198 2.2126e-16
                       13  3.6057     0.0400               1.0143 2.2126e-16
                       15  3.7441     0.0400               0.8759 2.2126e-16
                       18  3.8298     0.0400               0.7902 2.2126e-16
                       19  3.8565     0.0400               0.7635 2.2126e-16
                       20  4.0489     0.0400               0.5711 2.2126e-16
                       21  4.0859     0.0400               0.5341 2.2126e-16
                       22  4.1004     0.0400               0.5196 2.2126e-16
                       23  4.1199     0.0400               0.5001 2.2126e-16
                       24  4.2981     0.0400               0.3219 2.2126e-16
                       26  4.3200     0.0400               0.3000 2.2126e-16
                       28  4.3949     0.0400               0.2251 2.2126e-16
                       29  4.4013     0.0400               0.2187 2.2126e-16
                       31  4.4585     0.0400               0.1615 2.2126e-16
                       33  4.5395     0.0400               0.0805 2.2126e-16
                       34  4.5548     0.0400               0.0652 2.2126e-16
                       35  4.6086     0.0400               0.0114 2.2126e-16
                       36  4.6108     0.0400               0.0092 2.2126e-16
 36  4.6108    4.0+                          2.1765e-14                       2.7000e-14
                       19  3.8565     0.0262               0.7543 5.7022e-16
                       18  3.8298     0.1310               0.7811 2.8499e-15
                        5  2.9600     0.0561               1.6508 1.2217e-15
                        3  2.6576     0.1236               1.9532 2.6890e-15
                        2  2.0851     0.2884               2.5257 6.2731e-15
                        1  0.8468     0.3747               3.7640 8.1457e-15
 35  4.6086    2.0+                          4.4394e-15                       4.7000e-14
                        7  3.1230     0.1027               1.4856 4.5582e-16
                        4  2.9415     0.0540               1.6671 2.3979e-16
                        3  2.6576     0.0486               1.9510 2.1581e-16
                        2  2.0851     0.5405               2.5235 2.3979e-15
                        1  0.8468     0.2542               3.7618 1.1273e-15
 34  4.5548    4.0+                          9.8304e-14                       9.4000e-14
                       16  3.7556     0.0693               0.7992 6.8100e-15
                       15  3.7441     0.0495               0.8106 4.8643e-15
                       10  3.4453     0.0495               1.1094 4.8643e-15
                        9  3.3885     0.0792               1.1662 7.7835e-15
                        7  3.1230     0.1683               1.4318 1.6542e-14
                        3  2.6576     0.0544               1.8972 5.3509e-15
                        2  2.0851     0.4951               2.4697 4.8644e-14
                        1  0.8468     0.0347               3.7080 3.4055e-15
 33  4.5395    2.0+                          2.3740e-14                       2.5000e-14
                        5  2.9600     0.5700               1.5795 1.3529e-14
                        3  2.6576     0.2999               1.8819 7.1176e-15
                        0  0.0000     0.1301               4.5395 3.0844e-15
 32  4.5096    3.0-                          1.0300e-13                       8.3000e-14
                       16  3.7556     0.0673               0.7540 6.9275e-15
                       10  3.4453     0.0192               1.0642 1.9797e-15
                        8  3.3699     0.1249               1.1396 1.2864e-14
                        7  3.1230     0.0897               1.3866 9.2367e-15
                        3  2.6576     0.3204               1.8520 3.2985e-14
                        2  2.0851     0.0641               2.4245 6.5977e-15
                        1  0.8468     0.3143               3.6628 3.2325e-14
 31  4.4585    4.0+                          8.5267e-13                       2.6000e-14
                        7  3.1230     0.5854               1.3356 4.9907e-13
                        2  2.0851     0.3748               2.3734 3.1941e-13
                        1  0.8468     0.0398               3.6118 3.3934e-14
 30  4.4477    1.0-                          7.6177e-14
                        1  0.8468     1.0000               3.6009 7.6062e-14
 29  4.4013    2.0+                          5.4149e-13                       5.6000e-14
                       10  3.4453     0.2647               0.9559 1.4330e-13
                        8  3.3699     0.0115               1.0313 6.2315e-15
                        5  2.9600     0.0673               1.4413 3.6448e-14
                        4  2.9415     0.0443               1.4598 2.3989e-14
                        2  2.0851     0.0363               2.3162 1.9624e-14
                        1  0.8468     0.5759               3.5545 3.1154e-13
 28  4.3949    3.0+                          1.5185e-12                       3.5000e-14
                        7  3.1230     0.0933               1.2720 1.4168e-13
                        1  0.8468     0.9067               3.5482 1.3756e-12
 27  4.3681    3.0-                          2.8057e-12
                        1  0.8468     0.0556               3.5214 1.5587e-13
                        2  2.0851     0.0556               2.2830 1.5587e-13
                        3  2.6576     0.0556               1.7105 1.5587e-13
                        5  2.9600     0.0556               1.4082 1.5587e-13
                        7  3.1230     0.0556               1.2452 1.5587e-13
                        8  3.3699     0.0556               0.9982 1.5587e-13
                       10  3.4453     0.0556               0.9228 1.5587e-13
                       12  3.6002     0.0556               0.7679 1.5587e-13
                       13  3.6057     0.0556               0.7624 1.5587e-13
                       15  3.7441     0.0556               0.6240 1.5587e-13
                       18  3.8298     0.0556               0.5384 1.5587e-13
                       19  3.8565     0.0556               0.5116 1.5587e-13
                       20  4.0489     0.0556               0.3192 1.5587e-13
                       21  4.0859     0.0556               0.2822 1.5587e-13
                       22  4.1004     0.0556               0.2678 1.5587e-13
                       23  4.1199     0.0556               0.2482 1.5587e-13
                       24  4.2981     0.0556               0.0700 1.5587e-13
                       26  4.3200     0.0556               0.0481 1.5587e-13
 26  4.3200    2.0+                          2.4032e-12
                       17  3.7596     1.0000               0.5604 2.4032e-12
 25  4.3020    0.0+                          4.3538e-13
                        1  0.8468     1.0000               3.4552 4.3495e-13
 24  4.2981    4.0+                          2.1077e-11                       1.1000e-13
                       10  3.4453     0.0133               0.8527 2.8027e-13
                        7  3.1230     0.6098               1.1751 1.2852e-11
                        3  2.6576     0.0168               1.6405 3.5467e-13
                        2  2.0851     0.1043               2.2130 2.1975e-12
                        1  0.8468     0.2557               3.4513 5.3844e-12
 23  4.1199    3.0+                          1.7136e-10                       1.4000e-13
                       19  3.8565     0.0024               0.2634 4.0035e-13
                       10  3.4453     0.0035               0.6746 6.0052e-13
                        7  3.1230     0.0117               0.9970 2.0012e-12
                        5  2.9600     0.0089               1.1600 1.5213e-12
                        3  2.6576     0.0078               1.4623 1.3344e-12
                        2  2.0851     0.7790               2.0348 1.3345e-10
                        1  0.8468     0.1868               3.2732 3.1984e-11
 22  4.1004    4.0+                          5.6625e-10                       4.3000e-14
                       10  3.4453     0.0028               0.6550 1.5842e-12
                        7  3.1230     0.1122               0.9774 6.3525e-11
                        5  2.9600     0.0104               1.1404 5.9109e-12
                        3  2.6576     0.0142               1.4428 8.0624e-12
                        2  2.0851     0.2381               2.0153 1.3478e-10
                        1  0.8468     0.6222               3.2536 3.5201e-10
 21  4.0859    2.0+                          9.8664e-11
                        1  0.8468     0.7518               3.2392 7.4113e-11
                        0  0.0000     0.2482               4.0859 2.4459e-11
 20  4.0489    3.0+                          4.6624e-10                       7.0000e-15
                        5  2.9600     0.0137               1.0889 6.4051e-12
                        2  2.0851     0.1778               1.9638 8.2871e-11
                        1  0.8468     0.8085               3.2021 3.7664e-10
 19  3.8565    3.0+                          6.4110e-09                       2.5000e-14
                       10  3.4453     0.0016               0.4111 1.0003e-11
                        8  3.3699     0.0035               0.4865 2.2357e-11
                        7  3.1230     0.0114               0.7335 7.2932e-11
                        5  2.9600     0.0042               0.8965 2.7062e-11
                        3  2.6576     0.0026               1.1989 1.6475e-11
                        2  2.0851     0.9178               1.7714 5.8829e-09
                        1  0.8468     0.0590               3.0097 3.7767e-10
 18  3.8298    2.0+                          2.8197e-09                       3.9000e-14
                        3  2.6576     0.3004               1.1722 8.4692e-10
                        1  0.8468     0.5182               2.9830 1.4601e-09
                        0  0.0000     0.1814               3.8298 5.1091e-10
 17  3.7596    1.0-                          5.3577e-09
                        0  0.0000     0.0833               3.7596 4.4647e-10
                        1  0.8468     0.0833               2.9128 4.4647e-10
                        3  2.6576     0.0833               1.1020 4.4647e-10
                        4  2.9415     0.0833               0.8181 4.4647e-10
                        5  2.9600     0.0833               0.7996 4.4647e-10
                        6  3.1201     0.0833               0.6395 4.4647e-10
                        8  3.3699     0.0833               0.3897 4.4647e-10
                       11  3.4484     0.0833               0.3112 4.4647e-10
                       12  3.6002     0.0833               0.1594 4.4647e-10
                       13  3.6057     0.0833               0.1539 4.4647e-10
                       14  3.6102     0.0833               0.1494 4.4647e-10
                       15  3.7441     0.0833               0.0155 4.4647e-10
 16  3.7556    6.0+                          1.1569e-06                       1.3000e-13
                        9  3.3885     0.1776               0.3670 2.0517e-07
                        7  3.1230     0.0161               0.6326 1.8647e-08
                        2  2.0851     0.8063               1.6705 9.3257e-07
 15  3.7441    2.0+                          9.4544e-09
                        1  0.8468     1.0000               2.8974 9.4477e-09
 14  3.6102    0.0+                          4.7573e-09                       5.2000e-14
                        3  2.6576     0.0137               0.9526 6.5304e-11
                        2  2.0851     0.0064               1.5251 3.0478e-11
                        1  0.8468     0.9158               2.7634 4.3537e-09
                        0  0.0000     0.0641               3.6102 3.0476e-10
 13  3.6057    2.0+                          3.9512e-08                       1.5000e-13
                        3  2.6576     0.0827               0.9481 3.2675e-09
                        2  2.0851     0.0082               1.5206 3.2214e-10
                        1  0.8468     0.5827               2.7589 2.3009e-08
                        0  0.0000     0.3264               3.6057 1.2884e-08
 12  3.6002    2.0+                          4.3132e-08                       5.9000e-14
                        3  2.6576     0.0192               0.9426 8.2879e-10
                        2  2.0851     0.0192               1.5151 8.2882e-10
                        1  0.8468     0.1602               2.7534 6.9050e-09
                        0  0.0000     0.8014               3.6002 3.4529e-08
 11  3.4484    1.0+                          7.7891e-08                       8.0000e-15
                        3  2.6576     0.0052               0.7908 4.0747e-10
                        1  0.8468     0.2468               2.6016 1.9212e-08
                        0  0.0000     0.7480               3.4484 5.8210e-08
 10  3.4453    3.0+                          6.0622e-07                       2.9000e-14
                        3  2.6576     0.0144               0.7878 8.7031e-09
                        2  2.0851     0.2010               1.3602 1.2184e-07
                        1  0.8468     0.7846               2.5986 4.7540e-07
  9  3.3885    6.0+                          5.5005e-05                       2.9000e-12
                        7  3.1230     0.0130               0.2656 7.0564e-07
                        2  2.0851     0.9870               1.3034 5.4283e-05
  8  3.3699    2.0+                          4.0223e-07                       1.7000e-14
                        1  0.8468     0.8546               2.5232 3.4357e-07
                        0  0.0000     0.1454               3.3699 5.8428e-08
  7  3.1230    4.0+                          3.1367e-05                       4.7000e-14
                        2  2.0851     0.9916               1.0379 3.1097e-05
                        1  0.8468     0.0084               2.2762 2.6432e-07
  6  3.1201    1.0+                          1.3933e-06                       1.9000e-14
                        3  2.6576     0.0099               0.4625 1.3812e-08
                        1  0.8468     0.9445               2.2733 1.3154e-06
                        0  0.0000     0.0455               3.1201 6.3404e-08
  5  2.9600    2.0+                          1.0559e-05                       2.8000e-14
                        1  0.8468     0.9788               2.1132 1.0332e-05
                        0  0.0000     0.0212               2.9600 2.2315e-07
  4  2.9415    0.0+                          1.3683e-06                       4.5000e-13
                        1  0.8468     1.0000               2.0947 1.3678e-06
                        0  0.0000     0.0000               2.9415 0.0000e+00
  3  2.6576    2.0+                          7.7480e-05                       2.1000e-14
                        1  0.8468     0.9699               1.8108 7.5132e-05
                        0  0.0000     0.0301               2.6576 2.3291e-06
  2  2.0851    4.0+                          3.3999e-02                       6.4000e-13
                        1  0.8468     1.0000               1.2383 3.3995e-02
  1  0.8468    2.0+                          8.9630e-01                       6.0700e-12
                        0  0.0000     1.0000               0.8468 8.9604e-01
  0  0.0000    0.0+                          2.1869e+00
#......................................................................../  026-058Fe //  26.000000
#                                                                          SUM SPECTRA FOR COMPOUND
#            025-053Mn      gamma
 SpcSum[mb]            5.3360e-09
 Emean[MeV]            4.0057e-01
#......................................................................../  026-058Fe //  26.000000
#                                                                   GAMMAS FROM DISCRETE TRANSITION
#           3 0 1 0 0 0             025-053Mn
#   Ex[MeV]     Jpi    FinalState  Branching Production    Egamma Production   T(1/2)[s]
  7  2.4481    1.5+                          8.4275e-21
                        1  0.3779     1.0000               2.0702 8.4216e-21
  6  2.4070    1.5-                          4.6653e-21                       1.1000e-13
                        2  1.2898     0.4694               1.1172 2.1894e-21
                        1  0.3779     0.1315               2.0291 6.1324e-22
                        0  0.0000     0.3992               2.4070 1.8612e-21
  5  2.2739    2.5-                          1.1792e-19                       2.5000e-13
                        2  1.2898     0.0370               0.9841 4.3656e-21
                        1  0.3779     0.2222               1.8960 2.6193e-20
                        0  0.0000     0.7408               2.2739 8.7314e-20
  4  1.6201    4.5-                          1.1376e-13                       4.8000e-13
                        1  0.3779     0.0991               1.2422 1.1271e-14
                        0  0.0000     0.9009               1.6201 1.0247e-13
  3  1.4411    5.5-                          2.7943e-12                       6.0000e-13
                        0  0.0000     1.0000               1.4411 2.7938e-12
  2  1.2898    1.5-                          1.9055e-13                       5.5000e-13
                        1  0.3779     0.4595               0.9119 8.7544e-14
                        0  0.0000     0.5405               1.2898 1.0298e-13
  1  0.3779    2.5-                          5.3417e-09                       1.1700e-10
                        0  0.0000     1.0000               0.3779 5.3329e-09
  0  0.0000    3.5-                          2.6976e-07                       1.1680e+14
#......................................................................../  026-058Fe //  26.000000
#                                                                          SUM SPECTRA FOR COMPOUND
#            025-056Mn      gamma
 SpcSum[mb]            1.7787e-13
 Emean[MeV]            5.4060e-02
#......................................................................../  026-058Fe //  26.000000
#                                                                   GAMMAS FROM DISCRETE TRANSITION
#           2 2 0 0 0 0             025-056Mn
#   Ex[MeV]     Jpi    FinalState  Branching Production    Egamma Production   T(1/2)[s]
 32  1.6136    3.0+                          2.9704e-32                       5.9000e-13
                       21  1.2367     0.0743               0.3769 2.1996e-33
                        5  0.3355     0.9257               1.2780 2.7494e-32
 31  1.5600    1.0+                          5.7249e-31
                        9  0.5410     0.1250               1.0190 7.1562e-32
                       14  0.8530     0.1250               0.7070 7.1562e-32
                       15  0.8840     0.1250               0.6760 7.1562e-32
                       16  0.9740     0.1250               0.5860 7.1562e-32
                       25  1.3640     0.1250               0.1960 7.1562e-32
                       26  1.3840     0.1250               0.1760 7.1562e-32
                       27  1.4470     0.1250               0.1130 7.1562e-32
                       28  1.4840     0.1250               0.0760 7.1562e-32
 30  1.5099    2.0+                          1.5097e-29
                        9  0.5410     0.1111               0.9689 1.6774e-30
                       10  0.6610     0.1111               0.8489 1.6774e-30
                       14  0.8530     0.1111               0.6569 1.6774e-30
                       15  0.8840     0.1111               0.6259 1.6774e-30
                       16  0.9740     0.1111               0.5359 1.6774e-30
                       25  1.3640     0.1111               0.1459 1.6774e-30
                       26  1.3840     0.1111               0.1259 1.6774e-30
                       27  1.4470     0.1111               0.0629 1.6774e-30
                       28  1.4840     0.1111               0.0259 1.6774e-30
 29  1.4845    4.0+                          1.5714e-28
                       12  0.7535     0.4414               0.7311 6.9340e-29
                        5  0.3355     0.5586               1.1490 8.7770e-29
 28  1.4840    2.0-                          6.0228e-29
                        0  0.0000     0.0714               1.4840 4.3020e-30
                        1  0.0266     0.0714               1.4574 4.3020e-30
                        2  0.1105     0.0714               1.3735 4.3020e-30
                        4  0.2151     0.0714               1.2689 4.3020e-30
                        6  0.3410     0.0714               1.1430 4.3020e-30
                        7  0.4543     0.0714               1.0297 4.3020e-30
                        8  0.4863     0.0714               0.9977 4.3020e-30
                       11  0.7162     0.0714               0.7678 4.3020e-30
                       12  0.7535     0.0714               0.7305 4.3020e-30
                       18  1.1677     0.0714               0.3163 4.3020e-30
                       20  1.1950     0.0714               0.2890 4.3020e-30
                       22  1.2390     0.0714               0.2450 4.3020e-30
                       23  1.2937     0.0714               0.1903 4.3020e-30
                       24  1.3509     0.0714               0.1331 4.3020e-30
 27  1.4470    2.0-                          2.9598e-28
                        0  0.0000     0.0714               1.4470 2.1142e-29
                        1  0.0266     0.0714               1.4204 2.1142e-29
                        2  0.1105     0.0714               1.3365 2.1142e-29
                        4  0.2151     0.0714               1.2319 2.1142e-29
                        6  0.3410     0.0714               1.1060 2.1142e-29
                        7  0.4543     0.0714               0.9927 2.1142e-29
                        8  0.4863     0.0714               0.9607 2.1142e-29
                       11  0.7162     0.0714               0.7308 2.1142e-29
                       12  0.7535     0.0714               0.6935 2.1142e-29
                       18  1.1677     0.0714               0.2793 2.1142e-29
                       20  1.1950     0.0714               0.2520 2.1142e-29
                       22  1.2390     0.0714               0.2080 2.1142e-29
                       23  1.2937     0.0714               0.1533 2.1142e-29
                       24  1.3509     0.0714               0.0961 2.1142e-29
 26  1.3840    2.0-                          3.3242e-27
                        0  0.0000     0.0714               1.3840 2.3744e-28
                        1  0.0266     0.0714               1.3574 2.3744e-28
                        2  0.1105     0.0714               1.2735 2.3744e-28
                        4  0.2151     0.0714               1.1689 2.3744e-28
                        6  0.3410     0.0714               1.0430 2.3744e-28
                        7  0.4543     0.0714               0.9297 2.3744e-28
                        8  0.4863     0.0714               0.8977 2.3744e-28
                       11  0.7162     0.0714               0.6678 2.3744e-28
                       12  0.7535     0.0714               0.6305 2.3744e-28
                       18  1.1677     0.0714               0.2163 2.3744e-28
                       20  1.1950     0.0714               0.1890 2.3744e-28
                       22  1.2390     0.0714               0.1450 2.3744e-28
                       23  1.2937     0.0714               0.0903 2.3744e-28
                       24  1.3509     0.0714               0.0331 2.3744e-28
 25  1.3640    2.0-                          7.1088e-27
                        0  0.0000     0.0714               1.3640 5.0777e-28
                        1  0.0266     0.0714               1.3374 5.0777e-28
                        2  0.1105     0.0714               1.2535 5.0777e-28
                        4  0.2151     0.0714               1.1489 5.0777e-28
                        6  0.3410     0.0714               1.0230 5.0777e-28
                        7  0.4543     0.0714               0.9097 5.0777e-28
                        8  0.4863     0.0714               0.8777 5.0777e-28
                       11  0.7162     0.0714               0.6478 5.0777e-28
                       12  0.7535     0.0714               0.6105 5.0777e-28
                       18  1.1677     0.0714               0.1963 5.0777e-28
                       20  1.1950     0.0714               0.1690 5.0777e-28
                       22  1.2390     0.0714               0.1250 5.0777e-28
                       23  1.2937     0.0714               0.0703 5.0777e-28
                       24  1.3509     0.0714               0.0131 5.0777e-28
 24  1.3509    2.0+                          1.1230e-26
                        9  0.5410     0.2000               0.8099 2.2460e-27
                       10  0.6610     0.2000               0.6899 2.2460e-27
                       14  0.8530     0.2000               0.4979 2.2460e-27
                       15  0.8840     0.2000               0.4669 2.2460e-27
                       16  0.9740     0.2000               0.3769 2.2460e-27
 23  1.2937    2.0+                          1.0245e-25
                        9  0.5410     0.2000               0.7527 2.0490e-26
                       10  0.6610     0.2000               0.6327 2.0490e-26
                       14  0.8530     0.2000               0.4407 2.0490e-26
                       15  0.8840     0.2000               0.4097 2.0490e-26
                       16  0.9740     0.2000               0.3197 2.0490e-26
 22  1.2390    3.0+                          1.4025e-24
                        9  0.5410     0.2500               0.6980 3.5063e-25
                       10  0.6610     0.2500               0.5780 3.5063e-25
                       14  0.8530     0.2500               0.3860 3.5063e-25
                       17  1.1400     0.2500               0.0990 3.5063e-25
 21  1.2367    5.0+                          5.3428e-24                       2.6000e-12
                       12  0.7535     0.7815               0.4832 4.1695e-24
                        5  0.3355     0.2185               0.9011 1.1672e-24
 20  1.1950    3.0+                          6.4983e-24
                        9  0.5410     0.2500               0.6540 1.6246e-24
                       10  0.6610     0.2500               0.5340 1.6246e-24
                       14  0.8530     0.2500               0.3420 1.6246e-24
                       17  1.1400     0.2500               0.0550 1.6246e-24
 19  1.1923    4.0+                          1.2879e-23                       5.0000e-13
                       12  0.7535     0.0295               0.4388 3.7943e-25
                       11  0.7162     0.5933               0.4761 7.5894e-24
                        5  0.3355     0.3772               0.8567 4.8568e-24
 18  1.1677    1.0+                          5.7049e-24
                        9  0.5410     0.2500               0.6267 1.4262e-24
                       14  0.8530     0.2500               0.3147 1.4262e-24
                       15  0.8840     0.2500               0.2837 1.4262e-24
                       16  0.9740     0.2500               0.1937 1.4262e-24
 17  1.1400    4.0-                          7.8173e-23
                        0  0.0000     0.1250               1.1400 9.7716e-24
                        3  0.2120     0.1250               0.9280 9.7716e-24
                        5  0.3355     0.1250               0.8045 9.7716e-24
                        6  0.3410     0.1250               0.7990 9.7716e-24
                        7  0.4543     0.1250               0.6857 9.7716e-24
                        8  0.4863     0.1250               0.6537 9.7716e-24
                       12  0.7535     0.1250               0.3865 9.7716e-24
                       13  0.8404     0.1250               0.2996 9.7716e-24
 16  0.9740    1.0-                          1.2712e-21
                        1  0.0266     0.2500               0.9474 3.1779e-22
                        2  0.1105     0.2500               0.8635 3.1779e-22
                        4  0.2151     0.2500               0.7589 3.1779e-22
                       11  0.7162     0.2500               0.2578 3.1779e-22
 15  0.8840    1.0-                          4.4590e-20
                        1  0.0266     0.2500               0.8574 1.1147e-20
                        2  0.1105     0.2500               0.7735 1.1147e-20
                        4  0.2151     0.2500               0.6689 1.1147e-20
                       11  0.7162     0.2500               0.1678 1.1147e-20
 14  0.8530    2.0-                          9.5343e-20
                        0  0.0000     0.1111               0.8530 1.0594e-20
                        1  0.0266     0.1111               0.8264 1.0594e-20
                        2  0.1105     0.1111               0.7425 1.0594e-20
                        4  0.2151     0.1111               0.6379 1.0594e-20
                        6  0.3410     0.1111               0.5120 1.0594e-20
                        7  0.4543     0.1111               0.3987 1.0594e-20
                        8  0.4863     0.1111               0.3667 1.0594e-20
                       11  0.7162     0.1111               0.1368 1.0594e-20
                       12  0.7535     0.1111               0.0995 1.0594e-20
 13  0.8404    5.0+                          3.6177e-19
                        8  0.4863     0.4209               0.3541 1.5166e-19
                        6  0.3410     0.1679               0.4994 6.0664e-20
                        5  0.3355     0.4112               0.5049 1.4863e-19
 12  0.7535    3.0+                          5.2601e-19                       5.0000e-13
                        7  0.4543     0.0292               0.2991 1.5308e-20
                        3  0.2120     0.9708               0.5414 5.1026e-19
 11  0.7162    1.0+                          3.9650e-19
                        8  0.4863     0.2432               0.2299 9.4576e-20
                        6  0.3410     0.3989               0.3752 1.5763e-19
                        0  0.0000     0.3580               0.7162 1.4187e-19
 10  0.6610    3.0-                          1.0619e-17
                        0  0.0000     0.1429               0.6610 1.5170e-18
                        1  0.0266     0.1429               0.6344 1.5170e-18
                        3  0.2120     0.1429               0.4490 1.5170e-18
                        4  0.2151     0.1429               0.4459 1.5170e-18
                        6  0.3410     0.1429               0.3200 1.5170e-18
                        7  0.4543     0.1429               0.2067 1.5170e-18
                        8  0.4863     0.1429               0.1747 1.5170e-18
  9  0.5410    2.0-                          2.5674e-17
                        0  0.0000     0.1429               0.5410 3.6677e-18
                        1  0.0266     0.1429               0.5144 3.6677e-18
                        2  0.1105     0.1429               0.4305 3.6677e-18
                        4  0.2151     0.1429               0.3259 3.6677e-18
                        6  0.3410     0.1429               0.2000 3.6677e-18
                        7  0.4543     0.1429               0.0867 3.6677e-18
                        8  0.4863     0.1429               0.0547 3.6677e-18
  8  0.4863    3.0+                          1.4032e-16
                        6  0.3410     0.0021               0.1453 2.7904e-19
                        4  0.2151     0.7146               0.2712 9.9672e-17
                        3  0.2120     0.0579               0.2743 8.0731e-18
                        1  0.0266     0.1991               0.4597 2.7904e-17
                        0  0.0000     0.0263               0.4863 3.6880e-18
  7  0.4543    3.0+                          2.3915e-16
                        6  0.3410     0.0187               0.1133 3.8910e-18
                        3  0.2120     0.0232               0.2423 5.4919e-18
                        0  0.0000     0.9581               0.4543 2.2886e-16
  6  0.3410    3.0+                          9.2434e-16
                        4  0.2151     0.0036               0.1259 2.9967e-18
                        3  0.2120     0.0083               0.1290 7.0202e-18
                        1  0.0266     0.9296               0.3144 8.5605e-16
                        0  0.0000     0.0585               0.3410 5.3929e-17
  5  0.3355    5.0+                          4.1981e-15                       2.0000e-09
                        3  0.2120     0.6054               0.1235 2.2896e-15
                        0  0.0000     0.3946               0.3355 1.6485e-15
  4  0.2151    2.0+                          7.0037e-15
                        2  0.1105     0.7914               0.1046 4.6190e-15
                        1  0.0266     0.1417               0.1885 9.7013e-16
                        0  0.0000     0.0669               0.2151 4.6195e-16
  3  0.2120    4.0+                          3.4363e-14                       3.0000e-11
                        0  0.0000     1.0000               0.2120 3.3855e-14
  2  0.1105    1.0+                          1.6723e-14                       5.0800e-09
                        1  0.0266     0.9959               0.0839 1.5867e-14
                        0  0.0000     0.0041               0.1105 5.2365e-17
  1  0.0266    2.0+                          2.6157e-13                       8.7000e-09
                        0  0.0000     1.0000               0.0266 1.1677e-13
  0  0.0000    3.0+                          8.7356e-13                       9.2840e+03
#......................................................................../  026-058Fe //  26.000000
#                                                                          SUM SPECTRA FOR COMPOUND
#            024-053Cr      gamma
 SpcSum[mb]            2.2518e-11
 Emean[MeV]            6.0527e-01
#......................................................................../  026-058Fe //  26.000000
#                                                                   GAMMAS FROM DISCRETE TRANSITION
#           2 1 1 0 0 0             024-053Cr
#   Ex[MeV]     Jpi    FinalState  Branching Production    Egamma Production   T(1/2)[s]
 31  3.6955    3.5+                          2.9707e-36
                        0  0.0000     1.0000               3.6955 2.9685e-36
 30  3.6165    0.5-                          1.2946e-33
                        0  0.0000     1.0000               3.6165 1.2934e-33
 29  3.5950    0.5-                          4.8831e-33
                        1  0.5640     1.0000               3.0310 4.8831e-33
 28  3.5924    6.5-                          2.3220e-31                       1.3000e-13
                       17  2.8265     1.0000               0.7659 2.3215e-31
 27  3.4346    3.5-                          2.3351e-29
                        3  1.2895     1.0000               2.1451 2.3342e-29
 26  3.3817    4.5-                          1.6370e-28
                        4  1.5366     1.0000               1.8451 1.6366e-28
 25  3.3510    3.5-                          2.7085e-28
                       20  3.1371     0.5000               0.2139 1.3543e-28
                       24  3.2621     0.5000               0.0889 1.3543e-28
 24  3.2621    2.5+                          1.6373e-27                       2.1000e-14
                        4  1.5366     0.1999               1.7255 3.2714e-28
                        2  1.0063     0.2285               2.2559 3.7381e-28
                        0  0.0000     0.5716               3.2621 9.3459e-28
 23  3.2436    6.5-                          4.3396e-26                       6.0000e-13
                       19  3.0841     0.5000               0.1595 2.1698e-26
                        6  2.1723     0.5000               1.0713 2.1698e-26
 22  3.1801    1.5-                          6.0442e-27
                        3  1.2895     0.1000               1.8905 6.0402e-28
                        2  1.0063     0.1500               2.1738 9.0622e-28
                        1  0.5640     0.5000               2.6160 3.0201e-27
                        0  0.0000     0.2501               3.1801 1.5103e-27
 21  3.1721    1.5-                          7.0529e-27
                        0  0.0000     1.0000               3.1721 7.0471e-27
 20  3.1371    2.5+                          1.8274e-26                       4.0000e-14
                        3  1.2895     1.0000               1.8476 1.8264e-26
 19  3.0841    7.5-                          3.1646e-24                       3.0000e-11
                       13  2.7059     0.0070               0.3782 2.1995e-26
                        6  2.1723     0.9930               0.9118 3.1419e-24
 18  2.9925    2.5-                          2.2744e-25
                       11  2.6565     0.0000               0.3360 0.0000e+00
                        3  1.2895     0.5814               1.7030 1.3221e-25
                        2  1.0063     0.4186               1.9862 9.5176e-26
 17  2.8265    5.5-                          2.1222e-23                       1.1000e-13
                        7  2.2332     1.0000               0.5933 2.1215e-23
 16  2.7710    3.5-                          1.2844e-23
                        3  1.2895     1.0000               1.4815 1.2843e-23
 15  2.7230    1.5-                          1.3627e-23
                        0  0.0000     1.0000               2.7230 1.3627e-23
 14  2.7085    1.5-                          1.6697e-23
                        8  2.3207     0.0483               0.3878 8.0517e-25
                        5  1.9737     0.1316               0.7348 2.1964e-24
                        2  1.0063     0.2763               1.7022 4.6119e-24
                        1  0.5640     0.4386               2.1445 7.3197e-24
                        0  0.0000     0.1053               2.7085 1.7569e-24
 13  2.7059    5.5-                          8.4264e-22                       2.4000e-12
                        6  2.1723     1.0000               0.5335 8.4207e-22
 12  2.6699    0.5-                          1.7984e-23                       7.0000e-15
                        1  0.5640     0.4011               2.1059 7.2109e-24
                        0  0.0000     0.5989               2.6699 1.0764e-23
 11  2.6565    2.5-                          7.8989e-23                       1.7000e-14
                        3  1.2895     0.2671               1.3670 2.1096e-23
                        2  1.0063     0.6849               1.6502 5.4092e-23
                        0  0.0000     0.0480               2.6565 3.7869e-24
 10  2.4620    1.5-                          8.5738e-22
                        0  0.0000     1.0000               2.4620 8.5738e-22
  9  2.4531    4.5-                          3.9764e-20
                        6  2.1723     0.0000               0.2808 0.0000e+00
                        3  1.2895     0.4012               1.1636 1.5952e-20
                        2  1.0063     0.5988               1.4468 2.3807e-20
  8  2.3207    1.5-                          1.0257e-20                       8.0000e-16
                        0  0.0000     1.0000               2.3207 1.0253e-20
  7  2.2332    4.5-                          1.4728e-18                       3.6000e-13
                        4  1.5366     1.0000               0.6965 1.4724e-18
  6  2.1723    5.5-                          8.1579e-18                       9.6000e-12
                        3  1.2895     1.0000               0.8828 8.1561e-18
  5  1.9737    2.5-                          2.2295e-18                       3.9000e-13
                        3  1.2895     0.1597               0.6841 3.5595e-19
                        0  0.0000     0.8403               1.9737 1.8729e-18
  4  1.5366    3.5-                          1.6245e-15                       2.3000e-11
                        3  1.2895     0.2612               0.2471 4.2094e-16
                        2  1.0063     0.6481               0.5304 1.0523e-15
                        0  0.0000     0.0907               1.5366 1.4733e-16
  3  1.2895    3.5-                          2.8535e-14                       1.1700e-12
                        2  1.0063     0.0567               0.2833 1.6148e-15
                        0  0.0000     0.9433               1.2895 2.6914e-14
  2  1.0063    2.5-                          2.5987e-13                       7.1000e-12
                        1  0.5640     0.0043               0.4422 1.1125e-15
                        0  0.0000     0.9957               1.0063 2.5873e-13
  1  0.5640    0.5-                          2.2240e-11                       5.1000e-13
                        0  0.0000     1.0000               0.5640 2.2228e-11
  0  0.0000    1.5-                          9.2585e-09
#......................................................................../  026-058Fe //  26.000000
#                                                                          SUM SPECTRA FOR COMPOUND
#            023-050V       gamma
 SpcSum[mb]            1.2720e-26
 Emean[MeV]            1.8340e-01
#......................................................................../  026-058Fe //  26.000000
#                                                                   GAMMAS FROM DISCRETE TRANSITION
#           2 0 2 0 0 0             023-050V 
#   Ex[MeV]     Jpi    FinalState  Branching Production    Egamma Production   T(1/2)[s]
  7  0.9102    4.0+                          1.0170e-32                       6.8000e-14
                        1  0.2263     1.0000               0.6840 1.0167e-32
  6  0.9100    5.0+                          1.4490e-32                       4.3000e-14
                        0  0.0000     1.0000               0.9100 1.4488e-32
  5  0.8362    5.0+                          7.8000e-32                       5.4000e-14
                        2  0.3202     0.3712               0.5160 2.8935e-32
                        0  0.0000     0.6288               0.8362 4.9039e-32
  4  0.3885    2.0+                          2.6328e-29
                        3  0.3555     1.0000               0.0330 1.7862e-29
  3  0.3555    3.0+                          1.0541e-28                       3.0000e-09
                        2  0.3202     0.9943               0.0353 7.5510e-29
                        1  0.2263     0.0057               0.1292 5.2852e-31
  2  0.3202    4.0+                          1.0178e-27                       5.6000e-11
                        1  0.2263     0.9855               0.0939 9.7750e-28
                        0  0.0000     0.0145               0.3202 1.4663e-29
  1  0.2263    5.0+                          1.1738e-26                       3.7000e-12
                        0  0.0000     1.0000               0.2263 1.1634e-26
  0  0.0000    6.0+                          4.0970e-24                       4.7340e+24
#......................................................................../  026-058Fe //  26.000000
#                                                                          SUM SPECTRA FOR COMPOUND
#            024-056Cr      gamma
 SpcSum[mb]            0.0000e+00
 Emean[MeV]            0.0000e+00
#......................................................................../  026-058Fe //  26.000000
#                                                                   GAMMAS FROM DISCRETE TRANSITION
#           1 3 0 0 0 0             024-056Cr
#   Ex[MeV]     Jpi    FinalState  Branching Production    Egamma Production   T(1/2)[s]
  0  0.0000    0.0+                          0.0000e+00
#......................................................................../  026-058Fe //  26.000000
#                                                                          SUM SPECTRA FOR COMPOUND
#            023-053V       gamma
 SpcSum[mb]            0.0000e+00
 Emean[MeV]            0.0000e+00
#......................................................................../  026-058Fe //  26.000000
#                                                                   GAMMAS FROM DISCRETE TRANSITION
#           1 2 1 0 0 0             023-053V 
#   Ex[MeV]     Jpi    FinalState  Branching Production    Egamma Production   T(1/2)[s]
  0  0.0000    3.5-                          2.5168e-34                       9.2580e+01
#......................................................................../  026-058Fe //  26.000000
#                                                                          SUM SPECTRA FOR COMPOUND
#            022-050Ti      gamma
 SpcSum[mb]            5.0482e-26
 Emean[MeV]            1.6000e+00
#......................................................................../  026-058Fe //  26.000000
#                                                                   GAMMAS FROM DISCRETE TRANSITION
#           1 1 2 0 0 0             022-050Ti
#   Ex[MeV]     Jpi    FinalState  Branching Production    Egamma Production   T(1/2)[s]
  2  2.6749    4.0+                          1.9107e-35                       5.3000e-12
                        1  1.5538     1.0000               1.1211 1.9105e-35
  1  1.5538    2.0+                          5.0490e-26                       1.0610e-12
                        0  0.0000     1.0000               1.5538 5.0482e-26
  0  0.0000    0.0+                          2.7508e-18
#......................................................................../  026-058Fe //  26.000000
#                                                                          SUM SPECTRA FOR COMPOUND
#            021-047Sc      gamma
 SpcSum[mb]            0.0000e+00
 Emean[MeV]            0.0000e+00
#......................................................................../  026-058Fe //  26.000000
#                                                                   GAMMAS FROM DISCRETE TRANSITION
#           1 0 3 0 0 0             021-047Sc
#   Ex[MeV]     Jpi    FinalState  Branching Production    Egamma Production   T(1/2)[s]
  0  0.0000    3.5-                          0.0000e+00
#......................................................................../  026-058Fe //  26.000000
#                                                                          SUM SPECTRA FOR COMPOUND
#            021-050Sc      gamma
 SpcSum[mb]            0.0000e+00
 Emean[MeV]            0.0000e+00
#......................................................................../  026-058Fe //  26.000000
#                                                                   GAMMAS FROM DISCRETE TRANSITION
#           0 2 2 0 0 0             021-050Sc
#   Ex[MeV]     Jpi    FinalState  Branching Production    Egamma Production   T(1/2)[s]
  0  0.0000    5.0+                          0.0000e+00
#......................................................................../  026-058Fe //  26.000000
#                                                                          SUM SPECTRA FOR COMPOUND
#            020-047Ca      gamma
 SpcSum[mb]            0.0000e+00
 Emean[MeV]            0.0000e+00
#......................................................................../  026-058Fe //  26.000000
#                                                                   GAMMAS FROM DISCRETE TRANSITION
#           0 1 3 0 0 0             020-047Ca
#   Ex[MeV]     Jpi    FinalState  Branching Production    Egamma Production   T(1/2)[s]
  0  0.0000    3.5-                          0.0000e+00
#......................................................................../  026-058Fe //  26.000000
#                                                                          SUM SPECTRA FOR COMPOUND
#            019-044K       gamma
 SpcSum[mb]            0.0000e+00
 Emean[MeV]            0.0000e+00
#......................................................................../  026-058Fe //  26.000000
#                                                                   GAMMAS FROM DISCRETE TRANSITION
#           0 0 4 0 0 0             019-044K 
#   Ex[MeV]     Jpi    FinalState  Branching Production    Egamma Production   T(1/2)[s]
  0  0.0000    2.0-                          0.0000e+00
#......................................................................../  026-058Fe //  26.000000
#                                                                INDIVIDUAL GROUND STATE PRODUCTION
#             Residual  Prod.[mb]  Qval[MeV]   Particles
#                                              n p a d t h
 Production  027-060Co 1.6048e-05   12.63109   0 0 0 0 0 0
 Production  027-059Co 1.5960e+02    5.13906   1 0 0 0 0 0
 Production  026-059Fe 1.5736e+02    4.35650   0 1 0 0 0 0
 Production  025-056Mn 3.5598e+00    5.46730   0 0 1 0 0 0
 Production  026-058Fe 1.0107e+01    0.00000   0 0 0 1 0 0
 Production  027-058Co 2.6199e+02   -5.31493   2 0 0 0 0 0
 Production  026-058Fe 3.6374e+02   -2.22463   1 1 0 0 0 0
 Production  025-055Mn 7.1467e+01   -1.80326   1 0 1 0 0 0
 Production  026-057Fe 3.8165e+01  -10.04472   1 0 0 1 0 0
 Production  025-058Mn 1.5024e+00   -7.76914   0 2 0 0 0 0
 Production  024-055Cr 2.9324e+00   -3.62394   0 1 1 0 0 0
 Production  025-057Mn 3.4830e-01  -11.95737   0 1 0 1 0 0
 Production  023-052V  1.0528e+00   -2.42486   0 0 2 0 0 0
 Production  024-054Cr 4.5747e-01   -7.64569   0 0 1 1 0 0
 Production  025-056Mn 4.5680e-04  -18.37946   0 0 0 2 0 0
 Production  027-057Co 3.6791e+02  -13.88797   3 0 0 0 0 0
 Production  026-057Fe 2.5284e+02  -12.26935   2 1 0 0 0 0
 Production  025-054Mn 4.3298e+01  -12.02989   2 0 1 0 0 0
 Production  026-056Fe 3.6929e+00  -17.69091   2 0 0 1 0 0
 Production  025-057Mn 8.3245e-01  -14.18200   1 2 0 0 0 0
 Production  024-054Cr 1.9508e+00   -9.87032   1 1 1 0 0 0
 Production  025-056Mn 9.1240e-06  -20.60409   1 1 0 1 0 0
 Production  023-051V  5.1451e-02   -9.73621   1 0 2 0 0 0
 Production  024-053Cr 3.7770e-06  -17.36493   1 0 1 1 0 0
 Production  024-057Cr 6.5085e-09  -18.36159   0 3 0 0 0 0
 Production  023-054V  4.8772e-09  -16.12951   0 2 1 0 0 0
 Production  024-056Cr 1.8521e-17  -21.45129   0 2 0 1 0 0
 Production  022-051Ti 1.1618e-07  -11.42565   0 1 2 0 0 0
 Production  023-053V  1.7620e-19  -20.01843   0 1 1 1 0 0
 Production  021-048Sc 1.8327e-12  -11.78997   0 0 3 0 0 0
 Production  022-050Ti 6.7514e-14  -15.57363   0 0 2 1 0 0
 Production  026-056Fe 2.1869e+00  -19.91553   3 1 0 0 0 0
 Production  025-053Mn 2.6976e-07  -20.96880   3 0 1 0 0 0
 Production  025-056Mn 8.7356e-13  -22.82871   2 2 0 0 0 0
 Production  024-053Cr 9.2585e-09  -19.58955   2 1 1 0 0 0
 Production  023-050V  4.0970e-24  -20.78747   2 0 2 0 0 0
 Production  023-053V  2.5168e-34  -22.24306   1 2 1 0 0 0
 Production  022-050Ti 2.7508e-18  -17.79825   1 1 2 0 0 0
                   sum 1.7450e+03
#......................................................................../  026-058Fe //  26.000000
#                                                           STABLE AND LONG-LIVED STATE PRODUCTIONS
#       Residual    Ex[MeV]     Jpi     T(1/2)[s]  Prod.[mb] Meta
    1  019-044K     0.00000    2.0-    1.3280e+03 0.0000e+00
    2  020-047Ca    0.00000    3.5-    3.9190e+05 0.0000e+00
    3  021-047Sc    0.00000    3.5-    2.8940e+05 0.0000e+00
    4  021-048Sc    0.00000    6.0+    1.5720e+05 1.8327e-12
    5  021-050Sc    0.00000    5.0+    1.0250e+02 0.0000e+00
    6  021-050Sc    0.25689    2.0+    3.5000e-01 0.0000e+00    1
    7  022-050Ti    0.00000    0.0+    ---------- 6.7517e-14
    8  022-051Ti    0.00000    1.5-    3.4560e+02 1.1618e-07
    9  023-050V     0.00000    6.0+    4.7340e+24 4.0970e-24
   10  023-051V     0.00000    3.5-    ---------- 5.1451e-02
   11  023-052V     0.00000    3.0+    2.2460e+02 1.0528e+00
   12  023-053V     0.00000    3.5-    9.2580e+01 1.7620e-19
   13  023-054V     0.00000    3.0+    4.9800e+01 4.8772e-09
   14  024-053Cr    0.00000    1.5-    ---------- 3.7863e-06
   15  024-054Cr    0.00000    0.0+    ---------- 2.4083e+00
   16  024-055Cr    0.00000    1.5-    2.0980e+02 2.9324e+00
   17  024-056Cr    0.00000    0.0+    3.5640e+02 1.8521e-17
   18  024-057Cr    0.00000    1.5-    2.1100e+01 6.5085e-09
   19  025-053Mn    0.00000    3.5-    1.1680e+14 2.6976e-07
   20  025-054Mn    0.00000    3.0+    2.6960e+07 4.3298e+01
   21  025-055Mn    0.00000    2.5-    ---------- 7.1467e+01
   22  025-056Mn    0.00000    3.0+    9.2840e+03 3.5603e+00
   23  025-057Mn    0.00000    2.5-    8.5400e+01 1.1807e+00
   24  025-058Mn    0.00000    1.0+    3.0000e+00 1.5024e+00
   25  025-058Mn    0.07177    4.0+    6.5400e+01 7.9875e-01    1
   26  026-056Fe    0.00000    0.0+    ---------- 5.8798e+00
   27  026-057Fe    0.00000    0.5-    ---------- 2.9100e+02
   28  026-058Fe    0.00000    0.0+    ---------- 3.7385e+02
   29  026-059Fe    0.00000    1.5-    3.8440e+06 1.5736e+02
   30  027-057Co    0.00000    3.5-    2.3480e+07 3.6791e+02
   31  027-058Co    0.00000    2.0+    6.1220e+06 2.6199e+02
   32  027-058Co    0.02495    5.0+    3.2760e+04 1.0205e+02    1
   33  027-059Co    0.00000    3.5-    ---------- 1.5960e+02
   34  027-060Co    0.00000    5.0+    1.6630e+08 1.6048e-05
   35  027-060Co    0.05859    2.0+    6.2800e+02 4.9747e-06    1
#                                         g.s.sum 1.7450e+03


#......................................................................../  026-058Fe //  26.000000
#                                                                                   ISOMERIC RATIOS
#       Residual    Ex[MeV]     Jpi     T(1/2)[s] Ratio      m/(g-m)
    1  021-050Sc    0.25689    2.0+    3.5000e-01 0.0000e+00 0.0000e+00
    2  025-058Mn    0.07177    4.0+    6.5400e+01 5.3164e-01 1.1351e+00
    3  027-058Co    0.02495    5.0+    3.2760e+04 3.8950e-01 6.3801e-01
    4  027-060Co    0.05859    2.0+    6.2800e+02 3.0999e-01 4.4926e-01


#......................................................................../  026-058Fe //  26.000000
#                                                                               PARTICLE PRODUCTION
#             Particle  Prod.[mb] Multiplic. Emean[MeV]
 ParticlPrd      gamma 4.1499e+03 2.3781e+00 1.6741e+00
 ParticlPrd    neutron 2.8697e+03 1.6445e+00 4.7438e+00
 ParticlPrd     proton 7.8603e+02 4.5043e-01 1.4165e+01
 ParticlPrd      alpha 1.2587e+02 7.2132e-02 1.1717e+01
 ParticlPrd   deuteron 5.2772e+01 3.0241e-02 1.0296e+01


