###################################################################################################
#                                                                                    3.6.0-Cordelia
#
#                                                      .oooooo.             ooooo   ooooo        
#     Clair de Lune                                   d8P    Y8b             888     888         
#     =============                                  888           .ooooo.   888     888         
#                                                    888          d88   88b  888ooooo888         
# Votre ame est un paysage choisi                    888          888   888  888     888  dP^Y8b 
# Que vont charmant masques et bergamasques           88b    ooo  888   888  888     888      8P 
# Jouant du luth et dansant et quasi                   Y8bood8P    Y8bod8P' o888o   o888o   <8B  
# Tristes sous leurs deguisements fantasques.                                           8b    8b 
#                                                                                        Y8oo8P  
#
# Tout en chantant sur le mode mineur            Au calme clair de lune triste et beau,
# L'amour vainqueur et la vie opportune          Qui fait rever les oiseaux dans les arbres
# Ils n'ont pas l'air de croire a leur bonheur   Et sangloter d'extase les jets d'eau,
# Et leur chanson se mele au clair de lune,      Les grands jets d'eau sveltes parmi les marbres.
# 
#                                                                                   Paul Verlaine
#
######################################################################################## Moonage 11
###################################################################################################
#                                                                                    3.6.0-Cordelia
#          
#......................................................................../  026-058Fe //   1.000000
#                                                                                 SYSTEM PARAMETERS
#            AtomicNum    MassNum
#    Target         26         58
#  Incident          1          2
#            Ecms[MeV]  Elab[MeV] ReduceMass WaveNumber
     Energy 9.6640e-01 1.0000e+00 1.9464e+00 3.0000e-01
#......................................................................../  026-058Fe //   1.000000
#                                                                             ROTATIONAL STATE DATA
#             Energy       Spin   WaveNum Eout[MeV]   Coulomb   Sig0   
      Level   0.00000       0.0   0.30000   0.96640   5.81105   5.18605
#......................................................................../  026-058Fe //   1.000000
#                                                                            DEFORMATION PARAMETERS
#              Lambda     Beta
#......................................................................../  026-058Fe //   1.000000
#                                                                           OPTICAL MODEL POTENTIAL
# OMP  0      V         Vs        Wv        Ws        Vso       Wso       Coul
      r[fm]   1.15000   0.00000   1.33076   1.37327   0.97200   0.00000      1.30
      a[fm]   0.76777   0.00000   0.46791   0.77099   1.01100   0.00000
 Depth[MeV]  95.92168   0.00000   1.16411  10.80043   7.11400   0.00000
#......................................................................../  026-058Fe //   1.000000
#                                                                      TOTAL REACTION CROSS SECTION
  Sigma[mb] 1.6683e-04
#......................................................................../  026-058Fe //   1.000000
#                                                                     DISCRETE DIRECT CROSS SECTION
#              Ex[MeV]     Spin    Eout[MeV]  Sigma[mb]
  Direct  0    0.00000      0.0   9.6640e-01 3.3324e-12
#......................................................................../  026-058Fe //   1.000000
#                                                                                      TARGET STATE
#           Excitation  Spin
  026-058Fe 0.0000e+00  0.0+
#......................................................................../  026-058Fe //   1.000000
#                                                                             COMPOUND NUCLEUS DATA
#              Z     A  MassExess    Ex(max) Separation     N-cont    N-level
  027-060Co              -61.6497    13.5975                   223         66
      gamma  027-060Co     0.0000                0.0000
    neutron  027-059Co     8.0714                7.4920
     proton  026-059Fe     7.2890                8.2746
      alpha  025-056Mn     2.4249                7.1638
   deuteron  026-058Fe    13.1358               12.6311
  027-059Co              -62.2291     6.1055                    44         83
      gamma  027-059Co     0.0000                0.0000
  026-059Fe              -60.6642     5.3229                    56         27
      gamma  026-059Fe     0.0000                0.0000
  025-056Mn              -56.9108     6.4337                    90         46
      gamma  025-056Mn     0.0000                0.0000
  026-058Fe              -62.1545     0.9664                     0         60
      gamma  026-058Fe     0.0000                0.0000
#......................................................................../  026-058Fe //   1.000000
#                                                                          LEVEL DENSITY PARAMETERS
#                 a       Pairing     T          E0         Em         Sigma2     Eshell
  027-060Co     7.8416     0.0000     1.4091    -3.6789     9.0170     8.4545  -2.076200
  027-059Co     7.7065     1.4438     1.5264    -2.9139    11.5997     7.7063  -2.757200
  026-059Fe     7.7065     1.5837     1.3802    -2.2119    10.4891     4.2269  -1.376600
  025-056Mn     7.3020     0.0000     1.5287    -4.3615    10.0833     4.8043  -1.982200
#......................................................................../  026-058Fe //   1.000000
#                                                                       GIANT DIPOLE RESONANCE DATA
#          Energy[MeV] Width[MeV] Sigma0[mb]            Profile
         E1    16.4196     3.8833  53.769298                 GL
         E1    19.3392     6.3003  54.581577                 GL
         M1    10.4729     4.0000   0.745031                 SL
         E2    16.0925     5.3900   1.342023                 SL
         M2    10.4729     4.0000   0.000596                 SL
         E3    16.0925     5.3900   0.001074                 SL
         M1     3.5352     1.5000   0.845993                 SL
#......................................................................../  026-058Fe //   1.000000
#                                                                       SUM OF PRECOMPOUND EMISSION
#            027-060Co      gamma    neutron     proton      alpha   deuteron
 SpcSum[mb]            0.0000e+00 1.6538e-04 1.2722e-06 1.1372e-08 0.0000e+00
 Emean[MeV]            0.0000e+00 1.4043e+00 2.5042e+00 4.2650e+00 0.0000e+00
#          
#           TotalPreEq   Compound   Fraction
  Sigma[mb] 1.6667e-04 1.6683e-04 9.9900e-01
#......................................................................../  026-058Fe //   1.000000
#                                                                          SUM SPECTRA FOR COMPOUND
#            027-060Co      gamma    neutron     proton      alpha   deuteron
 SpcSum[mb]            1.1020e-10 1.6088e-07 5.7387e-09 1.8876e-10 9.3481e-17
 Emean[MeV]            3.8691e+00 2.0455e+00 4.3720e+00 6.1303e+00 9.5000e-01
#......................................................................../  026-058Fe //   1.000000
#                                                                   GAMMAS FROM DISCRETE TRANSITION
#           0 0 0 0 0 0             027-060Co
#   Ex[MeV]     Jpi    FinalState  Branching Production    Egamma Production   T(1/2)[s]
 65  2.4887    5.0-                          8.7495e-15
                       17  1.2168     0.2655               1.2719 2.3226e-15
                        5  0.5062     0.3147               1.9825 2.7528e-15
                        2  0.2772     0.0918               2.2115 8.0280e-16
                        0  0.0000     0.3280               2.4887 2.8670e-15
 64  2.4697    3.0+                          1.0700e-13
                        0  0.0000     1.0000               2.4697 1.0694e-13
 63  2.4509    4.0+                          3.0376e-14
                       44  2.0808     1.0000               0.3701 3.0248e-14
 62  2.4310    3.0-                          9.9113e-14
                       47  2.1334     0.6373               0.2975 6.3047e-14
                        0  0.0000     0.3627               2.4310 3.5935e-14
 61  2.4233    4.0-                          4.0900e-14
                       11  1.0039     1.0000               1.4194 4.0894e-14
 60  2.3640    1.0-                          3.3635e-13
                        1  0.0586     0.0833               2.3054 2.8029e-14
                        6  0.5428     0.0833               1.8211 2.8029e-14
                        8  0.7388     0.0833               1.6252 2.8029e-14
                       14  1.1507     0.0833               1.2133 2.8029e-14
                       28  1.6862     0.0833               0.6778 2.8029e-14
                       29  1.7097     0.0833               0.6543 2.8029e-14
                       35  1.8332     0.0833               0.5307 2.8029e-14
                       42  2.0327     0.0833               0.3313 2.8029e-14
                       44  2.0808     0.0833               0.2832 2.8029e-14
                       49  2.1831     0.0833               0.1809 2.8029e-14
                       57  2.3243     0.0833               0.0397 2.8029e-14
                       58  2.3418     0.0833               0.0221 2.8029e-14
 59  2.3519    2.0-                          2.5815e-13
                       17  1.2168     0.2063               1.1350 5.3241e-14
                        6  0.5428     0.7937               1.8091 2.0479e-13
 58  2.3418    2.0+                          2.6079e-13
                        9  0.7857     1.0000               1.5561 2.6074e-13
 57  2.3243    1.0+                          3.2624e-13
                        1  0.0586     1.0000               2.2657 3.2609e-13
 56  2.3184    0.0-                          1.6368e-13
                        8  0.7388     0.3333               1.5796 5.4558e-14
                       28  1.6862     0.3333               0.6322 5.4558e-14
                       29  1.7097     0.3333               0.6087 5.4558e-14
 55  2.3102    3.0-                          1.1227e-13
                        2  0.2772     1.0000               2.0330 1.1220e-13
 54  2.2799    5.0+                          1.2791e-14
                        0  0.0000     1.0000               2.2799 1.2785e-14
 53  2.2747    3.0+                          1.2929e-13
                        3  0.2884     1.0000               1.9863 1.2925e-13
 52  2.2304    3.0-                          1.2227e-13
                        1  0.0586     1.0000               2.1719 1.2217e-13
 51  2.2216    4.0+                          3.7661e-14
                       12  1.0058     0.4736               1.2158 1.7834e-14
                        0  0.0000     0.5264               2.2216 1.9816e-14
 50  2.1999    6.0-                          3.5157e-15
                        0  0.0000     0.1429               2.1999 5.0224e-16
                        4  0.4357     0.1429               1.7642 5.0224e-16
                       15  1.2078     0.1429               0.9921 5.0224e-16
                       16  1.2165     0.1429               0.9834 5.0224e-16
                       19  1.3797     0.1429               0.8202 5.0224e-16
                       23  1.5100     0.1429               0.6899 5.0224e-16
                       31  1.7876     0.1429               0.4123 5.0224e-16
 49  2.1831    2.0+                          3.0197e-13
                       25  1.5659     1.0000               0.6172 3.0189e-13
 48  2.1519    5.0-                          1.2660e-14
                       12  1.0058     1.0000               1.1461 1.2659e-14
 47  2.1334    3.0+                          2.1221e-13
                        3  0.2884     0.4117               1.8450 8.7342e-14
                        1  0.0586     0.5883               2.0748 1.2480e-13
 46  2.1322    7.0-                          8.0538e-16                       4.9000e-13
                       32  1.8002     0.8202               0.3320 6.5800e-16
                       16  1.2165     0.1798               0.9158 1.4479e-16
 45  2.1218    4.0+                          4.1549e-14
                       11  1.0039     0.7874               1.1179 3.2713e-14
                        0  0.0000     0.2126               2.1218 8.8301e-15
 44  2.0808    2.0+                          3.6381e-13
                        1  0.0586     1.0000               2.0222 3.6368e-13
 43  2.0454    4.0-                          6.0554e-14
                       15  1.2078     0.3464               0.8376 2.0973e-14
                        5  0.5062     0.6536               1.5392 3.9565e-14
 42  2.0327    2.0+                          3.4971e-13
                       15  1.2078     1.0000               0.8249 3.4920e-13
 41  1.9835    2.0-                          3.8924e-13
                       33  1.8086     1.0000               0.1749 3.7427e-13
 40  1.9812    4.0-                          6.5002e-14
                        3  0.2884     1.0000               1.6928 6.4973e-14
 39  1.9243    2.0-                          4.1769e-13
                        2  0.2772     1.0000               1.6471 4.1762e-13
 38  1.8889    4.0+                          5.2830e-14
                       12  1.0058     0.1957               0.8831 1.0336e-14
                        7  0.6146     0.5362               1.2744 2.8324e-14
                        0  0.0000     0.2681               1.8889 1.4160e-14
 37  1.8772    2.0-                          4.4220e-13
                        7  0.6146     0.0000               1.2626 0.0000e+00
                        1  0.0586     1.0000               1.8186 4.4196e-13
 36  1.8527    4.0+                          5.4906e-14
                        0  0.0000     1.0000               1.8527 5.4891e-14
 35  1.8332    2.0+                          4.2909e-13
                        1  0.0586     1.0000               1.7746 4.2899e-13
 34  1.8308    4.0+                          5.6211e-14
                        2  0.2772     0.0663               1.5536 3.7256e-15
                        0  0.0000     0.9337               1.8308 5.2470e-14
 33  1.8086    3.0-                          5.8925e-13
                        0  0.0000     1.0000               1.8086 5.8913e-13
 32  1.8002    6.0-                          6.3951e-15                       1.7000e-12
                       19  1.3797     0.0102               0.4205 6.5373e-17
                       16  1.2165     0.0604               0.5838 3.8613e-16
                        0  0.0000     0.9294               1.8002 5.9403e-15
 31  1.7876    5.0+                          2.1528e-14
                       12  1.0058     0.6993               0.7818 1.5049e-14
                        0  0.0000     0.3007               1.7876 6.4718e-15
 30  1.7493    3.0+                          2.2357e-13
                        9  0.7857     0.1921               0.9636 4.2935e-14
                        6  0.5428     0.1205               1.2065 2.6934e-14
                        2  0.2772     0.3331               1.4721 7.4453e-14
                        1  0.0586     0.3544               1.6907 7.9209e-14
 29  1.7097    1.0+                          6.7458e-13
                        1  0.0586     1.0000               1.6511 6.7444e-13
 28  1.6862    1.0+                          6.9115e-13
                        8  0.7388     1.0000               0.9474 6.9100e-13
 27  1.6690    3.0-                          2.3872e-13
                        1  0.0586     0.0625               1.6104 1.4920e-14
                        2  0.2772     0.0625               1.3918 1.4920e-14
                        3  0.2884     0.0625               1.3806 1.4920e-14
                        5  0.5062     0.0625               1.1628 1.4920e-14
                        6  0.5428     0.0625               1.1262 1.4920e-14
                        7  0.6146     0.0625               1.0545 1.4920e-14
                        9  0.7857     0.0625               0.8833 1.4920e-14
                       12  1.0058     0.0625               0.6632 1.4920e-14
                       14  1.1507     0.0625               0.5183 1.4920e-14
                       17  1.2168     0.0625               0.4522 1.4920e-14
                       18  1.3419     0.0625               0.3271 1.4920e-14
                       20  1.3810     0.0625               0.2880 1.4920e-14
                       21  1.4512     0.0625               0.2178 1.4920e-14
                       22  1.5083     0.0625               0.1607 1.4920e-14
                       24  1.5158     0.0625               0.1532 1.4920e-14
                       26  1.6398     0.0625               0.0292 1.4920e-14
 26  1.6398    4.0+                          8.4181e-14
                        9  0.7857     0.6964               0.8541 5.8607e-14
                        2  0.2772     0.3036               1.3626 2.5554e-14
 25  1.5659    2.0-                          9.5762e-13
                       18  1.3419     0.1045               0.2241 9.9645e-14
                        3  0.2884     0.1970               1.2775 1.8862e-13
                        1  0.0586     0.6985               1.5074 6.6869e-13
 24  1.5158    4.0+                          9.4509e-14
                        7  0.6146     0.1325               0.9012 1.2519e-14
                        2  0.2772     0.0929               1.2386 8.7830e-15
                        0  0.0000     0.7746               1.5158 7.3191e-14
 23  1.5100    7.0+                          2.4236e-15
                       16  1.2165     1.0000               0.2935 2.4236e-15
 22  1.5083    3.0+                          3.0602e-13
                        5  0.5062     1.0000               1.0021 3.0596e-13
 21  1.4512    4.0+                          1.0056e-13
                        9  0.7857     0.4153               0.6655 4.1740e-14
                        6  0.5428     0.5847               0.9084 5.8779e-14
 20  1.3810    3.0+                          3.5014e-13
                        2  0.2772     1.0000               1.1038 3.5008e-13
 19  1.3797    6.0+                          7.3044e-15                       7.0000e-13
                       15  1.2078     0.1650               0.1719 1.1589e-15
                        4  0.4357     0.8350               0.9440 6.0979e-15
 18  1.3419    3.0+                          4.6511e-13
                        6  0.5428     0.3361               0.7990 1.5627e-13
                        1  0.0586     0.6222               1.2833 2.8936e-13
                        0  0.0000     0.0417               1.3419 1.9388e-14
 17  1.2168    4.0+                          1.8265e-13
                        5  0.5062     0.8078               0.7107 1.4748e-13
                        3  0.2884     0.1922               0.9284 3.5097e-14
 16  1.2165    6.0+                          1.1702e-14                       2.8000e-13
                        4  0.4357     0.2593               0.7807 3.0333e-15
                        0  0.0000     0.7407               1.2165 8.6666e-15
 15  1.2078    5.0+                          4.1164e-13
                        2  0.2772     0.7143               0.9306 2.9397e-13
                        0  0.0000     0.2857               1.2078 1.1759e-13
 14  1.1507    2.0+                          9.1998e-13
                        3  0.2884     1.0000               0.8623 9.1973e-13
 13  1.1320    2.0-                          1.1815e-12
                        8  0.7388     1.0000               0.3932 1.1804e-12
 12  1.0058    4.0+                          2.1438e-13
                        9  0.7857     0.0187               0.2201 3.9459e-15
                        7  0.6146     0.5153               0.3912 1.1021e-13
                        3  0.2884     0.4027               0.7174 8.6297e-14
                        0  0.0000     0.0633               1.0058 1.3557e-14
 11  1.0039    3.0-                          6.6550e-13
                        6  0.5428     0.2559               0.4611 1.7021e-13
                        3  0.2884     0.0234               0.7155 1.5537e-14
                        2  0.2772     0.2344               0.7267 1.5597e-13
                        1  0.0586     0.4863               0.9453 3.2361e-13
 10  0.9400    4.0-                          2.3579e-13
                        0  0.0000     0.1429               0.9400 3.3684e-14
                        2  0.2772     0.1429               0.6628 3.3684e-14
                        3  0.2884     0.1429               0.6516 3.3684e-14
                        4  0.4357     0.1429               0.5043 3.3684e-14
                        5  0.5062     0.1429               0.4338 3.3684e-14
                        7  0.6146     0.1429               0.3254 3.3684e-14
                        9  0.7857     0.1429               0.1543 3.3684e-14
  9  0.7857    4.0+                          6.4311e-13                       3.2000e-12
                        7  0.6146     0.0126               0.1712 7.7609e-15
                        4  0.4357     0.0228               0.3500 1.4615e-14
                        3  0.2884     0.4397               0.4973 2.8245e-13
                        0  0.0000     0.5249               0.7857 3.3747e-13
  8  0.7388    1.0+                          3.8469e-12
                        6  0.5428     0.4198               0.1960 1.5771e-12
                        1  0.0586     0.5802               0.6802 2.2309e-12
  7  0.6146    3.0+                          1.0020e-12
                        2  0.2772     0.0356               0.3374 3.5536e-14
                        1  0.0586     0.9644               0.5560 9.6553e-13
  6  0.5428    2.0+                          4.0404e-12
                        3  0.2884     0.6213               0.2544 2.4855e-12
                        1  0.0586     0.3787               0.4842 1.5283e-12
  5  0.5062    3.0+                          1.4433e-12
                        3  0.2884     0.0053               0.2178 7.5957e-15
                        1  0.0586     0.9947               0.4476 1.4333e-12
  4  0.4357    5.0+                          1.5061e-13
                        2  0.2772     0.6209               0.1585 8.9063e-14
                        0  0.0000     0.3791               0.4357 5.7001e-14
  3  0.2884    3.0+                          5.5322e-12
                        1  0.0586     1.0000               0.2298 5.4558e-12
  2  0.2772    4.0+                          1.9660e-12
                        0  0.0000     1.0000               0.2772 1.9523e-12
  1  0.0586    2.0+                          1.8673e-11                       6.2800e+02
                        0  0.0000     1.0000               0.0586 3.8109e-13
  0  0.0000    5.0+                          2.2362e-11                       1.6630e+08
#......................................................................../  026-058Fe //   1.000000
#                                                                         ISOMERIC STATE PRODUCTION
#            027-060Co
#   Ex[MeV]     Jpi     T(1/2)[s]  Prod.[mb]
  1  0.0586    2.0+    6.2800e+02 1.8673e-11
#......................................................................../  026-058Fe //   1.000000
#                                                                          SUM SPECTRA FOR COMPOUND
#            027-059Co      gamma
 SpcSum[mb]            3.8080e-04
 Emean[MeV]            2.0426e+00
#......................................................................../  026-058Fe //   1.000000
#                                                                   GAMMAS FROM DISCRETE TRANSITION
#           1 0 0 0 0 0             027-059Co
#   Ex[MeV]     Jpi    FinalState  Branching Production    Egamma Production   T(1/2)[s]
 82  3.9501    3.5-                          6.7308e-08
                        0  0.0000     1.0000               3.9501 6.7233e-08
 81  3.9442    3.5+                          5.2919e-08                       6.0000e-13
                        3  1.2916     1.0000               2.6526 5.2897e-08
 80  3.9263    4.5+                          2.5441e-08
                        0  0.0000     0.0435               3.9263 1.1061e-09
                        2  1.1905     0.0435               2.7359 1.1061e-09
                        5  1.4595     0.0435               2.4668 1.1061e-09
                        7  1.7447     0.0435               2.1816 1.1061e-09
                        8  2.0618     0.0435               1.8645 1.1061e-09
                       15  2.5404     0.0435               1.3859 1.1061e-09
                       17  2.5858     0.0435               1.3405 1.1061e-09
                       24  2.8262     0.0435               1.1001 1.1061e-09
                       25  2.8291     0.0435               1.0972 1.1061e-09
                       31  2.9730     0.0435               0.9533 1.1061e-09
                       33  3.0149     0.0435               0.9114 1.1061e-09
                       34  3.0168     0.0435               0.9095 1.1061e-09
                       36  3.0816     0.0435               0.8447 1.1061e-09
                       37  3.0904     0.0435               0.8359 1.1061e-09
                       38  3.1209     0.0435               0.8054 1.1061e-09
                       40  3.1405     0.0435               0.7858 1.1061e-09
                       41  3.1410     0.0435               0.7853 1.1061e-09
                       51  3.3234     0.0435               0.6029 1.1061e-09
                       56  3.3820     0.0435               0.5443 1.1061e-09
                       57  3.4145     0.0435               0.5118 1.1061e-09
                       58  3.4261     0.0435               0.5002 1.1061e-09
                       60  3.4974     0.0435               0.4289 1.1061e-09
                       65  3.6228     0.0435               0.3035 1.1061e-09
 79  3.9152    2.5+                          1.0061e-07
                        0  0.0000     0.0312               3.9152 3.1441e-09
                        1  1.0993     0.0312               2.8159 3.1441e-09
                        3  1.2916     0.0312               2.6236 3.1441e-09
                        6  1.4817     0.0312               2.4335 3.1441e-09
                        7  1.7447     0.0312               2.1705 3.1441e-09
                        8  2.0618     0.0312               1.8534 3.1441e-09
                        9  2.0872     0.0312               1.8280 3.1441e-09
                       12  2.2048     0.0312               1.7104 3.1441e-09
                       14  2.4787     0.0312               1.4365 3.1441e-09
                       15  2.5404     0.0312               1.3748 3.1441e-09
                       16  2.5817     0.0312               1.3335 3.1441e-09
                       17  2.5858     0.0312               1.3294 3.1441e-09
                       20  2.7702     0.0312               1.1450 3.1441e-09
                       21  2.7817     0.0312               1.1335 3.1441e-09
                       24  2.8262     0.0312               1.0890 3.1441e-09
                       25  2.8291     0.0312               1.0861 3.1441e-09
                       26  2.9120     0.0312               1.0032 3.1441e-09
                       28  2.9579     0.0312               0.9573 3.1441e-09
                       30  2.9659     0.0312               0.9493 3.1441e-09
                       33  3.0149     0.0312               0.9003 3.1441e-09
                       37  3.0904     0.0312               0.8248 3.1441e-09
                       40  3.1405     0.0312               0.7747 3.1441e-09
                       41  3.1410     0.0312               0.7742 3.1441e-09
                       43  3.1637     0.0312               0.7515 3.1441e-09
                       45  3.2195     0.0312               0.6957 3.1441e-09
                       49  3.2760     0.0312               0.6392 3.1441e-09
                       51  3.3234     0.0312               0.5918 3.1441e-09
                       56  3.3820     0.0312               0.5332 3.1441e-09
                       58  3.4261     0.0312               0.4891 3.1441e-09
                       60  3.4974     0.0312               0.4178 3.1441e-09
                       66  3.6260     0.0312               0.2892 3.1441e-09
                       68  3.6672     0.0312               0.2480 3.1441e-09
 78  3.8886    4.5+                          2.8601e-08
                        0  0.0000     0.0435               3.8886 1.2435e-09
                        2  1.1905     0.0435               2.6982 1.2435e-09
                        5  1.4595     0.0435               2.4291 1.2435e-09
                        7  1.7447     0.0435               2.1439 1.2435e-09
                        8  2.0618     0.0435               1.8268 1.2435e-09
                       15  2.5404     0.0435               1.3482 1.2435e-09
                       17  2.5858     0.0435               1.3028 1.2435e-09
                       24  2.8262     0.0435               1.0624 1.2435e-09
                       25  2.8291     0.0435               1.0595 1.2435e-09
                       31  2.9730     0.0435               0.9156 1.2435e-09
                       33  3.0149     0.0435               0.8737 1.2435e-09
                       34  3.0168     0.0435               0.8718 1.2435e-09
                       36  3.0816     0.0435               0.8070 1.2435e-09
                       37  3.0904     0.0435               0.7982 1.2435e-09
                       38  3.1209     0.0435               0.7677 1.2435e-09
                       40  3.1405     0.0435               0.7481 1.2435e-09
                       41  3.1410     0.0435               0.7476 1.2435e-09
                       51  3.3234     0.0435               0.5652 1.2435e-09
                       56  3.3820     0.0435               0.5066 1.2435e-09
                       57  3.4145     0.0435               0.4741 1.2435e-09
                       58  3.4261     0.0435               0.4625 1.2435e-09
                       60  3.4974     0.0435               0.3912 1.2435e-09
                       65  3.6228     0.0435               0.2658 1.2435e-09
 77  3.8549    1.5+                          1.2138e-07
                        1  1.0993     0.0526               2.7556 6.3885e-09
                        3  1.2916     0.0526               2.5633 6.3885e-09
                        4  1.4343     0.0526               2.4206 6.3885e-09
                        6  1.4817     0.0526               2.3732 6.3885e-09
                        9  2.0872     0.0526               1.7677 6.3885e-09
                       12  2.2048     0.0526               1.6501 6.3885e-09
                       14  2.4787     0.0526               1.3762 6.3885e-09
                       16  2.5817     0.0526               1.2732 6.3885e-09
                       20  2.7702     0.0526               1.0847 6.3885e-09
                       21  2.7817     0.0526               1.0732 6.3885e-09
                       26  2.9120     0.0526               0.9429 6.3885e-09
                       28  2.9579     0.0526               0.8970 6.3885e-09
                       30  2.9659     0.0526               0.8890 6.3885e-09
                       35  3.0627     0.0526               0.7922 6.3885e-09
                       43  3.1637     0.0526               0.6912 6.3885e-09
                       45  3.2195     0.0526               0.6354 6.3885e-09
                       49  3.2760     0.0526               0.5789 6.3885e-09
                       66  3.6260     0.0526               0.2289 6.3885e-09
                       68  3.6672     0.0526               0.1877 6.3885e-09
 76  3.8427    5.5+                          1.0423e-08
                        5  1.4595     0.4709               2.3832 4.9038e-09
                        2  1.1905     0.5291               2.6522 5.5090e-09
 75  3.8321    2.5+                          1.2838e-07
                        0  0.0000     0.0312               3.8321 4.0119e-09
                        1  1.0993     0.0312               2.7328 4.0119e-09
                        3  1.2916     0.0312               2.5405 4.0119e-09
                        6  1.4817     0.0312               2.3504 4.0119e-09
                        7  1.7447     0.0312               2.0874 4.0119e-09
                        8  2.0618     0.0312               1.7703 4.0119e-09
                        9  2.0872     0.0312               1.7449 4.0119e-09
                       12  2.2048     0.0312               1.6273 4.0119e-09
                       14  2.4787     0.0312               1.3534 4.0119e-09
                       15  2.5404     0.0312               1.2917 4.0119e-09
                       16  2.5817     0.0312               1.2504 4.0119e-09
                       17  2.5858     0.0312               1.2463 4.0119e-09
                       20  2.7702     0.0312               1.0619 4.0119e-09
                       21  2.7817     0.0312               1.0504 4.0119e-09
                       24  2.8262     0.0312               1.0059 4.0119e-09
                       25  2.8291     0.0312               1.0030 4.0119e-09
                       26  2.9120     0.0312               0.9201 4.0119e-09
                       28  2.9579     0.0312               0.8742 4.0119e-09
                       30  2.9659     0.0312               0.8662 4.0119e-09
                       33  3.0149     0.0312               0.8172 4.0119e-09
                       37  3.0904     0.0312               0.7417 4.0119e-09
                       40  3.1405     0.0312               0.6916 4.0119e-09
                       41  3.1410     0.0312               0.6911 4.0119e-09
                       43  3.1637     0.0312               0.6684 4.0119e-09
                       45  3.2195     0.0312               0.6126 4.0119e-09
                       49  3.2760     0.0312               0.5561 4.0119e-09
                       51  3.3234     0.0312               0.5087 4.0119e-09
                       56  3.3820     0.0312               0.4501 4.0119e-09
                       58  3.4261     0.0312               0.4060 4.0119e-09
                       60  3.4974     0.0312               0.3347 4.0119e-09
                       66  3.6260     0.0312               0.2061 4.0119e-09
                       68  3.6672     0.0312               0.1649 4.0119e-09
 74  3.8209    1.5+                          1.3378e-07
                        1  1.0993     0.0526               2.7216 7.0412e-09
                        3  1.2916     0.0526               2.5293 7.0412e-09
                        4  1.4343     0.0526               2.3866 7.0412e-09
                        6  1.4817     0.0526               2.3392 7.0412e-09
                        9  2.0872     0.0526               1.7337 7.0412e-09
                       12  2.2048     0.0526               1.6161 7.0412e-09
                       14  2.4787     0.0526               1.3422 7.0412e-09
                       16  2.5817     0.0526               1.2392 7.0412e-09
                       20  2.7702     0.0526               1.0507 7.0412e-09
                       21  2.7817     0.0526               1.0392 7.0412e-09
                       26  2.9120     0.0526               0.9089 7.0412e-09
                       28  2.9579     0.0526               0.8630 7.0412e-09
                       30  2.9659     0.0526               0.8550 7.0412e-09
                       35  3.0627     0.0526               0.7582 7.0412e-09
                       43  3.1637     0.0526               0.6572 7.0412e-09
                       45  3.2195     0.0526               0.6014 7.0412e-09
                       49  3.2760     0.0526               0.5449 7.0412e-09
                       66  3.6260     0.0526               0.1949 7.0412e-09
                       68  3.6672     0.0526               0.1537 7.0412e-09
 73  3.8077    3.5+                          7.9594e-08
                        0  0.0000     0.0345               3.8077 2.7446e-09
                        2  1.1905     0.0345               2.6173 2.7446e-09
                        6  1.4817     0.0345               2.3260 2.7446e-09
                        7  1.7447     0.0345               2.0630 2.7446e-09
                        8  2.0618     0.0345               1.7459 2.7446e-09
                        9  2.0872     0.0345               1.7205 2.7446e-09
                       12  2.2048     0.0345               1.6029 2.7446e-09
                       14  2.4787     0.0345               1.3290 2.7446e-09
                       15  2.5404     0.0345               1.2673 2.7446e-09
                       17  2.5858     0.0345               1.2219 2.7446e-09
                       20  2.7702     0.0345               1.0375 2.7446e-09
                       21  2.7817     0.0345               1.0260 2.7446e-09
                       24  2.8262     0.0345               0.9815 2.7446e-09
                       25  2.8291     0.0345               0.9786 2.7446e-09
                       28  2.9579     0.0345               0.8498 2.7446e-09
                       33  3.0149     0.0345               0.7928 2.7446e-09
                       34  3.0168     0.0345               0.7909 2.7446e-09
                       36  3.0816     0.0345               0.7261 2.7446e-09
                       37  3.0904     0.0345               0.7173 2.7446e-09
                       40  3.1405     0.0345               0.6672 2.7446e-09
                       41  3.1410     0.0345               0.6667 2.7446e-09
                       43  3.1637     0.0345               0.6440 2.7446e-09
                       51  3.3234     0.0345               0.4843 2.7446e-09
                       56  3.3820     0.0345               0.4257 2.7446e-09
                       57  3.4145     0.0345               0.3932 2.7446e-09
                       58  3.4261     0.0345               0.3816 2.7446e-09
                       60  3.4974     0.0345               0.3103 2.7446e-09
                       66  3.6260     0.0345               0.1817 2.7446e-09
                       68  3.6672     0.0345               0.1405 2.7446e-09
 72  3.7924    1.5+                          1.4507e-07
                        1  1.0993     0.0526               2.6931 7.6355e-09
                        3  1.2916     0.0526               2.5008 7.6355e-09
                        4  1.4343     0.0526               2.3581 7.6355e-09
                        6  1.4817     0.0526               2.3107 7.6355e-09
                        9  2.0872     0.0526               1.7052 7.6355e-09
                       12  2.2048     0.0526               1.5876 7.6355e-09
                       14  2.4787     0.0526               1.3137 7.6355e-09
                       16  2.5817     0.0526               1.2107 7.6355e-09
                       20  2.7702     0.0526               1.0222 7.6355e-09
                       21  2.7817     0.0526               1.0107 7.6355e-09
                       26  2.9120     0.0526               0.8804 7.6355e-09
                       28  2.9579     0.0526               0.8345 7.6355e-09
                       30  2.9659     0.0526               0.8265 7.6355e-09
                       35  3.0627     0.0526               0.7297 7.6355e-09
                       43  3.1637     0.0526               0.6287 7.6355e-09
                       45  3.2195     0.0526               0.5729 7.6355e-09
                       49  3.2760     0.0526               0.5164 7.6355e-09
                       66  3.6260     0.0526               0.1664 7.6355e-09
                       68  3.6672     0.0526               0.1252 7.6355e-09
 71  3.7689    2.5+                          1.5407e-07
                        0  0.0000     0.0312               3.7689 4.8146e-09
                        1  1.0993     0.0312               2.6696 4.8146e-09
                        3  1.2916     0.0312               2.4773 4.8146e-09
                        6  1.4817     0.0312               2.2872 4.8146e-09
                        7  1.7447     0.0312               2.0242 4.8146e-09
                        8  2.0618     0.0312               1.7071 4.8146e-09
                        9  2.0872     0.0312               1.6817 4.8146e-09
                       12  2.2048     0.0312               1.5641 4.8146e-09
                       14  2.4787     0.0312               1.2902 4.8146e-09
                       15  2.5404     0.0312               1.2285 4.8146e-09
                       16  2.5817     0.0312               1.1872 4.8146e-09
                       17  2.5858     0.0312               1.1831 4.8146e-09
                       20  2.7702     0.0312               0.9987 4.8146e-09
                       21  2.7817     0.0312               0.9872 4.8146e-09
                       24  2.8262     0.0312               0.9427 4.8146e-09
                       25  2.8291     0.0312               0.9398 4.8146e-09
                       26  2.9120     0.0312               0.8569 4.8146e-09
                       28  2.9579     0.0312               0.8110 4.8146e-09
                       30  2.9659     0.0312               0.8030 4.8146e-09
                       33  3.0149     0.0312               0.7540 4.8146e-09
                       37  3.0904     0.0312               0.6785 4.8146e-09
                       40  3.1405     0.0312               0.6284 4.8146e-09
                       41  3.1410     0.0312               0.6279 4.8146e-09
                       43  3.1637     0.0312               0.6052 4.8146e-09
                       45  3.2195     0.0312               0.5494 4.8146e-09
                       49  3.2760     0.0312               0.4929 4.8146e-09
                       51  3.3234     0.0312               0.4455 4.8146e-09
                       56  3.3820     0.0312               0.3869 4.8146e-09
                       58  3.4261     0.0312               0.3428 4.8146e-09
                       60  3.4974     0.0312               0.2715 4.8146e-09
                       66  3.6260     0.0312               0.1429 4.8146e-09
                       68  3.6672     0.0312               0.1017 4.8146e-09
 70  3.7575    3.5+                          9.2145e-08
                        0  0.0000     0.0345               3.7575 3.1774e-09
                        2  1.1905     0.0345               2.5671 3.1774e-09
                        6  1.4817     0.0345               2.2758 3.1774e-09
                        7  1.7447     0.0345               2.0128 3.1774e-09
                        8  2.0618     0.0345               1.6957 3.1774e-09
                        9  2.0872     0.0345               1.6703 3.1774e-09
                       12  2.2048     0.0345               1.5527 3.1774e-09
                       14  2.4787     0.0345               1.2788 3.1774e-09
                       15  2.5404     0.0345               1.2171 3.1774e-09
                       17  2.5858     0.0345               1.1717 3.1774e-09
                       20  2.7702     0.0345               0.9873 3.1774e-09
                       21  2.7817     0.0345               0.9758 3.1774e-09
                       24  2.8262     0.0345               0.9313 3.1774e-09
                       25  2.8291     0.0345               0.9284 3.1774e-09
                       28  2.9579     0.0345               0.7996 3.1774e-09
                       33  3.0149     0.0345               0.7426 3.1774e-09
                       34  3.0168     0.0345               0.7407 3.1774e-09
                       36  3.0816     0.0345               0.6759 3.1774e-09
                       37  3.0904     0.0345               0.6671 3.1774e-09
                       40  3.1405     0.0345               0.6170 3.1774e-09
                       41  3.1410     0.0345               0.6165 3.1774e-09
                       43  3.1637     0.0345               0.5938 3.1774e-09
                       51  3.3234     0.0345               0.4341 3.1774e-09
                       56  3.3820     0.0345               0.3755 3.1774e-09
                       57  3.4145     0.0345               0.3430 3.1774e-09
                       58  3.4261     0.0345               0.3314 3.1774e-09
                       60  3.4974     0.0345               0.2601 3.1774e-09
                       66  3.6260     0.0345               0.1315 3.1774e-09
                       68  3.6672     0.0345               0.0903 3.1774e-09
 69  3.7373    0.5+                          1.1394e-07
                        1  1.0993     0.1111               2.6380 1.2661e-08
                        3  1.2916     0.1111               2.4457 1.2661e-08
                        4  1.4343     0.1111               2.3030 1.2661e-08
                       16  2.5817     0.1111               1.1556 1.2661e-08
                       26  2.9120     0.1111               0.8253 1.2661e-08
                       30  2.9659     0.1111               0.7714 1.2661e-08
                       35  3.0627     0.1111               0.6746 1.2661e-08
                       45  3.2195     0.1111               0.5178 1.2661e-08
                       49  3.2760     0.1111               0.4613 1.2661e-08
 68  3.6672    2.5-                          3.0414e-07
                        1  1.0993     0.5713               2.5679 1.7366e-07
                        0  0.0000     0.4287               3.6672 1.3025e-07
 67  3.6528    2.5+                          2.1388e-07
                        1  1.0993     1.0000               2.5535 2.1367e-07
 66  3.6260    2.5-                          3.3412e-07                       3.0000e-14
                        6  1.4817     1.0000               2.1443 3.3399e-07
 65  3.6228    5.5-                          2.7681e-08
                        0  0.0000     1.0000               3.6228 2.7652e-08
 64  3.5995    4.5+                          6.7323e-08
                        0  0.0000     0.0455               3.5995 3.0601e-09
                        2  1.1905     0.0455               2.4090 3.0601e-09
                        5  1.4595     0.0455               2.1400 3.0601e-09
                        7  1.7447     0.0455               1.8548 3.0601e-09
                        8  2.0618     0.0455               1.5377 3.0601e-09
                       15  2.5404     0.0455               1.0591 3.0601e-09
                       17  2.5858     0.0455               1.0137 3.0601e-09
                       24  2.8262     0.0455               0.7733 3.0601e-09
                       25  2.8291     0.0455               0.7704 3.0601e-09
                       31  2.9730     0.0455               0.6265 3.0601e-09
                       33  3.0149     0.0455               0.5846 3.0601e-09
                       34  3.0168     0.0455               0.5827 3.0601e-09
                       36  3.0816     0.0455               0.5179 3.0601e-09
                       37  3.0904     0.0455               0.5091 3.0601e-09
                       38  3.1209     0.0455               0.4786 3.0601e-09
                       40  3.1405     0.0455               0.4590 3.0601e-09
                       41  3.1410     0.0455               0.4585 3.0601e-09
                       51  3.3234     0.0455               0.2761 3.0601e-09
                       56  3.3820     0.0455               0.2175 3.0601e-09
                       57  3.4145     0.0455               0.1850 3.0601e-09
                       58  3.4261     0.0455               0.1734 3.0601e-09
                       60  3.4974     0.0455               0.1021 3.0601e-09
 63  3.5801    2.5+                          2.6138e-07
                        0  0.0000     0.0333               3.5801 8.7127e-09
                        1  1.0993     0.0333               2.4808 8.7127e-09
                        3  1.2916     0.0333               2.2885 8.7127e-09
                        6  1.4817     0.0333               2.0984 8.7127e-09
                        7  1.7447     0.0333               1.8354 8.7127e-09
                        8  2.0618     0.0333               1.5183 8.7127e-09
                        9  2.0872     0.0333               1.4929 8.7127e-09
                       12  2.2048     0.0333               1.3753 8.7127e-09
                       14  2.4787     0.0333               1.1014 8.7127e-09
                       15  2.5404     0.0333               1.0397 8.7127e-09
                       16  2.5817     0.0333               0.9984 8.7127e-09
                       17  2.5858     0.0333               0.9943 8.7127e-09
                       20  2.7702     0.0333               0.8099 8.7127e-09
                       21  2.7817     0.0333               0.7984 8.7127e-09
                       24  2.8262     0.0333               0.7539 8.7127e-09
                       25  2.8291     0.0333               0.7510 8.7127e-09
                       26  2.9120     0.0333               0.6681 8.7127e-09
                       28  2.9579     0.0333               0.6222 8.7127e-09
                       30  2.9659     0.0333               0.6142 8.7127e-09
                       33  3.0149     0.0333               0.5652 8.7127e-09
                       37  3.0904     0.0333               0.4897 8.7127e-09
                       40  3.1405     0.0333               0.4396 8.7127e-09
                       41  3.1410     0.0333               0.4391 8.7127e-09
                       43  3.1637     0.0333               0.4164 8.7127e-09
                       45  3.2195     0.0333               0.3606 8.7127e-09
                       49  3.2760     0.0333               0.3041 8.7127e-09
                       51  3.3234     0.0333               0.2567 8.7127e-09
                       56  3.3820     0.0333               0.1981 8.7127e-09
                       58  3.4261     0.0333               0.1540 8.7127e-09
                       60  3.4974     0.0333               0.0827 8.7127e-09
 62  3.5701    5.5+                          2.3446e-08
                        2  1.1905     0.1111               2.3796 2.6051e-09
                        5  1.4595     0.1111               2.1106 2.6051e-09
                       10  2.1536     0.1111               1.4165 2.6051e-09
                       31  2.9730     0.1111               0.5971 2.6051e-09
                       34  3.0168     0.1111               0.5533 2.6051e-09
                       36  3.0816     0.1111               0.4885 2.6051e-09
                       38  3.1209     0.1111               0.4492 2.6051e-09
                       46  3.2238     0.1111               0.3463 2.6051e-09
                       57  3.4145     0.1111               0.1556 2.6051e-09
 61  3.5650    0.5+                          1.8270e-07
                        9  2.0872     0.3333               1.4778 6.0900e-08
                        6  1.4817     0.3333               2.0833 6.0900e-08
                        3  1.2916     0.3333               2.2734 6.0900e-08
 60  3.4974    3.5-                          2.6355e-07
                        0  0.0000     1.0000               3.4974 2.6330e-07
 59  3.4916    0.5+                          2.2223e-07
                        6  1.4817     0.3333               2.0099 7.4077e-08
                        3  1.2916     0.3333               2.2000 7.4077e-08
                        1  1.0993     0.3333               2.3923 7.4077e-08
 58  3.4261    3.5-                          3.0814e-07                       5.5000e-14
                        5  1.4595     0.6210               1.9666 1.9129e-07
                        0  0.0000     0.3790               3.4261 1.1668e-07
 57  3.4145    4.5-                          1.4897e-07
                        6  1.4817     0.4695               1.9328 6.9919e-08
                        1  1.0993     0.3708               2.3152 5.5226e-08
                        0  0.0000     0.1597               3.4145 2.3769e-08
 56  3.3820    3.5-                          3.3916e-07                       7.6000e-14
                        7  1.7447     0.2276               1.6373 7.7177e-08
                        5  1.4595     0.6896               1.9225 2.3381e-07
                        0  0.0000     0.0828               3.3820 2.8060e-08
 55  3.3660    4.5+                          1.2715e-07
                        0  0.0000     0.0556               3.3660 7.0637e-09
                        2  1.1905     0.0556               2.1756 7.0637e-09
                        5  1.4595     0.0556               1.9065 7.0637e-09
                        7  1.7447     0.0556               1.6213 7.0637e-09
                        8  2.0618     0.0556               1.3042 7.0637e-09
                       15  2.5404     0.0556               0.8256 7.0637e-09
                       17  2.5858     0.0556               0.7802 7.0637e-09
                       24  2.8262     0.0556               0.5398 7.0637e-09
                       25  2.8291     0.0556               0.5369 7.0637e-09
                       31  2.9730     0.0556               0.3930 7.0637e-09
                       33  3.0149     0.0556               0.3511 7.0637e-09
                       34  3.0168     0.0556               0.3492 7.0637e-09
                       36  3.0816     0.0556               0.2844 7.0637e-09
                       37  3.0904     0.0556               0.2756 7.0637e-09
                       38  3.1209     0.0556               0.2451 7.0637e-09
                       40  3.1405     0.0556               0.2255 7.0637e-09
                       41  3.1410     0.0556               0.2250 7.0637e-09
                       51  3.3234     0.0556               0.0426 7.0637e-09
 54  3.3509    0.5+                          3.2059e-07
                        1  1.0993     0.1111               2.2516 3.5621e-08
                        3  1.2916     0.1111               2.0593 3.5621e-08
                        4  1.4343     0.1111               1.9166 3.5621e-08
                       16  2.5817     0.1111               0.7692 3.5621e-08
                       26  2.9120     0.1111               0.4389 3.5621e-08
                       30  2.9659     0.1111               0.3850 3.5621e-08
                       35  3.0627     0.1111               0.2882 3.5621e-08
                       45  3.2195     0.1111               0.1314 3.5621e-08
                       49  3.2760     0.1111               0.0749 3.5621e-08
 53  3.3298    2.5+                          5.0656e-07
                        0  0.0000     1.0000               3.3298 5.0585e-07
 52  3.3254    7.5+                          3.3436e-09                       3.2000e-13
                       10  2.1536     1.0000               1.1718 3.3432e-09
 51  3.3234    3.5-                          3.9192e-07
                       21  2.7817     0.0617               0.5417 2.4161e-08
                       10  2.1536     0.1234               1.1698 4.8332e-08
                        6  1.4817     0.0487               1.8417 1.9075e-08
                        4  1.4343     0.2759               1.8891 1.0810e-07
                        3  1.2916     0.1656               2.0318 6.4871e-08
                        0  0.0000     0.3248               3.3234 1.2717e-07
 50  3.3200    2.5+                          5.1941e-07
                        6  1.4817     0.5000               1.8383 2.5971e-07
                        1  1.0993     0.5000               2.2207 2.5971e-07
 49  3.2760    1.5-                          7.8130e-07
                        0  0.0000     1.0000               3.2760 7.8058e-07
 48  3.2410    3.5+                          3.6941e-07
                        1  1.0993     1.0000               2.1417 3.6931e-07
 47  3.2364    2.5+                          6.4141e-07
                        0  0.0000     0.0400               3.2364 2.5656e-08
                        1  1.0993     0.0400               2.1371 2.5656e-08
                        3  1.2916     0.0400               1.9448 2.5656e-08
                        6  1.4817     0.0400               1.7547 2.5656e-08
                        7  1.7447     0.0400               1.4917 2.5656e-08
                        8  2.0618     0.0400               1.1746 2.5656e-08
                        9  2.0872     0.0400               1.1492 2.5656e-08
                       12  2.2048     0.0400               1.0316 2.5656e-08
                       14  2.4787     0.0400               0.7577 2.5656e-08
                       15  2.5404     0.0400               0.6960 2.5656e-08
                       16  2.5817     0.0400               0.6547 2.5656e-08
                       17  2.5858     0.0400               0.6506 2.5656e-08
                       20  2.7702     0.0400               0.4662 2.5656e-08
                       21  2.7817     0.0400               0.4547 2.5656e-08
                       24  2.8262     0.0400               0.4102 2.5656e-08
                       25  2.8291     0.0400               0.4073 2.5656e-08
                       26  2.9120     0.0400               0.3244 2.5656e-08
                       28  2.9579     0.0400               0.2785 2.5656e-08
                       30  2.9659     0.0400               0.2705 2.5656e-08
                       33  3.0149     0.0400               0.2215 2.5656e-08
                       37  3.0904     0.0400               0.1460 2.5656e-08
                       40  3.1405     0.0400               0.0959 2.5656e-08
                       41  3.1410     0.0400               0.0954 2.5656e-08
                       43  3.1637     0.0400               0.0727 2.5656e-08
                       45  3.2195     0.0400               0.0169 2.5656e-08
 46  3.2238    6.5-                          2.5029e-08                       7.0000e-13
                       11  2.1835     0.5494               1.0403 1.3750e-08
                        5  1.4595     0.4506               1.7643 1.1276e-08
 45  3.2195    1.5-                          8.9912e-07
                       24  2.8262     0.2403               0.3933 2.1533e-07
                       13  2.3948     0.2694               0.8247 2.4202e-07
                        0  0.0000     0.4903               3.2195 4.4044e-07
 44  3.1938    2.5+                          7.1303e-07
                       10  2.1536     0.2986               1.0402 2.1259e-07
                        3  1.2916     0.1094               1.9022 7.7956e-08
                        2  1.1905     0.0944               2.0034 6.7320e-08
                        0  0.0000     0.4976               3.1938 3.5432e-07
 43  3.1637    2.5-                          9.5532e-07
                        1  1.0993     1.0000               2.0644 9.5497e-07
 42  3.1604    1.5+                          7.6918e-07
                        0  0.0000     1.0000               3.1604 7.6873e-07
 41  3.1410    3.5-                          5.9776e-07
                        7  1.7447     0.5000               1.3964 2.9888e-07
                        5  1.4595     0.5000               1.6815 2.9888e-07
 40  3.1405    3.5-                          5.9837e-07
                        9  2.0872     0.2926               1.0533 1.7505e-07
                        2  1.1905     0.2195               1.9500 1.3130e-07
                        0  0.0000     0.4879               3.1405 2.9171e-07
 39  3.1221    3.5+                          4.9466e-07
                        1  1.0993     1.0000               2.0228 4.9454e-07
 38  3.1209    5.5-                          1.0491e-07
                        0  0.0000     1.0000               3.1209 1.0482e-07
 37  3.0904    3.5-                          6.5965e-07                       2.1000e-13
                        9  2.0872     0.4807               1.0032 3.1706e-07
                        3  1.2916     0.2596               1.7988 1.7121e-07
                        1  1.0993     0.2596               1.9911 1.7120e-07
 36  3.0816    4.5-                          3.1455e-07                       2.1000e-13
                        2  1.1905     1.0000               1.8912 3.1446e-07
 35  3.0627    0.5-                          8.1333e-07
                       15  2.5404     1.0000               0.5223 8.0815e-07
 34  3.0168    4.5-                          3.5872e-07
                       13  2.3948     0.2010               0.6220 7.2083e-08
                        7  1.7447     0.4902               1.2721 1.7582e-07
                        5  1.4595     0.3088               1.5573 1.1075e-07
 33  3.0149    3.5-                          7.6316e-07                       2.3000e-13
                        8  2.0618     0.1759               0.9531 1.3421e-07
                        5  1.4595     0.3257               1.5554 2.4851e-07
                        3  1.2916     0.2182               1.7233 1.6648e-07
                        0  0.0000     0.2802               3.0149 2.1368e-07
 32  2.9770    1.5+                          1.1949e-06
                        1  1.0993     0.0769               1.8777 9.1915e-08
                        3  1.2916     0.0769               1.6854 9.1915e-08
                        4  1.4343     0.0769               1.5427 9.1915e-08
                        6  1.4817     0.0769               1.4953 9.1915e-08
                        9  2.0872     0.0769               0.8898 9.1915e-08
                       12  2.2048     0.0769               0.7722 9.1915e-08
                       14  2.4787     0.0769               0.4983 9.1915e-08
                       16  2.5817     0.0769               0.3953 9.1915e-08
                       20  2.7702     0.0769               0.2068 9.1915e-08
                       21  2.7817     0.0769               0.1953 9.1915e-08
                       26  2.9120     0.0769               0.0650 9.1915e-08
                       28  2.9579     0.0769               0.0191 9.1915e-08
                       30  2.9659     0.0769               0.0111 9.1915e-08
 31  2.9730    5.5-                          1.3941e-07
                        7  1.7447     1.0000               1.2283 1.3939e-07
 30  2.9659    1.5-                          1.5431e-06                       3.0000e-14
                       11  2.1835     0.2555               0.7824 3.9270e-07
                        1  1.0993     0.0914               1.8666 1.4098e-07
                        0  0.0000     0.6531               2.9659 1.0070e-06
 29  2.9631    3.5+                          7.2148e-07
                        7  1.7447     0.3333               1.2184 2.4049e-07
                        2  1.1905     0.3333               1.7726 2.4049e-07
                        0  0.0000     0.3333               2.9631 2.4049e-07
 28  2.9579    2.5-                          1.5241e-06
                       17  2.5858     0.3289               0.3721 4.9989e-07
                       12  2.2048     0.1740               0.7531 2.6510e-07
                        1  1.0993     0.4971               1.8586 7.5744e-07
 27  2.9146    2.5+                          1.3917e-06
                       13  2.3948     0.2819               0.5198 3.9181e-07
                        9  2.0872     0.2487               0.8274 3.4609e-07
                        2  1.1905     0.4693               1.7242 6.5305e-07
 26  2.9120    1.5-                          1.6953e-06                       4.3000e-14
                        8  2.0618     0.2907               0.8502 4.9267e-07
                        0  0.0000     0.7093               2.9120 1.2016e-06
 25  2.8291    3.5-                          1.0852e-06
                        1  1.0993     1.0000               1.7298 1.0849e-06
 24  2.8262    3.5-                          1.3072e-06                       8.0000e-14
                        2  1.1905     0.0621               1.6358 8.1159e-08
                        1  1.0993     0.6210               1.7269 8.1154e-07
                        0  0.0000     0.3169               2.8262 4.1395e-07
 23  2.8242    6.5+                          4.9044e-08                       5.5000e-14
                       10  2.1536     0.2009               0.6706 9.8506e-09
                        9  2.0872     0.2410               0.7370 1.1762e-08
                        0  0.0000     0.5581               2.8242 2.7357e-08
 22  2.8168    2.5+                          1.7425e-06
                        0  0.0000     1.0000               2.8168 1.7405e-06
 21  2.7817    2.5-                          2.1157e-06                       9.7000e-14
                        1  1.0993     0.1525               1.6824 3.2258e-07
                        0  0.0000     0.8475               2.7817 1.7919e-06
 20  2.7702    2.5-                          2.1347e-06
                        8  2.0618     0.5000               0.7084 1.0674e-06
                        4  1.4343     0.5000               1.3359 1.0674e-06
 19  2.7224    3.5+                          1.2467e-06
                       15  2.5404     0.2011               0.1820 2.4872e-07
                       11  2.1835     0.7989               0.5389 9.9478e-07
 18  2.7131    0.5+                          1.4774e-06
                       10  2.1536     0.1999               0.5595 2.9533e-07
                        1  1.0993     0.8001               1.6138 1.1816e-06
 17  2.5858    3.5-                          2.1946e-06                       6.8000e-14
                        2  1.1905     0.4219               1.3953 9.2575e-07
                        0  0.0000     0.5781               2.5858 1.2679e-06
 16  2.5817    1.5-                          2.9876e-06                       2.1000e-13
                        0  0.0000     1.0000               2.5817 2.9858e-06
 15  2.5404    3.5-                          2.8998e-06                       1.5000e-13
                        7  1.7447     0.7246               0.7957 2.1005e-06
                        2  1.1905     0.1377               1.3499 3.9924e-07
                        0  0.0000     0.1377               2.5404 3.9908e-07
 14  2.4787    2.5-                          3.5371e-06                       2.9000e-14
                       12  2.2048     0.1312               0.2739 4.6084e-07
                        0  0.0000     0.8688               2.4787 3.0715e-06
 13  2.3948    4.5+                          1.9149e-06                       1.3000e-13
                        8  2.0618     0.0527               0.3330 1.0073e-07
                        7  1.7447     0.4385               0.6501 8.3936e-07
                        5  1.4595     0.1754               0.9353 3.3581e-07
                        0  0.0000     0.3335               2.3948 6.3798e-07
 12  2.2048    2.5-                          6.2567e-06                       6.9000e-13
                        6  1.4817     0.3597               0.7231 2.2496e-06
                        4  1.4343     0.0935               0.7705 5.8500e-07
                        3  1.2916     0.2590               0.9132 1.6202e-06
                        2  1.1905     0.2194               1.0143 1.3724e-06
                        0  0.0000     0.0684               2.2048 4.2747e-07
 11  2.1835    5.5+                          2.0212e-06                       4.1000e-14
                        7  1.7447     0.0000               0.4388 0.0000e+00
                        3  1.2916     0.1243               0.8919 2.5062e-07
                        2  1.1905     0.7749               0.9930 1.5661e-06
                        0  0.0000     0.1008               2.1835 2.0368e-07
 10  2.1536    6.5-                          7.6486e-07                       1.4000e-14
                        5  1.4595     1.0000               0.6941 7.6450e-07
  9  2.0872    2.5-                          7.5422e-06                       1.7000e-14
                        7  1.7447     0.1581               0.3425 1.1882e-06
                        3  1.2916     0.3917               0.7956 2.9535e-06
                        0  0.0000     0.4502               2.0872 3.3944e-06
  8  2.0618    3.5-                          5.8906e-06                       1.3000e-13
                        7  1.7447     0.0374               0.3171 2.1905e-07
                        6  1.4817     0.4140               0.5800 2.4371e-06
                        2  1.1905     0.4650               0.8713 2.7383e-06
                        0  0.0000     0.0837               2.0618 4.9289e-07
  7  1.7447    3.5-                          1.1880e-05                       3.2000e-13
                        6  1.4817     0.1059               0.2630 1.2535e-06
                        2  1.1905     0.3389               0.5542 4.0231e-06
                        0  0.0000     0.5552               1.7447 6.5945e-06
  6  1.4817    2.5-                          2.2169e-05                       1.6600e-13
                        3  1.2916     0.0110               0.1901 2.3680e-07
                        1  1.0993     0.2261               0.3825 5.0049e-06
                        0  0.0000     0.7629               1.4817 1.6910e-05
  5  1.4595    5.5-                          3.9168e-06                       1.0700e-12
                        2  1.1905     0.0711               0.2691 2.7646e-07
                        0  0.0000     0.9289               1.4595 3.6375e-06
  4  1.4343    0.5-                          1.2059e-05                       2.1000e-10
                        3  1.2916     0.7929               0.1427 9.4042e-06
                        1  1.0993     0.2071               0.3350 2.4924e-06
  3  1.2916    1.5-                          3.3749e-05                       5.5100e-10
                        1  1.0993     0.0669               0.1923 2.2357e-06
                        0  0.0000     0.9331               1.2916 3.1489e-05
  2  1.1905    4.5-                          1.9695e-05                       5.2000e-14
                        0  0.0000     1.0000               1.1905 1.9692e-05
  1  1.0993    1.5-                          3.9504e-05                       3.1000e-12
                        0  0.0000     1.0000               1.0993 3.9497e-05
  0  0.0000    3.5-                          1.6554e-04
#......................................................................../  026-058Fe //   1.000000
#                                                                          SUM SPECTRA FOR COMPOUND
#            026-059Fe      gamma
 SpcSum[mb]            2.3073e-06
 Emean[MeV]            1.5501e+00
#......................................................................../  026-058Fe //   1.000000
#                                                                   GAMMAS FROM DISCRETE TRANSITION
#           0 1 0 0 0 0             026-059Fe
#   Ex[MeV]     Jpi    FinalState  Branching Production    Egamma Production   T(1/2)[s]
 26  2.5699    1.5-                          3.5840e-10
                        4  0.6130     1.0000               1.9569 3.5829e-10
 25  2.4938    4.5-                          2.0903e-10
                        0  0.0000     1.0000               2.4938 2.0897e-10
 24  2.4473    1.5-                          6.8208e-10
                       14  1.7498     0.1138               0.6975 7.7588e-11
                        6  0.7264     0.1937               1.7209 1.3209e-10
                        1  0.2870     0.6250               2.1602 4.2613e-10
                        0  0.0000     0.0675               2.4473 4.6023e-11
 23  2.3900    3.5+                          4.5657e-10
                        2  0.4727     0.1667               1.9173 7.6095e-11
                        3  0.5709     0.1667               1.8191 7.6095e-11
                        7  1.0231     0.1667               1.3669 7.6095e-11
                       12  1.5699     0.1667               0.8201 7.6095e-11
                       18  2.2779     0.1667               0.1121 7.6095e-11
                       22  2.3490     0.1667               0.0410 7.6095e-11
 22  2.3490    3.5-                          9.6580e-10
                        0  0.0000     1.0000               2.3490 9.6530e-10
 21  2.3482    0.5-                          6.4451e-10
                       10  1.2113     1.0000               1.1369 6.4443e-10
 20  2.3224    1.5+                          7.6059e-10
                        0  0.0000     1.0000               2.3224 7.5993e-10
 19  2.3122    6.5+                          1.0098e-10                       4.7000e-12
                       11  1.5172     1.0000               0.7950 1.0094e-10
 18  2.2779    2.5-                          1.7691e-09
                        6  0.7264     0.5464               1.5515 9.6647e-10
                        0  0.0000     0.4536               2.2779 8.0210e-10
 17  2.1619    1.5+                          1.6486e-09
                        4  0.6130     1.0000               1.5489 1.6481e-09
 16  1.9620    0.5-                          3.0417e-09
                        6  0.7264     0.6849               1.2355 2.0831e-09
                        4  0.6130     0.0685               1.3489 2.0831e-10
                        0  0.0000     0.2466               1.9620 7.4987e-10
 15  1.9189    1.5+                          4.4927e-09
                        9  1.1621     0.0336               0.7568 1.5115e-10
                        8  1.0778     0.1033               0.8411 4.6402e-10
                        6  0.7264     0.0979               1.1925 4.3977e-10
                        0  0.0000     0.7652               1.9189 3.4356e-09
 14  1.7498    1.5-                          1.0427e-08
                       10  1.2113     0.3335               0.5384 3.4746e-09
                        0  0.0000     0.6665               1.7498 6.9480e-09
 13  1.6480    2.5+                          1.2949e-08
                        0  0.0000     0.1429               1.6480 1.8498e-09
                        2  0.4727     0.1429               1.1753 1.8498e-09
                        3  0.5709     0.1429               1.0771 1.8498e-09
                        6  0.7264     0.1429               0.9216 1.8498e-09
                        7  1.0231     0.1429               0.6249 1.8498e-09
                        9  1.1621     0.1429               0.4859 1.8498e-09
                       12  1.5699     0.1429               0.0781 1.8498e-09
 12  1.5699    2.5-                          2.0836e-08
                        0  0.0000     1.0000               1.5699 2.0833e-08
 11  1.5172    4.5+                          9.7568e-09                       1.4500e-10
                        7  1.0231     1.0000               0.4941 9.7526e-09
 10  1.2113    0.5-                          2.5569e-08
                        0  0.0000     1.0000               1.2113 2.5565e-08
  9  1.1621    1.5-                          4.4123e-08
                        3  0.5709     0.6809               0.5912 3.0023e-08
                        2  0.4727     0.0211               0.6893 9.3069e-10
                        1  0.2870     0.1980               0.8751 8.7351e-09
                        0  0.0000     0.1000               1.1621 4.4122e-09
  8  1.0778    0.5-                          2.8658e-08
                        4  0.6130     1.0000               0.4647 2.8635e-08
  7  1.0231    3.5-                          6.3984e-08
                        3  0.5709     0.4014               0.4523 2.5646e-08
                        2  0.4727     0.0494               0.5504 3.1614e-09
                        0  0.0000     0.5492               1.0231 3.5131e-08
  6  0.7264    1.5-                          1.0364e-07
                        1  0.2870     0.0360               0.4394 3.7254e-09
                        0  0.0000     0.9640               0.7264 9.9871e-08
  5  0.6428    0.5-                          6.4735e-08
                        0  0.0000     1.0000               0.6428 6.4702e-08
  4  0.6130    0.5-                          9.9280e-08
                        0  0.0000     1.0000               0.6130 9.9223e-08
  3  0.5709    2.5-                          2.0964e-07
                        0  0.0000     1.0000               0.5709 2.0950e-07
  2  0.4727    2.5-                          1.8868e-07
                        0  0.0000     1.0000               0.4727 1.8845e-07
  1  0.2870    0.5-                          1.3794e-07
                        0  0.0000     1.0000               0.2870 1.3711e-07
  0  0.0000    1.5-                          1.2780e-06                       3.8440e+06
#......................................................................../  026-058Fe //   1.000000
#                                                                          SUM SPECTRA FOR COMPOUND
#            025-056Mn      gamma
 SpcSum[mb]            2.8912e-08
 Emean[MeV]            8.5051e-01
#......................................................................../  026-058Fe //   1.000000
#                                                                   GAMMAS FROM DISCRETE TRANSITION
#           0 0 1 0 0 0             025-056Mn
#   Ex[MeV]     Jpi    FinalState  Branching Production    Egamma Production   T(1/2)[s]
 45  1.9802    2.0-                          1.5300e-12
                        0  0.0000     0.0455               1.9802 6.9544e-14
                        1  0.0266     0.0455               1.9536 6.9544e-14
                        2  0.1105     0.0455               1.8697 6.9544e-14
                        4  0.2151     0.0455               1.7651 6.9544e-14
                        6  0.3410     0.0455               1.6392 6.9544e-14
                        7  0.4543     0.0455               1.5259 6.9544e-14
                        8  0.4863     0.0455               1.4939 6.9544e-14
                       11  0.7162     0.0455               1.2640 6.9544e-14
                       12  0.7535     0.0455               1.2267 6.9544e-14
                       18  1.1677     0.0455               0.8125 6.9544e-14
                       20  1.1950     0.0455               0.7852 6.9544e-14
                       22  1.2390     0.0455               0.7412 6.9544e-14
                       23  1.2937     0.0455               0.6865 6.9544e-14
                       24  1.3509     0.0455               0.6293 6.9544e-14
                       30  1.5099     0.0455               0.4703 6.9544e-14
                       31  1.5600     0.0455               0.4202 6.9544e-14
                       32  1.6136     0.0455               0.3666 6.9544e-14
                       33  1.6550     0.0455               0.3252 6.9544e-14
                       37  1.7444     0.0455               0.2358 6.9544e-14
                       39  1.8337     0.0455               0.1465 6.9544e-14
                       40  1.8660     0.0455               0.1142 6.9544e-14
                       44  1.9700     0.0455               0.0102 6.9544e-14
 44  1.9700    3.0+                          1.3058e-12
                        9  0.5410     0.0769               1.4290 1.0044e-13
                       10  0.6610     0.0769               1.3090 1.0044e-13
                       14  0.8530     0.0769               1.1170 1.0044e-13
                       17  1.1400     0.0769               0.8300 1.0044e-13
                       25  1.3640     0.0769               0.6060 1.0044e-13
                       26  1.3840     0.0769               0.5860 1.0044e-13
                       27  1.4470     0.0769               0.5230 1.0044e-13
                       28  1.4840     0.0769               0.4860 1.0044e-13
                       34  1.6740     0.0769               0.2960 1.0044e-13
                       36  1.7275     0.0769               0.2425 1.0044e-13
                       38  1.7800     0.0769               0.1900 1.0044e-13
                       41  1.8780     0.0769               0.0920 1.0044e-13
                       42  1.9110     0.0769               0.0590 1.0044e-13
 43  1.9490    1.0-                          2.0281e-12
                        1  0.0266     0.0769               1.9224 1.5601e-13
                        2  0.1105     0.0769               1.8385 1.5601e-13
                        4  0.2151     0.0769               1.7339 1.5601e-13
                       11  0.7162     0.0769               1.2328 1.5601e-13
                       18  1.1677     0.0769               0.7813 1.5601e-13
                       23  1.2937     0.0769               0.6553 1.5601e-13
                       24  1.3509     0.0769               0.5981 1.5601e-13
                       30  1.5099     0.0769               0.4391 1.5601e-13
                       31  1.5600     0.0769               0.3890 1.5601e-13
                       33  1.6550     0.0769               0.2940 1.5601e-13
                       37  1.7444     0.0769               0.2046 1.5601e-13
                       39  1.8337     0.0769               0.1153 1.5601e-13
                       40  1.8660     0.0769               0.0830 1.5601e-13
 42  1.9110    3.0-                          1.5413e-12
                        0  0.0000     0.0556               1.9110 8.5629e-14
                        1  0.0266     0.0556               1.8844 8.5629e-14
                        3  0.2120     0.0556               1.6990 8.5629e-14
                        4  0.2151     0.0556               1.6959 8.5629e-14
                        6  0.3410     0.0556               1.5700 8.5629e-14
                        7  0.4543     0.0556               1.4567 8.5629e-14
                        8  0.4863     0.0556               1.4247 8.5629e-14
                       12  0.7535     0.0556               1.1575 8.5629e-14
                       19  1.1923     0.0556               0.7187 8.5629e-14
                       20  1.1950     0.0556               0.7160 8.5629e-14
                       22  1.2390     0.0556               0.6720 8.5629e-14
                       23  1.2937     0.0556               0.6173 8.5629e-14
                       24  1.3509     0.0556               0.5601 8.5629e-14
                       29  1.4845     0.0556               0.4265 8.5629e-14
                       30  1.5099     0.0556               0.4011 8.5629e-14
                       32  1.6136     0.0556               0.2974 8.5629e-14
                       37  1.7444     0.0556               0.1666 8.5629e-14
                       40  1.8660     0.0556               0.0450 8.5629e-14
 41  1.8780    3.0-                          1.9340e-12
                        0  0.0000     0.0556               1.8780 1.0744e-13
                        1  0.0266     0.0556               1.8514 1.0744e-13
                        3  0.2120     0.0556               1.6660 1.0744e-13
                        4  0.2151     0.0556               1.6629 1.0744e-13
                        6  0.3410     0.0556               1.5370 1.0744e-13
                        7  0.4543     0.0556               1.4237 1.0744e-13
                        8  0.4863     0.0556               1.3917 1.0744e-13
                       12  0.7535     0.0556               1.1245 1.0744e-13
                       19  1.1923     0.0556               0.6857 1.0744e-13
                       20  1.1950     0.0556               0.6830 1.0744e-13
                       22  1.2390     0.0556               0.6390 1.0744e-13
                       23  1.2937     0.0556               0.5843 1.0744e-13
                       24  1.3509     0.0556               0.5271 1.0744e-13
                       29  1.4845     0.0556               0.3935 1.0744e-13
                       30  1.5099     0.0556               0.3681 1.0744e-13
                       32  1.6136     0.0556               0.2644 1.0744e-13
                       37  1.7444     0.0556               0.1336 1.0744e-13
                       40  1.8660     0.0556               0.0120 1.0744e-13
 40  1.8660    2.0+                          4.9647e-12
                        9  0.5410     0.0769               1.3250 3.8190e-13
                       10  0.6610     0.0769               1.2050 3.8190e-13
                       14  0.8530     0.0769               1.0130 3.8190e-13
                       15  0.8840     0.0769               0.9820 3.8190e-13
                       16  0.9740     0.0769               0.8920 3.8190e-13
                       25  1.3640     0.0769               0.5020 3.8190e-13
                       26  1.3840     0.0769               0.4820 3.8190e-13
                       27  1.4470     0.0769               0.4190 3.8190e-13
                       28  1.4840     0.0769               0.3820 3.8190e-13
                       34  1.6740     0.0769               0.1920 3.8190e-13
                       35  1.6929     0.0769               0.1731 3.8190e-13
                       36  1.7275     0.0769               0.1385 3.8190e-13
                       38  1.7800     0.0769               0.0860 3.8190e-13
 39  1.8337    1.0+                          6.1670e-12
                        9  0.5410     0.0909               1.2927 5.6064e-13
                       14  0.8530     0.0909               0.9807 5.6064e-13
                       15  0.8840     0.0909               0.9497 5.6064e-13
                       16  0.9740     0.0909               0.8597 5.6064e-13
                       25  1.3640     0.0909               0.4697 5.6064e-13
                       26  1.3840     0.0909               0.4497 5.6064e-13
                       27  1.4470     0.0909               0.3867 5.6064e-13
                       28  1.4840     0.0909               0.3497 5.6064e-13
                       35  1.6929     0.0909               0.1408 5.6064e-13
                       36  1.7275     0.0909               0.1062 5.6064e-13
                       38  1.7800     0.0909               0.0537 5.6064e-13
 38  1.7800    2.0-                          7.4648e-12
                        0  0.0000     0.0526               1.7800 3.9288e-13
                        1  0.0266     0.0526               1.7534 3.9288e-13
                        2  0.1105     0.0526               1.6695 3.9288e-13
                        4  0.2151     0.0526               1.5649 3.9288e-13
                        6  0.3410     0.0526               1.4390 3.9288e-13
                        7  0.4543     0.0526               1.3257 3.9288e-13
                        8  0.4863     0.0526               1.2937 3.9288e-13
                       11  0.7162     0.0526               1.0638 3.9288e-13
                       12  0.7535     0.0526               1.0265 3.9288e-13
                       18  1.1677     0.0526               0.6123 3.9288e-13
                       20  1.1950     0.0526               0.5850 3.9288e-13
                       22  1.2390     0.0526               0.5410 3.9288e-13
                       23  1.2937     0.0526               0.4863 3.9288e-13
                       24  1.3509     0.0526               0.4291 3.9288e-13
                       30  1.5099     0.0526               0.2701 3.9288e-13
                       31  1.5600     0.0526               0.2200 3.9288e-13
                       32  1.6136     0.0526               0.1664 3.9288e-13
                       33  1.6550     0.0526               0.1250 3.9288e-13
                       37  1.7444     0.0526               0.0356 3.9288e-13
 37  1.7444    2.0+                          1.0757e-11
                        9  0.5410     0.0833               1.2034 8.9643e-13
                       10  0.6610     0.0833               1.0834 8.9643e-13
                       14  0.8530     0.0833               0.8914 8.9643e-13
                       15  0.8840     0.0833               0.8604 8.9643e-13
                       16  0.9740     0.0833               0.7704 8.9643e-13
                       25  1.3640     0.0833               0.3804 8.9643e-13
                       26  1.3840     0.0833               0.3604 8.9643e-13
                       27  1.4470     0.0833               0.2974 8.9643e-13
                       28  1.4840     0.0833               0.2604 8.9643e-13
                       34  1.6740     0.0833               0.0704 8.9643e-13
                       35  1.6929     0.0833               0.0515 8.9643e-13
                       36  1.7275     0.0833               0.0169 8.9643e-13
 36  1.7275    2.0-                          1.0932e-11
                        0  0.0000     0.0556               1.7275 6.0734e-13
                        1  0.0266     0.0556               1.7009 6.0734e-13
                        2  0.1105     0.0556               1.6170 6.0734e-13
                        4  0.2151     0.0556               1.5123 6.0734e-13
                        6  0.3410     0.0556               1.3865 6.0734e-13
                        7  0.4543     0.0556               1.2731 6.0734e-13
                        8  0.4863     0.0556               1.2411 6.0734e-13
                       11  0.7162     0.0556               1.0113 6.0734e-13
                       12  0.7535     0.0556               0.9740 6.0734e-13
                       18  1.1677     0.0556               0.5598 6.0734e-13
                       20  1.1950     0.0556               0.5325 6.0734e-13
                       22  1.2390     0.0556               0.4885 6.0734e-13
                       23  1.2937     0.0556               0.4338 6.0734e-13
                       24  1.3509     0.0556               0.3766 6.0734e-13
                       30  1.5099     0.0556               0.2176 6.0734e-13
                       31  1.5600     0.0556               0.1675 6.0734e-13
                       32  1.6136     0.0556               0.1139 6.0734e-13
                       33  1.6550     0.0556               0.0725 6.0734e-13
 35  1.6929    1.0-                          1.3497e-11
                        1  0.0266     0.1000               1.6663 1.3497e-12
                        2  0.1105     0.1000               1.5824 1.3497e-12
                        4  0.2151     0.1000               1.4778 1.3497e-12
                       11  0.7162     0.1000               0.9767 1.3497e-12
                       18  1.1677     0.1000               0.5252 1.3497e-12
                       23  1.2937     0.1000               0.3992 1.3497e-12
                       24  1.3509     0.1000               0.3420 1.3497e-12
                       30  1.5099     0.1000               0.1830 1.3497e-12
                       31  1.5600     0.1000               0.1329 1.3497e-12
                       33  1.6550     0.1000               0.0379 1.3497e-12
 34  1.6740    3.0-                          8.3703e-12
                        0  0.0000     0.0625               1.6740 5.2314e-13
                        1  0.0266     0.0625               1.6474 5.2314e-13
                        3  0.2120     0.0625               1.4620 5.2314e-13
                        4  0.2151     0.0625               1.4589 5.2314e-13
                        6  0.3410     0.0625               1.3330 5.2314e-13
                        7  0.4543     0.0625               1.2197 5.2314e-13
                        8  0.4863     0.0625               1.1877 5.2314e-13
                       12  0.7535     0.0625               0.9205 5.2314e-13
                       19  1.1923     0.0625               0.4817 5.2314e-13
                       20  1.1950     0.0625               0.4790 5.2314e-13
                       22  1.2390     0.0625               0.4350 5.2314e-13
                       23  1.2937     0.0625               0.3803 5.2314e-13
                       24  1.3509     0.0625               0.3231 5.2314e-13
                       29  1.4845     0.0625               0.1895 5.2314e-13
                       30  1.5099     0.0625               0.1641 5.2314e-13
                       32  1.6136     0.0625               0.0604 5.2314e-13
 33  1.6550    1.0+                          2.0034e-11
                        9  0.5410     0.1250               1.1140 2.5043e-12
                       14  0.8530     0.1250               0.8020 2.5043e-12
                       15  0.8840     0.1250               0.7710 2.5043e-12
                       16  0.9740     0.1250               0.6810 2.5043e-12
                       25  1.3640     0.1250               0.2910 2.5043e-12
                       26  1.3840     0.1250               0.2710 2.5043e-12
                       27  1.4470     0.1250               0.2080 2.5043e-12
                       28  1.4840     0.1250               0.1710 2.5043e-12
 32  1.6136    3.0+                          1.3157e-11                       5.9000e-13
                       21  1.2367     0.0743               0.3769 9.7426e-13
                        5  0.3355     0.9257               1.2780 1.2178e-11
 31  1.5600    1.0+                          3.0953e-11
                        9  0.5410     0.1250               1.0190 3.8691e-12
                       14  0.8530     0.1250               0.7070 3.8691e-12
                       15  0.8840     0.1250               0.6760 3.8691e-12
                       16  0.9740     0.1250               0.5860 3.8691e-12
                       25  1.3640     0.1250               0.1960 3.8691e-12
                       26  1.3840     0.1250               0.1760 3.8691e-12
                       27  1.4470     0.1250               0.1130 3.8691e-12
                       28  1.4840     0.1250               0.0760 3.8691e-12
 30  1.5099    2.0+                          3.7380e-11
                        9  0.5410     0.1111               0.9689 4.1534e-12
                       10  0.6610     0.1111               0.8489 4.1534e-12
                       14  0.8530     0.1111               0.6569 4.1534e-12
                       15  0.8840     0.1111               0.6259 4.1534e-12
                       16  0.9740     0.1111               0.5359 4.1534e-12
                       25  1.3640     0.1111               0.1459 4.1534e-12
                       26  1.3840     0.1111               0.1259 4.1534e-12
                       27  1.4470     0.1111               0.0629 4.1534e-12
                       28  1.4840     0.1111               0.0259 4.1534e-12
 29  1.4845    4.0+                          1.0844e-11
                       12  0.7535     0.4414               0.7311 4.7850e-12
                        5  0.3355     0.5586               1.1490 6.0568e-12
 28  1.4840    2.0-                          4.5586e-11
                        0  0.0000     0.0714               1.4840 3.2562e-12
                        1  0.0266     0.0714               1.4574 3.2562e-12
                        2  0.1105     0.0714               1.3735 3.2562e-12
                        4  0.2151     0.0714               1.2689 3.2562e-12
                        6  0.3410     0.0714               1.1430 3.2562e-12
                        7  0.4543     0.0714               1.0297 3.2562e-12
                        8  0.4863     0.0714               0.9977 3.2562e-12
                       11  0.7162     0.0714               0.7678 3.2562e-12
                       12  0.7535     0.0714               0.7305 3.2562e-12
                       18  1.1677     0.0714               0.3163 3.2562e-12
                       20  1.1950     0.0714               0.2890 3.2562e-12
                       22  1.2390     0.0714               0.2450 3.2562e-12
                       23  1.2937     0.0714               0.1903 3.2562e-12
                       24  1.3509     0.0714               0.1331 3.2562e-12
 27  1.4470    2.0-                          5.1603e-11
                        0  0.0000     0.0714               1.4470 3.6859e-12
                        1  0.0266     0.0714               1.4204 3.6859e-12
                        2  0.1105     0.0714               1.3365 3.6859e-12
                        4  0.2151     0.0714               1.2319 3.6859e-12
                        6  0.3410     0.0714               1.1060 3.6859e-12
                        7  0.4543     0.0714               0.9927 3.6859e-12
                        8  0.4863     0.0714               0.9607 3.6859e-12
                       11  0.7162     0.0714               0.7308 3.6859e-12
                       12  0.7535     0.0714               0.6935 3.6859e-12
                       18  1.1677     0.0714               0.2793 3.6859e-12
                       20  1.1950     0.0714               0.2520 3.6859e-12
                       22  1.2390     0.0714               0.2080 3.6859e-12
                       23  1.2937     0.0714               0.1533 3.6859e-12
                       24  1.3509     0.0714               0.0961 3.6859e-12
 26  1.3840    2.0-                          6.3714e-11
                        0  0.0000     0.0714               1.3840 4.5510e-12
                        1  0.0266     0.0714               1.3574 4.5510e-12
                        2  0.1105     0.0714               1.2735 4.5510e-12
                        4  0.2151     0.0714               1.1689 4.5510e-12
                        6  0.3410     0.0714               1.0430 4.5510e-12
                        7  0.4543     0.0714               0.9297 4.5510e-12
                        8  0.4863     0.0714               0.8977 4.5510e-12
                       11  0.7162     0.0714               0.6678 4.5510e-12
                       12  0.7535     0.0714               0.6305 4.5510e-12
                       18  1.1677     0.0714               0.2163 4.5510e-12
                       20  1.1950     0.0714               0.1890 4.5510e-12
                       22  1.2390     0.0714               0.1450 4.5510e-12
                       23  1.2937     0.0714               0.0903 4.5510e-12
                       24  1.3509     0.0714               0.0331 4.5510e-12
 25  1.3640    2.0-                          6.8092e-11
                        0  0.0000     0.0714               1.3640 4.8637e-12
                        1  0.0266     0.0714               1.3374 4.8637e-12
                        2  0.1105     0.0714               1.2535 4.8637e-12
                        4  0.2151     0.0714               1.1489 4.8637e-12
                        6  0.3410     0.0714               1.0230 4.8637e-12
                        7  0.4543     0.0714               0.9097 4.8637e-12
                        8  0.4863     0.0714               0.8777 4.8637e-12
                       11  0.7162     0.0714               0.6478 4.8637e-12
                       12  0.7535     0.0714               0.6105 4.8637e-12
                       18  1.1677     0.0714               0.1963 4.8637e-12
                       20  1.1950     0.0714               0.1690 4.8637e-12
                       22  1.2390     0.0714               0.1250 4.8637e-12
                       23  1.2937     0.0714               0.0703 4.8637e-12
                       24  1.3509     0.0714               0.0131 4.8637e-12
 24  1.3509    2.0+                          8.5832e-11
                        9  0.5410     0.2000               0.8099 1.7166e-11
                       10  0.6610     0.2000               0.6899 1.7166e-11
                       14  0.8530     0.2000               0.4979 1.7166e-11
                       15  0.8840     0.2000               0.4669 1.7166e-11
                       16  0.9740     0.2000               0.3769 1.7166e-11
 23  1.2937    2.0+                          1.0158e-10
                        9  0.5410     0.2000               0.7527 2.0316e-11
                       10  0.6610     0.2000               0.6327 2.0316e-11
                       14  0.8530     0.2000               0.4407 2.0316e-11
                       15  0.8840     0.2000               0.4097 2.0316e-11
                       16  0.9740     0.2000               0.3197 2.0316e-11
 22  1.2390    3.0+                          7.2861e-11
                        9  0.5410     0.2500               0.6980 1.8215e-11
                       10  0.6610     0.2500               0.5780 1.8215e-11
                       14  0.8530     0.2500               0.3860 1.8215e-11
                       17  1.1400     0.2500               0.0990 1.8215e-11
 21  1.2367    5.0+                          1.1375e-11                       2.6000e-12
                       12  0.7535     0.7815               0.4832 8.8769e-12
                        5  0.3355     0.2185               0.9011 2.4849e-12
 20  1.1950    3.0+                          8.1681e-11
                        9  0.5410     0.2500               0.6540 2.0420e-11
                       10  0.6610     0.2500               0.5340 2.0420e-11
                       14  0.8530     0.2500               0.3420 2.0420e-11
                       17  1.1400     0.2500               0.0550 2.0420e-11
 19  1.1923    4.0+                          3.1693e-11                       5.0000e-13
                       12  0.7535     0.0295               0.4388 9.3372e-13
                       11  0.7162     0.5933               0.4761 1.8677e-11
                        5  0.3355     0.3772               0.8567 1.1952e-11
 18  1.1677    1.0+                          1.5192e-10
                        9  0.5410     0.2500               0.6267 3.7981e-11
                       14  0.8530     0.2500               0.3147 3.7981e-11
                       15  0.8840     0.2500               0.2837 3.7981e-11
                       16  0.9740     0.2500               0.1937 3.7981e-11
 17  1.1400    4.0-                          7.3800e-11
                        0  0.0000     0.1250               1.1400 9.2250e-12
                        3  0.2120     0.1250               0.9280 9.2250e-12
                        5  0.3355     0.1250               0.8045 9.2250e-12
                        6  0.3410     0.1250               0.7990 9.2250e-12
                        7  0.4543     0.1250               0.6857 9.2250e-12
                        8  0.4863     0.1250               0.6537 9.2250e-12
                       12  0.7535     0.1250               0.3865 9.2250e-12
                       13  0.8404     0.1250               0.2996 9.2250e-12
 16  0.9740    1.0-                          3.1069e-10
                        1  0.0266     0.2500               0.9474 7.7672e-11
                        2  0.1105     0.2500               0.8635 7.7672e-11
                        4  0.2151     0.2500               0.7589 7.7672e-11
                       11  0.7162     0.2500               0.2578 7.7672e-11
 15  0.8840    1.0-                          3.7646e-10
                        1  0.0266     0.2500               0.8574 9.4116e-11
                        2  0.1105     0.2500               0.7735 9.4116e-11
                        4  0.2151     0.2500               0.6689 9.4116e-11
                       11  0.7162     0.2500               0.1678 9.4116e-11
 14  0.8530    2.0-                          4.2657e-10
                        0  0.0000     0.1111               0.8530 4.7397e-11
                        1  0.0266     0.1111               0.8264 4.7397e-11
                        2  0.1105     0.1111               0.7425 4.7397e-11
                        4  0.2151     0.1111               0.6379 4.7397e-11
                        6  0.3410     0.1111               0.5120 4.7397e-11
                        7  0.4543     0.1111               0.3987 4.7397e-11
                        8  0.4863     0.1111               0.3667 4.7397e-11
                       11  0.7162     0.1111               0.1368 4.7397e-11
                       12  0.7535     0.1111               0.0995 4.7397e-11
 13  0.8404    5.0+                          4.3671e-11
                        8  0.4863     0.4209               0.3541 1.8307e-11
                        6  0.3410     0.1679               0.4994 7.3231e-12
                        5  0.3355     0.4112               0.5049 1.7941e-11
 12  0.7535    3.0+                          3.1390e-10                       5.0000e-13
                        7  0.4543     0.0292               0.2991 9.1354e-12
                        3  0.2120     0.9708               0.5414 3.0450e-10
 11  0.7162    1.0+                          7.2529e-10
                        8  0.4863     0.2432               0.2299 1.7300e-10
                        6  0.3410     0.3989               0.3752 2.8834e-10
                        0  0.0000     0.3580               0.7162 2.5952e-10
 10  0.6610    3.0-                          3.5872e-10
                        0  0.0000     0.1429               0.6610 5.1245e-11
                        1  0.0266     0.1429               0.6344 5.1245e-11
                        3  0.2120     0.1429               0.4490 5.1245e-11
                        4  0.2151     0.1429               0.4459 5.1245e-11
                        6  0.3410     0.1429               0.3200 5.1245e-11
                        7  0.4543     0.1429               0.2067 5.1245e-11
                        8  0.4863     0.1429               0.1747 5.1245e-11
  9  0.5410    2.0-                          7.9353e-10
                        0  0.0000     0.1429               0.5410 1.1336e-10
                        1  0.0266     0.1429               0.5144 1.1336e-10
                        2  0.1105     0.1429               0.4305 1.1336e-10
                        4  0.2151     0.1429               0.3259 1.1336e-10
                        6  0.3410     0.1429               0.2000 1.1336e-10
                        7  0.4543     0.1429               0.0867 1.1336e-10
                        8  0.4863     0.1429               0.0547 1.1336e-10
  8  0.4863    3.0+                          8.5583e-10
                        6  0.3410     0.0021               0.1453 1.7020e-12
                        4  0.2151     0.7146               0.2712 6.0793e-10
                        3  0.2120     0.0579               0.2743 4.9240e-11
                        1  0.0266     0.1991               0.4597 1.7019e-10
                        0  0.0000     0.0263               0.4863 2.2495e-11
  7  0.4543    3.0+                          7.0146e-10
                        6  0.3410     0.0187               0.1133 1.1413e-11
                        3  0.2120     0.0232               0.2423 1.6108e-11
                        0  0.0000     0.9581               0.4543 6.7128e-10
  6  0.3410    3.0+                          1.1313e-09
                        4  0.2151     0.0036               0.1259 3.6676e-12
                        3  0.2120     0.0083               0.1290 8.5919e-12
                        1  0.0266     0.9296               0.3144 1.0477e-09
                        0  0.0000     0.0585               0.3410 6.6003e-11
  5  0.3355    5.0+                          1.7497e-10                       2.0000e-09
                        3  0.2120     0.6054               0.1235 9.5430e-11
                        0  0.0000     0.3946               0.3355 6.8708e-11
  4  0.2151    2.0+                          2.3750e-09
                        2  0.1105     0.7914               0.1046 1.5663e-09
                        1  0.0266     0.1417               0.1885 3.2898e-10
                        0  0.0000     0.0669               0.2151 1.5665e-10
  3  0.2120    4.0+                          9.1894e-10                       3.0000e-11
                        0  0.0000     1.0000               0.2120 9.0536e-10
  2  0.1105    1.0+                          4.0079e-09                       5.0800e-09
                        1  0.0266     0.9959               0.0839 3.8028e-09
                        0  0.0000     0.0041               0.1105 1.2550e-11
  1  0.0266    2.0+                          7.9526e-09                       8.7000e-09
                        0  0.0000     1.0000               0.0266 3.5502e-09
  0  0.0000    3.0+                          1.1561e-08                       9.2840e+03
#......................................................................../  026-058Fe //   1.000000
#                                                                          SUM SPECTRA FOR COMPOUND
#            026-058Fe      gamma
 SpcSum[mb]            0.0000e+00
 Emean[MeV]            0.0000e+00
#......................................................................../  026-058Fe //   1.000000
#                                                                   GAMMAS FROM DISCRETE TRANSITION
#           0 0 0 1 0 0             026-058Fe
#   Ex[MeV]     Jpi    FinalState  Branching Production    Egamma Production   T(1/2)[s]
  0  0.0000    0.0+                          9.3481e-17
#......................................................................../  026-058Fe //   1.000000
#                                                                INDIVIDUAL GROUND STATE PRODUCTION
#             Residual  Prod.[mb]  Qval[MeV]   Particles
#                                              n p a d t h
 Production  027-060Co 2.2362e-11   12.63109   0 0 0 0 0 0
 Production  027-059Co 1.6554e-04    5.13906   1 0 0 0 0 0
 Production  026-059Fe 1.2780e-06    4.35650   0 1 0 0 0 0
 Production  025-056Mn 1.1561e-08    5.46730   0 0 1 0 0 0
 Production  026-058Fe 9.3481e-17    0.00000   0 0 0 1 0 0
                   sum 1.6683e-04
#......................................................................../  026-058Fe //   1.000000
#                                                           STABLE AND LONG-LIVED STATE PRODUCTIONS
#       Residual    Ex[MeV]     Jpi     T(1/2)[s]  Prod.[mb] Meta
    1  025-056Mn    0.00000    3.0+    9.2840e+03 1.1561e-08
    2  026-058Fe    0.00000    0.0+    ---------- 9.3481e-17
    3  026-059Fe    0.00000    1.5-    3.8440e+06 1.2780e-06
    4  027-059Co    0.00000    3.5-    ---------- 1.6554e-04
    5  027-060Co    0.00000    5.0+    1.6630e+08 2.2362e-11
    6  027-060Co    0.05859    2.0+    6.2800e+02 1.8673e-11    1
#                                         g.s.sum 1.6683e-04


#......................................................................../  026-058Fe //   1.000000
#                                                                                   ISOMERIC RATIOS
#       Residual    Ex[MeV]     Jpi     T(1/2)[s] Ratio      m/(g-m)
    1  027-060Co    0.05859    2.0+    6.2800e+02 8.3504e-01 5.0619e+00


#......................................................................../  026-058Fe //   1.000000
#                                                                               PARTICLE PRODUCTION
#             Particle  Prod.[mb] Multiplic. Emean[MeV]
 ParticlPrd      gamma 3.8313e-04 2.2965e+00 2.0395e+00
 ParticlPrd    neutron 1.6554e-04 9.9227e-01 1.4049e+00
 ParticlPrd     proton 1.2780e-06 7.6600e-03 2.5126e+00
 ParticlPrd      alpha 1.1561e-08 6.9297e-05 4.2955e+00
 ParticlPrd   deuteron 9.3481e-17 5.6033e-13 9.5000e-01


