###################################################################################################
#                                                                                    3.6.0-Cordelia
#
#                                                      .oooooo.             ooooo   ooooo        
#     Clair de Lune                                   d8P    Y8b             888     888         
#     =============                                  888           .ooooo.   888     888         
#                                                    888          d88   88b  888ooooo888         
# Votre ame est un paysage choisi                    888          888   888  888     888  dP^Y8b 
# Que vont charmant masques et bergamasques           88b    ooo  888   888  888     888      8P 
# Jouant du luth et dansant et quasi                   Y8bood8P    Y8bod8P' o888o   o888o   <8B  
# Tristes sous leurs deguisements fantasques.                                           8b    8b 
#                                                                                        Y8oo8P  
#
# Tout en chantant sur le mode mineur            Au calme clair de lune triste et beau,
# L'amour vainqueur et la vie opportune          Qui fait rever les oiseaux dans les arbres
# Ils n'ont pas l'air de croire a leur bonheur   Et sangloter d'extase les jets d'eau,
# Et leur chanson se mele au clair de lune,      Les grands jets d'eau sveltes parmi les marbres.
# 
#                                                                                   Paul Verlaine
#
######################################################################################## Moonage 11
###################################################################################################
#                                                                                    3.6.0-Cordelia
#          
#......................................................................../  028-058Ni //  21.000000
#                                                                                 SYSTEM PARAMETERS
#            AtomicNum    MassNum
#    Target         28         58
#  Incident          1          2
#            Ecms[MeV]  Elab[MeV] ReduceMass WaveNumber
     Energy 2.0294e+01 2.1000e+01 1.9464e+00 1.3748e+00
#......................................................................../  028-058Ni //  21.000000
#                                                                           OPTICAL MODEL POTENTIAL
# OMP  0      V         Vs        Wv        Ws        Vso       Wso       Coul
      r[fm]   1.15000   0.00000   1.33076   1.37327   0.97200   0.00000      1.30
      a[fm]   0.76777   0.00000   0.46791   0.77099   1.01100   0.00000
 Depth[MeV]  91.48836   0.00000   2.36632  10.20899   7.11400   0.00000
#......................................................................../  028-058Ni //  21.000000
#                                                                      TOTAL REACTION CROSS SECTION
  Sigma[mb] 1.6808e+03
#......................................................................../  028-058Ni //  21.000000
#                                                                                      TARGET STATE
#           Excitation  Spin
  028-058Ni 0.0000e+00  0.0+
#......................................................................../  028-058Ni //  21.000000
#                                                                             COMPOUND NUCLEUS DATA
#              Z     A  MassExess    Ex(max) Separation     N-cont    N-level
  029-060Cu              -58.3446    31.5467                   149         32
      gamma  029-060Cu     0.0000                0.0000
    neutron  029-059Cu     8.0714               10.0583
     proton  028-059Ni     7.2890                4.4775
      alpha  027-056Co     2.4249                4.7297
   deuteron  028-058Ni    13.1358               11.2522
  029-059Cu              -56.3577    21.4885                    89         39
      gamma  029-059Cu     0.0000                0.0000
    neutron  029-058Cu     8.0714               12.7620
     proton  028-058Ni     7.2890                3.4186
      alpha  027-055Co     2.4249                4.7534
   deuteron  028-057Ni    13.1358               13.4104
  028-059Ni              -61.1561    27.0692                   122         27
      gamma  028-059Ni     0.0000                0.0000
    neutron  028-058Ni     8.0714                8.9994
     proton  027-058Co     7.2890                8.5986
      alpha  026-055Fe     2.4249                6.1004
   deuteron  027-057Co    13.1358               14.9470
  027-056Co              -56.0398    26.8170                   119         32
      gamma  027-056Co     0.0000                0.0000
    neutron  027-055Co     8.0714               10.0820
     proton  026-055Fe     7.2890                5.8482
      alpha  025-052Mn     2.4249                7.7579
   deuteron  026-054Fe    13.1358               12.9218
  028-058Ni              -60.2282    20.2945                    79         34
      gamma  028-058Ni     0.0000                0.0000
    neutron  028-057Ni     8.0714               12.2164
     proton  027-057Co     7.2890                8.1722
      alpha  026-054Fe     2.4249                6.3992
   deuteron  027-056Co    13.1358               17.3242
  029-058Cu              -51.6671     8.7264                    33         13
      gamma  029-058Cu     0.0000                0.0000
     proton  028-057Ni     7.2890                2.8729
      alpha  027-054Co     2.4249                6.0827
  028-058Ni              -60.2282    18.0698                    68         34
      gamma  028-058Ni     0.0000                0.0000
    neutron  028-057Ni     8.0714               12.2164
     proton  027-057Co     7.2890                8.1722
      alpha  026-054Fe     2.4249                6.3992
   deuteron  027-056Co    13.1358               17.3242
  027-055Co              -54.0293    16.7351                    64         29
      gamma  027-055Co     0.0000                0.0000
    neutron  027-054Co     8.0714               14.0914
     proton  026-054Fe     7.2890                5.0644
      alpha  025-051Mn     2.4249                8.2107
   deuteron  026-053Fe    13.1358               16.2184
  028-057Ni              -56.0832     8.0781                    18         27
      gamma  028-057Ni     0.0000                0.0000
     proton  027-056Co     7.2890                7.3325
      alpha  026-053Fe     2.4249                7.5614
  027-058Co              -59.8466    18.4706                    82         52
      gamma  027-058Co     0.0000                0.0000
    neutron  027-057Co     8.0714                8.5730
     proton  026-057Fe     7.2890                6.9544
      alpha  025-054Mn     2.4249                6.7150
   deuteron  026-056Fe    13.1358               12.3760
  026-055Fe              -57.4806    20.9688                    88         31
      gamma  026-055Fe     0.0000                0.0000
    neutron  026-054Fe     8.0714                9.2982
     proton  025-054Mn     7.2890                9.2131
      alpha  024-051Cr     2.4249                8.4545
   deuteron  025-053Mn    13.1358               15.9274
  027-057Co              -59.3449    12.1222                    42         54
      gamma  027-057Co     0.0000                0.0000
    neutron  027-056Co     8.0714               11.3766
     proton  026-056Fe     7.2890                6.0276
      alpha  025-053Mn     2.4249                7.0808
  025-052Mn              -50.7069    19.0592                    80         47
      gamma  025-052Mn     0.0000                0.0000
    neutron  025-051Mn     8.0714               10.5348
     proton  024-051Cr     7.2890                6.5448
      alpha  023-048V      2.4249                8.6550
   deuteron  024-050Cr    13.1358               13.5810
  026-054Fe              -56.2539    13.8953                    46         25
      gamma  026-054Fe     0.0000                0.0000
    neutron  026-053Fe     8.0714               13.3786
     proton  025-053Mn     7.2890                8.8539
      alpha  024-050Cr     2.4249                8.4171
  027-056Co              -56.0398     2.9703                     0         32
      gamma  027-056Co     0.0000                0.0000
  028-057Ni              -56.0832     5.8535                     7         27
      gamma  028-057Ni     0.0000                0.0000
  027-054Co              -48.0093     2.6437                     0         45
      gamma  027-054Co     0.0000                0.0000
  027-057Co              -59.3449     9.8976                    31         54
      gamma  027-057Co     0.0000                0.0000
     proton  026-056Fe     7.2890                6.0276
      alpha  025-053Mn     2.4249                7.0808
  026-054Fe              -56.2539    11.6706                    35         25
      gamma  026-054Fe     0.0000                0.0000
     proton  025-053Mn     7.2890                8.8539
      alpha  024-050Cr     2.4249                8.4171
  027-056Co              -56.0398     0.7457                     0         32
      gamma  027-056Co     0.0000                0.0000
  025-051Mn              -48.2435     8.5244                    27         28
      gamma  025-051Mn     0.0000                0.0000
     proton  024-050Cr     7.2890                5.2708
  026-053Fe              -50.9467     0.5167                     0         24
      gamma  026-053Fe     0.0000                0.0000
  026-057Fe              -60.1812    11.5162                    45         30
      gamma  026-057Fe     0.0000                0.0000
    neutron  026-056Fe     8.0714                7.6462
     proton  025-056Mn     7.2890               10.5594
      alpha  024-053Cr     2.4249                7.3202
  025-054Mn              -55.5565    11.7557                    48         34
      gamma  025-054Mn     0.0000                0.0000
    neutron  025-053Mn     8.0714                8.9389
     proton  024-053Cr     7.2890                7.5597
      alpha  023-050V      2.4249                8.7576
  026-056Fe              -60.6064     6.0947                     4         77
      gamma  026-056Fe     0.0000                0.0000
  024-051Cr              -51.4511    12.5143                    41         91
      gamma  024-051Cr     0.0000                0.0000
    neutron  024-050Cr     8.0714                9.2608
     proton  023-050V      7.2890                9.5162
      alpha  022-047Ti     2.4249                8.9396
  025-053Mn              -54.6890     5.0414                     6         44
      gamma  025-053Mn     0.0000                0.0000
  023-048V               -44.4768    10.4042                    41         33
      gamma  023-048V      0.0000                0.0000
     proton  022-047Ti     7.2890                6.8294
      alpha  021-044Sc     2.4249                9.0857
  024-050Cr              -50.2617     5.4782                     4         38
      gamma  024-050Cr     0.0000                0.0000
  026-056Fe              -60.6064     3.8700                     0         77
      gamma  026-056Fe     0.0000                0.0000
  025-053Mn              -54.6890     2.8168                     0         44
      gamma  025-053Mn     0.0000                0.0000
  024-050Cr              -50.2617     3.2536                     0         38
      gamma  024-050Cr     0.0000                0.0000
  025-056Mn              -56.9108     0.9569                     0         46
      gamma  025-056Mn     0.0000                0.0000
  024-053Cr              -55.2859     4.1960                     3         34
      gamma  024-053Cr     0.0000                0.0000
  023-050V               -49.2239     2.9981                     3         43
      gamma  023-050V      0.0000                0.0000
  022-047Ti              -44.9364     3.5748                     0         55
      gamma  022-047Ti     0.0000                0.0000
  021-044Sc              -37.8160     1.3185                     0         43
      gamma  021-044Sc     0.0000                0.0000
#......................................................................../  028-058Ni //  21.000000
#                                                                          LEVEL DENSITY PARAMETERS
#                 a       Pairing     T          E0         Em         Sigma2     Eshell
  029-060Cu     7.8416     0.0000     1.5143    -4.0112     9.6901     4.5625  -3.234700
  029-059Cu     7.7065     1.5111     1.5400    -2.0248    10.6361     6.1699  -3.816100
  028-059Ni     7.7065     1.5321     1.6543    -3.0959    12.5026     5.7269  -4.103000
  027-056Co     7.3020     0.0000     1.5491    -2.5217     7.6611     6.6250  -4.263500
  028-058Ni     7.5715     2.6359     1.6691    -1.4231    12.8854     4.3529  -4.534200
  029-058Cu     7.5715     0.0000     1.4500    -1.7890     6.3187     5.0000  -4.499100
  027-055Co     7.1675     1.5457     1.7291    -2.0246    11.2496     5.7888  -4.841800
  028-057Ni     7.4367     1.5213     1.6001    -0.7601     9.0369     6.5602  -5.178000
  027-058Co     7.5715     0.0000     1.6003    -4.5097    10.6265     8.1538  -3.270900
  026-055Fe     7.1675     1.5728     1.6603    -2.4655    11.9733     9.7944  -3.480400
  027-057Co     7.4367     1.4927     1.6583    -3.0254    12.2736     6.8935  -3.742600
  025-052Mn     6.7648     0.0000     1.5532    -2.9404     8.7055    10.5106  -2.416200
  026-054Fe     7.0331     2.6947     1.6595    -0.6555    11.9383     7.7600  -4.019500
  025-051Mn     6.6309     1.5842     1.5730    -2.1564    10.8440     5.6429  -1.914000
  026-057Fe     7.4367     1.5804     1.5737    -3.0878    12.2497     4.5917  -2.515600
  025-054Mn     7.0331     0.0000     1.5814    -3.6263     9.3214     7.3235  -2.894400
  026-056Fe     7.3020     2.6593     1.6240    -1.8095    13.2217     6.4286  -3.111000
  024-051Cr     6.6309     1.6188     1.7272    -3.5767    13.5591     8.5893  -2.005500
  025-053Mn     6.8989     1.5243     1.7121    -2.8200    12.2660     8.0568  -3.371000
  023-048V      6.2300     0.0000     1.6266    -3.8546    10.0799    10.0000  -0.988800
  024-050Cr     6.4971     2.7603     1.5744    -1.0026    12.1299     6.5789  -1.511400
  024-053Cr     6.8989     1.6273     1.5780    -1.9343    10.9467     8.0074  -2.552300
  023-050V      6.4971     0.0000     1.6684    -4.1537    10.6092    10.1163  -1.868700
#......................................................................../  028-058Ni //  21.000000
#                                                                       GIANT DIPOLE RESONANCE DATA
#          Energy[MeV] Width[MeV] Sigma0[mb]            Profile
         E1    18.3996     5.5199 115.220183                 GL
         M1    10.4729     4.0000   0.790110                 SL
         E2    16.0925     5.3900   1.548205                 SL
         M2    10.4729     4.0000   0.000632                 SL
         E3    16.0925     5.3900   0.001239                 SL
#......................................................................../  028-058Ni //  21.000000
#                                                                       SUM OF PRECOMPOUND EMISSION
#            029-060Cu      gamma    neutron     proton      alpha   deuteron
 SpcSum[mb]            0.0000e+00 3.2842e+02 5.7067e+02 2.3422e+01 3.2993e+01
 Emean[MeV]            0.0000e+00 1.0907e+01 1.5955e+01 1.6633e+01 9.6925e+00
#          
#           TotalPreEq   Compound   Fraction
  Sigma[mb] 9.5551e+02 1.6808e+03 5.6847e-01
#......................................................................../  028-058Ni //  21.000000
#                                                                          SUM SPECTRA FOR COMPOUND
#            029-060Cu      gamma    neutron     proton      alpha   deuteron
 SpcSum[mb]            3.7179e-01 1.9777e+02 4.0533e+02 1.1296e+02 9.2920e+00
 Emean[MeV]            1.2312e+01 3.0376e+00 6.8210e+00 1.1283e+01 6.7165e+00
#......................................................................../  028-058Ni //  21.000000
#                                                                   GAMMAS FROM DISCRETE TRANSITION
#           0 0 0 0 0 0             029-060Cu
#   Ex[MeV]     Jpi    FinalState  Branching Production    Egamma Production   T(1/2)[s]
 31  1.7910    0.0+                          2.6394e-07
                        4  0.3646     0.5000               1.4264 1.3197e-07
                        0  0.0000     0.5000               1.7910 1.3197e-07
 30  1.7789    5.0+                          1.2821e-05
                        6  0.5575     0.5000               1.2214 6.4107e-06
                        5  0.4538     0.5000               1.3251 6.4107e-06
 29  1.7680    0.0-                          3.8748e-07
                        1  0.0622     0.2500               1.7058 9.6870e-08
                        4  0.3646     0.2500               1.4034 9.6870e-08
                       10  0.6702     0.2500               1.0978 9.6870e-08
                       17  1.2490     0.2500               0.5190 9.6870e-08
 28  1.6940    2.0-                          1.4487e-06
                        0  0.0000     0.0714               1.6940 1.0348e-07
                        1  0.0622     0.0714               1.6318 1.0348e-07
                        2  0.2872     0.0714               1.4068 1.0348e-07
                        4  0.3646     0.0714               1.3294 1.0348e-07
                        5  0.4538     0.0714               1.2402 1.0348e-07
                        8  0.5870     0.0714               1.1070 1.0348e-07
                        9  0.6000     0.0714               1.0940 1.0348e-07
                       10  0.6702     0.0714               1.0238 1.0348e-07
                       11  0.7810     0.0714               0.9130 1.0348e-07
                       14  0.9470     0.0714               0.7470 1.0348e-07
                       16  1.0070     0.0714               0.6870 1.0348e-07
                       17  1.2490     0.0714               0.4450 1.0348e-07
                       21  1.4270     0.0714               0.2670 1.0348e-07
                       27  1.6680     0.0714               0.0260 1.0348e-07
 27  1.6680    3.0+                          1.7910e-06
                       11  0.7810     1.0000               0.8870 1.7904e-06
 26  1.6600    1.0-                          8.9687e-07
                        0  0.0000     0.1000               1.6600 8.9687e-08
                        1  0.0622     0.1000               1.5978 8.9687e-08
                        2  0.2872     0.1000               1.3728 8.9687e-08
                        3  0.3358     0.1000               1.3242 8.9687e-08
                        4  0.3646     0.1000               1.2954 8.9687e-08
                        9  0.6000     0.1000               1.0600 8.9687e-08
                       10  0.6702     0.1000               0.9898 8.9687e-08
                       14  0.9470     0.1000               0.7130 8.9687e-08
                       16  1.0070     0.1000               0.6530 8.9687e-08
                       17  1.2490     0.1000               0.4110 8.9687e-08
 25  1.6460    4.0-                          7.1411e-06
                        5  0.4538     0.1250               1.1922 8.9264e-07
                        6  0.5575     0.1250               1.0885 8.9264e-07
                        8  0.5870     0.1250               1.0590 8.9264e-07
                       11  0.7810     0.1250               0.8650 8.9264e-07
                       13  0.9145     0.1250               0.7315 8.9264e-07
                       15  0.9750     0.1250               0.6710 8.9264e-07
                       21  1.4270     0.1250               0.2190 8.9264e-07
                       24  1.6036     0.1250               0.0424 8.9264e-07
 24  1.6036    5.0+                          2.9977e-05
                        6  0.5575     1.0000               1.0461 2.9970e-05
 23  1.5050    3.0-                          3.3096e-06
                        5  0.4538     1.0000               1.0512 3.3092e-06
 22  1.4920    2.0-                          1.8890e-06
                        0  0.0000     0.0769               1.4920 1.4531e-07
                        1  0.0622     0.0769               1.4298 1.4531e-07
                        2  0.2872     0.0769               1.2048 1.4531e-07
                        4  0.3646     0.0769               1.1274 1.4531e-07
                        5  0.4538     0.0769               1.0382 1.4531e-07
                        8  0.5870     0.0769               0.9050 1.4531e-07
                        9  0.6000     0.0769               0.8920 1.4531e-07
                       10  0.6702     0.0769               0.8218 1.4531e-07
                       11  0.7810     0.0769               0.7110 1.4531e-07
                       14  0.9470     0.0769               0.5450 1.4531e-07
                       16  1.0070     0.0769               0.4850 1.4531e-07
                       17  1.2490     0.0769               0.2430 1.4531e-07
                       21  1.4270     0.0769               0.0650 1.4531e-07
 21  1.4270    3.0+                          3.3737e-06
                        0  0.0000     1.0000               1.4270 3.3732e-06
 20  1.4215    3.0-                          3.8098e-06
                        5  0.4538     1.0000               0.9677 3.8093e-06
                        0  0.0000     0.0000               1.4215 0.0000e+00
 19  1.3680    1.0-                          1.3049e-06
                        2  0.2872     1.0000               1.0808 1.3047e-06
 18  1.3330    2.0-                          2.3529e-06
                        0  0.0000     0.0833               1.3330 1.9607e-07
                        1  0.0622     0.0833               1.2708 1.9607e-07
                        2  0.2872     0.0833               1.0458 1.9607e-07
                        4  0.3646     0.0833               0.9684 1.9607e-07
                        5  0.4538     0.0833               0.8792 1.9607e-07
                        8  0.5870     0.0833               0.7460 1.9607e-07
                        9  0.6000     0.0833               0.7330 1.9607e-07
                       10  0.6702     0.0833               0.6628 1.9607e-07
                       11  0.7810     0.0833               0.5520 1.9607e-07
                       14  0.9470     0.0833               0.3860 1.9607e-07
                       16  1.0070     0.0833               0.3260 1.9607e-07
                       17  1.2490     0.0833               0.0840 1.9607e-07
 17  1.2490    1.0+                          1.6741e-06
                        3  0.3358     1.0000               0.9132 1.6737e-06
 16  1.0070    2.0+                          2.5646e-06
                       10  0.6702     1.0000               0.3368 2.5528e-06
 15  0.9750    4.0+                          1.1810e-05
                        6  0.5575     1.0000               0.4175 1.1782e-05
 14  0.9470    2.0+                          2.7087e-06
                        7  0.5710     0.3333               0.3760 9.0290e-07
                        5  0.4538     0.3333               0.4932 9.0290e-07
                        0  0.0000     0.3333               0.9470 9.0290e-07
 13  0.9145    4.0+                          1.3175e-05
                        6  0.5575     0.3293               0.3570 4.3222e-06
                        5  0.4538     0.6707               0.4607 8.8209e-06
 12  0.9040    1.0-                          2.4464e-06
                        0  0.0000     1.0000               0.9040 2.4460e-06
 11  0.7810    3.0+                          8.1624e-06
                        5  0.4538     0.4517               0.3272 3.6686e-06
                        0  0.0000     0.5483               0.7810 4.4736e-06
 10  0.6702    1.0+                          5.1150e-06
                        3  0.3358     0.1230               0.3344 6.2757e-07
                        0  0.0000     0.8770               0.6702 4.4829e-06
  9  0.6000    2.0+                          3.7607e-06
                        0  0.0000     1.0000               0.6000 3.7575e-06
  8  0.5870    3.0+                          7.7698e-06
                        7  0.5710     1.0000               0.0160 7.7698e-06
  7  0.5710    2.0-                          1.5331e-05
                        3  0.3358     0.3333               0.2352 5.1105e-06
                        2  0.2872     0.3333               0.2838 5.1105e-06
                        0  0.0000     0.3333               0.5710 5.1105e-06
  6  0.5575    4.0+                          7.7822e-05
                        5  0.4538     0.3640               0.1037 2.1959e-05
                        3  0.3358     0.0000               0.2217 0.0000e+00
                        2  0.2872     0.1028               0.2703 7.8780e-06
                        0  0.0000     0.5332               0.5575 4.1439e-05
  5  0.4538    3.0+                          6.4213e-05
                        2  0.2872     0.0100               0.1666 6.3430e-07
                        0  0.0000     0.9900               0.4538 6.3447e-05
  4  0.3646    1.0+                          3.4035e-06
                        0  0.0000     1.0000               0.3646 3.3912e-06
  3  0.3358    0.0+                          8.4213e-06
                        1  0.0622     1.0000               0.2736 8.3873e-06
  2  0.2872    2.0+                          2.0155e-05
                        1  0.0622     0.7022               0.2250 1.3902e-05
                        0  0.0000     0.2978               0.2872 5.9792e-06
  1  0.0622    1.0+                          2.6789e-05                       2.0000e-09
                        0  0.0000     1.0000               0.0622 2.1727e-05
  0  0.0000    2.0+                          1.7267e-04                       1.4220e+03
#......................................................................../  028-058Ni //  21.000000
#                                                                          SUM SPECTRA FOR COMPOUND
#            029-059Cu      gamma    neutron     proton      alpha   deuteron
 SpcSum[mb]            1.7618e+02 1.6461e+01 4.2275e+02 2.3331e+01 3.1984e-01
 Emean[MeV]            1.8519e+00 2.0991e+00 5.3277e+00 1.0162e+01 5.0532e+00
#......................................................................../  028-058Ni //  21.000000
#                                                                   GAMMAS FROM DISCRETE TRANSITION
#           1 0 0 0 0 0             029-059Cu
#   Ex[MeV]     Jpi    FinalState  Branching Production    Egamma Production   T(1/2)[s]
 38  3.7577    3.5+                          6.3417e-01
                        3  1.3986     0.4001               2.3591 2.5350e-01
                        2  0.9140     0.5999               2.8437 3.7999e-01
 37  3.7418    1.5-                          1.9482e-02
                        5  1.9878     0.0996               1.7540 1.9389e-03
                        2  0.9140     0.3904               2.8278 7.6002e-03
                        1  0.4911     0.3985               3.2507 7.7564e-03
                        0  0.0000     0.1116               3.7418 2.1719e-03
 36  3.7289    2.5+                          2.0434e-01
                        8  2.3239     0.4284               1.4050 8.7525e-02
                        5  1.9878     0.3333               1.7411 6.8090e-02
                        3  1.3986     0.2383               2.3303 4.8652e-02
 35  3.6990    3.5-                          2.3040e-01
                        2  0.9140     1.0000               2.7850 2.3024e-01
 34  3.6540    1.5-                          3.1851e-02
                        5  1.9878     0.1429               1.6662 4.5501e-03
                        6  2.2663     0.1429               1.3877 4.5501e-03
                        8  2.3239     0.1429               1.3301 4.5501e-03
                        9  2.3600     0.1429               1.2940 4.5501e-03
                       25  3.4340     0.1429               0.2200 4.5501e-03
                       27  3.4380     0.1429               0.2160 4.5501e-03
                       32  3.5803     0.1429               0.0737 4.5501e-03
 33  3.6150    1.5-                          3.5168e-02                       2.4000e-14
                        1  0.4911     0.6502               3.1239 2.2848e-02
                        0  0.0000     0.3498               3.6150 1.2289e-02
 32  3.5803    2.5+                          2.9823e-01                       1.7000e-12
                       18  3.0427     0.0306               0.5376 9.1231e-03
                        6  2.2663     0.2312               1.3140 6.8934e-02
                        5  1.9878     0.0986               1.5925 2.9394e-02
                        4  1.8652     0.1088               1.7151 3.2429e-02
                        3  1.3986     0.1395               2.1818 4.1568e-02
                        2  0.9140     0.3403               2.6663 1.0137e-01
                        0  0.0000     0.0511               3.5803 1.5203e-02
 31  3.5781    1.5-                          3.8580e-02
                        4  1.8652     0.3298               1.7129 1.2720e-02
                        2  0.9140     0.3299               2.6641 1.2719e-02
                        0  0.0000     0.3403               3.5781 1.3116e-02
 30  3.5739    2.5-                          1.6405e-01
                        3  1.3986     0.3002               2.1753 4.9227e-02
                        2  0.9140     0.6998               2.6599 1.1473e-01
 29  3.5506    2.5-                          1.7152e-01                       1.0000e-14
                        2  0.9140     0.6501               2.6366 1.1144e-01
                        0  0.0000     0.3499               3.5506 5.9957e-02
 28  3.4478    6.5-                          2.5872e+00
                       11  2.5877     0.1489               0.8600 3.8509e-01
                       10  2.3909     0.8511               1.0569 2.2014e+00
 27  3.4380    0.5+                          3.8390e-02
                        0  0.0000     1.0000               3.4380 3.8334e-02
 26  3.4370    3.5+                          1.2488e+00
                        2  0.9140     0.0833               2.5230 1.0406e-01
                        3  1.3986     0.0833               2.0384 1.0406e-01
                        4  1.8652     0.0833               1.5718 1.0406e-01
                       10  2.3909     0.0833               1.0461 1.0406e-01
                       12  2.6645     0.0833               0.7725 1.0406e-01
                       13  2.7060     0.0833               0.7310 1.0406e-01
                       14  2.7150     0.0833               0.7220 1.0406e-01
                       15  2.9282     0.0833               0.5088 1.0406e-01
                       16  2.9929     0.0833               0.4441 1.0406e-01
                       17  3.0248     0.0833               0.4122 1.0406e-01
                       19  3.1141     0.0833               0.3229 1.0406e-01
                       22  3.3090     0.0833               0.1280 1.0406e-01
 25  3.4340    2.5+                          4.1803e-01
                        2  0.9140     0.6997               2.5200 2.9220e-01
                        0  0.0000     0.3003               3.4340 1.2535e-01
 24  3.3295    5.5-                          1.4989e+00
                       12  2.6645     0.4878               0.6650 7.3087e-01
                       11  2.5877     0.2000               0.7418 2.9967e-01
                        4  1.8652     0.1853               1.4643 2.7773e-01
                        3  1.3986     0.1268               1.9310 1.9002e-01
 23  3.3091    4.5+                          2.6018e+00
                        3  1.3986     0.1250               1.9105 3.2522e-01
                        4  1.8652     0.1250               1.4439 3.2522e-01
                       10  2.3909     0.1250               0.9182 3.2522e-01
                       11  2.5877     0.1250               0.7214 3.2522e-01
                       12  2.6645     0.1250               0.6446 3.2522e-01
                       14  2.7150     0.1250               0.5941 3.2522e-01
                       16  2.9929     0.1250               0.3162 3.2522e-01
                       22  3.3090     0.1250               0.0001 3.2522e-01
 22  3.3090    3.5-                          9.0441e-01
                        3  1.3986     0.2994               1.9104 2.7070e-01
                        2  0.9140     0.4490               2.3950 4.0587e-01
                        0  0.0000     0.2516               3.3090 2.2734e-01
 21  3.1297    1.5-                          1.0726e-01                       6.9000e-15
                        2  0.9140     0.3596               2.2157 3.8557e-02
                        1  0.4911     0.3489               2.6386 3.7403e-02
                        0  0.0000     0.2914               3.1297 3.1232e-02
 20  3.1216    1.5-                          1.0905e-01
                        2  0.9140     0.5000               2.2076 5.4526e-02
                        1  0.4911     0.5000               2.6305 5.4526e-02
 19  3.1141    2.5-                          4.8283e-01                       1.4000e-14
                        1  0.4911     0.2800               2.6230 1.3511e-01
                        0  0.0000     0.7200               3.1141 3.4736e-01
 18  3.0427    4.5+                          4.3309e+00                       8.0000e-13
                       11  2.5877     0.0142               0.4550 6.1626e-02
                        4  1.8652     0.1970               1.1775 8.5305e-01
                        3  1.3986     0.7491               1.6442 3.2428e+00
                        2  0.9140     0.0300               2.1287 1.2971e-01
                        0  0.0000     0.0097               3.0427 4.2157e-02
 17  3.0248    2.5-                          5.4436e-01
                        2  0.9140     0.1498               2.1108 8.1513e-02
                        1  0.4911     0.4001               2.5337 2.1767e-01
                        0  0.0000     0.4501               3.0248 2.4483e-01
 16  2.9929    3.5-                          1.2453e+00
                        5  1.9878     0.0499               1.0051 6.2082e-02
                        2  0.9140     0.5800               2.0789 7.2199e-01
                        0  0.0000     0.3702               2.9929 4.6063e-01
 15  2.9282    2.5-                          6.1978e-01
                        5  1.9878     0.1098               0.9404 6.8015e-02
                        2  0.9140     0.4500               2.0142 2.7881e-01
                        1  0.4911     0.0999               2.4371 6.1892e-02
                        0  0.0000     0.3403               2.9282 2.1075e-01
 14  2.7150    3.5-                          1.6913e+00
                        5  1.9878     0.1513               0.7272 2.5583e-01
                        3  1.3986     0.1992               1.3164 3.3685e-01
                        2  0.9140     0.2804               1.8010 4.7410e-01
                        0  0.0000     0.3691               2.7150 6.2383e-01
 13  2.7060    2.5-                          8.3247e-01
                        3  1.3986     0.1398               1.3075 1.1636e-01
                        2  0.9140     0.5899               1.7920 4.9095e-01
                        1  0.4911     0.2703               2.2149 2.2491e-01
 12  2.6645    4.5-                          4.0313e+00
                        4  1.8652     0.8929               0.7993 3.5982e+00
                        3  1.3986     0.1071               1.2659 4.3168e-01
 11  2.5877    5.5-                          6.6347e+00
                        4  1.8652     0.0119               0.7225 7.8641e-02
                        3  1.3986     0.9881               1.1892 6.5547e+00
 10  2.3909    4.5-                          6.8663e+00
                        3  1.3986     0.0950               0.9924 6.5233e-01
                        2  0.9140     0.9050               1.4769 6.2127e+00
  9  2.3600    1.5+                          1.2226e+00
                        0  0.0000     0.2500               2.3600 3.0564e-01
                        1  0.4911     0.2500               1.8689 3.0564e-01
                        2  0.9140     0.2500               1.4460 3.0564e-01
                        7  2.3181     0.2500               0.0419 3.0564e-01
  8  2.3239    1.5+                          1.3746e+00                       2.5000e-14
                        5  1.9878     0.0000               0.3360 0.0000e+00
                        2  0.9140     0.0999               1.4099 1.3723e-01
                        0  0.0000     0.9001               2.3239 1.2363e+00
  7  2.3181    0.5-                          4.7828e-01
                        1  0.4911     0.1701               1.8270 8.1335e-02
                        0  0.0000     0.8299               2.3181 3.9673e-01
  6  2.2663    1.5+                          1.4637e+00                       2.2000e-13
                        1  0.4911     0.4799               1.7752 7.0225e-01
                        0  0.0000     0.5201               2.2663 7.6086e-01
  5  1.9878    2.5+                          5.2340e+00
                        0  0.0000     1.0000               1.9878 5.2318e+00
  4  1.8652    3.5-                          9.1771e+00
                        3  1.3986     0.1503               0.4667 1.3770e+00
                        2  0.9140     0.5496               0.9512 5.0424e+00
                        0  0.0000     0.3001               1.8652 2.7532e+00
  3  1.3986    3.5-                          2.0519e+01                       4.0000e-13
                        2  0.9140     0.1159               0.4846 2.3756e+00
                        0  0.0000     0.8841               1.3986 1.8137e+01
  2  0.9140    2.5-                          2.3956e+01                       1.1000e-12
                        1  0.4911     0.0099               0.4229 2.3711e-01
                        0  0.0000     0.9901               0.9140 2.3712e+01
  1  0.4911    0.5-                          3.3645e+00                       5.8000e-13
                        0  0.0000     1.0000               0.4911 3.3607e+00
  0  0.0000    1.5-                          6.3320e+01                       8.1500e+01
#......................................................................../  028-058Ni //  21.000000
#                                                                          SUM SPECTRA FOR COMPOUND
#            028-059Ni      gamma    neutron     proton      alpha   deuteron
 SpcSum[mb]            7.8559e+02 3.2135e+02 3.2705e+02 6.5020e+01 1.6599e+00
 Emean[MeV]            2.0879e+00 2.1996e+00 5.5961e+00 9.9911e+00 4.8783e+00
#......................................................................../  028-058Ni //  21.000000
#                                                                   GAMMAS FROM DISCRETE TRANSITION
#           0 1 0 0 0 0             028-059Ni
#   Ex[MeV]     Jpi    FinalState  Branching Production    Egamma Production   T(1/2)[s]
 26  2.7130    2.5+                          3.9215e+00
                        3  0.8779     1.0000               1.8351 3.9194e+00
 25  2.7050    5.5-                          1.2204e+01                       3.5000e-13
                       12  1.7674     0.1007               0.9376 1.2286e+00
                        6  1.3379     0.8993               1.3671 1.0973e+01
 24  2.6920    2.5+                          4.0472e+00
                        0  0.0000     0.0667               2.6920 2.6981e-01
                        1  0.3394     0.0667               2.3526 2.6981e-01
                        3  0.8779     0.0667               1.8141 2.6981e-01
                        4  1.1888     0.0667               1.5032 2.6981e-01
                        6  1.3379     0.0667               1.3541 2.6981e-01
                        7  1.6797     0.0667               1.0123 2.6981e-01
                        9  1.7347     0.0667               0.9573 2.6981e-01
                       11  1.7461     0.0667               0.9459 2.6981e-01
                       13  1.9479     0.0667               0.7441 2.6981e-01
                       14  2.3300     0.0667               0.3620 2.6981e-01
                       15  2.4150     0.0667               0.2770 2.6981e-01
                       19  2.5355     0.0667               0.1565 2.6981e-01
                       20  2.5534     0.0667               0.1386 2.6981e-01
                       21  2.6271     0.0667               0.0649 2.6981e-01
                       23  2.6814     0.0667               0.0106 2.6981e-01
 23  2.6814    2.5-                          2.4359e+00
                        3  0.8779     0.4317               1.8035 1.0513e+00
                        0  0.0000     0.5683               2.6814 1.3835e+00
 22  2.6400    0.5-                          6.2752e-01
                        2  0.4650     1.0000               2.1750 6.2752e-01
 21  2.6271    3.5-                          3.7730e+00
                        1  0.3394     0.4285               2.2876 1.6160e+00
                        0  0.0000     0.5715               2.6271 2.1549e+00
 20  2.5534    3.5-                          4.1167e+00
                        1  0.3394     1.0000               2.2140 4.1149e+00
 19  2.5355    2.5-                          2.8515e+00
                       10  1.7392     1.0000               0.7963 2.8502e+00
 18  2.5304    4.5-                          5.8927e+00
                        6  1.3379     0.2406               1.1925 1.4177e+00
                        4  1.1888     0.5348               1.3416 3.1506e+00
                        1  0.3394     0.2246               2.1910 1.3230e+00
 17  2.4800    2.5+                          5.6073e+00
                        0  0.0000     0.0909               2.4800 5.0976e-01
                        1  0.3394     0.0909               2.1406 5.0976e-01
                        3  0.8779     0.0909               1.6021 5.0976e-01
                        4  1.1888     0.0909               1.2912 5.0976e-01
                        6  1.3379     0.0909               1.1421 5.0976e-01
                        7  1.6797     0.0909               0.8003 5.0976e-01
                        9  1.7347     0.0909               0.7453 5.0976e-01
                       11  1.7461     0.0909               0.7339 5.0976e-01
                       13  1.9479     0.0909               0.5321 5.0976e-01
                       14  2.3300     0.0909               0.1500 5.0976e-01
                       15  2.4150     0.0909               0.0650 5.0976e-01
 16  2.4280    2.5+                          6.0828e+00
                        0  0.0000     0.0909               2.4280 5.5298e-01
                        1  0.3394     0.0909               2.0886 5.5298e-01
                        3  0.8779     0.0909               1.5501 5.5298e-01
                        4  1.1888     0.0909               1.2392 5.5298e-01
                        6  1.3379     0.0909               1.0901 5.5298e-01
                        7  1.6797     0.0909               0.7483 5.5298e-01
                        9  1.7347     0.0909               0.6933 5.5298e-01
                       11  1.7461     0.0909               0.6819 5.5298e-01
                       13  1.9479     0.0909               0.4801 5.5298e-01
                       14  2.3300     0.0909               0.0980 5.5298e-01
                       15  2.4150     0.0909               0.0130 5.5298e-01
 15  2.4150    1.5-                          3.1123e+00                       3.7000e-14
                        5  1.3014     0.0078               1.1136 2.4198e-02
                        4  1.1888     0.1264               1.2262 3.9330e-01
                        3  0.8779     0.2139               1.5370 6.6554e-01
                        2  0.4650     0.4862               1.9500 1.5126e+00
                        1  0.3394     0.0248               2.0755 7.7150e-02
                        0  0.0000     0.1410               2.4150 4.3857e-01
 14  2.3300    2.5-                          4.6508e+00
                        8  1.6950     1.0000               0.6350 4.6508e+00
 13  1.9479    3.5-                          9.8897e+00                       1.2300e-13
                        6  1.3379     0.0582               0.6100 5.7500e-01
                        4  1.1888     0.1237               0.7591 1.2228e+00
                        3  0.8779     0.0166               1.0700 1.6431e-01
                        1  0.3394     0.3128               1.6085 3.0925e+00
                        0  0.0000     0.4887               1.9479 4.8319e+00
 12  1.7674    4.5-                          2.0567e+01                       6.0000e-13
                        6  1.3379     0.0918               0.4296 1.8860e+00
                        1  0.3394     0.9082               1.4280 1.8675e+01
 11  1.7461    3.5-                          1.2491e+01                       7.6000e-14
                        0  0.0000     1.0000               1.7461 1.2487e+01
 10  1.7392    4.5-                          2.3074e+01
                        1  0.3394     1.0000               1.3998 2.3070e+01
  9  1.7347    1.5-                          5.4060e+00                       1.0800e-13
                        4  1.1888     0.1207               0.5459 6.5185e-01
                        2  0.4650     0.1212               1.2697 6.5511e-01
                        1  0.3394     0.1838               1.3953 9.9347e-01
                        0  0.0000     0.5743               1.7347 3.1039e+00
  8  1.6950    3.5+                          3.0414e+01
                        1  0.3394     0.2500               1.3556 7.6035e+00
                        4  1.1888     0.2500               0.5062 7.6035e+00
                        6  1.3379     0.2500               0.3571 7.6035e+00
                        7  1.6797     0.2500               0.0153 7.6035e+00
  7  1.6797    2.5-                          1.6258e+01                       1.9600e-13
                        3  0.8779     0.0165               0.8018 2.6767e-01
                        2  0.4650     0.0176               1.2147 2.8641e-01
                        1  0.3394     0.8234               1.3403 1.3385e+01
                        0  0.0000     0.1425               1.6797 2.3162e+00
  6  1.3379    3.5-                          4.2482e+01                       9.5000e-13
                        1  0.3394     0.7128               0.9985 3.0274e+01
                        0  0.0000     0.2872               1.3379 1.2199e+01
  5  1.3014    0.5-                          3.1596e+00                       1.1100e-13
                        3  0.8779     0.1405               0.4235 4.4303e-01
                        2  0.4650     0.1111               0.8364 3.5096e-01
                        1  0.3394     0.0025               0.9620 8.0112e-03
                        0  0.0000     0.7458               1.3014 2.3563e+00
  4  1.1888    2.5-                          2.7197e+01                       2.3000e-13
                        3  0.8779     0.0462               0.3108 1.2503e+00
                        2  0.4650     0.0090               0.7238 2.4515e-01
                        1  0.3394     0.0433               0.8494 1.1767e+00
                        0  0.0000     0.9015               1.1888 2.4515e+01
  3  0.8779    1.5-                          1.9750e+01                       4.7000e-13
                        1  0.3394     0.0142               0.5385 2.8037e-01
                        0  0.0000     0.9858               0.8779 1.9465e+01
  2  0.4650    0.5-                          1.1307e+01                       2.0000e-11
                        0  0.0000     1.0000               0.4650 1.1289e+01
  1  0.3394    2.5-                          1.3779e+02                       6.8000e-11
                        0  0.0000     1.0000               0.3394 1.3723e+02
  0  0.0000    1.5-                          2.6092e+02                       3.1870e+12
#......................................................................../  028-058Ni //  21.000000
#                                                                          SUM SPECTRA FOR COMPOUND
#            027-056Co      gamma    neutron     proton      alpha   deuteron
 SpcSum[mb]            2.5668e+01 2.8243e+01 9.6207e+01 2.8899e+00 4.6020e-02
 Emean[MeV]            2.1024e+00 2.0866e+00 5.3503e+00 8.4799e+00 4.0323e+00
#......................................................................../  028-058Ni //  21.000000
#                                                                   GAMMAS FROM DISCRETE TRANSITION
#           0 0 1 0 0 0             027-056Co
#   Ex[MeV]     Jpi    FinalState  Branching Production    Egamma Production   T(1/2)[s]
 31  3.0759    1.0+                          2.6565e-02                       2.2000e-14
                       11  2.0600     0.1805               1.0159 4.7937e-03
                        7  1.4507     0.7518               1.6252 1.9969e-02
                        4  0.9702     0.0677               2.1057 1.7971e-03
 30  3.0600    5.0+                          7.8017e-02
                       19  2.4696     0.5000               0.5904 3.9008e-02
                       25  2.7700     0.5000               0.2900 3.9008e-02
 29  3.0480    3.0+                          5.0709e-02
                        8  1.5850     0.3333               1.4630 1.6903e-02
                       25  2.7700     0.3333               0.2780 1.6903e-02
                       26  2.7890     0.3333               0.2590 1.6903e-02
 28  2.9690    2.0+                          4.5719e-02
                        8  1.5850     0.5000               1.3840 2.2859e-02
                       26  2.7890     0.5000               0.1800 2.2859e-02
 27  2.9260    2.0+                          4.8320e-02
                        8  1.5850     0.5000               1.3410 2.4160e-02
                       26  2.7890     0.5000               0.1370 2.4160e-02
 26  2.7890    2.0-                          1.9997e-01
                        1  0.1584     0.0625               2.6306 1.2498e-02
                        4  0.9702     0.0625               1.8188 1.2498e-02
                        6  1.1145     0.0625               1.6745 1.2498e-02
                        9  1.7202     0.0625               1.0688 1.2498e-02
                       10  1.9304     0.0625               0.8586 1.2498e-02
                       11  2.0600     0.0625               0.7290 1.2498e-02
                       12  2.2249     0.0625               0.5641 1.2498e-02
                       14  2.2901     0.0625               0.4989 1.2498e-02
                       15  2.3061     0.0625               0.4829 1.2498e-02
                       16  2.3574     0.0625               0.4316 1.2498e-02
                       18  2.4560     0.0625               0.3330 1.2498e-02
                       20  2.6095     0.0625               0.1795 1.2498e-02
                       21  2.6356     0.0625               0.1534 1.2498e-02
                       22  2.6472     0.0625               0.1418 1.2498e-02
                       23  2.6651     0.0625               0.1239 1.2498e-02
                       24  2.7299     0.0625               0.0591 1.2498e-02
 25  2.7700    4.0-                          2.5830e-01
                        0  0.0000     0.1000               2.7700 2.5830e-02
                        1  0.1584     0.1000               2.6116 2.5830e-02
                        2  0.5765     0.1000               2.1935 2.5830e-02
                        3  0.8296     0.1000               1.9404 2.5830e-02
                        5  1.0091     0.1000               1.7609 2.5830e-02
                        6  1.1145     0.1000               1.6555 2.5830e-02
                       10  1.9304     0.1000               0.8396 2.5830e-02
                       14  2.2901     0.1000               0.4799 2.5830e-02
                       20  2.6095     0.1000               0.1605 2.5830e-02
                       23  2.6651     0.1000               0.1049 2.5830e-02
 24  2.7299    1.0+                          5.5387e-02                       6.9000e-14
                       15  2.3061     0.1402               0.4238 7.7513e-03
                       12  2.2249     0.1401               0.5050 7.7512e-03
                       11  2.0600     0.2510               0.6699 1.3895e-02
                        7  1.4507     0.1386               1.2792 7.6756e-03
                        4  0.9702     0.3301               1.7597 1.8279e-02
 23  2.6651    3.0+                          1.1827e-01
                        1  0.1584     1.0000               2.5067 1.1821e-01
 22  2.6472    1.0+                          6.0627e-02
                        1  0.1584     1.0000               2.4888 6.0592e-02
 21  2.6356    1.0+                          6.1408e-02                       1.4000e-14
                        7  1.4507     1.0000               1.1850 6.1400e-02
 20  2.6095    3.0+                          1.2371e-01
                        1  0.1584     1.0000               2.4511 1.2365e-01
 19  2.4696    5.0-                          3.8603e-01                       1.6000e-14
                        2  0.5765     1.0000               1.8931 3.8580e-01
 18  2.4560    1.0+                          7.5222e-02
                        8  1.5850     1.0000               0.8710 7.5222e-02
 17  2.3718    6.0+                          2.7533e-01                       4.2000e-14
                        5  1.0091     0.2806               1.3627 7.7246e-02
                        2  0.5765     0.7194               1.7953 1.9803e-01
 16  2.3574    1.0+                          8.4275e-02
                        4  0.9702     0.5000               1.3872 4.2137e-02
                        1  0.1584     0.5000               2.1990 4.2137e-02
 15  2.3061    2.0+                          1.2697e-01
                        4  0.9702     0.3112               1.3359 3.9507e-02
                        1  0.1584     0.5102               2.1477 6.4753e-02
                        0  0.0000     0.1786               2.3061 2.2665e-02
 14  2.2901    3.0+                          1.6239e-01
                        4  0.9702     0.2387               1.3199 3.8758e-02
                        1  0.1584     0.3108               2.1317 5.0452e-02
                        0  0.0000     0.4505               2.2901 7.3124e-02
 13  2.2826    7.0+                          4.6749e-01                       1.2500e-12
                        2  0.5765     1.0000               1.7061 4.6738e-01
 12  2.2249    2.0+                          1.3828e-01
                        6  1.1145     0.3333               1.1104 4.6092e-02
                        4  0.9702     0.3333               1.2546 4.6092e-02
                        1  0.1584     0.3333               2.0665 4.6092e-02
 11  2.0600    2.0+                          1.7546e-01                       2.4000e-14
                        6  1.1145     0.5299               0.9455 9.2954e-02
                        4  0.9702     0.1500               1.0898 2.6314e-02
                        1  0.1584     0.3201               1.9016 5.6147e-02
 10  1.9304    3.0+                          2.2452e-01                       3.3000e-14
                        4  0.9702     0.5197               0.9601 1.1666e-01
                        3  0.8296     0.1102               1.1008 2.4738e-02
                        1  0.1584     0.3701               1.7720 8.3073e-02
  9  1.7202    1.0+                          1.7558e-01                       3.4000e-13
                        7  1.4507     0.3655               0.2695 6.3968e-02
                        4  0.9702     0.4945               0.7500 8.6798e-02
                        1  0.1584     0.1399               1.5618 2.4561e-02
  8  1.5850    2.0-                          7.9015e-01
                        1  0.1584     0.3333               1.4266 2.6338e-01
                        4  0.9702     0.3333               0.6148 2.6338e-01
                        6  1.1145     0.3333               0.4705 2.6338e-01
  7  1.4507    0.0+                          2.3626e-01                       1.5800e-09
                        4  0.9702     1.0000               0.4804 2.3585e-01
  6  1.1145    3.0+                          8.7347e-01                       1.9000e-13
                        3  0.8296     0.1105               0.2849 9.6239e-02
                        1  0.1584     0.0480               0.9561 4.1892e-02
                        0  0.0000     0.8415               1.1145 7.3494e-01
  5  1.0091    5.0+                          7.1567e-01                       3.8000e-13
                        3  0.8296     0.0547               0.1795 3.7888e-02
                        2  0.5765     0.0628               0.4326 4.4837e-02
                        0  0.0000     0.8826               1.0091 6.3151e-01
  4  0.9702    2.0+                          1.4001e+00                       1.2000e-13
                        1  0.1584     0.9970               0.8119 1.3955e+00
                        0  0.0000     0.0030               0.9702 4.1866e-03
  3  0.8296    4.0+                          7.9939e-01                       1.7000e-12
                        2  0.5765     0.0149               0.2531 1.1754e-02
                        1  0.1584     0.7352               0.6712 5.8751e-01
                        0  0.0000     0.2499               0.8296 1.9972e-01
  2  0.5765    5.0+                          2.0354e+00                       2.8000e-13
                        0  0.0000     1.0000               0.5765 2.0342e+00
  1  0.1584    3.0+                          4.0207e+00                       1.0000e-10
                        0  0.0000     1.0000               0.1584 3.9709e+00
  0  0.0000    4.0+                          8.9926e+00                       6.6730e+06
#......................................................................../  028-058Ni //  21.000000
#                                                                          SUM SPECTRA FOR COMPOUND
#            028-058Ni      gamma    neutron     proton      alpha   deuteron
 SpcSum[mb]            4.9886e+01 3.1227e+00 2.3568e+01 2.2184e-01 2.4615e-11
 Emean[MeV]            2.3576e+00 1.2437e+00 3.8576e+00 7.5283e+00 1.4794e+00
#......................................................................../  028-058Ni //  21.000000
#                                                                   GAMMAS FROM DISCRETE TRANSITION
#           0 0 0 1 0 0             028-058Ni
#   Ex[MeV]     Jpi    FinalState  Branching Production    Egamma Production   T(1/2)[s]
 33  4.5741    1.0+                          6.4679e-02                       2.1000e-14
                        0  0.0000     1.0000               4.5741 6.4597e-02
 32  4.5380    0.0+                          1.5539e-02                       3.1000e-14
                        1  1.4542     1.0000               3.0838 1.5526e-02
 31  4.5183    2.0+                          8.7370e-02
                        2  2.4592     0.5000               2.0591 4.3685e-02
                        1  1.4542     0.5000               3.0641 4.3685e-02
 30  4.4746    3.0-                          3.5202e-01                       2.2000e-14
                        3  2.7754     0.1999               1.6992 7.0336e-02
                        1  1.4542     0.8001               3.0204 2.8130e-01
 29  4.4496    2.0+                          9.4688e-02
                       14  3.5937     0.8104               0.8559 7.6708e-02
                        4  2.9021     0.0891               1.5475 8.4377e-03
                        3  2.7754     0.1005               1.6742 9.5138e-03
 28  4.4043    4.0+                          2.0572e-01                       4.3000e-14
                        1  1.4542     1.0000               2.9501 2.0555e-01
 27  4.3830    5.0+                          7.5422e-01
                       21  4.1059     0.0283               0.2771 2.1190e-02
                       15  3.6201     0.7395               0.7629 5.5754e-01
                       10  3.4205     0.0015               0.9625 1.1152e-03
                        2  2.4592     0.2307               1.9238 1.7395e-01
 26  4.3587    3.0-                          4.2083e-01
                        3  2.7754     0.3333               1.5833 1.4028e-01
                        2  2.4592     0.3333               1.8995 1.4028e-01
                        1  1.4542     0.3333               2.9045 1.4028e-01
 25  4.3479    2.0+                          1.0673e-01                       1.7000e-14
                        1  1.4542     1.0000               2.8937 1.0666e-01
 24  4.2947    4.0+                          2.3604e-01                       2.4000e-14
                        2  2.4592     0.4011               1.8355 9.4649e-02
                        1  1.4542     0.5989               2.8405 1.4126e-01
 23  4.2600    2.0+                          1.1844e-01
                       11  3.4509     0.2500               0.8091 2.9610e-02
                       17  3.8700     0.2500               0.3900 2.9610e-02
                       19  3.9436     0.2500               0.3164 2.9610e-02
                       20  4.0200     0.2500               0.2400 2.9610e-02
 22  4.1084    2.0+                          1.4181e-01                       1.2800e-13
                       10  3.4205     0.0200               0.6878 2.8306e-03
                        4  2.9021     0.0511               1.2062 7.2400e-03
                        3  2.7754     0.0603               1.3330 8.5559e-03
                        1  1.4542     0.4040               2.6542 5.7260e-02
                        0  0.0000     0.4646               4.1084 6.5807e-02
 21  4.1059    4.0+                          3.2162e-01
                       15  3.6201     0.0509               0.4858 1.6343e-02
                       10  3.4205     0.0254               0.6854 8.1707e-03
                        2  2.4592     0.0762               1.6467 2.4514e-02
                        1  1.4542     0.8475               2.6517 2.7238e-01
 20  4.0200    2.0-                          4.5558e-01
                        1  1.4542     0.0909               2.5658 4.1416e-02
                        3  2.7754     0.0909               1.2446 4.1416e-02
                        4  2.9021     0.0909               1.1178 4.1416e-02
                        6  3.0379     0.0909               0.9821 4.1416e-02
                        7  3.2637     0.0909               0.7563 4.1416e-02
                        8  3.2691     0.0909               0.7509 4.1416e-02
                        9  3.2737     0.0909               0.7463 4.1416e-02
                       10  3.4205     0.0909               0.5994 4.1416e-02
                       14  3.5937     0.0909               0.4263 4.1416e-02
                       16  3.7750     0.0909               0.2450 4.1416e-02
                       18  3.8988     0.0909               0.1212 4.1416e-02
 19  3.9436    1.0-                          2.9838e-01                       2.4000e-14
                        0  0.0000     1.0000               3.9436 2.9789e-01
 18  3.8988    2.0+                          2.2328e-01                       2.3000e-14
                        1  1.4542     0.7580               2.4446 1.6916e-01
                        0  0.0000     0.2420               3.8988 5.3971e-02
 17  3.8700    2.0-                          5.5787e-01
                        1  1.4542     0.1000               2.4158 5.5787e-02
                        3  2.7754     0.1000               1.0946 5.5787e-02
                        4  2.9021     0.1000               0.9679 5.5787e-02
                        6  3.0379     0.1000               0.8321 5.5787e-02
                        7  3.2637     0.1000               0.6063 5.5787e-02
                        8  3.2691     0.1000               0.6009 5.5787e-02
                        9  3.2737     0.1000               0.5963 5.5787e-02
                       10  3.4205     0.1000               0.4495 5.5787e-02
                       14  3.5937     0.1000               0.2763 5.5787e-02
                       16  3.7750     0.1000               0.0950 5.5787e-02
 16  3.7750    3.0+                          4.4967e-01                       2.8000e-13
                       10  3.4205     0.1813               0.3544 8.1370e-02
                        6  3.0379     0.0878               0.7371 3.9446e-02
                        4  2.9021     0.0236               0.8729 1.0600e-02
                        3  2.7754     0.0000               0.9996 0.0000e+00
                        2  2.4592     0.5483               1.3158 2.4652e-01
                        1  1.4542     0.1316               2.3208 5.9150e-02
                        0  0.0000     0.0274               3.7750 1.2327e-02
 15  3.6201    4.0+                          1.1356e+00                       1.1000e-13
                        6  3.0379     0.0287               0.5822 3.2558e-02
                        3  2.7754     0.0287               0.8447 3.2558e-02
                        2  2.4592     0.7547               1.1609 8.5695e-01
                        1  1.4542     0.1547               2.1659 1.7561e-01
                        0  0.0000     0.0332               3.6201 3.7702e-02
 14  3.5937    2.0+                          4.3377e-01                       3.3000e-14
                        7  3.2637     0.0068               0.3301 2.9428e-03
                        6  3.0379     0.0148               0.5559 6.4226e-03
                        5  2.9426     0.0512               0.6512 2.2205e-02
                        4  2.9021     0.0093               0.6916 4.0128e-03
                        3  2.7754     0.1678               0.8183 7.2760e-02
                        2  2.4592     0.0216               1.1345 9.3632e-03
                        1  1.4542     0.1111               2.1395 4.8172e-02
                        0  0.0000     0.6174               3.5937 2.6753e-01
 13  3.5311    0.0+                          4.5937e-02                       1.9000e-13
                        6  3.0379     0.0094               0.4932 4.2992e-04
                        5  2.9426     0.0000               0.5885 0.0000e+00
                        4  2.9021     0.0103               0.6290 4.7291e-04
                        3  2.7754     0.0169               0.7557 7.7413e-04
                        2  2.4592     0.0272               1.0719 1.2466e-03
                        1  1.4542     0.9363               2.0769 4.2994e-02
                        0  0.0000     0.0000               3.5311 0.0000e+00
 12  3.5240    4.0+                          6.3464e-01
                        2  2.4592     1.0000               1.0648 6.3464e-01
 11  3.4509    1.0-                          5.4110e-01                       1.1000e-14
                        0  0.0000     1.0000               3.4509 5.4031e-01
 10  3.4205    3.0+                          7.3313e-01                       2.6000e-13
                        6  3.0379     0.0516               0.3827 3.7740e-02
                        5  2.9426     0.0055               0.4780 3.9721e-03
                        4  2.9021     0.0063               0.5184 4.6344e-03
                        3  2.7754     0.0108               0.6451 7.9422e-03
                        2  2.4592     0.9032               0.9613 6.6203e-01
                        1  1.4542     0.0190               1.9663 1.3903e-02
                        0  0.0000     0.0036               3.4205 2.6482e-03
  9  3.2737    2.0+                          4.7036e-01                       5.0000e-14
                        0  0.0000     1.0000               3.2737 4.6993e-01
  8  3.2691    2.0+                          4.7227e-01                       5.7000e-14
                        0  0.0000     1.0000               3.2691 4.7183e-01
  7  3.2637    2.0+                          4.7749e-01                       3.7000e-14
                        5  2.9426     0.0018               0.3211 8.4987e-04
                        4  2.9021     0.0018               0.3615 8.4994e-04
                        3  2.7754     0.0018               0.4882 8.5013e-04
                        2  2.4592     0.0101               0.8044 4.8155e-03
                        1  1.4542     0.3906               1.8094 1.8645e-01
                        0  0.0000     0.5940               3.2637 2.8335e-01
  6  3.0379    2.0+                          6.9625e-01                       5.7000e-14
                        5  2.9426     0.0049               0.0953 2.0269e-03
                        4  2.9021     0.0013               0.1357 8.1077e-04
                        3  2.7754     0.0099               0.2624 6.8911e-03
                        2  2.4592     0.0029               0.5786 2.0265e-03
                        1  1.4542     0.5824               1.5836 4.0540e-01
                        0  0.0000     0.3986               3.0379 2.7728e-01
  5  2.9426    0.0+                          1.1452e-01                       1.4600e-09
                        4  2.9021     0.7973               0.0404 5.7750e-02
                        3  2.7754     0.1003               0.1671 1.0626e-02
                        2  2.4592     0.0021               0.4833 2.3098e-04
                        1  1.4542     0.1004               1.4883 1.1495e-02
                        0  0.0000     0.0000               2.9426 0.0000e+00
  4  2.9021    1.0+                          6.7373e-01                       6.9000e-14
                        2  2.4592     0.0014               0.4429 9.4848e-04
                        1  1.4542     0.9385               1.4479 6.3218e-01
                        0  0.0000     0.0601               2.9021 4.0456e-02
  3  2.7754    2.0+                          1.0941e+00                       3.8000e-13
                        2  2.4592     0.0006               0.3162 6.2771e-04
                        1  1.4542     0.9564               1.3212 1.0462e+00
                        0  0.0000     0.0431               2.7754 4.7076e-02
  2  2.4592    4.0+                          5.1328e+00                       3.7000e-12
                        1  1.4542     0.9950               1.0050 5.1060e+00
                        0  0.0000     0.0050               2.4592 2.5529e-02
  1  1.4542    2.0+                          1.1423e+01                       6.5200e-13
                        0  0.0000     1.0000               1.4542 1.1421e+01
  0  0.0000    0.0+                          1.5373e+01
#......................................................................../  028-058Ni //  21.000000
#                                                                          SUM SPECTRA FOR COMPOUND
#            029-058Cu      gamma     proton      alpha
 SpcSum[mb]            2.5591e+01 6.0116e+00 2.0809e-12
 Emean[MeV]            1.0957e+00 2.6533e+00 2.2165e+00
#......................................................................../  028-058Ni //  21.000000
#                                                                   GAMMAS FROM DISCRETE TRANSITION
#           2 0 0 0 0 0             029-058Cu
#   Ex[MeV]     Jpi    FinalState  Branching Production    Egamma Production   T(1/2)[s]
 12  2.2700    3.0-                          4.5866e-01
                        2  0.4436     0.1667               1.8264 7.6443e-02
                        4  1.4279     0.1667               0.8421 7.6443e-02
                        5  1.5495     0.1667               0.7205 7.6443e-02
                        6  1.6474     0.1667               0.6226 7.6443e-02
                        7  1.6525     0.1667               0.6175 7.6443e-02
                       11  2.2492     0.1667               0.0208 7.6443e-02
 11  2.2492    2.0+                          2.5168e-01
                        7  1.6525     0.8929               0.5967 2.2453e-01
                        4  1.4279     0.1071               0.8214 2.6944e-02
 10  2.1700    4.0-                          9.3190e-01
                        2  0.4436     0.2500               1.7264 2.3297e-01
                        5  1.5495     0.2500               0.6205 2.3297e-01
                        6  1.6474     0.2500               0.5226 2.3297e-01
                        8  2.0650     0.2500               0.1050 2.3297e-01
  9  2.0700    1.0-                          1.9353e-01
                        0  0.0000     0.2000               2.0700 3.8706e-02
                        1  0.2030     0.2000               1.8670 3.8706e-02
                        3  1.0515     0.2000               1.0185 3.8706e-02
                        4  1.4279     0.2000               0.6421 3.8706e-02
                        7  1.6525     0.2000               0.4175 3.8706e-02
  8  2.0650    5.0+                          1.9996e+00
                        6  1.6474     0.0835               0.4176 1.6650e-01
                        5  1.5495     0.2758               0.5155 5.5075e-01
                        2  0.4436     0.6407               1.6214 1.2808e+00
  7  1.6525    2.0+                          6.6211e-01                       3.5000e-14
                        3  1.0515     0.0512               0.6010 3.3871e-02
                        2  0.4436     0.8673               1.2089 5.7415e-01
                        1  0.2030     0.0460               1.4495 3.0431e-02
                        0  0.0000     0.0356               1.6525 2.3539e-02
  6  1.6474    3.0+                          1.0250e+00                       9.0000e-13
                        4  1.4279     0.0282               0.2196 2.8356e-02
                        3  1.0515     0.0322               0.5959 3.2979e-02
                        2  0.4436     0.1737               1.2038 1.7801e-01
                        1  0.2030     0.1223               1.4444 1.2531e-01
                        0  0.0000     0.6436               1.6474 6.5953e-01
  5  1.5495    4.0+                          2.6524e+00                       3.4000e-13
                        2  0.4436     1.0000               1.1059 2.6519e+00
  4  1.4279    2.0+                          5.8903e-01                       6.6000e-13
                        3  1.0515     0.0300               0.3763 1.7626e-02
                        2  0.4436     0.0748               0.9842 4.4060e-02
                        1  0.2030     0.0150               1.2249 8.8103e-03
                        0  0.0000     0.8802               1.4279 5.1838e-01
  3  1.0515    1.0+                          4.2281e-01                       7.8000e-14
                        2  0.4436     0.0439               0.6079 1.8537e-02
                        1  0.2030     0.8772               0.8485 3.7076e-01
                        0  0.0000     0.0789               1.0515 3.3369e-02
  2  0.4436    3.0+                          7.4255e+00                       3.2000e-10
                        0  0.0000     1.0000               0.4436 7.4058e+00
  1  0.2030    0.0+                          8.0239e-01
                        0  0.0000     1.0000               0.2030 7.9566e-01
  0  0.0000    1.0+                          1.0449e+01                       3.2040e+00
#......................................................................../  028-058Ni //  21.000000
#                                                                          SUM SPECTRA FOR COMPOUND
#            028-058Ni      gamma    neutron     proton      alpha   deuteron
 SpcSum[mb]            1.5110e+03 3.6761e+00 1.1686e+02 1.5116e-01 0.0000e+00
 Emean[MeV]            1.9090e+00 6.4043e-01 2.8219e+00 6.0117e+00 0.0000e+00
#......................................................................../  028-058Ni //  21.000000
#                                                                   GAMMAS FROM DISCRETE TRANSITION
#           1 1 0 0 0 0             028-058Ni
#   Ex[MeV]     Jpi    FinalState  Branching Production    Egamma Production   T(1/2)[s]
 33  4.5741    1.0+                          1.6535e+00                       2.1000e-14
                        0  0.0000     1.0000               4.5741 1.6514e+00
 32  4.5380    0.0+                          4.8088e-01                       3.1000e-14
                        1  1.4542     1.0000               3.0838 4.8048e-01
 31  4.5183    2.0+                          2.9216e+00
                        2  2.4592     0.5000               2.0591 1.4608e+00
                        1  1.4542     0.5000               3.0641 1.4608e+00
 30  4.4746    3.0-                          9.5729e+00                       2.2000e-14
                        3  2.7754     0.1999               1.6992 1.9128e+00
                        1  1.4542     0.8001               3.0204 7.6497e+00
 29  4.4496    2.0+                          3.1196e+00
                       14  3.5937     0.8104               0.8559 2.5273e+00
                        4  2.9021     0.0891               1.5475 2.7799e-01
                        3  2.7754     0.1005               1.6742 3.1344e-01
 28  4.4043    4.0+                          9.4847e+00                       4.3000e-14
                        1  1.4542     1.0000               2.9501 9.4772e+00
 27  4.3830    5.0+                          3.9033e+01
                       21  4.1059     0.0283               0.2771 1.0967e+00
                       15  3.6201     0.7395               0.7629 2.8855e+01
                       10  3.4205     0.0015               0.9625 5.7715e-02
                        2  2.4592     0.2307               1.9238 9.0025e+00
 26  4.3587    3.0-                          1.1261e+01
                        3  2.7754     0.3333               1.5833 3.7538e+00
                        2  2.4592     0.3333               1.8995 3.7538e+00
                        1  1.4542     0.3333               2.9045 3.7538e+00
 25  4.3479    2.0+                          3.4379e+00                       1.7000e-14
                        1  1.4542     1.0000               2.8937 3.4354e+00
 24  4.2947    4.0+                          1.0665e+01                       2.4000e-14
                        2  2.4592     0.4011               1.8355 4.2767e+00
                        1  1.4542     0.5989               2.8405 6.3827e+00
 23  4.2600    2.0+                          3.7463e+00
                       11  3.4509     0.2500               0.8091 9.3658e-01
                       17  3.8700     0.2500               0.3900 9.3658e-01
                       19  3.9436     0.2500               0.3164 9.3658e-01
                       20  4.0200     0.2500               0.2400 9.3658e-01
 22  4.1084    2.0+                          4.3571e+00                       1.2800e-13
                       10  3.4205     0.0200               0.6878 8.6968e-02
                        4  2.9021     0.0511               1.2062 2.2245e-01
                        3  2.7754     0.0603               1.3330 2.6288e-01
                        1  1.4542     0.4040               2.6542 1.7593e+00
                        0  0.0000     0.4646               4.1084 2.0219e+00
 21  4.1059    4.0+                          1.4310e+01
                       15  3.6201     0.0509               0.4858 7.2720e-01
                       10  3.4205     0.0254               0.6854 3.6355e-01
                        2  2.4592     0.0762               1.6467 1.0907e+00
                        1  1.4542     0.8475               2.6517 1.2119e+01
 20  4.0200    2.0-                          1.0310e+01
                        1  1.4542     0.0909               2.5658 9.3726e-01
                        3  2.7754     0.0909               1.2446 9.3726e-01
                        4  2.9021     0.0909               1.1178 9.3726e-01
                        6  3.0379     0.0909               0.9821 9.3726e-01
                        7  3.2637     0.0909               0.7563 9.3726e-01
                        8  3.2691     0.0909               0.7509 9.3726e-01
                        9  3.2737     0.0909               0.7463 9.3726e-01
                       10  3.4205     0.0909               0.5994 9.3726e-01
                       14  3.5937     0.0909               0.4263 9.3726e-01
                       16  3.7750     0.0909               0.2450 9.3726e-01
                       18  3.8988     0.0909               0.1212 9.3726e-01
 19  3.9436    1.0-                          6.0214e+00                       2.4000e-14
                        0  0.0000     1.0000               3.9436 6.0114e+00
 18  3.8988    2.0+                          6.3450e+00                       2.3000e-14
                        1  1.4542     0.7580               2.4446 4.8070e+00
                        0  0.0000     0.2420               3.8988 1.5337e+00
 17  3.8700    2.0-                          1.2386e+01
                        1  1.4542     0.1000               2.4158 1.2386e+00
                        3  2.7754     0.1000               1.0946 1.2386e+00
                        4  2.9021     0.1000               0.9679 1.2386e+00
                        6  3.0379     0.1000               0.8321 1.2386e+00
                        7  3.2637     0.1000               0.6063 1.2386e+00
                        8  3.2691     0.1000               0.6009 1.2386e+00
                        9  3.2737     0.1000               0.5963 1.2386e+00
                       10  3.4205     0.1000               0.4495 1.2386e+00
                       14  3.5937     0.1000               0.2763 1.2386e+00
                       16  3.7750     0.1000               0.0950 1.2386e+00
 16  3.7750    3.0+                          1.4039e+01                       2.8000e-13
                       10  3.4205     0.1813               0.3544 2.5405e+00
                        6  3.0379     0.0878               0.7371 1.2316e+00
                        4  2.9021     0.0236               0.8729 3.3094e-01
                        3  2.7754     0.0000               0.9996 0.0000e+00
                        2  2.4592     0.5483               1.3158 7.6969e+00
                        1  1.4542     0.1316               2.3208 1.8468e+00
                        0  0.0000     0.0274               3.7750 3.8488e-01
 15  3.6201    4.0+                          5.3489e+01                       1.1000e-13
                        6  3.0379     0.0287               0.5822 1.5335e+00
                        3  2.7754     0.0287               0.8447 1.5335e+00
                        2  2.4592     0.7547               1.1609 4.0362e+01
                        1  1.4542     0.1547               2.1659 8.2712e+00
                        0  0.0000     0.0332               3.6201 1.7758e+00
 14  3.5937    2.0+                          1.2204e+01                       3.3000e-14
                        7  3.2637     0.0068               0.3301 8.2798e-02
                        6  3.0379     0.0148               0.5559 1.8070e-01
                        5  2.9426     0.0512               0.6512 6.2475e-01
                        4  2.9021     0.0093               0.6916 1.1290e-01
                        3  2.7754     0.1678               0.8183 2.0471e+00
                        2  2.4592     0.0216               1.1345 2.6344e-01
                        1  1.4542     0.1111               2.1395 1.3553e+00
                        0  0.0000     0.6174               3.5937 7.5270e+00
 13  3.5311    0.0+                          1.1777e+00                       1.9000e-13
                        6  3.0379     0.0094               0.4932 1.1022e-02
                        5  2.9426     0.0000               0.5885 0.0000e+00
                        4  2.9021     0.0103               0.6290 1.2125e-02
                        3  2.7754     0.0169               0.7557 1.9847e-02
                        2  2.4592     0.0272               1.0719 3.1962e-02
                        1  1.4542     0.9363               2.0769 1.1023e+00
                        0  0.0000     0.0000               3.5311 0.0000e+00
 12  3.5240    4.0+                          2.6978e+01
                        2  2.4592     1.0000               1.0648 2.6978e+01
 11  3.4509    1.0-                          1.0386e+01                       1.1000e-14
                        0  0.0000     1.0000               3.4509 1.0371e+01
 10  3.4205    3.0+                          2.3277e+01                       2.6000e-13
                        6  3.0379     0.0516               0.3827 1.1982e+00
                        5  2.9426     0.0055               0.4780 1.2612e-01
                        4  2.9021     0.0063               0.5184 1.4714e-01
                        3  2.7754     0.0108               0.6451 2.5217e-01
                        2  2.4592     0.9032               0.9613 2.1019e+01
                        1  1.4542     0.0190               1.9663 4.4142e-01
                        0  0.0000     0.0036               3.4205 8.4081e-02
  9  3.2737    2.0+                          1.2796e+01                       5.0000e-14
                        0  0.0000     1.0000               3.2737 1.2784e+01
  8  3.2691    2.0+                          1.2858e+01                       5.7000e-14
                        0  0.0000     1.0000               3.2691 1.2846e+01
  7  3.2637    2.0+                          1.3019e+01                       3.7000e-14
                        5  2.9426     0.0018               0.3211 2.3173e-02
                        4  2.9021     0.0018               0.3615 2.3175e-02
                        3  2.7754     0.0018               0.4882 2.3180e-02
                        2  2.4592     0.0101               0.8044 1.3130e-01
                        1  1.4542     0.3906               1.8094 5.0838e+00
                        0  0.0000     0.5940               3.2637 7.7260e+00
  6  3.0379    2.0+                          2.0219e+01                       5.7000e-14
                        5  2.9426     0.0049               0.0953 5.8861e-02
                        4  2.9021     0.0013               0.1357 2.3545e-02
                        3  2.7754     0.0099               0.2624 2.0012e-01
                        2  2.4592     0.0029               0.5786 5.8851e-02
                        1  1.4542     0.5824               1.5836 1.1773e+01
                        0  0.0000     0.3986               3.0379 8.0523e+00
  5  2.9426    0.0+                          2.9861e+00                       1.4600e-09
                        4  2.9021     0.7973               0.0404 1.5058e+00
                        3  2.7754     0.1003               0.1671 2.7708e-01
                        2  2.4592     0.0021               0.4833 6.0228e-03
                        1  1.4542     0.1004               1.4883 2.9974e-01
                        0  0.0000     0.0000               2.9426 0.0000e+00
  4  2.9021    1.0+                          1.5400e+01                       6.9000e-14
                        2  2.4592     0.0014               0.4429 2.1681e-02
                        1  1.4542     0.9385               1.4479 1.4451e+01
                        0  0.0000     0.0601               2.9021 9.2477e-01
  3  2.7754    2.0+                          3.1526e+01                       3.8000e-13
                        2  2.4592     0.0006               0.3162 1.8087e-02
                        1  1.4542     0.9564               1.3212 3.0146e+01
                        0  0.0000     0.0431               2.7754 1.3565e+00
  2  2.4592    4.0+                          2.3002e+02                       3.7000e-12
                        1  1.4542     0.9950               1.0050 2.2882e+02
                        0  0.0000     0.0050               2.4592 1.1441e+00
  1  1.4542    2.0+                          4.5992e+02                       6.5200e-13
                        0  0.0000     1.0000               1.4542 4.5984e+02
  0  0.0000    0.0+                          6.2341e+02
#......................................................................../  028-058Ni //  21.000000
#                                                                          SUM SPECTRA FOR COMPOUND
#            027-055Co      gamma    neutron     proton      alpha   deuteron
 SpcSum[mb]            6.9458e+01 3.3248e-15 1.5337e+00 2.7660e-11 0.0000e+00
 Emean[MeV]            2.4682e+00 2.4008e-02 2.2194e+00 3.9352e+00 0.0000e+00
#......................................................................../  028-058Ni //  21.000000
#                                                                   GAMMAS FROM DISCRETE TRANSITION
#           1 0 1 0 0 0             027-055Co
#   Ex[MeV]     Jpi    FinalState  Branching Production    Egamma Production   T(1/2)[s]
 28  3.9800    1.5+                          3.6939e-01
                        1  2.1659     0.0667               1.8141 2.4626e-02
                        2  2.5659     0.0667               1.4141 2.4626e-02
                        3  2.6595     0.0667               1.3205 2.4626e-02
                        6  2.9391     0.0667               1.0409 2.4626e-02
                       10  2.9900     0.0667               0.9900 2.4626e-02
                       11  3.3031     0.0667               0.6769 2.4626e-02
                       12  3.3232     0.0667               0.6568 2.4626e-02
                       13  3.3350     0.0667               0.6450 2.4626e-02
                       16  3.6430     0.0667               0.3370 2.4626e-02
                       17  3.6500     0.0667               0.3300 2.4626e-02
                       19  3.7040     0.0667               0.2760 2.4626e-02
                       20  3.7250     0.0667               0.2550 2.4626e-02
                       25  3.8709     0.0667               0.1091 2.4626e-02
                       26  3.9330     0.0667               0.0470 2.4626e-02
                       27  3.9421     0.0667               0.0379 2.4626e-02
 27  3.9421    1.5-                          3.0751e-01                       1.2000e-13
                        6  2.9391     0.0687               1.0030 2.1122e-02
                        2  2.5659     0.7633               1.3762 2.3469e-01
                        1  2.1659     0.1680               1.7762 5.1649e-02
 26  3.9330    1.5-                          3.1034e-01
                        2  2.5659     0.7900               1.3671 2.4514e-01
                        1  2.1659     0.2100               1.7671 6.5156e-02
 25  3.8709    1.5-                          3.2832e-01
                        2  2.5659     0.4800               1.3050 1.5757e-01
                        1  2.1659     0.5200               1.7050 1.7069e-01
 24  3.8660    2.5+                          7.5606e-01
                        0  0.0000     0.0714               3.8660 5.4004e-02
                        1  2.1659     0.0714               1.7001 5.4004e-02
                        2  2.5659     0.0714               1.3001 5.4004e-02
                        3  2.6595     0.0714               1.2065 5.4004e-02
                        4  2.9186     0.0714               0.9474 5.4004e-02
                        7  2.9601     0.0714               0.9059 5.4004e-02
                       10  2.9900     0.0714               0.8760 5.4004e-02
                       11  3.3031     0.0714               0.5629 5.4004e-02
                       13  3.3350     0.0714               0.5310 5.4004e-02
                       16  3.6430     0.0714               0.2230 5.4004e-02
                       17  3.6500     0.0714               0.2160 5.4004e-02
                       19  3.7040     0.0714               0.1620 5.4004e-02
                       20  3.7250     0.0714               0.1410 5.4004e-02
                       23  3.8593     0.0714               0.0067 5.4004e-02
 23  3.8593    3.5-                          8.1943e-01                       7.1000e-14
                        3  2.6595     0.3685               1.1998 3.0192e-01
                        1  2.1659     0.0726               1.6934 5.9469e-02
                        0  0.0000     0.5589               3.8593 4.5749e-01
 22  3.7746    7.5-                          3.0931e+00
                       21  3.7365     0.0000               0.0381 0.0000e+00
                        8  2.9735     1.0000               0.8011 3.0919e+00
 21  3.7365    6.5-                          2.5818e+00
                        8  2.9735     1.0000               0.7631 2.5810e+00
 20  3.7250    2.5-                          6.5508e-01                       4.0000e-14
                        4  2.9186     0.1999               0.8064 1.3092e-01
                        2  2.5659     0.2593               1.1592 1.6986e-01
                        0  0.0000     0.5408               3.7250 3.5389e-01
 19  3.7040    1.5-                          4.3459e-01
                        5  2.9223     0.2500               0.7818 1.0865e-01
                       14  3.5529     0.2500               0.1511 1.0865e-01
                       15  3.5630     0.2500               0.1410 1.0865e-01
                       18  3.6820     0.2500               0.0220 1.0865e-01
 18  3.6820    2.5+                          1.0741e+00
                        0  0.0000     0.0909               3.6820 9.7644e-02
                        1  2.1659     0.0909               1.5161 9.7644e-02
                        2  2.5659     0.0909               1.1161 9.7644e-02
                        3  2.6595     0.0909               1.0225 9.7644e-02
                        4  2.9186     0.0909               0.7634 9.7644e-02
                        7  2.9601     0.0909               0.7219 9.7644e-02
                       10  2.9900     0.0909               0.6920 9.7644e-02
                       11  3.3031     0.0909               0.3789 9.7644e-02
                       13  3.3350     0.0909               0.3470 9.7644e-02
                       16  3.6430     0.0909               0.0390 9.7644e-02
                       17  3.6500     0.0909               0.0320 9.7644e-02
 17  3.6500    1.5-                          5.5120e-01
                        5  2.9223     0.3333               0.7277 1.8373e-01
                       14  3.5529     0.3333               0.0971 1.8373e-01
                       15  3.5630     0.3333               0.0870 1.8373e-01
 16  3.6430    1.5-                          5.5369e-01                       2.4000e-13
                        6  2.9391     0.1011               0.7039 5.5955e-02
                        3  2.6595     0.1180               0.9835 6.5325e-02
                        2  2.5659     0.1292               1.0772 7.1527e-02
                        1  2.1659     0.5617               1.4771 3.1097e-01
                        0  0.0000     0.0900               3.6430 4.9759e-02
 15  3.5630    1.5+                          9.4250e-01                       3.0000e-14
                        5  2.9223     0.0698               0.6407 6.5709e-02
                        3  2.6595     0.0402               0.9035 3.7874e-02
                        2  2.5659     0.8203               0.9971 7.7304e-01
                        0  0.0000     0.0698               3.5630 6.5709e-02
 14  3.5529    1.5+                          9.5149e-01
                        1  2.1659     1.0000               1.3870 9.5127e-01
 13  3.3350    2.5-                          1.0034e+00
                        0  0.0000     1.0000               3.3350 1.0025e+00
 12  3.3232    0.5-                          2.8393e-01                       4.4000e-14
                        3  2.6595     0.0500               0.6638 1.4187e-02
                        2  2.5659     0.4103               0.7574 1.1645e-01
                        1  2.1659     0.5397               1.1573 1.5322e-01
 11  3.3031    2.5-                          1.0315e+00                       5.2000e-14
                        2  2.5659     0.1666               0.7373 1.7178e-01
                        0  0.0000     0.8334               3.3031 8.5895e-01
 10  2.9900    1.5-                          8.9721e-01
                        5  2.9223     1.0000               0.0678 8.9721e-01
  9  2.9763    4.5-                          2.8883e+00                       4.9000e-14
                        2  2.5659     0.0000               0.4105 0.0000e+00
                        0  0.0000     1.0000               2.9763 2.8861e+00
  8  2.9735    5.5-                          9.9831e+00
                        0  0.0000     1.0000               2.9735 9.9752e+00
  7  2.9601    3.5-                          1.8178e+00
                        1  2.1659     0.6199               0.7942 1.1264e+00
                        0  0.0000     0.3801               2.9601 6.9042e-01
  6  2.9391    0.5-                          4.9474e-01                       1.2000e-13
                        2  2.5659     0.2652               0.3732 1.3085e-01
                        1  2.1659     0.7348               0.7732 3.6342e-01
  5  2.9223    0.5+                          2.0080e+00                       4.9000e-14
                        2  2.5659     0.0000               0.3564 0.0000e+00
                        1  2.1659     1.0000               0.7564 2.0076e+00
  4  2.9186    3.5-                          2.0135e+00                       4.7000e-14
                        1  2.1659     0.0000               0.7527 0.0000e+00
                        0  0.0000     1.0000               2.9186 2.0120e+00
  3  2.6595    2.5-                          2.1614e+00                       2.1000e-14
                        0  0.0000     1.0000               2.6595 2.1600e+00
  2  2.5659    1.5-                          3.3448e+00                       3.9000e-13
                        0  0.0000     1.0000               2.5659 3.3428e+00
  1  2.1659    1.5-                          7.0478e+00                       9.8000e-14
                        0  0.0000     1.0000               2.1659 7.0447e+00
  0  0.0000    3.5-                          5.0039e+01                       6.3110e+04
#......................................................................../  028-058Ni //  21.000000
#                                                                          SUM SPECTRA FOR COMPOUND
#            028-057Ni      gamma     proton      alpha
 SpcSum[mb]            1.9808e+00 0.0000e+00 0.0000e+00
 Emean[MeV]            1.2871e+00 0.0000e+00 0.0000e+00
#......................................................................../  028-058Ni //  21.000000
#                                                                   GAMMAS FROM DISCRETE TRANSITION
#           1 0 0 1 0 0             028-057Ni
#   Ex[MeV]     Jpi    FinalState  Branching Production    Egamma Production   T(1/2)[s]
 26  4.6060    2.5+                          9.1885e-04
                        0  0.0000     0.0714               4.6060 6.5632e-05
                        1  0.7685     0.0714               3.8375 6.5632e-05
                        3  2.4433     0.0714               2.1627 6.5632e-05
                        4  2.5774     0.0714               2.0286 6.5632e-05
                        5  3.0071     0.0714               1.5989 6.5632e-05
                        7  3.2301     0.0714               1.3759 6.5632e-05
                        8  3.3110     0.0714               1.2950 6.5632e-05
                        9  3.3638     0.0714               1.2422 6.5632e-05
                       10  3.7017     0.0714               0.9043 6.5632e-05
                       13  3.8400     0.0714               0.7660 6.5632e-05
                       17  4.0460     0.0714               0.5600 6.5632e-05
                       19  4.2340     0.0714               0.3720 6.5632e-05
                       22  4.4610     0.0714               0.1450 6.5632e-05
                       25  4.5760     0.0714               0.0300 6.5632e-05
 25  4.5760    3.5-                          1.4060e-03
                        1  0.7685     0.3506               3.8075 4.9243e-04
                        0  0.0000     0.6494               4.5760 9.1182e-04
 24  4.5440    4.5+                          2.2626e-03
                        4  2.5774     0.1250               1.9666 2.8283e-04
                        7  3.2301     0.1250               1.3139 2.8283e-04
                        9  3.3638     0.1250               1.1802 2.8283e-04
                       11  3.7136     0.1250               0.8304 2.8283e-04
                       14  3.8656     0.1250               0.6784 2.8283e-04
                       17  4.0460     0.1250               0.4980 2.8283e-04
                       19  4.2340     0.1250               0.3100 2.8283e-04
                       23  4.5030     0.1250               0.0410 2.8283e-04
 23  4.5030    5.5-                          3.9830e-03
                       16  4.0271     0.2500               0.4759 9.9575e-04
                       14  3.8656     0.2500               0.6374 9.9575e-04
                        9  3.3638     0.2500               1.1392 9.9575e-04
                        4  2.5774     0.2500               1.9256 9.9575e-04
 22  4.4610    1.5-                          9.2091e-04
                       15  3.8820     0.3333               0.5790 3.0697e-04
                       18  4.0730     0.3333               0.3880 3.0697e-04
                       20  4.3720     0.3333               0.0890 3.0697e-04
 21  4.3740    4.5+                          3.9161e-03
                        4  2.5774     0.1429               1.7966 5.5944e-04
                        7  3.2301     0.1429               1.1439 5.5944e-04
                        9  3.3638     0.1429               1.0102 5.5944e-04
                       11  3.7136     0.1429               0.6604 5.5944e-04
                       14  3.8656     0.1429               0.5084 5.5944e-04
                       17  4.0460     0.1429               0.3280 5.5944e-04
                       19  4.2340     0.1429               0.1400 5.5944e-04
 20  4.3720    1.5+                          1.5382e-03
                        0  0.0000     0.1111               4.3720 1.7091e-04
                        1  0.7685     0.1111               3.6035 1.7091e-04
                        2  1.1126     0.1111               3.2594 1.7091e-04
                        3  2.4433     0.1111               1.9287 1.7091e-04
                        5  3.0071     0.1111               1.3649 1.7091e-04
                        8  3.3110     0.1111               1.0610 1.7091e-04
                       10  3.7017     0.1111               0.6703 1.7091e-04
                       13  3.8400     0.1111               0.5320 1.7091e-04
                       16  4.0271     0.1111               0.3449 1.7091e-04
 19  4.2340    3.5-                          4.6579e-03
                        4  2.5774     0.3438               1.6566 1.6010e-03
                        1  0.7685     0.6371               3.4655 2.9647e-03
                        0  0.0000     0.0191               4.2340 8.8944e-05
 18  4.0730    2.5+                          4.5152e-03
                        0  0.0000     0.0909               4.0730 4.1047e-04
                        1  0.7685     0.0909               3.3045 4.1047e-04
                        3  2.4433     0.0909               1.6297 4.1047e-04
                        4  2.5774     0.0909               1.4956 4.1047e-04
                        5  3.0071     0.0909               1.0659 4.1047e-04
                        7  3.2301     0.0909               0.8429 4.1047e-04
                        8  3.3110     0.0909               0.7620 4.1047e-04
                        9  3.3638     0.0909               0.7092 4.1047e-04
                       10  3.7017     0.0909               0.3713 4.1047e-04
                       13  3.8400     0.0909               0.2330 4.1047e-04
                       17  4.0460     0.0909               0.0270 4.1047e-04
 17  4.0460    3.5-                          7.4756e-03
                        6  3.0090     0.5000               1.0370 3.7378e-03
                       12  3.7288     0.5000               0.3172 3.7378e-03
 16  4.0271    0.5-                          2.6043e-03
                        1  0.7685     1.0000               3.2586 2.6020e-03
 15  3.8820    0.5+                          2.4696e-03
                        0  0.0000     0.2500               3.8820 6.1741e-04
                        2  1.1126     0.2500               2.7694 6.1741e-04
                        5  3.0071     0.2500               0.8749 6.1741e-04
                       13  3.8400     0.2500               0.0420 6.1741e-04
 14  3.8656    5.5-                          2.4937e-02                       2.9000e-13
                        4  2.5774     1.0000               1.2882 2.4933e-02
 13  3.8400    1.5-                          5.7272e-03
                        4  2.5774     0.2027               1.2626 1.1606e-03
                        2  1.1126     0.0979               2.7274 5.6017e-04
                        0  0.0000     0.6994               3.8400 4.0016e-03
 12  3.7288    4.5+                          2.4883e-02
                        4  2.5774     0.2500               1.1514 6.2208e-03
                        7  3.2301     0.2500               0.4987 6.2208e-03
                        9  3.3638     0.2500               0.3650 6.2208e-03
                       11  3.7136     0.2500               0.0152 6.2208e-03
 11  3.7136    4.5-                          2.7443e-02
                        7  3.2301     0.3333               0.4835 9.1477e-03
                        4  2.5774     0.3333               1.1362 9.1477e-03
                        3  2.4433     0.3333               1.2703 9.1477e-03
 10  3.7017    2.5-                          9.8668e-03
                        4  2.5774     0.2646               1.1243 2.6103e-03
                        1  0.7685     0.7354               2.9332 7.2508e-03
  9  3.3638    3.5-                          3.6970e-02
                        4  2.5774     0.5000               0.7864 1.8485e-02
                        1  0.7685     0.5000               2.5953 1.8485e-02
  8  3.3110    2.5-                          2.1771e-02
                        6  3.0090     1.0000               0.3020 2.1771e-02
  7  3.2301    3.5-                          5.4068e-02
                        1  0.7685     0.5987               2.4616 3.2354e-02
                        0  0.0000     0.4013               3.2301 2.1678e-02
  6  3.0090    3.5+                          9.0847e-02
                        1  0.7685     0.3333               2.2405 3.0282e-02
                        3  2.4433     0.3333               0.5657 3.0282e-02
                        4  2.5774     0.3333               0.4316 3.0282e-02
  5  3.0071    1.5-                          2.5557e-02                       1.2000e-14
                        0  0.0000     1.0000               3.0071 2.5538e-02
  4  2.5774    3.5-                          2.1368e-01                       4.7000e-14
                        0  0.0000     1.0000               2.5774 2.1355e-01
  3  2.4433    2.5-                          1.3851e-01                       3.1000e-14
                        0  0.0000     1.0000               2.4433 1.3844e-01
  2  1.1126    0.5-                          1.8468e-01                       1.0600e-13
                        0  0.0000     1.0000               1.1126 1.8465e-01
  1  0.7685    2.5-                          1.0786e+00                       3.2000e-12
                        0  0.0000     1.0000               0.7685 1.0783e+00
  0  0.0000    1.5-                          3.4426e+00                       1.2820e+05
#......................................................................../  028-058Ni //  21.000000
#                                                                          SUM SPECTRA FOR COMPOUND
#            027-058Co      gamma    neutron     proton      alpha   deuteron
 SpcSum[mb]            6.8385e+02 2.1876e+01 1.9942e+00 4.7911e-04 1.9987e-09
 Emean[MeV]            1.6554e+00 7.2687e-01 2.3734e+00 5.3676e+00 2.0408e+00
#......................................................................../  028-058Ni //  21.000000
#                                                                   GAMMAS FROM DISCRETE TRANSITION
#           0 2 0 0 0 0             027-058Co
#   Ex[MeV]     Jpi    FinalState  Branching Production    Egamma Production   T(1/2)[s]
 51  2.2600    3.0-                          2.0518e+00
                        0  0.0000     0.0400               2.2600 8.2071e-02
                        2  0.0532     0.0400               2.2068 8.2071e-02
                        3  0.1118     0.0400               2.1482 8.2071e-02
                        4  0.3657     0.0400               1.8943 8.2071e-02
                        6  0.4575     0.0400               1.8025 8.2071e-02
                        7  0.8856     0.0400               1.3744 8.2071e-02
                        8  1.0401     0.0400               1.2199 8.2071e-02
                        9  1.0443     0.0400               1.2157 8.2071e-02
                       14  1.2366     0.0400               1.0234 8.2071e-02
                       16  1.3535     0.0400               0.9065 8.2071e-02
                       20  1.4240     0.0400               0.8360 8.2071e-02
                       23  1.5133     0.0400               0.7467 8.2071e-02
                       24  1.5226     0.0400               0.7374 8.2071e-02
                       25  1.5244     0.0400               0.7356 8.2071e-02
                       27  1.5547     0.0400               0.7053 8.2071e-02
                       28  1.6056     0.0400               0.6544 8.2071e-02
                       29  1.6699     0.0400               0.5901 8.2071e-02
                       32  1.7493     0.0400               0.5106 8.2071e-02
                       37  1.8430     0.0400               0.4170 8.2071e-02
                       38  1.8658     0.0400               0.3942 8.2071e-02
                       40  1.9250     0.0400               0.3350 8.2071e-02
                       42  1.9788     0.0400               0.2812 8.2071e-02
                       43  2.0070     0.0400               0.2530 8.2071e-02
                       44  2.0700     0.0400               0.1900 8.2071e-02
                       47  2.1660     0.0400               0.0940 8.2071e-02
 50  2.2488    1.0+                          4.8273e-01
                        0  0.0000     1.0000               2.2488 4.8252e-01
 49  2.2250    5.0+                          2.4090e+00
                       46  2.1050     1.0000               0.1200 2.4090e+00
 48  2.1848    6.0+                          4.1482e+00
                       13  1.1846     1.0000               1.0002 4.1474e+00
 47  2.1660    3.0+                          1.3523e+00
                       46  2.1050     1.0000               0.0610 1.3523e+00
 46  2.1050    4.0-                          7.3836e+00
                        1  0.0249     0.0385               2.0800 2.8398e-01
                        2  0.0532     0.0385               2.0518 2.8398e-01
                        3  0.1118     0.0385               1.9932 2.8398e-01
                        4  0.3657     0.0385               1.7393 2.8398e-01
                        5  0.3739     0.0385               1.7311 2.8398e-01
                        6  0.4575     0.0385               1.6475 2.8398e-01
                        7  0.8856     0.0385               1.2194 2.8398e-01
                        8  1.0401     0.0385               1.0649 2.8398e-01
                        9  1.0443     0.0385               1.0607 2.8398e-01
                       13  1.1846     0.0385               0.9204 2.8398e-01
                       15  1.3515     0.0385               0.7535 2.8398e-01
                       19  1.4181     0.0385               0.6869 2.8398e-01
                       20  1.4240     0.0385               0.6810 2.8398e-01
                       23  1.5133     0.0385               0.5917 2.8398e-01
                       25  1.5244     0.0385               0.5806 2.8398e-01
                       26  1.5488     0.0385               0.5562 2.8398e-01
                       27  1.5547     0.0385               0.5503 2.8398e-01
                       28  1.6056     0.0385               0.4994 2.8398e-01
                       29  1.6699     0.0385               0.4351 2.8398e-01
                       31  1.7405     0.0385               0.3645 2.8398e-01
                       32  1.7493     0.0385               0.3557 2.8398e-01
                       34  1.7780     0.0385               0.3270 2.8398e-01
                       37  1.8430     0.0385               0.2620 2.8398e-01
                       42  1.9788     0.0385               0.1262 2.8398e-01
                       43  2.0070     0.0385               0.0980 2.8398e-01
                       44  2.0700     0.0385               0.0350 2.8398e-01
 45  2.0805    6.0+                          4.6803e+00
                       13  1.1846     1.0000               0.8959 4.6792e+00
 44  2.0700    4.0+                          2.3659e+00
                        2  0.0532     1.0000               2.0168 2.3659e+00
 43  2.0070    3.0+                          1.8634e+00
                        3  0.1118     1.0000               1.8952 1.8634e+00
 42  1.9788    3.0+                          1.9090e+00
                        9  1.0443     1.0000               0.9345 1.9086e+00
 41  1.9290    7.0+                          1.7278e+01                       2.7700e-13
                       21  1.4246     0.7296               0.5044 1.2592e+01
                        5  0.3739     0.2704               1.5551 4.6710e+00
 40  1.9250    2.0+                          1.2505e+00
                       12  1.1330     1.0000               0.7920 1.2505e+00
 39  1.8677    1.0+                          7.4104e-01
                       10  1.0502     0.0000               0.8175 0.0000e+00
                        2  0.0532     0.4012               1.8145 2.9724e-01
                        0  0.0000     0.5988               1.8677 4.4361e-01
 38  1.8658    2.0+                          1.3326e+00
                        7  0.8856     0.2500               0.9802 3.3314e-01
                        6  0.4575     0.2500               1.4083 3.3314e-01
                        2  0.0532     0.2500               1.8126 3.3314e-01
                        0  0.0000     0.2500               1.8658 3.3314e-01
 37  1.8430    3.0+                          2.1546e+00
                        3  0.1118     1.0000               1.7312 2.1546e+00
 36  1.8280    0.0-                          5.0118e-01
                       10  1.0502     0.1667               0.7778 8.3530e-02
                       17  1.3690     0.1667               0.4590 8.3530e-02
                       18  1.3769     0.1667               0.4511 8.3530e-02
                       22  1.4349     0.1667               0.3931 8.3530e-02
                       30  1.7292     0.1667               0.0988 8.3530e-02
                       33  1.7572     0.1667               0.0708 8.3530e-02
 35  1.8133    0.0+                          2.9397e-01
                        0  0.0000     1.0000               1.8133 2.9389e-01
 34  1.7780    5.0+                          4.1190e+00
                        1  0.0249     1.0000               1.7530 4.1190e+00
 33  1.7572    1.0+                          9.3122e-01
                       10  1.0502     0.4083               0.7070 3.8005e-01
                        3  0.1118     0.5917               1.6454 5.5088e-01
 32  1.7493    4.0+                          3.1748e+00
                        7  0.8856     0.4630               0.8637 1.4694e+00
                        2  0.0532     0.2454               1.6962 7.7886e-01
                        0  0.0000     0.2917               1.7493 9.2577e-01
 31  1.7405    5.0+                          4.2826e+00
                        3  0.1118     1.0000               1.6287 4.2817e+00
 30  1.7292    1.0+                          9.6105e-01
                        5  0.3739     0.1567               1.3553 1.5055e-01
                        4  0.3657     0.7463               1.3636 7.1708e-01
                        0  0.0000     0.0970               1.7292 9.3227e-02
 29  1.6699    3.0+                          2.5405e+00
                       10  1.0502     1.0000               0.6197 2.5384e+00
 28  1.6056    3.0+                          2.7081e+00
                        6  0.4575     0.0000               1.1481 0.0000e+00
                        3  0.1118     0.7407               1.4939 2.0055e+00
                        0  0.0000     0.2593               1.6056 7.0207e-01
 27  1.5547    3.0+                          2.8512e+00
                       10  1.0502     0.7197               0.5046 2.0489e+00
                        4  0.3657     0.0000               1.1891 0.0000e+00
                        0  0.0000     0.2803               1.5547 7.9905e-01
 26  1.5488    5.0+                          5.2630e+00
                       11  1.0755     0.3335               0.4733 1.7529e+00
                        7  0.8856     0.6665               0.6632 3.5054e+00
 25  1.5244    3.0+                          2.9412e+00
                        4  0.3657     0.4505               1.1587 1.3248e+00
                        0  0.0000     0.5495               1.5244 1.6159e+00
 24  1.5226    2.0+                          1.9674e+00
                        4  0.3657     0.4413               1.1569 8.6809e-01
                        3  0.1118     0.5587               1.4108 1.0990e+00
 23  1.5133    3.0+                          2.9750e+00
                        8  1.0401     0.1306               0.4732 3.8803e-01
                        5  0.3739     0.0988               1.1394 2.9388e-01
                        4  0.3657     0.3952               1.1477 1.1755e+00
                        1  0.0249     0.3754               1.4884 1.1166e+00
 22  1.4349    1.0+                          1.3577e+00                       6.0000e-13
                        0  0.0000     1.0000               1.4349 1.3575e+00
 21  1.4246    6.0+                          2.4638e+01                       7.6000e-14
                        5  0.3739     0.8961               1.0507 2.2074e+01
                        1  0.0249     0.1039               1.3997 2.5595e+00
 20  1.4240    3.0+                          3.2657e+00
                        3  0.1118     1.0000               1.3122 3.2657e+00
 19  1.4181    5.0+                          6.0938e+00
                        5  0.3739     1.0000               1.0442 6.0927e+00
 18  1.3769    1.0+                          1.4563e+00                       1.6000e-13
                       10  1.0502     0.0683               0.3267 9.8997e-02
                        9  1.0443     0.4461               0.3326 6.2937e-01
                        0  0.0000     0.4856               1.3769 7.0712e-01
 17  1.3690    1.0+                          1.4703e+00
                       12  1.1330     1.0000               0.2360 1.4703e+00
 16  1.3535    2.0+                          2.4051e+00                       6.0000e-13
                        4  0.3657     0.5650               0.9878 1.3586e+00
                        3  0.1118     0.2373               1.2417 5.7065e-01
                        0  0.0000     0.1977               1.3535 4.7542e-01
 15  1.3515    5.0+                          6.5772e+00
                        7  0.8856     0.0742               0.4659 4.8701e-01
                        6  0.4575     0.9258               0.8940 6.0877e+00
 14  1.2366    2.0+                          2.7678e+00
                        3  0.1118     0.2537               1.1248 7.0208e-01
                        0  0.0000     0.7463               1.2366 2.0653e+00
 13  1.1846    5.0+                          1.6826e+01                       9.7000e-14
                        6  0.4575     0.6897               0.7271 1.1600e+01
                        2  0.0532     0.2069               1.1315 3.4808e+00
                        1  0.0249     0.1034               1.1597 1.7396e+00
 12  1.1330    1.0-                          7.1312e+00
                        0  0.0000     0.5000               1.1330 3.5656e+00
                       10  1.0502     0.5000               0.0828 3.5656e+00
 11  1.0755    6.0+                          2.3477e+01                       6.9000e-14
                        5  0.3739     0.1327               0.7016 3.1139e+00
                        1  0.0249     0.8673               1.0505 2.0358e+01
 10  1.0502    1.0+                          1.0806e+01                       1.4000e-13
                        4  0.3657     0.0305               0.6845 3.2939e-01
                        3  0.1118     0.3598               0.9384 3.8871e+00
                        0  0.0000     0.6097               1.0502 6.5874e+00
  9  1.0443    4.0+                          9.2935e+00                       1.2000e-12
                        5  0.3739     0.0000               0.6703 0.0000e+00
                        3  0.1118     0.1803               0.9325 1.6752e+00
                        0  0.0000     0.8197               1.0443 7.6163e+00
  8  1.0401    3.0+                          5.3543e+00                       1.4000e-13
                        6  0.4575     0.4609               0.5826 2.4664e+00
                        4  0.3657     0.2350               0.6745 1.2576e+00
                        0  0.0000     0.3041               1.0401 1.6279e+00
  7  0.8856    3.0+                          1.1710e+01                       1.5000e-13
                        5  0.3739     0.1727               0.5117 2.0194e+00
                        4  0.3657     0.2036               0.5200 2.3818e+00
                        3  0.1118     0.4423               0.7739 5.1775e+00
                        2  0.0532     0.0531               0.8325 6.2138e-01
                        1  0.0249     0.1283               0.8607 1.5019e+00
  6  0.4575    4.0+                          3.4061e+01                       9.0000e-13
                        4  0.3657     0.0171               0.0918 4.1677e-01
                        3  0.1118     0.1596               0.3457 5.4173e+00
                        2  0.0532     0.0065               0.4043 2.2230e-01
                        1  0.0249     0.8167               0.4325 2.7788e+01
  5  0.3739    5.0+                          6.1237e+01                       8.0000e-13
                        2  0.0532     0.9424               0.3208 5.7588e+01
                        1  0.0249     0.0576               0.3490 3.5130e+00
  4  0.3657    3.0+                          2.0839e+01                       1.1000e-12
                        3  0.1118     0.0090               0.2539 1.8557e-01
                        2  0.0532     0.0000               0.3125 0.0000e+00
                        0  0.0000     0.9910               0.3657 2.0619e+01
  3  0.1118    3.0+                          4.7836e+01                       1.4000e-10
                        2  0.0532     0.4185               0.0586 1.7009e+01
                        0  0.0000     0.5815               0.1118 2.6993e+01
  2  0.0532    4.0+                          1.1002e+02                       1.0500e-05
                        1  0.0249     0.3332               0.0282 4.5258e+00
                        0  0.0000     0.6668               0.0532 1.0525e+01
  1  0.0249    5.0+                          1.3975e+02                       3.2760e+04
                        0  0.0000     1.0000               0.0249 5.5435e-02
  0  0.0000    2.0+                          3.0318e+02                       6.1220e+06
#......................................................................../  028-058Ni //  21.000000
#                                                                         ISOMERIC STATE PRODUCTION
#            027-058Co
#   Ex[MeV]     Jpi     T(1/2)[s]  Prod.[mb]
  1  0.0249    5.0+    3.2760e+04 1.3975e+02
#......................................................................../  028-058Ni //  21.000000
#                                                                          SUM SPECTRA FOR COMPOUND
#            026-055Fe      gamma    neutron     proton      alpha   deuteron
 SpcSum[mb]            4.4371e+02 3.3479e-01 3.6345e-02 1.9662e-07 3.0600e-21
 Emean[MeV]            1.4437e+00 5.9667e-01 1.8030e+00 4.0492e+00 1.2446e+00
#......................................................................../  028-058Ni //  21.000000
#                                                                   GAMMAS FROM DISCRETE TRANSITION
#           0 1 1 0 0 0             026-055Fe
#   Ex[MeV]     Jpi    FinalState  Branching Production    Egamma Production   T(1/2)[s]
 30  3.4569    6.5-                          4.1198e+00                       6.0000e-13
                       14  2.5391     1.0000               0.9178 4.1189e+00
 29  3.4190    7.5-                          9.0841e+00                       7.0000e-14
                       17  2.8138     1.0000               0.6052 9.0801e+00
 28  3.3620    5.5+                          5.0930e+00
                        9  2.2119     0.1250               1.1501 6.3663e-01
                       10  2.2555     0.1250               1.1065 6.3663e-01
                       14  2.5391     0.1250               0.8229 6.3663e-01
                       17  2.8138     0.1250               0.5482 6.3663e-01
                       20  2.9821     0.1250               0.3799 6.3663e-01
                       21  2.9844     0.1250               0.3776 6.3663e-01
                       23  3.0720     0.1250               0.2900 6.3663e-01
                       24  3.0760     0.1250               0.2860 6.3663e-01
 27  3.3110    2.5-                          1.0670e+00
                        2  0.9313     1.0000               2.3797 1.0670e+00
 26  3.2850    0.5+                          4.7697e-01                       8.0000e-15
                        1  0.4114     1.0000               2.8736 4.7640e-01
 25  3.1087    3.5-                          1.9224e+00
                        3  1.3165     0.2145               1.7922 4.1225e-01
                        2  0.9313     0.7716               2.1774 1.4827e+00
                        0  0.0000     0.0139               3.1087 2.6699e-02
 24  3.0760    5.5-                          4.9955e+00                       4.4000e-13
                        4  1.4084     1.0000               1.6676 4.9944e+00
 23  3.0720    5.5-                          5.0174e+00                       7.0000e-13
                       17  2.8138     0.1670               0.2582 8.3530e-01
                       14  2.5391     0.8330               0.5329 4.1769e+00
 22  3.0285    1.5-                          8.1909e-01                       1.5000e-14
                        4  1.4084     0.0102               1.6201 8.3611e-03
                        1  0.4114     0.3512               2.6171 2.8749e-01
                        0  0.0000     0.6386               3.0285 5.2267e-01
 21  2.9844    4.5-                          3.8470e+00
                        9  2.2119     0.2500               0.7725 9.6176e-01
                        4  1.4084     0.2500               1.5759 9.6176e-01
                        2  0.9313     0.2500               2.0531 9.6176e-01
                        0  0.0000     0.2500               2.9844 9.6176e-01
 20  2.9821    5.5-                          5.5522e+00
                        9  2.2119     1.0000               0.7702 5.5507e+00
 19  2.9389    3.5-                          2.2465e+00                       2.9000e-14
                        3  1.3165     0.4504               1.6224 1.0116e+00
                        0  0.0000     0.5496               2.9389 1.2337e+00
 18  2.8723    3.5-                          2.3899e+00                       1.9000e-14
                        3  1.3165     0.2431               1.5558 5.8090e-01
                        2  0.9313     0.0811               1.9410 1.9367e-01
                        0  0.0000     0.6758               2.8723 1.6139e+00
 17  2.8138    6.5-                          2.3577e+01                       1.0000e-11
                       14  2.5391     1.0000               0.2747 2.3514e+01
 16  2.6000    4.5+                          7.3563e+00
                        3  1.3165     0.2000               1.2835 1.4713e+00
                        4  1.4084     0.2000               1.1916 1.4713e+00
                        9  2.2119     0.2000               0.3881 1.4713e+00
                       10  2.2555     0.2000               0.3445 1.4713e+00
                       14  2.5391     0.2000               0.0609 1.4713e+00
 15  2.5777    2.5-                          2.0616e+00                       4.6000e-14
                        3  1.3165     0.0336               1.2612 6.9260e-02
                        2  0.9313     0.0588               1.6464 1.2120e-01
                        1  0.4114     0.0672               2.1663 1.3852e-01
                        0  0.0000     0.8404               2.5777 1.7315e+00
 14  2.5391    5.5-                          4.3109e+01                       9.3000e-12
                       11  2.3011     0.0500               0.2380 2.1484e+00
                        9  2.2119     0.0094               0.3272 4.0538e-01
                        3  1.3165     0.9406               1.2226 4.0542e+01
 13  2.4900    2.5-                          2.2348e+00
                        0  0.0000     1.0000               2.4900 2.2336e+00
 12  2.4702    1.5-                          1.3351e+00                       1.5000e-14
                        1  0.4114     0.3377               2.0588 4.5072e-01
                        0  0.0000     0.6623               2.4702 8.8379e-01
 11  2.3011    4.5+                          1.2664e+01                       6.0000e-13
                        4  1.4084     0.0198               0.8926 2.5046e-01
                        3  1.3165     0.0809               0.9845 1.0248e+00
                        2  0.9313     0.8993               1.3698 1.1386e+01
 10  2.2555    4.5-                          9.2465e+00
                        4  1.4084     1.0000               0.8471 9.2441e+00
  9  2.2119    4.5-                          1.6531e+01                       7.6000e-13
                        4  1.4084     0.9615               0.8034 1.5891e+01
                        3  1.3165     0.0192               0.8953 3.1782e-01
                        2  0.9313     0.0192               1.2806 3.1785e-01
  8  2.1440    2.5-                          3.0756e+00                       3.8000e-14
                        3  1.3165     0.3605               0.8275 1.1085e+00
                        2  0.9313     0.4291               1.2127 1.3197e+00
                        1  0.4114     0.0300               1.7326 9.2374e-02
                        0  0.0000     0.1803               2.1440 5.5435e-01
  7  2.0517    1.5-                          1.9353e+00                       7.6000e-15
                        1  0.4114     0.7692               1.6403 1.4884e+00
                        0  0.0000     0.2308               2.0517 4.4652e-01
  6  2.0150    1.5-                          1.9994e+00
                        0  0.0000     1.0000               2.0150 1.9994e+00
  5  1.9183    0.5-                          9.9528e-01                       1.2000e-14
                        1  0.4114     0.3197               1.5069 3.1815e-01
                        0  0.0000     0.6803               1.9183 6.7690e-01
  4  1.4084    3.5-                          4.2666e+01                       3.7900e-11
                        3  1.3165     0.0407               0.0919 1.2672e+00
                        2  0.9313     0.5215               0.4772 2.2234e+01
                        0  0.0000     0.4378               1.4084 1.8677e+01
  3  1.3165    3.5-                          5.9111e+01                       2.1000e-12
                        2  0.9313     0.0707               0.3853 4.1740e+00
                        0  0.0000     0.9293               1.3165 5.4924e+01
  2  0.9313    2.5-                          5.3076e+01                       8.0000e-12
                        1  0.4114     0.0196               0.5199 1.0406e+00
                        0  0.0000     0.9804               0.9313 5.2025e+01
  1  0.4114    0.5-                          8.0762e+00                       6.0000e-12
                        0  0.0000     1.0000               0.4114 8.0676e+00
  0  0.0000    1.5-                          1.6086e+02                       8.6590e+07
#......................................................................../  028-058Ni //  21.000000
#                                                                          SUM SPECTRA FOR COMPOUND
#            027-057Co      gamma    neutron     proton      alpha
 SpcSum[mb]            2.3065e+01 0.0000e+00 1.6390e-05 5.5947e-18
 Emean[MeV]            1.2975e+00 0.0000e+00 1.4394e+00 2.3863e+00
#......................................................................../  028-058Ni //  21.000000
#                                                                   GAMMAS FROM DISCRETE TRANSITION
#           0 1 0 1 0 0             027-057Co
#   Ex[MeV]     Jpi    FinalState  Branching Production    Egamma Production   T(1/2)[s]
 53  3.7696    4.5+                          5.7026e-02
                        0  0.0000     0.1000               3.7696 5.7026e-03
                        1  1.2240     0.1000               2.5456 5.7026e-03
                        4  1.6896     0.1000               2.0800 5.7026e-03
                        6  1.8974     0.1000               1.8722 5.7026e-03
                       10  2.3114     0.1000               1.4582 5.7026e-03
                       12  2.4861     0.1000               1.2835 5.7026e-03
                       15  2.5598     0.1000               1.2098 5.7026e-03
                       16  2.6112     0.1000               1.1584 5.7026e-03
                       32  3.2722     0.1000               0.4974 5.7026e-03
                       48  3.7011     0.1000               0.0685 5.7026e-03
 52  3.7620    3.5+                          4.0116e-02
                        0  0.0000     0.0667               3.7620 2.6744e-03
                        1  1.2240     0.0667               2.5380 2.6744e-03
                        6  1.8974     0.0667               1.8646 2.6744e-03
                        7  1.9195     0.0667               1.8425 2.6744e-03
                        9  2.1331     0.0667               1.6289 2.6744e-03
                       10  2.3114     0.0667               1.4506 2.6744e-03
                       12  2.4861     0.0667               1.2759 2.6744e-03
                       15  2.5598     0.0667               1.2022 2.6744e-03
                       16  2.6112     0.0667               1.1508 2.6744e-03
                       21  2.8043     0.0667               0.9577 2.6744e-03
                       28  3.1774     0.0667               0.5846 2.6744e-03
                       30  3.2463     0.0667               0.5157 2.6744e-03
                       32  3.2722     0.0667               0.4898 2.6744e-03
                       47  3.6813     0.0667               0.0807 2.6744e-03
                       48  3.7011     0.0667               0.0609 2.6744e-03
 51  3.7280    3.5+                          4.2624e-02
                        0  0.0000     0.0667               3.7280 2.8416e-03
                        1  1.2240     0.0667               2.5040 2.8416e-03
                        6  1.8974     0.0667               1.8306 2.8416e-03
                        7  1.9195     0.0667               1.8085 2.8416e-03
                        9  2.1331     0.0667               1.5949 2.8416e-03
                       10  2.3114     0.0667               1.4166 2.8416e-03
                       12  2.4861     0.0667               1.2419 2.8416e-03
                       15  2.5598     0.0667               1.1682 2.8416e-03
                       16  2.6112     0.0667               1.1168 2.8416e-03
                       21  2.8043     0.0667               0.9237 2.8416e-03
                       28  3.1774     0.0667               0.5506 2.8416e-03
                       30  3.2463     0.0667               0.4817 2.8416e-03
                       32  3.2722     0.0667               0.4558 2.8416e-03
                       47  3.6813     0.0667               0.0467 2.8416e-03
                       48  3.7011     0.0667               0.0269 2.8416e-03
 50  3.7220    0.5+                          9.8854e-03
                        2  1.3777     0.0833               2.3443 8.2378e-04
                        3  1.5048     0.0833               2.2172 8.2378e-04
                        5  1.7576     0.0833               1.9644 8.2378e-04
                       19  2.7310     0.0833               0.9910 8.2378e-04
                       22  2.8792     0.0833               0.8428 8.2378e-04
                       25  3.1082     0.0833               0.6138 8.2378e-04
                       27  3.1649     0.0833               0.5571 8.2378e-04
                       35  3.3567     0.0833               0.3653 8.2378e-04
                       36  3.3650     0.0833               0.3570 8.2378e-04
                       39  3.4606     0.0833               0.2614 8.2378e-04
                       40  3.4686     0.0833               0.2534 8.2378e-04
                       42  3.5404     0.0833               0.1816 8.2378e-04
 49  3.7197    2.5+                          2.9918e-02
                        0  0.0000     1.0000               3.7197 2.9871e-02
 48  3.7011    3.5-                          4.8998e-02
                        0  0.0000     1.0000               3.7011 4.8948e-02
 47  3.6813    2.5-                          3.2523e-02
                        8  2.1330     0.0833               1.5483 2.7102e-03
                       13  2.5140     0.0833               1.1673 2.7102e-03
                       17  2.6145     0.0833               1.0668 2.7102e-03
                       24  2.9821     0.0833               0.6992 2.7102e-03
                       26  3.1214     0.0833               0.5599 2.7102e-03
                       29  3.1842     0.0833               0.4971 2.7102e-03
                       31  3.2627     0.0833               0.4186 2.7102e-03
                       34  3.3430     0.0833               0.3383 2.7102e-03
                       37  3.3937     0.0833               0.2876 2.7102e-03
                       43  3.5539     0.0833               0.1274 2.7102e-03
                       44  3.6223     0.0833               0.0590 2.7102e-03
                       46  3.6716     0.0833               0.0097 2.7102e-03
 46  3.6716    2.5+                          3.5294e-02
                        6  1.8974     0.5000               1.7742 1.7647e-02
                        0  0.0000     0.5000               3.6716 1.7647e-02
 45  3.6650    4.5+                          6.8649e-02
                        0  0.0000     0.1111               3.6650 7.6277e-03
                        1  1.2240     0.1111               2.4410 7.6277e-03
                        4  1.6896     0.1111               1.9754 7.6277e-03
                        6  1.8974     0.1111               1.7676 7.6277e-03
                       10  2.3114     0.1111               1.3536 7.6277e-03
                       12  2.4861     0.1111               1.1789 7.6277e-03
                       15  2.5598     0.1111               1.1052 7.6277e-03
                       16  2.6112     0.1111               1.0538 7.6277e-03
                       32  3.2722     0.1111               0.3928 7.6277e-03
 44  3.6223    2.5+                          3.8259e-02
                        0  0.0000     0.0476               3.6223 1.8219e-03
                        2  1.3777     0.0476               2.2446 1.8219e-03
                        5  1.7576     0.0476               1.8647 1.8219e-03
                        6  1.8974     0.0476               1.7249 1.8219e-03
                        7  1.9195     0.0476               1.7028 1.8219e-03
                        9  2.1331     0.0476               1.4892 1.8219e-03
                       10  2.3114     0.0476               1.3109 1.8219e-03
                       16  2.6112     0.0476               1.0111 1.8219e-03
                       19  2.7310     0.0476               0.8913 1.8219e-03
                       21  2.8043     0.0476               0.8180 1.8219e-03
                       22  2.8792     0.0476               0.7431 1.8219e-03
                       25  3.1082     0.0476               0.5141 1.8219e-03
                       27  3.1649     0.0476               0.4574 1.8219e-03
                       28  3.1774     0.0476               0.4449 1.8219e-03
                       30  3.2463     0.0476               0.3760 1.8219e-03
                       32  3.2722     0.0476               0.3501 1.8219e-03
                       35  3.3567     0.0476               0.2656 1.8219e-03
                       36  3.3650     0.0476               0.2573 1.8219e-03
                       39  3.4606     0.0476               0.1617 1.8219e-03
                       40  3.4686     0.0476               0.1537 1.8219e-03
                       42  3.5404     0.0476               0.0819 1.8219e-03
 43  3.5539    2.5+                          4.2797e-02
                        5  1.7576     0.4594               1.7963 1.9651e-02
                        2  1.3777     0.5406               2.1762 2.3118e-02
 42  3.5404    1.5-                          2.4272e-02
                       23  2.9809     1.0000               0.5595 2.4264e-02
 41  3.5221    6.5-                          1.8735e-01
                       12  2.4861     1.0000               1.0360 1.8731e-01
 40  3.4686    1.5-                          2.6907e-02
                        7  1.9195     0.5000               1.5491 1.3453e-02
                        2  1.3777     0.5000               2.0909 1.3453e-02
 39  3.4606    1.5-                          2.7218e-02
                        7  1.9195     0.3333               1.5411 9.0726e-03
                        2  1.3777     0.3333               2.0829 9.0726e-03
                        0  0.0000     0.3333               3.4606 9.0726e-03
 38  3.4310    5.5+                          1.5911e-01
                        1  1.2240     0.2000               2.2070 3.1822e-02
                        4  1.6896     0.2000               1.7414 3.1822e-02
                       12  2.4861     0.2000               0.9449 3.1822e-02
                       14  2.5241     0.2000               0.9069 3.1822e-02
                       15  2.5598     0.2000               0.8712 3.1822e-02
 37  3.3937    1.5+                          3.7186e-02
                        2  1.3777     0.0714               2.0160 2.6561e-03
                        3  1.5048     0.0714               1.8889 2.6561e-03
                        5  1.7576     0.0714               1.6361 2.6561e-03
                        7  1.9195     0.0714               1.4742 2.6561e-03
                        9  2.1331     0.0714               1.2606 2.6561e-03
                       19  2.7310     0.0714               0.6627 2.6561e-03
                       21  2.8043     0.0714               0.5894 2.6561e-03
                       22  2.8792     0.0714               0.5145 2.6561e-03
                       25  3.1082     0.0714               0.2855 2.6561e-03
                       27  3.1649     0.0714               0.2288 2.6561e-03
                       28  3.1774     0.0714               0.2163 2.6561e-03
                       30  3.2463     0.0714               0.1474 2.6561e-03
                       35  3.3567     0.0714               0.0370 2.6561e-03
                       36  3.3650     0.0714               0.0287 2.6561e-03
 36  3.3650    1.5-                          3.3884e-02
                        8  2.1330     0.1667               1.2320 5.6474e-03
                       17  2.6145     0.1667               0.7505 5.6474e-03
                       23  2.9809     0.1667               0.3841 5.6474e-03
                       24  2.9821     0.1667               0.3830 5.6474e-03
                       29  3.1842     0.1667               0.1808 5.6474e-03
                       31  3.2627     0.1667               0.1023 5.6474e-03
 35  3.3567    1.5-                          3.4259e-02
                        2  1.3777     0.5000               1.9790 1.7130e-02
                        0  0.0000     0.5000               3.3567 1.7130e-02
 34  3.3430    3.5+                          8.6085e-02
                        0  0.0000     0.0769               3.3430 6.6220e-03
                        1  1.2240     0.0769               2.1190 6.6220e-03
                        6  1.8974     0.0769               1.4456 6.6220e-03
                        7  1.9195     0.0769               1.4235 6.6220e-03
                        9  2.1331     0.0769               1.2099 6.6220e-03
                       10  2.3114     0.0769               1.0316 6.6220e-03
                       12  2.4861     0.0769               0.8569 6.6220e-03
                       15  2.5598     0.0769               0.7832 6.6220e-03
                       16  2.6112     0.0769               0.7318 6.6220e-03
                       21  2.8043     0.0769               0.5387 6.6220e-03
                       28  3.1774     0.0769               0.1656 6.6220e-03
                       30  3.2463     0.0769               0.0967 6.6220e-03
                       32  3.2722     0.0769               0.0708 6.6220e-03
 33  3.2960    4.5+                          1.2977e-01
                        0  0.0000     0.1111               3.2960 1.4419e-02
                        1  1.2240     0.1111               2.0720 1.4419e-02
                        4  1.6896     0.1111               1.6064 1.4419e-02
                        6  1.8974     0.1111               1.3986 1.4419e-02
                       10  2.3114     0.1111               0.9846 1.4419e-02
                       12  2.4861     0.1111               0.8099 1.4419e-02
                       15  2.5598     0.1111               0.7362 1.4419e-02
                       16  2.6112     0.1111               0.6848 1.4419e-02
                       32  3.2722     0.1111               0.0238 1.4419e-02
 32  3.2722    3.5-                          1.1726e-01
                       13  2.5140     0.1429               0.7582 1.6752e-02
                       17  2.6145     0.1429               0.6577 1.6752e-02
                       18  2.7230     0.1429               0.5492 1.6752e-02
                       20  2.7435     0.1429               0.5287 1.6752e-02
                       26  3.1214     0.1429               0.1508 1.6752e-02
                       29  3.1842     0.1429               0.0880 1.6752e-02
                       31  3.2627     0.1429               0.0095 1.6752e-02
 31  3.2627    2.5+                          9.1260e-02
                        5  1.7576     0.5206               1.5051 4.7496e-02
                        0  0.0000     0.4794               3.2627 4.3690e-02
 30  3.2463    2.5-                          7.0979e-02
                        1  1.2240     1.0000               2.0223 7.0953e-02
 29  3.1842    2.5+                          1.0058e-01
                        2  1.3777     0.5000               1.8065 5.0288e-02
                        0  0.0000     0.5000               3.1842 5.0288e-02
 28  3.1774    2.5-                          7.7110e-02                       1.5200e-13
                        6  1.8974     0.4651               1.2800 3.5859e-02
                        0  0.0000     0.5349               3.1774 4.1212e-02
 27  3.1649    1.5-                          4.4274e-02
                        6  1.8974     0.5000               1.2675 2.2137e-02
                        0  0.0000     0.5000               3.1649 2.2137e-02
 26  3.1214    3.5+                          1.4036e-01
                       10  2.3114     0.5000               0.8100 7.0179e-02
                        1  1.2240     0.5000               1.8974 7.0179e-02
 25  3.1082    1.5-                          4.7790e-02                       5.4000e-14
                       21  2.8043     0.0346               0.3039 1.6473e-03
                        5  1.7576     0.0345               1.3506 1.6472e-03
                        3  1.5048     0.0690               1.6033 3.2946e-03
                        2  1.3777     0.8619               1.7305 4.1182e-02
                        0  0.0000     0.0000               3.1082 0.0000e+00
 24  2.9821    1.5+                          7.6475e-02
                        2  1.3777     0.1250               1.6044 9.5594e-03
                        3  1.5048     0.1250               1.4772 9.5594e-03
                        5  1.7576     0.1250               1.2244 9.5594e-03
                        7  1.9195     0.1250               1.0626 9.5594e-03
                        9  2.1331     0.1250               0.8490 9.5594e-03
                       19  2.7310     0.1250               0.2511 9.5594e-03
                       21  2.8043     0.1250               0.1778 9.5594e-03
                       22  2.8792     0.1250               0.1029 9.5594e-03
 23  2.9809    0.5+                          6.3943e-02
                        9  2.1331     0.3333               0.8478 2.1314e-02
                        5  1.7576     0.3333               1.2233 2.1314e-02
                        2  1.3777     0.3333               1.6032 2.1314e-02
 22  2.8792    1.5-                          7.4688e-02                       1.1100e-13
                        7  1.9195     0.3999               0.9597 2.9864e-02
                        5  1.7576     0.1999               1.1216 1.4929e-02
                        0  0.0000     0.4001               2.8792 2.9863e-02
 21  2.8043    2.5-                          1.3391e-01                       3.7000e-14
                        6  1.8974     0.2100               0.9069 2.8116e-02
                        5  1.7576     0.4565               1.0467 6.1124e-02
                        0  0.0000     0.3334               2.8043 4.4619e-02
 20  2.7435    4.5+                          3.3582e-01                       4.7000e-14
                        4  1.6896     1.0000               1.0539 3.3579e-01
 19  2.7310    1.5-                          8.9174e-02                       9.1000e-14
                        0  0.0000     1.0000               2.7310 8.9113e-02
 18  2.7230    4.5+                          3.4627e-01
                        1  1.2240     1.0000               1.4990 3.4617e-01
 17  2.6145    2.5+                          2.1316e-01
                        0  0.0000     0.1250               2.6145 2.6645e-02
                        2  1.3777     0.1250               1.2368 2.6645e-02
                        5  1.7576     0.1250               0.8569 2.6645e-02
                        6  1.8974     0.1250               0.7171 2.6645e-02
                        7  1.9195     0.1250               0.6950 2.6645e-02
                        9  2.1331     0.1250               0.4814 2.6645e-02
                       10  2.3114     0.1250               0.3031 2.6645e-02
                       16  2.6112     0.1250               0.0033 2.6645e-02
 16  2.6112    3.5-                          2.7156e-01                       8.5000e-14
                        7  1.9195     0.0000               0.6917 0.0000e+00
                        0  0.0000     1.0000               2.6112 2.7140e-01
 15  2.5598    4.5-                          3.9629e-01                       4.5000e-13
                        4  1.6896     0.1597               0.8702 6.3264e-02
                        1  1.2240     0.4201               1.3358 1.6644e-01
                        0  0.0000     0.4203               2.5598 1.6645e-01
 14  2.5241    6.5-                          1.0576e+00                       2.6000e-13
                        4  1.6896     1.0000               0.8345 1.0573e+00
 13  2.5140    3.5+                          3.3632e-01
                        0  0.0000     0.1429               2.5140 4.8046e-02
                        1  1.2240     0.1429               1.2900 4.8046e-02
                        6  1.8974     0.1429               0.6166 4.8046e-02
                        7  1.9195     0.1429               0.5945 4.8046e-02
                        9  2.1331     0.1429               0.3809 4.8046e-02
                       10  2.3114     0.1429               0.2026 4.8046e-02
                       12  2.4861     0.1429               0.0279 4.8046e-02
 12  2.4861    4.5-                          6.6819e-01                       5.9000e-14
                        6  1.8974     0.1111               0.5887 7.4189e-02
                        4  1.6896     0.1176               0.7965 7.8561e-02
                        1  1.2240     0.1176               1.2621 7.8576e-02
                        0  0.0000     0.6537               2.4861 4.3653e-01
 11  2.4790    5.5+                          7.6025e-01
                        1  1.2240     0.5000               1.2550 3.8012e-01
                        4  1.6896     0.5000               0.7894 3.8012e-01
 10  2.3114    3.5-                          4.9776e-01                       2.1000e-13
                        2  1.3777     0.0979               0.9337 4.8723e-02
                        1  1.2240     0.6993               1.0874 3.4803e-01
                        0  0.0000     0.2028               2.3114 1.0090e-01
  9  2.1331    2.5-                          4.0042e-01                       3.4000e-13
                        3  1.5048     0.0331               0.6282 1.3232e-02
                        2  1.3777     0.1405               0.7554 5.6243e-02
                        0  0.0000     0.8264               2.1331 3.3079e-01
  8  2.1330    1.5+                          2.6126e-01
                        2  1.3777     0.2500               0.7553 6.5315e-02
                        3  1.5048     0.2500               0.6282 6.5315e-02
                        5  1.7576     0.2500               0.3754 6.5315e-02
                        7  1.9195     0.2500               0.2135 6.5315e-02
  7  1.9195    2.5-                          5.9690e-01                       2.2000e-14
                        5  1.7576     0.0020               0.1619 1.1905e-03
                        2  1.3777     0.0003               0.5418 1.7861e-04
                        1  1.2240     0.0001               0.6955 5.9529e-05
                        0  0.0000     0.9976               1.9195 5.9529e-01
  6  1.8974    3.5-                          8.4906e-01                       1.1000e-13
                        1  1.2240     0.5348               0.6734 4.5390e-01
                        0  0.0000     0.4652               1.8974 3.9488e-01
  5  1.7576    1.5-                          5.8814e-01                       2.7000e-13
                        3  1.5048     0.0050               0.2528 2.8963e-03
                        2  1.3777     0.0099               0.3799 5.7925e-03
                        0  0.0000     0.9852               1.7576 5.7925e-01
  4  1.6896    5.5-                          3.9412e+00                       2.4000e-13
                        1  1.2240     0.5407               0.4656 2.1291e+00
                        0  0.0000     0.4593               1.6896 1.8098e+00
  3  1.5048    0.5-                          3.6967e-01                       2.1000e-10
                        2  1.3777     1.0000               0.1272 3.6168e-01
  2  1.3777    1.5-                          1.3761e+00                       1.9000e-11
                        0  0.0000     1.0000               1.3777 1.3759e+00
  1  1.2240    4.5-                          6.5246e+00                       5.4000e-14
                        0  0.0000     1.0000               1.2240 6.5237e+00
  0  0.0000    3.5-                          2.5228e+01                       2.3480e+07
#......................................................................../  028-058Ni //  21.000000
#                                                                          SUM SPECTRA FOR COMPOUND
#            025-052Mn      gamma    neutron     proton      alpha   deuteron
 SpcSum[mb]            4.4642e+00 7.8506e-11 1.1158e-05 3.1058e-19 0.0000e+00
 Emean[MeV]            8.7661e-01 2.8679e-01 1.6532e+00 3.0451e+00 0.0000e+00
#......................................................................../  028-058Ni //  21.000000
#                                                                   GAMMAS FROM DISCRETE TRANSITION
#           0 0 2 0 0 0             025-052Mn
#   Ex[MeV]     Jpi    FinalState  Branching Production    Egamma Production   T(1/2)[s]
 46  3.2450    1.0+                          2.0856e-03
                        7  0.8869     0.2000               2.3581 4.1712e-04
                       23  2.6770     0.2000               0.5680 4.1712e-04
                       31  2.8720     0.2000               0.3730 4.1712e-04
                       41  3.1060     0.2000               0.1390 4.1712e-04
                       42  3.1300     0.2000               0.1150 4.1712e-04
 45  3.2260    4.0+                          7.5882e-03
                        6  0.8842     0.1000               2.3418 7.5882e-04
                       12  1.6469     0.1000               1.5791 7.5882e-04
                       22  2.6450     0.1000               0.5810 7.5882e-04
                       25  2.7710     0.1000               0.4550 7.5882e-04
                       27  2.7960     0.1000               0.4300 7.5882e-04
                       28  2.8150     0.1000               0.4110 7.5882e-04
                       29  2.8480     0.1000               0.3780 7.5882e-04
                       30  2.8580     0.1000               0.3680 7.5882e-04
                       35  2.9550     0.1000               0.2710 7.5882e-04
                       37  2.9820     0.1000               0.2440 7.5882e-04
 44  3.2130    0.0+                          5.9720e-04
                       23  2.6770     0.2500               0.5360 1.4930e-04
                       31  2.8720     0.2500               0.3410 1.4930e-04
                       41  3.1060     0.2500               0.1070 1.4930e-04
                       42  3.1300     0.2500               0.0830 1.4930e-04
 43  3.1990    6.0+                          1.4490e-02
                       30  2.8580     0.3333               0.3410 4.8298e-03
                       37  2.9820     0.3333               0.2170 4.8298e-03
                       39  3.0770     0.3333               0.1220 4.8298e-03
 42  3.1300    1.0-                          2.9311e-03
                        1  0.3777     0.1667               2.7523 4.8852e-04
                        2  0.5464     0.1667               2.5836 4.8852e-04
                       20  2.4736     0.1667               0.6564 4.8852e-04
                       21  2.6312     0.1667               0.4988 4.8852e-04
                       32  2.9030     0.1667               0.2270 4.8852e-04
                       34  2.9260     0.1667               0.2040 4.8852e-04
 41  3.1060    1.0-                          3.0258e-03
                        1  0.3777     0.1667               2.7283 5.0430e-04
                        2  0.5464     0.1667               2.5596 5.0430e-04
                       20  2.4736     0.1667               0.6324 5.0430e-04
                       21  2.6312     0.1667               0.4748 5.0430e-04
                       32  2.9030     0.1667               0.2030 5.0430e-04
                       34  2.9260     0.1667               0.1800 5.0430e-04
 40  3.0970    5.0+                          1.3530e-02
                        6  0.8842     0.1429               2.2128 1.9328e-03
                       12  1.6469     0.1429               1.4501 1.9328e-03
                       27  2.7960     0.1429               0.3010 1.9328e-03
                       29  2.8480     0.1429               0.2490 1.9328e-03
                       30  2.8580     0.1429               0.2390 1.9328e-03
                       37  2.9820     0.1429               0.1150 1.9328e-03
                       39  3.0770     0.1429               0.0200 1.9328e-03
 39  3.0770    6.0-                          2.6487e-02
                        0  0.0000     0.1250               3.0770 3.3109e-03
                        5  0.8699     0.1250               2.2071 3.3109e-03
                        9  1.2537     0.1250               1.8233 3.3109e-03
                       10  1.2790     0.1250               1.7980 3.3109e-03
                       13  1.6838     0.1250               1.3932 3.3109e-03
                       14  1.9560     0.1250               1.1210 3.3109e-03
                       24  2.7102     0.1250               0.3668 3.3109e-03
                       36  2.9730     0.1250               0.1040 3.3109e-03
 38  3.0220    4.0+                          1.0456e-02
                        6  0.8842     0.1000               2.1378 1.0456e-03
                       12  1.6469     0.1000               1.3751 1.0456e-03
                       22  2.6450     0.1000               0.3770 1.0456e-03
                       25  2.7710     0.1000               0.2510 1.0456e-03
                       27  2.7960     0.1000               0.2260 1.0456e-03
                       28  2.8150     0.1000               0.2070 1.0456e-03
                       29  2.8480     0.1000               0.1740 1.0456e-03
                       30  2.8580     0.1000               0.1640 1.0456e-03
                       35  2.9550     0.1000               0.0670 1.0456e-03
                       37  2.9820     0.1000               0.0400 1.0456e-03
 37  2.9820    5.0-                          2.4802e-02
                        0  0.0000     0.1000               2.9820 2.4802e-03
                        3  0.7317     0.1000               2.2503 2.4802e-03
                        9  1.2537     0.1000               1.7283 2.4802e-03
                       10  1.2790     0.1000               1.7030 2.4802e-03
                       11  1.4177     0.1000               1.5643 2.4802e-03
                       13  1.6838     0.1000               1.2982 2.4802e-03
                       14  1.9560     0.1000               1.0260 2.4802e-03
                       16  2.1300     0.1000               0.8520 2.4802e-03
                       26  2.7850     0.1000               0.1970 2.4802e-03
                       36  2.9730     0.1000               0.0090 2.4802e-03
 36  2.9730    5.0+                          2.2129e-02
                        6  0.8842     0.2000               2.0888 4.4258e-03
                       12  1.6469     0.2000               1.3261 4.4258e-03
                       27  2.7960     0.2000               0.1770 4.4258e-03
                       29  2.8480     0.2000               0.1250 4.4258e-03
                       30  2.8580     0.2000               0.1150 4.4258e-03
 35  2.9550    3.0-                          1.0199e-02
                        1  0.3777     0.1000               2.5773 1.0199e-03
                        3  0.7317     0.1000               2.2233 1.0199e-03
                        4  0.8252     0.1000               2.1298 1.0199e-03
                        8  1.2323     0.1000               1.7227 1.0199e-03
                       11  1.4177     0.1000               1.5373 1.0199e-03
                       15  2.0442     0.1000               0.9108 1.0199e-03
                       16  2.1300     0.1000               0.8250 1.0199e-03
                       17  2.2526     0.1000               0.7024 1.0199e-03
                       19  2.3372     0.1000               0.6178 1.0199e-03
                       26  2.7850     0.1000               0.1700 1.0199e-03
 34  2.9260    0.0+                          1.9293e-03
                        2  0.5464     1.0000               2.3796 1.9285e-03
 33  2.9076    9.0+                          4.5731e-02                       8.0000e-14
                       18  2.2859     0.5051               0.6217 2.3090e-02
                        5  0.8699     0.4949               2.0377 2.2624e-02
 32  2.9030    1.0+                          4.5452e-03
                        7  0.8869     0.3333               2.0161 1.5151e-03
                       23  2.6770     0.3333               0.2260 1.5151e-03
                       31  2.8720     0.3333               0.0310 1.5151e-03
 31  2.8720    1.0-                          5.6689e-03
                        1  0.3777     0.2500               2.4943 1.4172e-03
                        2  0.5464     0.2500               2.3256 1.4172e-03
                       20  2.4736     0.2500               0.3984 1.4172e-03
                       21  2.6312     0.2500               0.2408 1.4172e-03
 30  2.8580    5.0-                          3.2748e-02
                        0  0.0000     0.1111               2.8580 3.6387e-03
                        3  0.7317     0.1111               2.1263 3.6387e-03
                        9  1.2537     0.1111               1.6043 3.6387e-03
                       10  1.2790     0.1111               1.5790 3.6387e-03
                       11  1.4177     0.1111               1.4403 3.6387e-03
                       13  1.6838     0.1111               1.1742 3.6387e-03
                       14  1.9560     0.1111               0.9020 3.6387e-03
                       16  2.1300     0.1111               0.7280 3.6387e-03
                       26  2.7850     0.1111               0.0730 3.6387e-03
 29  2.8480    4.0-                          2.3058e-02
                        3  0.7317     0.0833               2.1163 1.9215e-03
                        4  0.8252     0.0833               2.0228 1.9215e-03
                        8  1.2323     0.0833               1.6157 1.9215e-03
                        9  1.2537     0.0833               1.5943 1.9215e-03
                       10  1.2790     0.0833               1.5690 1.9215e-03
                       11  1.4177     0.0833               1.4303 1.9215e-03
                       13  1.6838     0.0833               1.1642 1.9215e-03
                       15  2.0442     0.0833               0.8038 1.9215e-03
                       16  2.1300     0.0833               0.7180 1.9215e-03
                       17  2.2526     0.0833               0.5954 1.9215e-03
                       19  2.3372     0.0833               0.5108 1.9215e-03
                       26  2.7850     0.0833               0.0630 1.9215e-03
 28  2.8150    3.0-                          1.2250e-02
                        1  0.3777     0.1000               2.4373 1.2250e-03
                        3  0.7317     0.1000               2.0833 1.2250e-03
                        4  0.8252     0.1000               1.9898 1.2250e-03
                        8  1.2323     0.1000               1.5827 1.2250e-03
                       11  1.4177     0.1000               1.3973 1.2250e-03
                       15  2.0442     0.1000               0.7708 1.2250e-03
                       16  2.1300     0.1000               0.6850 1.2250e-03
                       17  2.2526     0.1000               0.5624 1.2250e-03
                       19  2.3372     0.1000               0.4778 1.2250e-03
                       26  2.7850     0.1000               0.0300 1.2250e-03
 27  2.7960    4.0-                          2.4281e-02
                        3  0.7317     0.0833               2.0643 2.0234e-03
                        4  0.8252     0.0833               1.9708 2.0234e-03
                        8  1.2323     0.0833               1.5637 2.0234e-03
                        9  1.2537     0.0833               1.5423 2.0234e-03
                       10  1.2790     0.0833               1.5170 2.0234e-03
                       11  1.4177     0.0833               1.3783 2.0234e-03
                       13  1.6838     0.0833               1.1122 2.0234e-03
                       15  2.0442     0.0833               0.7518 2.0234e-03
                       16  2.1300     0.0833               0.6660 2.0234e-03
                       17  2.2526     0.0833               0.5434 2.0234e-03
                       19  2.3372     0.0833               0.4588 2.0234e-03
                       26  2.7850     0.0833               0.0110 2.0234e-03
 26  2.7850    4.0+                          2.7263e-02
                        6  0.8842     0.2500               1.9008 6.8159e-03
                       12  1.6469     0.2500               1.1381 6.8159e-03
                       22  2.6450     0.2500               0.1400 6.8159e-03
                       25  2.7710     0.2500               0.0140 6.8159e-03
 25  2.7710    3.0-                          1.9798e-02
                        1  0.3777     0.1111               2.3933 2.1998e-03
                        3  0.7317     0.1111               2.0393 2.1998e-03
                        4  0.8252     0.1111               1.9458 2.1998e-03
                        8  1.2323     0.1111               1.5387 2.1998e-03
                       11  1.4177     0.1111               1.3533 2.1998e-03
                       15  2.0442     0.1111               0.7268 2.1998e-03
                       16  2.1300     0.1111               0.6410 2.1998e-03
                       17  2.2526     0.1111               0.5184 2.1998e-03
                       19  2.3372     0.1111               0.4338 2.1998e-03
 24  2.7102    7.0+                          4.3113e-02
                        5  0.8699     0.5000               1.8403 2.1556e-02
                        0  0.0000     0.5000               2.7102 2.1556e-02
 23  2.6770    1.0-                          6.9515e-03
                        1  0.3777     0.2500               2.2993 1.7379e-03
                        2  0.5464     0.2500               2.1306 1.7379e-03
                       20  2.4736     0.2500               0.2034 1.7379e-03
                       21  2.6312     0.2500               0.0458 1.7379e-03
 22  2.6450    3.0-                          2.2151e-02
                        1  0.3777     0.1111               2.2673 2.4612e-03
                        3  0.7317     0.1111               1.9133 2.4612e-03
                        4  0.8252     0.1111               1.8198 2.4612e-03
                        8  1.2323     0.1111               1.4127 2.4612e-03
                       11  1.4177     0.1111               1.2273 2.4612e-03
                       15  2.0442     0.1111               0.6008 2.4612e-03
                       16  2.1300     0.1111               0.5150 2.4612e-03
                       17  2.2526     0.1111               0.3924 2.4612e-03
                       19  2.3372     0.1111               0.3078 2.4612e-03
 21  2.6312    1.0+                          9.4550e-03
                        2  0.5464     1.0000               2.0848 9.4516e-03
 20  2.4736    0.0+                          5.9745e-03                       3.2000e-13
                        7  0.8869     1.0000               1.5867 5.9736e-03
 19  2.3372    3.0+                          3.1819e-02                       5.0000e-14
                        7  0.8869     0.4475               1.4503 1.4235e-02
                        4  0.8252     0.5525               1.5120 1.7578e-02
 18  2.2859    8.0+                          1.0925e-01                       6.9000e-14
                        5  0.8699     0.9058               1.4161 9.8943e-02
                        0  0.0000     0.0942               2.2859 1.0289e-02
 17  2.2526    3.0+                          3.4350e-02
                        0  0.0000     1.0000               2.2526 3.4343e-02
 16  2.1300    4.0+                          5.4034e-02
                        0  0.0000     1.0000               2.1300 5.4011e-02
 15  2.0442    3.0+                          4.1707e-02
                        4  0.8252     1.0000               1.2190 4.1702e-02
 14  1.9560    6.0+                          9.0150e-02
                        0  0.0000     1.0000               1.9560 9.0123e-02
 13  1.6838    5.0+                          1.0373e-01                       2.5000e-13
                       10  1.2790     0.1029               0.4048 1.0656e-02
                        3  0.7317     0.2123               0.9521 2.2018e-02
                        0  0.0000     0.6848               1.6838 7.1021e-02
 12  1.6469    4.0-                          9.0628e-02                       3.7000e-13
                        8  1.2323     0.7354               0.4146 6.6608e-02
                        6  0.8842     0.2646               0.7627 2.3973e-02
 11  1.4177    4.0+                          1.0441e-01
                        1  0.3777     1.0000               1.0399 1.0439e-01
 10  1.2790    5.0+                          1.6582e-01                       2.5000e-13
                        6  0.8842     0.3973               0.3948 6.5837e-02
                        4  0.8252     0.6027               0.4538 9.9769e-02
  9  1.2537    5.0+                          1.5903e-01                       1.8000e-14
                        3  0.7317     0.1937               0.5220 3.0779e-02
                        2  0.5464     0.0000               0.7073 0.0000e+00
                        0  0.0000     0.8063               1.2537 1.2821e-01
  8  1.2323    3.0+                          1.5785e-01                       1.4000e-13
                        7  0.8869     0.1145               0.3454 1.8058e-02
                        3  0.7317     0.2832               0.5006 4.4668e-02
                        1  0.3777     0.6023               0.8546 9.5047e-02
  7  0.8869    2.0-                          1.2449e-01                       6.0000e-14
                        2  0.5464     0.0992               0.3405 1.2332e-02
                        1  0.3777     0.9008               0.5092 1.1210e-01
  6  0.8842    4.0-                          2.7831e-01                       1.4000e-12
                        3  0.7317     0.0284               0.1525 7.8211e-03
                        1  0.3777     0.9716               0.5065 2.6968e-01
  5  0.8699    7.0+                          4.8802e-01                       1.2000e-13
                        0  0.0000     1.0000               0.8699 4.8793e-01
  4  0.8252    3.0+                          2.9304e-01                       1.7000e-13
                        1  0.3777     1.0000               0.4475 2.9266e-01
  3  0.7317    4.0+                          3.0183e-01                       3.6000e-12
                        1  0.3777     0.0794               0.3539 2.3886e-02
                        0  0.0000     0.9206               0.7317 2.7774e-01
  2  0.5464    1.0+                          9.0654e-02                       1.8500e-09
                        1  0.3777     1.0000               0.1687 8.8014e-02
  1  0.3777    2.0+                          1.1220e+00                       1.2660e+03
                        0  0.0000     1.0000               0.3777 1.0789e+00
  0  0.0000    6.0+                          2.8899e+00                       4.8310e+05
#......................................................................../  028-058Ni //  21.000000
#                                                                         ISOMERIC STATE PRODUCTION
#            025-052Mn
#   Ex[MeV]     Jpi     T(1/2)[s]  Prod.[mb]
  1  0.3777    2.0+    1.2660e+03 1.1220e+00
#......................................................................../  028-058Ni //  21.000000
#                                                                          SUM SPECTRA FOR COMPOUND
#            026-054Fe      gamma    neutron     proton      alpha
 SpcSum[mb]            2.6212e-01 0.0000e+00 2.0785e-17 4.9212e-29
 Emean[MeV]            1.2440e+00 0.0000e+00 9.8010e-01 1.7950e+00
#......................................................................../  028-058Ni //  21.000000
#                                                                   GAMMAS FROM DISCRETE TRANSITION
#           0 0 1 1 0 0             026-054Fe
#   Ex[MeV]     Jpi    FinalState  Branching Production    Egamma Production   T(1/2)[s]
 24  4.7819    3.0-                          4.9634e-05                       3.3000e-14
                        8  3.3448     0.1128               1.4371 5.5973e-06
                        7  3.2948     0.1773               1.4871 8.7976e-06
                        2  2.5381     0.1720               2.2438 8.5301e-06
                        1  1.4082     0.5379               3.3737 2.6660e-05
 23  4.7001    2.0+                          4.0429e-05
                        8  3.3448     0.4499               1.3553 1.8188e-05
                        2  2.5381     0.4001               2.1620 1.6170e-05
                        1  1.4082     0.1499               3.2919 6.0556e-06
 22  4.6960    2.0-                          4.1918e-05
                        1  1.4082     1.0000               3.2878 4.1860e-05
 21  4.6553    0.0+                          9.1063e-06
                       14  4.0478     0.1076               0.6075 9.7472e-07
                        7  3.2948     0.8924               1.3605 8.1239e-06
 20  4.5785    2.0+                          5.8679e-05                       7.0000e-15
                        1  1.4082     0.6992               3.1703 4.0996e-05
                        0  0.0000     0.3008               4.5785 1.7626e-05
 19  4.2908    0.0+                          2.6617e-05                       5.5000e-14
                        1  1.4082     1.0000               2.8826 2.6597e-05
                        0  0.0000     0.0000               4.2908 0.0000e+00
 18  4.2678    4.0+                          3.3110e-04                       8.2000e-14
                        2  2.5381     0.7999               1.7297 2.6479e-04
                        1  1.4082     0.2001               2.8596 6.6204e-05
 17  4.1034    8.0-                          3.6671e-03
                        4  2.9492     1.0000               1.1542 3.6661e-03
 16  4.0997    4.0+                          5.3131e-04
                        7  3.2948     1.0000               0.8049 5.3116e-04
 15  4.0716    3.0-                          4.0249e-04                       5.8000e-14
                        2  2.5381     0.0826               1.5335 3.3216e-05
                        1  1.4082     0.9174               2.6634 3.6906e-04
 14  4.0478    4.0+                          6.1420e-04                       3.0000e-13
                        8  3.3448     0.7246               0.7030 4.4491e-04
                        5  2.9590     0.0290               1.0888 1.7797e-05
                        2  2.5381     0.0797               1.5097 4.8939e-05
                        1  1.4082     0.1667               2.6396 1.0232e-04
 13  4.0309    5.0+                          9.7573e-04
                        7  3.2948     0.8334               0.7361 8.1293e-04
                        2  2.5381     0.1666               1.4928 1.6253e-04
 12  3.8410    1.0-                          2.8047e-04
                        1  1.4082     1.0000               2.4328 2.8021e-04
 11  3.8332    4.0+                          1.0905e-03                       6.2000e-14
                        7  3.2948     0.0196               0.5384 2.1368e-05
                        2  2.5381     0.0891               1.2951 9.7142e-05
                        1  1.4082     0.8913               2.4250 9.7145e-04
 10  3.7938    5.0-                          1.9118e-03
                        4  2.9492     1.0000               0.8446 1.9116e-03
  9  3.4374    4.0+                          2.9606e-03
                        4  2.9492     0.8335               0.4882 2.4639e-03
                        2  2.5381     0.1665               0.8993 4.9283e-04
  8  3.3448    3.0+                          2.8970e-03
                        2  2.5381     0.4286               0.8067 1.2414e-03
                        1  1.4082     0.5714               1.9366 1.6549e-03
  7  3.2948    4.0+                          5.5449e-03
                        2  2.5381     0.8403               0.7567 4.6581e-03
                        1  1.4082     0.1597               1.8866 8.8526e-04
  6  3.1660    2.0+                          2.4408e-03                       1.7000e-13
                        1  1.4082     0.1934               1.7578 4.7195e-04
                        0  0.0000     0.8066               3.1660 1.9671e-03
  5  2.9590    2.0+                          3.8919e-03                       5.2000e-14
                        1  1.4082     0.4504               1.5508 1.7527e-03
                        0  0.0000     0.5496               2.9590 2.1373e-03
  4  2.9492    6.0+                          3.0874e-02                       1.2150e-09
                        2  2.5381     1.0000               0.4111 3.0793e-02
  3  2.5613    0.0+                          1.6922e-03
                        1  1.4082     1.0000               1.1531 1.6920e-03
                        0  0.0000     0.0000               2.5613 0.0000e+00
  2  2.5381    4.0+                          5.9768e-02                       4.0000e-12
                        1  1.4082     1.0000               1.1299 5.9759e-02
  1  1.4082    2.0+                          1.4176e-01                       8.0000e-13
                        0  0.0000     1.0000               1.4082 1.4174e-01
  0  0.0000    0.0+                          2.6786e-01
#......................................................................../  028-058Ni //  21.000000
#                                                                          SUM SPECTRA FOR COMPOUND
#            027-056Co      gamma
 SpcSum[mb]            2.7755e-12
 Emean[MeV]            2.0478e-01
#......................................................................../  028-058Ni //  21.000000
#                                                                   GAMMAS FROM DISCRETE TRANSITION
#           0 0 0 2 0 0             027-056Co
#   Ex[MeV]     Jpi    FinalState  Branching Production    Egamma Production   T(1/2)[s]
 10  1.9304    3.0+                          1.8438e-30                       3.3000e-14
                        4  0.9702     0.5197               0.9601 9.5804e-31
                        3  0.8296     0.1102               1.1008 2.0316e-31
                        1  0.1584     0.3701               1.7720 6.8224e-31
  9  1.7202    1.0+                          1.8401e-26                       3.4000e-13
                        7  1.4507     0.3655               0.2695 6.7039e-27
                        4  0.9702     0.4945               0.7500 9.0966e-27
                        1  0.1584     0.1399               1.5618 2.5740e-27
  8  1.5850    2.0-                          3.4606e-24
                        1  0.1584     0.3333               1.4266 1.1535e-24
                        4  0.9702     0.3333               0.6148 1.1535e-24
                        6  1.1145     0.3333               0.4705 1.1535e-24
  7  1.4507    0.0+                          4.3318e-23                       1.5800e-09
                        4  0.9702     1.0000               0.4804 4.3242e-23
  6  1.1145    3.0+                          1.3251e-18                       1.9000e-13
                        3  0.8296     0.1105               0.2849 1.4600e-19
                        1  0.1584     0.0480               0.9561 6.3553e-20
                        0  0.0000     0.8415               1.1145 1.1150e-18
  5  1.0091    5.0+                          2.4932e-17                       3.8000e-13
                        3  0.8296     0.0547               0.1795 1.3199e-18
                        2  0.5765     0.0628               0.4326 1.5620e-18
                        0  0.0000     0.8826               1.0091 2.2000e-17
  4  0.9702    2.0+                          1.5301e-17                       1.2000e-13
                        1  0.1584     0.9970               0.8119 1.5251e-17
                        0  0.0000     0.0030               0.9702 4.5755e-20
  3  0.8296    4.0+                          4.2273e-16                       1.7000e-12
                        2  0.5765     0.0149               0.2531 6.2158e-18
                        1  0.1584     0.7352               0.6712 3.1068e-16
                        0  0.0000     0.2499               0.8296 1.0562e-16
  2  0.5765    5.0+                          3.2632e-14                       2.8000e-13
                        0  0.0000     1.0000               0.5765 3.2614e-14
  1  0.1584    3.0+                          2.7768e-12                       1.0000e-10
                        0  0.0000     1.0000               0.1584 2.7425e-12
  0  0.0000    4.0+                          2.4615e-11                       6.6730e+06
#......................................................................../  028-058Ni //  21.000000
#                                                                          SUM SPECTRA FOR COMPOUND
#            028-057Ni      gamma
 SpcSum[mb]            2.4646e+00
 Emean[MeV]            8.4061e-01
#......................................................................../  028-058Ni //  21.000000
#                                                                   GAMMAS FROM DISCRETE TRANSITION
#           2 1 0 0 0 0             028-057Ni
#   Ex[MeV]     Jpi    FinalState  Branching Production    Egamma Production   T(1/2)[s]
 26  4.6060    2.5+                          2.6136e-08
                        0  0.0000     0.0714               4.6060 1.8669e-09
                        1  0.7685     0.0714               3.8375 1.8669e-09
                        3  2.4433     0.0714               2.1627 1.8669e-09
                        4  2.5774     0.0714               2.0286 1.8669e-09
                        5  3.0071     0.0714               1.5989 1.8669e-09
                        7  3.2301     0.0714               1.3759 1.8669e-09
                        8  3.3110     0.0714               1.2950 1.8669e-09
                        9  3.3638     0.0714               1.2422 1.8669e-09
                       10  3.7017     0.0714               0.9043 1.8669e-09
                       13  3.8400     0.0714               0.7660 1.8669e-09
                       17  4.0460     0.0714               0.5600 1.8669e-09
                       19  4.2340     0.0714               0.3720 1.8669e-09
                       22  4.4610     0.0714               0.1450 1.8669e-09
                       25  4.5760     0.0714               0.0300 1.8669e-09
 25  4.5760    3.5-                          3.7532e-08
                        1  0.7685     0.3506               3.8075 1.3145e-08
                        0  0.0000     0.6494               4.5760 2.4340e-08
 24  4.5440    4.5+                          1.0289e-07
                        4  2.5774     0.1250               1.9666 1.2861e-08
                        7  3.2301     0.1250               1.3139 1.2861e-08
                        9  3.3638     0.1250               1.1802 1.2861e-08
                       11  3.7136     0.1250               0.8304 1.2861e-08
                       14  3.8656     0.1250               0.6784 1.2861e-08
                       17  4.0460     0.1250               0.4980 1.2861e-08
                       19  4.2340     0.1250               0.3100 1.2861e-08
                       23  4.5030     0.1250               0.0410 1.2861e-08
 23  4.5030    5.5-                          9.2406e-07
                       16  4.0271     0.2500               0.4759 2.3101e-07
                       14  3.8656     0.2500               0.6374 2.3101e-07
                        9  3.3638     0.2500               1.1392 2.3101e-07
                        4  2.5774     0.2500               1.9256 2.3101e-07
 22  4.4610    1.5-                          3.1643e-08
                       15  3.8820     0.3333               0.5790 1.0548e-08
                       18  4.0730     0.3333               0.3880 1.0548e-08
                       20  4.3720     0.3333               0.0890 1.0548e-08
 21  4.3740    4.5+                          6.4552e-07
                        4  2.5774     0.1429               1.7966 9.2217e-08
                        7  3.2301     0.1429               1.1439 9.2217e-08
                        9  3.3638     0.1429               1.0102 9.2217e-08
                       11  3.7136     0.1429               0.6604 9.2217e-08
                       14  3.8656     0.1429               0.5084 9.2217e-08
                       17  4.0460     0.1429               0.3280 9.2217e-08
                       19  4.2340     0.1429               0.1400 9.2217e-08
 20  4.3720    1.5+                          6.6801e-08
                        0  0.0000     0.1111               4.3720 7.4223e-09
                        1  0.7685     0.1111               3.6035 7.4223e-09
                        2  1.1126     0.1111               3.2594 7.4223e-09
                        3  2.4433     0.1111               1.9287 7.4223e-09
                        5  3.0071     0.1111               1.3649 7.4223e-09
                        8  3.3110     0.1111               1.0610 7.4223e-09
                       10  3.7017     0.1111               0.6703 7.4223e-09
                       13  3.8400     0.1111               0.5320 7.4223e-09
                       16  4.0271     0.1111               0.3449 7.4223e-09
 19  4.2340    3.5-                          7.4139e-07
                        4  2.5774     0.3438               1.6566 2.5483e-07
                        1  0.7685     0.6371               3.4655 4.7189e-07
                        0  0.0000     0.0191               4.2340 1.4157e-08
 18  4.0730    2.5+                          8.1947e-07
                        0  0.0000     0.0909               4.0730 7.4497e-08
                        1  0.7685     0.0909               3.3045 7.4497e-08
                        3  2.4433     0.0909               1.6297 7.4497e-08
                        4  2.5774     0.0909               1.4956 7.4497e-08
                        5  3.0071     0.0909               1.0659 7.4497e-08
                        7  3.2301     0.0909               0.8429 7.4497e-08
                        8  3.3110     0.0909               0.7620 7.4497e-08
                        9  3.3638     0.0909               0.7092 7.4497e-08
                       10  3.7017     0.0909               0.3713 7.4497e-08
                       13  3.8400     0.0909               0.2330 7.4497e-08
                       17  4.0460     0.0909               0.0270 7.4497e-08
 17  4.0460    3.5-                          3.3975e-06
                        6  3.0090     0.5000               1.0370 1.6988e-06
                       12  3.7288     0.5000               0.3172 1.6988e-06
 16  4.0271    0.5-                          6.4572e-07
                        1  0.7685     1.0000               3.2586 6.4513e-07
 15  3.8820    0.5+                          9.9577e-07
                        0  0.0000     0.2500               3.8820 2.4894e-07
                        2  1.1126     0.2500               2.7694 2.4894e-07
                        5  3.0071     0.2500               0.8749 2.4894e-07
                       13  3.8400     0.2500               0.0420 2.4894e-07
 14  3.8656    5.5-                          4.6770e-04                       2.9000e-13
                        4  2.5774     1.0000               1.2882 4.6763e-04
 13  3.8400    1.5-                          3.3101e-06
                        4  2.5774     0.2027               1.2626 6.7079e-07
                        2  1.1126     0.0979               2.7274 3.2375e-07
                        0  0.0000     0.6994               3.8400 2.3127e-06
 12  3.7288    4.5+                          1.9886e-04
                        4  2.5774     0.2500               1.1514 4.9715e-05
                        7  3.2301     0.2500               0.4987 4.9715e-05
                        9  3.3638     0.2500               0.3650 4.9715e-05
                       11  3.7136     0.2500               0.0152 4.9715e-05
 11  3.7136    4.5-                          2.1777e-04
                        7  3.2301     0.3333               0.4835 7.2590e-05
                        4  2.5774     0.3333               1.1362 7.2590e-05
                        3  2.4433     0.3333               1.2703 7.2590e-05
 10  3.7017    2.5-                          1.3257e-05
                        4  2.5774     0.2646               1.1243 3.5073e-06
                        1  0.7685     0.7354               2.9332 9.7424e-06
  9  3.3638    3.5-                          4.2767e-04
                        4  2.5774     0.5000               0.7864 2.1383e-04
                        1  0.7685     0.5000               2.5953 2.1383e-04
  8  3.3110    2.5-                          1.4189e-04
                        6  3.0090     1.0000               0.3020 1.4189e-04
  7  3.2301    3.5-                          9.3466e-04
                        1  0.7685     0.5987               2.4616 5.5929e-04
                        0  0.0000     0.4013               3.2301 3.7474e-04
  6  3.0090    3.5+                          2.6996e-03
                        1  0.7685     0.3333               2.2405 8.9986e-04
                        3  2.4433     0.3333               0.5657 8.9986e-04
                        4  2.5774     0.3333               0.4316 8.9986e-04
  5  3.0071    1.5-                          3.4998e-04                       1.2000e-14
                        0  0.0000     1.0000               3.0071 3.4972e-04
  4  2.5774    3.5-                          2.1425e-02                       4.7000e-14
                        0  0.0000     1.0000               2.5774 2.1411e-02
  3  2.4433    2.5-                          8.9919e-03                       3.1000e-14
                        0  0.0000     1.0000               2.4433 8.9872e-03
  2  1.1126    0.5-                          1.0843e-01                       1.0600e-13
                        0  0.0000     1.0000               1.1126 1.0841e-01
  1  0.7685    2.5-                          2.3211e+00                       3.2000e-12
                        0  0.0000     1.0000               0.7685 2.3203e+00
  0  0.0000    1.5-                          9.6877e+00                       1.2820e+05
#......................................................................../  028-058Ni //  21.000000
#                                                                          SUM SPECTRA FOR COMPOUND
#            027-054Co      gamma
 SpcSum[mb]            2.0822e-12
 Emean[MeV]            2.0000e-01
#......................................................................../  028-058Ni //  21.000000
#                                                                   GAMMAS FROM DISCRETE TRANSITION
#           2 0 1 0 0 0             027-054Co
#   Ex[MeV]     Jpi    FinalState  Branching Production    Egamma Production   T(1/2)[s]
  1  0.1970    7.0+                          2.0822e-12                       8.8800e+01
                        0  0.0000     1.0000               0.1970 2.0822e-12
  0  0.0000    0.0+                          2.0842e-12                       1.9330e-01
#......................................................................../  028-058Ni //  21.000000
#                                                                         ISOMERIC STATE PRODUCTION
#            027-054Co
#   Ex[MeV]     Jpi     T(1/2)[s]  Prod.[mb]
  1  0.1970    7.0+    8.8800e+01 2.0822e-12
#......................................................................../  028-058Ni //  21.000000
#                                                                          SUM SPECTRA FOR COMPOUND
#            027-057Co      gamma     proton      alpha
 SpcSum[mb]            3.8794e+01 2.6299e-11 0.0000e+00
 Emean[MeV]            1.1475e+00 1.0568e+00 0.0000e+00
#......................................................................../  028-058Ni //  21.000000
#                                                                   GAMMAS FROM DISCRETE TRANSITION
#           1 2 0 0 0 0             027-057Co
#   Ex[MeV]     Jpi    FinalState  Branching Production    Egamma Production   T(1/2)[s]
 53  3.7696    4.5+                          6.7192e-03
                        0  0.0000     0.1000               3.7696 6.7192e-04
                        1  1.2240     0.1000               2.5456 6.7192e-04
                        4  1.6896     0.1000               2.0800 6.7192e-04
                        6  1.8974     0.1000               1.8722 6.7192e-04
                       10  2.3114     0.1000               1.4582 6.7192e-04
                       12  2.4861     0.1000               1.2835 6.7192e-04
                       15  2.5598     0.1000               1.2098 6.7192e-04
                       16  2.6112     0.1000               1.1584 6.7192e-04
                       32  3.2722     0.1000               0.4974 6.7192e-04
                       48  3.7011     0.1000               0.0685 6.7192e-04
 52  3.7620    3.5+                          4.1531e-03
                        0  0.0000     0.0667               3.7620 2.7687e-04
                        1  1.2240     0.0667               2.5380 2.7687e-04
                        6  1.8974     0.0667               1.8646 2.7687e-04
                        7  1.9195     0.0667               1.8425 2.7687e-04
                        9  2.1331     0.0667               1.6289 2.7687e-04
                       10  2.3114     0.0667               1.4506 2.7687e-04
                       12  2.4861     0.0667               1.2759 2.7687e-04
                       15  2.5598     0.0667               1.2022 2.7687e-04
                       16  2.6112     0.0667               1.1508 2.7687e-04
                       21  2.8043     0.0667               0.9577 2.7687e-04
                       28  3.1774     0.0667               0.5846 2.7687e-04
                       30  3.2463     0.0667               0.5157 2.7687e-04
                       32  3.2722     0.0667               0.4898 2.7687e-04
                       47  3.6813     0.0667               0.0807 2.7687e-04
                       48  3.7011     0.0667               0.0609 2.7687e-04
 51  3.7280    3.5+                          4.5953e-03
                        0  0.0000     0.0667               3.7280 3.0635e-04
                        1  1.2240     0.0667               2.5040 3.0635e-04
                        6  1.8974     0.0667               1.8306 3.0635e-04
                        7  1.9195     0.0667               1.8085 3.0635e-04
                        9  2.1331     0.0667               1.5949 3.0635e-04
                       10  2.3114     0.0667               1.4166 3.0635e-04
                       12  2.4861     0.0667               1.2419 3.0635e-04
                       15  2.5598     0.0667               1.1682 3.0635e-04
                       16  2.6112     0.0667               1.1168 3.0635e-04
                       21  2.8043     0.0667               0.9237 3.0635e-04
                       28  3.1774     0.0667               0.5506 3.0635e-04
                       30  3.2463     0.0667               0.4817 3.0635e-04
                       32  3.2722     0.0667               0.4558 3.0635e-04
                       47  3.6813     0.0667               0.0467 3.0635e-04
                       48  3.7011     0.0667               0.0269 3.0635e-04
 50  3.7220    0.5+                          1.0546e-03
                        2  1.3777     0.0833               2.3443 8.7879e-05
                        3  1.5048     0.0833               2.2172 8.7879e-05
                        5  1.7576     0.0833               1.9644 8.7879e-05
                       19  2.7310     0.0833               0.9910 8.7879e-05
                       22  2.8792     0.0833               0.8428 8.7879e-05
                       25  3.1082     0.0833               0.6138 8.7879e-05
                       27  3.1649     0.0833               0.5571 8.7879e-05
                       35  3.3567     0.0833               0.3653 8.7879e-05
                       36  3.3650     0.0833               0.3570 8.7879e-05
                       39  3.4606     0.0833               0.2614 8.7879e-05
                       40  3.4686     0.0833               0.2534 8.7879e-05
                       42  3.5404     0.0833               0.1816 8.7879e-05
 49  3.7197    2.5+                          3.0111e-03
                        0  0.0000     1.0000               3.7197 3.0063e-03
 48  3.7011    3.5-                          5.3815e-03
                        0  0.0000     1.0000               3.7011 5.3760e-03
 47  3.6813    2.5-                          3.4768e-03
                        8  2.1330     0.0833               1.5483 2.8974e-04
                       13  2.5140     0.0833               1.1673 2.8974e-04
                       17  2.6145     0.0833               1.0668 2.8974e-04
                       24  2.9821     0.0833               0.6992 2.8974e-04
                       26  3.1214     0.0833               0.5599 2.8974e-04
                       29  3.1842     0.0833               0.4971 2.8974e-04
                       31  3.2627     0.0833               0.4186 2.8974e-04
                       34  3.3430     0.0833               0.3383 2.8974e-04
                       37  3.3937     0.0833               0.2876 2.8974e-04
                       43  3.5539     0.0833               0.1274 2.8974e-04
                       44  3.6223     0.0833               0.0590 2.8974e-04
                       46  3.6716     0.0833               0.0097 2.8974e-04
 46  3.6716    2.5+                          3.9076e-03
                        6  1.8974     0.5000               1.7742 1.9538e-03
                        0  0.0000     0.5000               3.6716 1.9538e-03
 45  3.6650    4.5+                          9.6652e-03
                        0  0.0000     0.1111               3.6650 1.0739e-03
                        1  1.2240     0.1111               2.4410 1.0739e-03
                        4  1.6896     0.1111               1.9754 1.0739e-03
                        6  1.8974     0.1111               1.7676 1.0739e-03
                       10  2.3114     0.1111               1.3536 1.0739e-03
                       12  2.4861     0.1111               1.1789 1.0739e-03
                       15  2.5598     0.1111               1.1052 1.0739e-03
                       16  2.6112     0.1111               1.0538 1.0739e-03
                       32  3.2722     0.1111               0.3928 1.0739e-03
 44  3.6223    2.5+                          4.5088e-03
                        0  0.0000     0.0476               3.6223 2.1471e-04
                        2  1.3777     0.0476               2.2446 2.1471e-04
                        5  1.7576     0.0476               1.8647 2.1471e-04
                        6  1.8974     0.0476               1.7249 2.1471e-04
                        7  1.9195     0.0476               1.7028 2.1471e-04
                        9  2.1331     0.0476               1.4892 2.1471e-04
                       10  2.3114     0.0476               1.3109 2.1471e-04
                       16  2.6112     0.0476               1.0111 2.1471e-04
                       19  2.7310     0.0476               0.8913 2.1471e-04
                       21  2.8043     0.0476               0.8180 2.1471e-04
                       22  2.8792     0.0476               0.7431 2.1471e-04
                       25  3.1082     0.0476               0.5141 2.1471e-04
                       27  3.1649     0.0476               0.4574 2.1471e-04
                       28  3.1774     0.0476               0.4449 2.1471e-04
                       30  3.2463     0.0476               0.3760 2.1471e-04
                       32  3.2722     0.0476               0.3501 2.1471e-04
                       35  3.3567     0.0476               0.2656 2.1471e-04
                       36  3.3650     0.0476               0.2573 2.1471e-04
                       39  3.4606     0.0476               0.1617 2.1471e-04
                       40  3.4686     0.0476               0.1537 2.1471e-04
                       42  3.5404     0.0476               0.0819 2.1471e-04
 43  3.5539    2.5+                          5.4310e-03
                        5  1.7576     0.4594               1.7963 2.4937e-03
                        2  1.3777     0.5406               2.1762 2.9337e-03
 42  3.5404    1.5-                          3.0026e-03
                       23  2.9809     1.0000               0.5595 3.0015e-03
 41  3.5221    6.5-                          5.6793e-02
                       12  2.4861     1.0000               1.0360 5.6781e-02
 40  3.4686    1.5-                          3.6923e-03
                        7  1.9195     0.5000               1.5491 1.8462e-03
                        2  1.3777     0.5000               2.0909 1.8462e-03
 39  3.4606    1.5-                          3.7752e-03
                        7  1.9195     0.3333               1.5411 1.2584e-03
                        2  1.3777     0.3333               2.0829 1.2584e-03
                        0  0.0000     0.3333               3.4606 1.2584e-03
 38  3.4310    5.5+                          4.1005e-02
                        1  1.2240     0.2000               2.2070 8.2009e-03
                        4  1.6896     0.2000               1.7414 8.2009e-03
                       12  2.4861     0.2000               0.9449 8.2009e-03
                       14  2.5241     0.2000               0.9069 8.2009e-03
                       15  2.5598     0.2000               0.8712 8.2009e-03
 37  3.3937    1.5+                          5.6595e-03
                        2  1.3777     0.0714               2.0160 4.0425e-04
                        3  1.5048     0.0714               1.8889 4.0425e-04
                        5  1.7576     0.0714               1.6361 4.0425e-04
                        7  1.9195     0.0714               1.4742 4.0425e-04
                        9  2.1331     0.0714               1.2606 4.0425e-04
                       19  2.7310     0.0714               0.6627 4.0425e-04
                       21  2.8043     0.0714               0.5894 4.0425e-04
                       22  2.8792     0.0714               0.5145 4.0425e-04
                       25  3.1082     0.0714               0.2855 4.0425e-04
                       27  3.1649     0.0714               0.2288 4.0425e-04
                       28  3.1774     0.0714               0.2163 4.0425e-04
                       30  3.2463     0.0714               0.1474 4.0425e-04
                       35  3.3567     0.0714               0.0370 4.0425e-04
                       36  3.3650     0.0714               0.0287 4.0425e-04
 36  3.3650    1.5-                          5.2346e-03
                        8  2.1330     0.1667               1.2320 8.7244e-04
                       17  2.6145     0.1667               0.7505 8.7244e-04
                       23  2.9809     0.1667               0.3841 8.7244e-04
                       24  2.9821     0.1667               0.3830 8.7244e-04
                       29  3.1842     0.1667               0.1808 8.7244e-04
                       31  3.2627     0.1667               0.1023 8.7244e-04
 35  3.3567    1.5-                          5.3364e-03
                        2  1.3777     0.5000               1.9790 2.6682e-03
                        0  0.0000     0.5000               3.3567 2.6682e-03
 34  3.3430    3.5+                          1.6263e-02
                        0  0.0000     0.0769               3.3430 1.2510e-03
                        1  1.2240     0.0769               2.1190 1.2510e-03
                        6  1.8974     0.0769               1.4456 1.2510e-03
                        7  1.9195     0.0769               1.4235 1.2510e-03
                        9  2.1331     0.0769               1.2099 1.2510e-03
                       10  2.3114     0.0769               1.0316 1.2510e-03
                       12  2.4861     0.0769               0.8569 1.2510e-03
                       15  2.5598     0.0769               0.7832 1.2510e-03
                       16  2.6112     0.0769               0.7318 1.2510e-03
                       21  2.8043     0.0769               0.5387 1.2510e-03
                       28  3.1774     0.0769               0.1656 1.2510e-03
                       30  3.2463     0.0769               0.0967 1.2510e-03
                       32  3.2722     0.0769               0.0708 1.2510e-03
 33  3.2960    4.5+                          3.1629e-02
                        0  0.0000     0.1111               3.2960 3.5144e-03
                        1  1.2240     0.1111               2.0720 3.5144e-03
                        4  1.6896     0.1111               1.6064 3.5144e-03
                        6  1.8974     0.1111               1.3986 3.5144e-03
                       10  2.3114     0.1111               0.9846 3.5144e-03
                       12  2.4861     0.1111               0.8099 3.5144e-03
                       15  2.5598     0.1111               0.7362 3.5144e-03
                       16  2.6112     0.1111               0.6848 3.5144e-03
                       32  3.2722     0.1111               0.0238 3.5144e-03
 32  3.2722    3.5-                          2.3130e-02
                       13  2.5140     0.1429               0.7582 3.3043e-03
                       17  2.6145     0.1429               0.6577 3.3043e-03
                       18  2.7230     0.1429               0.5492 3.3043e-03
                       20  2.7435     0.1429               0.5287 3.3043e-03
                       26  3.1214     0.1429               0.1508 3.3043e-03
                       29  3.1842     0.1429               0.0880 3.3043e-03
                       31  3.2627     0.1429               0.0095 3.3043e-03
 31  3.2627    2.5+                          1.7572e-02
                        5  1.7576     0.5206               1.5051 9.1450e-03
                        0  0.0000     0.4794               3.2627 8.4123e-03
 30  3.2463    2.5-                          1.3162e-02
                        1  1.2240     1.0000               2.0223 1.3157e-02
 29  3.1842    2.5+                          2.0933e-02
                        2  1.3777     0.5000               1.8065 1.0466e-02
                        0  0.0000     0.5000               3.1842 1.0466e-02
 28  3.1774    2.5-                          1.5448e-02                       1.5200e-13
                        6  1.8974     0.4651               1.2800 7.1841e-03
                        0  0.0000     0.5349               3.1774 8.2565e-03
 27  3.1649    1.5-                          8.8168e-03
                        6  1.8974     0.5000               1.2675 4.4084e-03
                        0  0.0000     0.5000               3.1649 4.4084e-03
 26  3.1214    3.5+                          3.5308e-02
                       10  2.3114     0.5000               0.8100 1.7654e-02
                        1  1.2240     0.5000               1.8974 1.7654e-02
 25  3.1082    1.5-                          1.0126e-02                       5.4000e-14
                       21  2.8043     0.0346               0.3039 3.4904e-04
                        5  1.7576     0.0345               1.3506 3.4901e-04
                        3  1.5048     0.0690               1.6033 6.9809e-04
                        2  1.3777     0.8619               1.7305 8.7260e-03
                        0  0.0000     0.0000               3.1082 0.0000e+00
 24  2.9821    1.5+                          1.9745e-02
                        2  1.3777     0.1250               1.6044 2.4682e-03
                        3  1.5048     0.1250               1.4772 2.4682e-03
                        5  1.7576     0.1250               1.2244 2.4682e-03
                        7  1.9195     0.1250               1.0626 2.4682e-03
                        9  2.1331     0.1250               0.8490 2.4682e-03
                       19  2.7310     0.1250               0.2511 2.4682e-03
                       21  2.8043     0.1250               0.1778 2.4682e-03
                       22  2.8792     0.1250               0.1029 2.4682e-03
 23  2.9809    0.5+                          1.2971e-02
                        9  2.1331     0.3333               0.8478 4.3236e-03
                        5  1.7576     0.3333               1.2233 4.3236e-03
                        2  1.3777     0.3333               1.6032 4.3236e-03
 22  2.8792    1.5-                          2.1786e-02                       1.1100e-13
                        7  1.9195     0.3999               0.9597 8.7112e-03
                        5  1.7576     0.1999               1.1216 4.3548e-03
                        0  0.0000     0.4001               2.8792 8.7109e-03
 21  2.8043    2.5-                          4.3643e-02                       3.7000e-14
                        6  1.8974     0.2100               0.9069 9.1636e-03
                        5  1.7576     0.4565               1.0467 1.9921e-02
                        0  0.0000     0.3334               2.8043 1.4542e-02
 20  2.7435    4.5+                          1.7696e-01                       4.7000e-14
                        4  1.6896     1.0000               1.0539 1.7694e-01
 19  2.7310    1.5-                          3.1069e-02                       9.1000e-14
                        0  0.0000     1.0000               2.7310 3.1048e-02
 18  2.7230    4.5+                          1.8713e-01
                        1  1.2240     1.0000               1.4990 1.8707e-01
 17  2.6145    2.5+                          9.5037e-02
                        0  0.0000     0.1250               2.6145 1.1880e-02
                        2  1.3777     0.1250               1.2368 1.1880e-02
                        5  1.7576     0.1250               0.8569 1.1880e-02
                        6  1.8974     0.1250               0.7171 1.1880e-02
                        7  1.9195     0.1250               0.6950 1.1880e-02
                        9  2.1331     0.1250               0.4814 1.1880e-02
                       10  2.3114     0.1250               0.3031 1.1880e-02
                       16  2.6112     0.1250               0.0033 1.1880e-02
 16  2.6112    3.5-                          1.2511e-01                       8.5000e-14
                        7  1.9195     0.0000               0.6917 0.0000e+00
                        0  0.0000     1.0000               2.6112 1.2504e-01
 15  2.5598    4.5-                          2.4058e-01                       4.5000e-13
                        4  1.6896     0.1597               0.8702 3.8407e-02
                        1  1.2240     0.4201               1.3358 1.0104e-01
                        0  0.0000     0.4203               2.5598 1.0105e-01
 14  2.5241    6.5-                          1.8164e+00                       2.6000e-13
                        4  1.6896     1.0000               0.8345 1.8160e+00
 13  2.5140    3.5+                          1.9652e-01
                        0  0.0000     0.1429               2.5140 2.8075e-02
                        1  1.2240     0.1429               1.2900 2.8075e-02
                        6  1.8974     0.1429               0.6166 2.8075e-02
                        7  1.9195     0.1429               0.5945 2.8075e-02
                        9  2.1331     0.1429               0.3809 2.8075e-02
                       10  2.3114     0.1429               0.2026 2.8075e-02
                       12  2.4861     0.1429               0.0279 2.8075e-02
 12  2.4861    4.5-                          3.7989e-01                       5.9000e-14
                        6  1.8974     0.1111               0.5887 4.2180e-02
                        4  1.6896     0.1176               0.7965 4.4665e-02
                        1  1.2240     0.1176               1.2621 4.4674e-02
                        0  0.0000     0.6537               2.4861 2.4819e-01
 11  2.4790    5.5+                          9.0688e-01
                        1  1.2240     0.5000               1.2550 4.5344e-01
                        4  1.6896     0.5000               0.7894 4.5344e-01
 10  2.3114    3.5-                          3.0278e-01                       2.1000e-13
                        2  1.3777     0.0979               0.9337 2.9637e-02
                        1  1.2240     0.6993               1.0874 2.1170e-01
                        0  0.0000     0.2028               2.3114 6.1376e-02
  9  2.1331    2.5-                          2.9602e-01                       3.4000e-13
                        3  1.5048     0.0331               0.6282 9.7822e-03
                        2  1.3777     0.1405               0.7554 4.1579e-02
                        0  0.0000     0.8264               2.1331 2.4454e-01
  8  2.1330    1.5+                          2.2536e-01
                        2  1.3777     0.2500               0.7553 5.6339e-02
                        3  1.5048     0.2500               0.6282 5.6339e-02
                        5  1.7576     0.2500               0.3754 5.6339e-02
                        7  1.9195     0.2500               0.2135 5.6339e-02
  7  1.9195    2.5-                          5.5943e-01                       2.2000e-14
                        5  1.7576     0.0020               0.1619 1.1157e-03
                        2  1.3777     0.0003               0.5418 1.6739e-04
                        1  1.2240     0.0001               0.6955 5.5792e-05
                        0  0.0000     0.9976               1.9195 5.5792e-01
  6  1.8974    3.5-                          8.3224e-01                       1.1000e-13
                        1  1.2240     0.5348               0.6734 4.4490e-01
                        0  0.0000     0.4652               1.8974 3.8705e-01
  5  1.7576    1.5-                          5.9725e-01                       2.7000e-13
                        3  1.5048     0.0050               0.2528 2.9412e-03
                        2  1.3777     0.0099               0.3799 5.8823e-03
                        0  0.0000     0.9852               1.7576 5.8823e-01
  4  1.6896    5.5-                          9.8570e+00                       2.4000e-13
                        1  1.2240     0.5407               0.4656 5.3249e+00
                        0  0.0000     0.4593               1.6896 4.5263e+00
  3  1.5048    0.5-                          7.4823e-01                       2.1000e-10
                        2  1.3777     1.0000               0.1272 7.3205e-01
  2  1.3777    1.5-                          2.5366e+00                       1.9000e-11
                        0  0.0000     1.0000               1.3777 2.5362e+00
  1  1.2240    4.5-                          1.8167e+01                       5.4000e-14
                        0  0.0000     1.0000               1.2240 1.8165e+01
  0  0.0000    3.5-                          1.3874e+02                       2.3480e+07
#......................................................................../  028-058Ni //  21.000000
#                                                                          SUM SPECTRA FOR COMPOUND
#            026-054Fe      gamma     proton      alpha
 SpcSum[mb]            3.5807e-01 0.0000e+00 0.0000e+00
 Emean[MeV]            1.3354e+00 0.0000e+00 0.0000e+00
#......................................................................../  028-058Ni //  21.000000
#                                                                   GAMMAS FROM DISCRETE TRANSITION
#           1 1 1 0 0 0             026-054Fe
#   Ex[MeV]     Jpi    FinalState  Branching Production    Egamma Production   T(1/2)[s]
 24  4.7819    3.0-                          2.0442e-07                       3.3000e-14
                        8  3.3448     0.1128               1.4371 2.3052e-08
                        7  3.2948     0.1773               1.4871 3.6233e-08
                        2  2.5381     0.1720               2.2438 3.5131e-08
                        1  1.4082     0.5379               3.3737 1.0980e-07
 23  4.7001    2.0+                          1.5097e-07
                        8  3.3448     0.4499               1.3553 6.7918e-08
                        2  2.5381     0.4001               2.1620 6.0382e-08
                        1  1.4082     0.1499               3.2919 2.2613e-08
 22  4.6960    2.0-                          1.8574e-07
                        1  1.4082     1.0000               3.2878 1.8548e-07
 21  4.6553    0.0+                          3.7177e-08
                       14  4.0478     0.1076               0.6075 3.9794e-09
                        7  3.2948     0.8924               1.3605 3.3166e-08
 20  4.5785    2.0+                          2.8609e-07                       7.0000e-15
                        1  1.4082     0.6992               3.1703 1.9988e-07
                        0  0.0000     0.3008               4.5785 8.5937e-08
 19  4.2908    0.0+                          1.7823e-07                       5.5000e-14
                        1  1.4082     1.0000               2.8826 1.7810e-07
                        0  0.0000     0.0000               4.2908 0.0000e+00
 18  4.2678    4.0+                          3.3453e-06                       8.2000e-14
                        2  2.5381     0.7999               1.7297 2.6753e-06
                        1  1.4082     0.2001               2.8596 6.6889e-07
 17  4.1034    8.0-                          1.7961e-04
                        4  2.9492     1.0000               1.1542 1.7956e-04
 16  4.0997    4.0+                          7.4576e-06
                        7  3.2948     1.0000               0.8049 7.4555e-06
 15  4.0716    3.0-                          5.8920e-06                       5.8000e-14
                        2  2.5381     0.0826               1.5335 4.8625e-07
                        1  1.4082     0.9174               2.6634 5.4027e-06
 14  4.0478    4.0+                          9.9018e-06                       3.0000e-13
                        8  3.3448     0.7246               0.7030 7.1727e-06
                        5  2.9590     0.0290               1.0888 2.8692e-07
                        2  2.5381     0.0797               1.5097 7.8898e-07
                        1  1.4082     0.1667               2.6396 1.6496e-06
 13  4.0309    5.0+                          2.1071e-05
                        7  3.2948     0.8334               0.7361 1.7556e-05
                        2  2.5381     0.1666               1.4928 3.5099e-06
 12  3.8410    1.0-                          5.7191e-06
                        1  1.4082     1.0000               2.4328 5.7138e-06
 11  3.8332    4.0+                          2.7958e-05                       6.2000e-14
                        7  3.2948     0.0196               0.5384 5.4783e-07
                        2  2.5381     0.0891               1.2951 2.4905e-06
                        1  1.4082     0.8913               2.4250 2.4906e-05
 10  3.7938    5.0-                          7.7213e-05
                        4  2.9492     1.0000               0.8446 7.7203e-05
  9  3.4374    4.0+                          1.9449e-04
                        4  2.9492     0.8335               0.4882 1.6186e-04
                        2  2.5381     0.1665               0.8993 3.2375e-05
  8  3.3448    3.0+                          1.5868e-04
                        2  2.5381     0.4286               0.8067 6.7992e-05
                        1  1.4082     0.5714               1.9366 9.0642e-05
  7  3.2948    4.0+                          4.1531e-04
                        2  2.5381     0.8403               0.7567 3.4889e-04
                        1  1.4082     0.1597               1.8866 6.6304e-05
  6  3.1660    2.0+                          1.4179e-04                       1.7000e-13
                        1  1.4082     0.1934               1.7578 2.7416e-05
                        0  0.0000     0.8066               3.1660 1.1427e-04
  5  2.9590    2.0+                          3.3937e-04                       5.2000e-14
                        1  1.4082     0.4504               1.5508 1.5283e-04
                        0  0.0000     0.5496               2.9590 1.8637e-04
  4  2.9492    6.0+                          1.5520e-02                       1.2150e-09
                        2  2.5381     1.0000               0.4111 1.5479e-02
  3  2.5613    0.0+                          1.6667e-04
                        1  1.4082     1.0000               1.1531 1.6664e-04
                        0  0.0000     0.0000               2.5613 0.0000e+00
  2  2.5381    4.0+                          3.8798e-02                       4.0000e-12
                        1  1.4082     1.0000               1.1299 3.8793e-02
  1  1.4082    2.0+                          3.0209e-01                       8.0000e-13
                        0  0.0000     1.0000               1.4082 3.0204e-01
  0  0.0000    0.0+                          2.0196e+00
#......................................................................../  028-058Ni //  21.000000
#                                                                          SUM SPECTRA FOR COMPOUND
#            027-056Co      gamma
 SpcSum[mb]            0.0000e+00
 Emean[MeV]            0.0000e+00
#......................................................................../  028-058Ni //  21.000000
#                                                                   GAMMAS FROM DISCRETE TRANSITION
#           1 1 0 1 0 0             027-056Co
#   Ex[MeV]     Jpi    FinalState  Branching Production    Egamma Production   T(1/2)[s]
  0  0.0000    4.0+                          0.0000e+00
#......................................................................../  028-058Ni //  21.000000
#                                                                          SUM SPECTRA FOR COMPOUND
#            025-051Mn      gamma     proton
 SpcSum[mb]            2.7489e-11 0.0000e+00
 Emean[MeV]            2.0243e-01 0.0000e+00
#......................................................................../  028-058Ni //  21.000000
#                                                                   GAMMAS FROM DISCRETE TRANSITION
#           1 0 2 0 0 0             025-051Mn
#   Ex[MeV]     Jpi    FinalState  Branching Production    Egamma Production   T(1/2)[s]
 27  3.2923    2.5-                          3.2411e-23
                        8  2.2557     0.1017               1.0366 3.2960e-24
                        7  2.1404     0.0299               1.1519 9.6971e-25
                        1  0.2373     0.5988               3.0550 1.9394e-23
                        0  0.0000     0.2695               3.2923 8.7279e-24
 26  3.2810    1.5+                          2.6894e-23
                        0  0.0000     0.0588               3.2810 1.5820e-24
                        4  1.8171     0.0588               1.4639 1.5820e-24
                        5  1.8246     0.0588               1.4564 1.5820e-24
                        6  1.9591     0.0588               1.3219 1.5820e-24
                        7  2.1404     0.0588               1.1406 1.5820e-24
                        8  2.2557     0.0588               1.0253 1.5820e-24
                       10  2.3100     0.0588               0.9710 1.5820e-24
                       12  2.4500     0.0588               0.8310 1.5820e-24
                       13  2.6500     0.0588               0.6310 1.5820e-24
                       14  2.7016     0.0588               0.5794 1.5820e-24
                       15  2.8414     0.0588               0.4396 1.5820e-24
                       16  2.8930     0.0588               0.3880 1.5820e-24
                       17  2.9135     0.0588               0.3675 1.5820e-24
                       21  3.0486     0.0588               0.2324 1.5820e-24
                       22  3.0581     0.0588               0.2229 1.5820e-24
                       23  3.0915     0.0588               0.1895 1.5820e-24
                       24  3.1305     0.0588               0.1505 1.5820e-24
 25  3.2508    7.5-                          2.8087e-22
                       18  2.9573     0.0692               0.2935 1.9342e-23
                        3  1.4885     0.9308               1.7623 2.6137e-22
 24  3.1305    1.5-                          1.4283e-22
                       10  2.3100     0.1006               0.8205 1.4367e-23
                        9  2.2759     0.0000               0.8546 0.0000e+00
                        8  2.2557     0.0000               0.8748 0.0000e+00
                        7  2.1404     0.1899               0.9901 2.7122e-23
                        5  1.8246     0.1508               1.3059 2.1539e-23
                        4  1.8171     0.5587               1.3134 7.9784e-23
 23  3.0915    0.5-                          1.1495e-22
                        9  2.2759     1.0000               0.8156 1.1495e-22
 22  3.0581    2.5-                          1.0889e-21
                        0  0.0000     1.0000               3.0581 1.0880e-21
 21  3.0486    1.5-                          6.1533e-22
                        9  2.2759     0.0000               0.7727 0.0000e+00
                        8  2.2557     0.0000               0.7929 0.0000e+00
                        4  1.8171     0.2614               1.2315 1.6081e-22
                        2  1.1398     0.2798               1.9088 1.7212e-22
                        1  0.2373     0.4589               2.8113 2.8214e-22
 20  3.0295    3.5-                          2.0044e-21
                        1  0.2373     0.6289               2.7922 1.2598e-21
                        0  0.0000     0.3711               3.0295 7.4328e-22
 19  2.9835    2.5+                          2.6368e-21
                        1  0.2373     0.6896               2.7462 1.8163e-21
                        0  0.0000     0.3104               2.9835 8.1752e-22
 18  2.9573    6.5-                          1.0539e-20
                        3  1.4885     0.6561               1.4688 6.9136e-21
                        2  1.1398     0.3439               1.8175 3.6233e-21
 17  2.9135    1.5-                          3.6314e-21                       2.1000e-14
                        0  0.0000     1.0000               2.9135 3.6288e-21
 16  2.8930    2.5-                          8.1275e-21
                        5  1.8246     0.0288               1.0684 2.3379e-22
                        4  1.8171     0.2014               1.0759 1.6366e-21
                        2  1.1398     0.3489               1.7532 2.8349e-21
                        1  0.2373     0.0612               2.6557 4.9676e-22
                        0  0.0000     0.3598               2.8930 2.9221e-21
 15  2.8414    0.5-                          2.9594e-21                       2.7000e-13
                        6  1.9591     0.7143               0.8823 2.1134e-21
                        5  1.8246     0.2429               1.0168 7.1868e-22
                        4  1.8171     0.0429               1.0243 1.2681e-22
 14  2.7016    1.5-                          3.8344e-20                       5.0000e-13
                       10  2.3100     0.3777               0.3916 1.4457e-20
                        9  2.2759     0.0415               0.4257 1.5902e-21
                        7  2.1404     0.0415               0.5612 1.5904e-21
                        6  1.9591     0.2828               0.7425 1.0842e-20
                        5  1.8246     0.0679               0.8770 2.6026e-21
                        4  1.8171     0.1885               0.8845 7.2272e-21
                        2  1.1398     0.0000               1.5618 0.0000e+00
 13  2.6500    0.5-                          2.7675e-20
                        9  2.2759     1.0000               0.3741 2.7675e-20
 12  2.4500    0.5-                          2.1255e-19
                        9  2.2759     1.0000               0.1741 2.1255e-19
 11  2.4159    3.5-                          1.2128e-18                       4.2000e-15
                        7  2.1404     0.0819               0.2755 9.8351e-20
                        4  1.8171     0.1512               0.5988 1.8326e-19
                        2  1.1398     0.3686               1.2761 4.4702e-19
                        1  0.2373     0.3392               2.1786 4.1126e-19
                        0  0.0000     0.0590               2.4159 7.1524e-20
 10  2.3100    2.5-                          2.7610e-18                       9.0000e-13
                        4  1.8171     0.0993               0.4929 2.7387e-19
                        1  0.2373     0.7633               2.0727 2.1068e-18
                        0  0.0000     0.1374               2.3100 3.7920e-19
  9  2.2759    0.5+                          2.2390e-18                       1.2000e-15
                        7  2.1404     0.1355               0.1355 2.9855e-19
                        6  1.9591     0.1626               0.3168 3.6362e-19
                        5  1.8246     0.1044               0.4513 2.3364e-19
                        4  1.8171     0.5801               0.4588 1.2982e-18
                        0  0.0000     0.0174               2.2759 3.8947e-20
  8  2.2557    2.5-                          4.3728e-18                       7.9000e-14
                        1  0.2373     0.6896               2.0184 3.0145e-18
                        0  0.0000     0.3104               2.2557 1.3567e-18
  7  2.1404    1.5-                          5.7827e-18                       1.5000e-14
                        1  0.2373     0.0196               1.9031 1.1336e-19
                        0  0.0000     0.9804               2.1404 5.6673e-18
  6  1.9591    0.5-                          1.5003e-17                       3.8000e-13
                        1  0.2373     0.0196               1.7218 2.9400e-19
                        0  0.0000     0.9804               1.9591 1.4704e-17
  5  1.8246    1.5-                          1.1637e-16                       1.6000e-14
                        1  0.2373     0.0385               1.5873 4.4749e-18
                        0  0.0000     0.9615               1.8246 1.1187e-16
  4  1.8171    1.5-                          1.2251e-16                       7.0000e-13
                        1  0.2373     0.5000               1.5798 6.1254e-17
                        0  0.0000     0.5000               1.8171 6.1254e-17
  3  1.4885    5.5-                          1.0719e-14                       5.0000e-13
                        2  1.1398     0.3488               0.3487 3.7340e-15
                        1  0.2373     0.6322               1.2512 6.7761e-15
                        0  0.0000     0.0190               1.4885 2.0331e-16
  2  1.1398    4.5-                          7.0647e-14                       2.5000e-13
                        1  0.2373     0.8599               0.9025 6.0739e-14
                        0  0.0000     0.1401               1.1398 9.8964e-15
  1  0.2373    3.5-                          2.7503e-11                       1.4100e-11
                        0  0.0000     1.0000               0.2373 2.7407e-11
  0  0.0000    2.5-                          1.0617e-10                       2.7720e+03
#......................................................................../  028-058Ni //  21.000000
#                                                                          SUM SPECTRA FOR COMPOUND
#            026-053Fe      gamma
 SpcSum[mb]            0.0000e+00
 Emean[MeV]            0.0000e+00
#......................................................................../  028-058Ni //  21.000000
#                                                                   GAMMAS FROM DISCRETE TRANSITION
#           1 0 1 1 0 0             026-053Fe
#   Ex[MeV]     Jpi    FinalState  Branching Production    Egamma Production   T(1/2)[s]
  0  0.0000    3.5-                          0.0000e+00
#......................................................................../  028-058Ni //  21.000000
#                                                                          SUM SPECTRA FOR COMPOUND
#            026-057Fe      gamma    neutron     proton      alpha
 SpcSum[mb]            1.1521e+00 3.1001e-14 0.0000e+00 0.0000e+00
 Emean[MeV]            3.5606e-01 4.4036e-02 0.0000e+00 0.0000e+00
#......................................................................../  028-058Ni //  21.000000
#                                                                   GAMMAS FROM DISCRETE TRANSITION
#           0 3 0 0 0 0             026-057Fe
#   Ex[MeV]     Jpi    FinalState  Branching Production    Egamma Production   T(1/2)[s]
 29  2.5994    1.5+                          2.4329e-04
                        2  0.1365     0.6993               2.4629 1.6997e-04
                        0  0.0000     0.3007               2.5994 7.3082e-05
 28  2.5936    1.5-                          1.9870e-04                       3.7000e-14
                        5  1.0071     0.4100               1.5865 8.1449e-05
                        4  0.7064     0.5000               1.8872 9.9319e-05
                        0  0.0000     0.0900               2.5936 1.7878e-05
 27  2.5745    0.5-                          1.1028e-04                       1.8000e-14
                        3  0.3668     0.2753               2.2077 3.0347e-05
                        0  0.0000     0.7247               2.5745 7.9876e-05
 26  2.5642    1.5-                          2.1689e-04
                       11  1.7254     0.6369               0.8388 1.3810e-04
                        0  0.0000     0.3631               2.5642 7.8709e-05
 25  2.5053    2.5+                          4.9835e-04                       7.8000e-14
                       11  1.7254     0.0278               0.7799 1.3834e-05
                        4  0.7064     0.0555               1.7989 2.7667e-05
                        3  0.3668     0.5556               2.1385 2.7665e-04
                        2  0.1365     0.2611               2.3688 1.3002e-04
                        1  0.0144     0.1000               2.4909 4.9792e-05
 24  2.4560    3.5+                          8.6097e-04
                        2  0.1365     0.1000               2.3195 8.6097e-05
                        4  0.7064     0.1000               1.7496 8.6097e-05
                        5  1.0071     0.1000               1.4489 8.6097e-05
                        7  1.1978     0.1000               1.2582 8.6097e-05
                        9  1.3568     0.1000               1.0992 8.6097e-05
                       13  1.9897     0.1000               0.4663 8.6097e-05
                       15  2.1131     0.1000               0.3429 8.6097e-05
                       16  2.1186     0.1000               0.3374 8.6097e-05
                       17  2.2069     0.1000               0.2491 8.6097e-05
                       19  2.2202     0.1000               0.2358 8.6097e-05
 23  2.4556    4.5+                          1.3203e-03                       1.4000e-12
                        5  1.0071     1.0000               1.4484 1.3199e-03
 22  2.3580    1.5-                          3.9989e-04
                        6  1.1399     0.3333               1.2181 1.3330e-04
                       18  2.2177     0.3333               0.1403 1.3330e-04
                       20  2.3304     0.3333               0.0276 1.3330e-04
 21  2.3560    5.5-                          2.9795e-03                       6.0000e-14
                        7  1.1978     0.2908               1.1582 8.6633e-04
                        5  1.0071     0.7092               1.3488 2.1127e-03
 20  2.3304    1.5+                          6.9376e-04
                       10  1.6273     1.0000               0.7032 6.9363e-04
 19  2.2202    3.5-                          1.4729e-03                       3.0000e-13
                        3  0.3668     0.0490               1.8534 7.2165e-05
                        2  0.1365     0.4608               2.0837 6.7846e-04
                        1  0.0144     0.4902               2.2058 7.2169e-04
 18  2.2177    2.5+                          1.3599e-03
                        3  0.3668     0.2062               1.8509 2.8026e-04
                        2  0.1365     0.3453               2.0812 4.6924e-04
                        1  0.0144     0.4485               2.2032 6.0943e-04
 17  2.2069    2.5-                          1.0627e-03                       1.0000e-14
                        8  1.2655     0.0342               0.9414 3.6315e-05
                        5  1.0071     0.1794               1.1997 1.9062e-04
                        3  0.3668     0.0000               1.8401 0.0000e+00
                        1  0.0144     0.4274               2.1925 4.5401e-04
                        0  0.0000     0.3590               2.2069 3.8134e-04
 16  2.1186    2.5-                          1.3497e-03                       4.6000e-14
                        5  1.0071     0.1465               1.1115 1.9770e-04
                        4  0.7064     0.5050               1.4122 6.8151e-04
                        1  0.0144     0.3485               2.1042 4.7019e-04
 15  2.1131    2.5-                          1.3700e-03
                        8  1.2655     0.2126               0.8476 2.9118e-04
                        0  0.0000     0.7874               2.1131 1.0783e-03
 14  1.9910    0.5-                          5.9444e-04
                        6  1.1399     1.0000               0.8511 5.9444e-04
 13  1.9897    4.5-                          4.4498e-03                       1.8000e-13
                        7  1.1978     0.2705               0.7918 1.2033e-03
                        5  1.0071     0.3197               0.9825 1.4223e-03
                        4  0.7064     0.4098               1.2832 1.8233e-03
 12  1.9766    0.5-                          6.1940e-04
                       11  1.7254     0.1690               0.2513 1.0374e-04
                        2  0.1365     0.6702               1.8402 4.1500e-04
                        0  0.0000     0.1608               1.9766 9.9570e-05
 11  1.7254    1.5-                          2.7541e-03                       3.1000e-14
                        8  1.2655     0.0033               0.4599 9.0301e-06
                        4  0.7064     0.1885               1.0190 5.1907e-04
                        3  0.3668     0.0977               1.3586 2.6899e-04
                        1  0.0144     0.0273               1.7110 7.5255e-05
                        0  0.0000     0.6832               1.7254 1.8813e-03
 10  1.6273    1.5-                          3.9979e-03                       5.6000e-14
                        4  0.7064     0.0860               0.9208 3.4364e-04
                        3  0.3668     0.2805               1.2605 1.1212e-03
                        1  0.0144     0.6098               1.6128 2.4373e-03
                        0  0.0000     0.0238               1.6273 9.5045e-05
  9  1.3568    3.5-                          1.5787e-02                       1.8000e-13
                        4  0.7064     0.5466               0.6504 8.6242e-03
                        3  0.3668     0.2349               0.9901 3.7080e-03
                        1  0.0144     0.2185               1.3424 3.4494e-03
  8  1.2655    0.5-                          5.2654e-03                       8.2000e-14
                        3  0.3668     0.9302               0.8988 4.8970e-03
                        1  0.0144     0.0447               1.2511 2.3508e-04
                        0  0.0000     0.0251               1.2655 1.3220e-04
  7  1.1978    4.5-                          6.0532e-02                       2.9000e-12
                        2  0.1365     1.0000               1.0613 6.0522e-02
  6  1.1399    1.5+                          2.1269e-02
                        0  0.0000     0.2000               1.1399 4.2538e-03
                        1  0.0144     0.2000               1.1255 4.2538e-03
                        2  0.1365     0.2000               1.0034 4.2538e-03
                        3  0.3668     0.2000               0.7731 4.2538e-03
                        4  0.7064     0.2000               0.4335 4.2538e-03
  5  1.0071    3.5-                          4.5308e-02                       1.3000e-13
                        3  0.3668     0.0301               0.6404 1.3620e-03
                        2  0.1365     0.6398               0.8707 2.8982e-02
                        1  0.0144     0.3301               0.9927 1.4954e-02
  4  0.7064    2.5-                          7.9785e-02                       4.1000e-12
                        3  0.3668     0.0144               0.3397 1.1454e-03
                        2  0.1365     0.0929               0.5699 7.4095e-03
                        1  0.0144     0.8446               0.6920 6.7359e-02
                        0  0.0000     0.0481               0.7064 3.8396e-03
  3  0.3668    1.5-                          1.6227e-01                       1.0500e-11
                        2  0.1365     0.0727               0.2303 1.1744e-02
                        1  0.0144     0.7878               0.3523 1.2765e-01
                        0  0.0000     0.1395               0.3668 2.2598e-02
  2  0.1365    2.5-                          6.0351e-01                       8.7000e-09
                        1  0.0144     0.8824               0.1221 5.2006e-01
                        0  0.0000     0.1176               0.1365 6.2421e-02
  1  0.0144    1.5-                          1.4309e+00                       9.8300e-08
                        0  0.0000     1.0000               0.0144 1.4967e-01
  0  0.0000    0.5-                          1.9942e+00
#......................................................................../  028-058Ni //  21.000000
#                                                                          SUM SPECTRA FOR COMPOUND
#            025-054Mn      gamma    neutron     proton      alpha
 SpcSum[mb]            4.5379e-02 0.0000e+00 0.0000e+00 0.0000e+00
 Emean[MeV]            2.1821e-01 0.0000e+00 0.0000e+00 0.0000e+00
#......................................................................../  028-058Ni //  21.000000
#                                                                   GAMMAS FROM DISCRETE TRANSITION
#           0 2 1 0 0 0             025-054Mn
#   Ex[MeV]     Jpi    FinalState  Branching Production    Egamma Production   T(1/2)[s]
 33  2.3545    2.0+                          5.0918e-08                       9.0000e-15
                        6  1.0096     0.0000               1.3449 0.0000e+00
                        2  0.1563     0.6370               2.1982 3.2418e-08
                        1  0.0549     0.2420               2.2997 1.2318e-08
                        0  0.0000     0.1210               2.3545 6.1587e-09
 32  2.3200    5.0+                          2.0151e-07
                        3  0.3683     1.0000               1.9517 2.0151e-07
 31  2.2916    2.0+                          6.3340e-08                       1.2000e-14
                        2  0.1563     0.5102               2.1353 3.2303e-08
                        1  0.0549     0.2602               2.2367 1.6474e-08
                        0  0.0000     0.2296               2.2916 1.4536e-08
 30  2.2800    5.0+                          2.4165e-07
                        3  0.3683     1.0000               1.9117 2.4165e-07
 29  2.2676    2.0+                          6.9028e-08                       1.2500e-14
                       11  1.4544     0.0800               0.8132 5.5202e-09
                        4  0.4076     0.3600               1.8600 2.4844e-08
                        1  0.0549     0.4000               2.2127 2.7600e-08
                        0  0.0000     0.1600               2.2676 1.1040e-08
 28  2.2340    4.0+                          1.6934e-07
                        2  0.1563     1.0000               2.0777 1.6934e-07
 27  2.1361    1.0+                          6.9938e-08                       7.0000e-14
                        1  0.0549     0.6579               2.0813 4.5996e-08
                        0  0.0000     0.3421               2.1361 2.3916e-08
 26  2.1339    1.0+                          7.0498e-08                       2.4000e-14
                       11  1.4544     0.0661               0.6795 4.6598e-09
                       10  1.3910     0.0496               0.7429 3.4944e-09
                        9  1.3750     0.0579               0.7589 4.0770e-09
                        1  0.0549     0.8264               2.0790 5.8242e-08
 25  2.1130    4.0+                          2.8712e-07                       1.1000e-14
                        4  0.4076     0.8928               1.7054 2.5629e-07
                        0  0.0000     0.1072               2.1130 3.0768e-08
 24  2.1098    1.0+                          7.6798e-08                       4.1600e-13
                       10  1.3910     0.5988               0.7188 4.5971e-08
                        1  0.0549     0.4012               2.0549 3.0801e-08
 23  2.0560    2.0+                          1.5485e-07
                        1  0.0549     1.0000               2.0011 1.5485e-07
 22  1.9253    7.0+                          1.8344e-05                       7.3000e-13
                        7  1.0733     0.9434               0.8520 1.7302e-05
                        3  0.3683     0.0566               1.5570 1.0381e-06
 21  1.9223    1.0+                          1.5444e-07                       2.9000e-14
                       10  1.3910     0.0400               0.5313 6.1760e-09
                        9  1.3750     0.0298               0.5473 4.5964e-09
                        1  0.0549     0.9302               1.8674 1.4362e-07
 20  1.8530    3.0+                          5.6800e-07                       9.5000e-14
                       13  1.5084     0.3794               0.3446 2.1488e-07
                        9  1.3750     0.0606               0.4780 3.4377e-08
                        2  0.1563     0.2195               1.6967 1.2464e-07
                        1  0.0549     0.3406               1.7981 1.9340e-07
 19  1.7845    1.0+                          2.6338e-07                       1.6000e-14
                        6  1.0096     0.0798               0.7749 2.1010e-08
                        4  0.4076     0.3564               1.3769 9.3853e-08
                        1  0.0549     0.0319               1.7296 8.4024e-09
                        0  0.0000     0.5319               1.7845 1.4005e-07
 18  1.7834    7.0+                          4.6546e-05                       7.7000e-13
                        7  1.0733     0.0403               0.7101 1.8760e-06
                        3  0.3683     0.9597               1.4151 4.4663e-05
 17  1.6790    0.0+                          1.3521e-07
                       10  1.3910     1.0000               0.2880 1.3521e-07
 16  1.6511    1.0+                          4.4396e-07                       3.3000e-13
                        1  0.0549     1.0000               1.5962 4.4388e-07
 15  1.6342    2.0+                          8.5822e-07                       1.5000e-14
                        4  0.4076     0.4118               1.2267 3.5336e-07
                        2  0.1563     0.0980               1.4779 8.4124e-08
                        1  0.0549     0.4902               1.5793 4.2061e-07
 14  1.5440    2.0+                          1.2392e-06                       1.3000e-14
                        0  0.0000     1.0000               1.5440 1.2390e-06
 13  1.5084    2.0+                          1.6475e-06                       1.2000e-13
                        5  0.8389     0.0806               0.6695 1.3268e-07
                        1  0.0549     0.2483               1.4535 4.0905e-07
                        0  0.0000     0.6711               1.5084 1.1055e-06
 12  1.4608    4.0+                          6.5421e-06                       2.8000e-13
                        7  1.0733     1.0000               0.3875 6.5228e-06
 11  1.4544    1.0+                          9.6645e-07                       8.0000e-11
                        1  0.0549     0.9497               1.3995 9.1771e-07
                        0  0.0000     0.0503               1.4544 4.8633e-08
 10  1.3910    1.0+                          1.4128e-06                       3.8000e-13
                        1  0.0549     1.0000               1.3361 1.4126e-06
  9  1.3750    3.0+                          4.8858e-06                       1.1200e-14
                        4  0.4076     0.2013               0.9674 9.8337e-07
                        1  0.0549     0.1698               1.3201 8.2952e-07
                        0  0.0000     0.6289               1.3750 3.0724e-06
  8  1.1367    5.0+                          1.5238e-04                       6.0000e-13
                        5  0.8389     0.0709               0.2978 1.0750e-05
                        3  0.3683     0.5881               0.7685 8.9589e-05
                        2  0.1563     0.3410               0.9804 5.1954e-05
  7  1.0733    6.0+                          9.4598e-04                       2.2000e-10
                        3  0.3683     0.9900               0.7050 9.3626e-04
                        2  0.1563     0.0100               0.9170 9.4558e-06
  6  1.0096    3.0+                          2.8786e-05                       4.4000e-14
                        2  0.1563     0.4414               0.8533 1.2704e-05
                        1  0.0549     0.5586               0.9547 1.6077e-05
  5  0.8389    4.0+                          2.4289e-04                       4.1000e-13
                        3  0.3683     0.3613               0.4706 8.7693e-05
                        2  0.1563     0.0997               0.6826 2.4213e-05
                        0  0.0000     0.5390               0.8389 1.3088e-04
  4  0.4076    3.0+                          7.6455e-04                       1.8000e-12
                        2  0.1563     0.6223               0.2513 4.7438e-04
                        1  0.0549     0.0920               0.3527 7.0211e-05
                        0  0.0000     0.2857               0.4076 2.1823e-04
  3  0.3683    5.0+                          1.5138e-02                       6.9000e-12
                        2  0.1563     0.9911               0.2120 1.4935e-02
                        0  0.0000     0.0089               0.3683 1.3442e-04
  2  0.1563    4.0+                          2.7677e-02                       1.8600e-10
                        0  0.0000     1.0000               0.1563 2.7409e-02
  1  0.0549    2.0+                          8.2597e-04                       4.9000e-11
                        0  0.0000     1.0000               0.0549 6.8172e-04
  0  0.0000    3.0+                          3.6824e-02                       2.6960e+07
#......................................................................../  028-058Ni //  21.000000
#                                                                          SUM SPECTRA FOR COMPOUND
#            026-056Fe      gamma
 SpcSum[mb]            4.5705e-07
 Emean[MeV]            8.0003e-01
#......................................................................../  028-058Ni //  21.000000
#                                                                   GAMMAS FROM DISCRETE TRANSITION
#           0 2 0 1 0 0             026-056Fe
#   Ex[MeV]     Jpi    FinalState  Branching Production    Egamma Production   T(1/2)[s]
 31  4.4585    4.0+                          1.4093e-35                       2.6000e-14
                        7  3.1230     0.5854               1.3356 8.2490e-36
                        2  2.0851     0.3748               2.3734 5.2794e-36
                        1  0.8468     0.0398               3.6118 5.6088e-37
 30  4.4477    1.0-                          6.4715e-36
                        1  0.8468     1.0000               3.6009 6.4617e-36
 29  4.4013    2.0+                          5.3080e-34                       5.6000e-14
                       10  3.4453     0.2647               0.9559 1.4048e-34
                        8  3.3699     0.0115               1.0313 6.1085e-36
                        5  2.9600     0.0673               1.4413 3.5729e-35
                        4  2.9415     0.0443               1.4598 2.3516e-35
                        2  2.0851     0.0363               2.3162 1.9237e-35
                        1  0.8468     0.5759               3.5545 3.0539e-34
 28  4.3949    3.0+                          4.5987e-33                       3.5000e-14
                        7  3.1230     0.0933               1.2720 4.2905e-34
                        1  0.8468     0.9067               3.5482 4.1658e-33
 27  4.3681    3.0-                          1.9619e-32
                        1  0.8468     0.0556               3.5214 1.0899e-33
                        2  2.0851     0.0556               2.2830 1.0899e-33
                        3  2.6576     0.0556               1.7105 1.0899e-33
                        5  2.9600     0.0556               1.4082 1.0899e-33
                        7  3.1230     0.0556               1.2452 1.0899e-33
                        8  3.3699     0.0556               0.9982 1.0899e-33
                       10  3.4453     0.0556               0.9228 1.0899e-33
                       12  3.6002     0.0556               0.7679 1.0899e-33
                       13  3.6057     0.0556               0.7624 1.0899e-33
                       15  3.7441     0.0556               0.6240 1.0899e-33
                       18  3.8298     0.0556               0.5384 1.0899e-33
                       19  3.8565     0.0556               0.5116 1.0899e-33
                       20  4.0489     0.0556               0.3192 1.0899e-33
                       21  4.0859     0.0556               0.2822 1.0899e-33
                       22  4.1004     0.0556               0.2678 1.0899e-33
                       23  4.1199     0.0556               0.2482 1.0899e-33
                       24  4.2981     0.0556               0.0700 1.0899e-33
                       26  4.3200     0.0556               0.0481 1.0899e-33
 26  4.3200    2.0+                          1.4036e-31
                       17  3.7596     1.0000               0.5604 1.4036e-31
 25  4.3020    0.0+                          1.9822e-32
                        1  0.8468     1.0000               3.4552 1.9803e-32
 24  4.2981    4.0+                          3.8679e-30                       1.1000e-13
                       10  3.4453     0.0133               0.8527 5.1434e-32
                        7  3.1230     0.6098               1.1751 2.3586e-30
                        3  2.6576     0.0168               1.6405 6.5088e-32
                        2  2.0851     0.1043               2.2130 4.0327e-31
                        1  0.8468     0.2557               3.4513 9.8813e-31
 23  4.1199    3.0+                          1.4430e-27                       1.4000e-13
                       19  3.8565     0.0024               0.2634 3.3713e-30
                       10  3.4453     0.0035               0.6746 5.0568e-30
                        7  3.1230     0.0117               0.9970 1.6851e-29
                        5  2.9600     0.0089               1.1600 1.2811e-29
                        3  2.6576     0.0078               1.4623 1.1236e-29
                        2  2.0851     0.7790               2.0348 1.1237e-27
                        1  0.8468     0.1868               3.2732 2.6933e-28
 22  4.1004    4.0+                          6.9521e-27                       4.3000e-14
                       10  3.4453     0.0028               0.6550 1.9450e-29
                        7  3.1230     0.1122               0.9774 7.7992e-28
                        5  2.9600     0.0104               1.1404 7.2571e-29
                        3  2.6576     0.0142               1.4428 9.8985e-29
                        2  2.0851     0.2381               2.0153 1.6548e-27
                        1  0.8468     0.6222               3.2536 4.3218e-27
 21  4.0859    2.0+                          1.1486e-27
                        1  0.8468     0.7518               3.2392 8.6276e-28
                        0  0.0000     0.2482               4.0859 2.8473e-28
 20  4.0489    3.0+                          1.1939e-26                       7.0000e-15
                        5  2.9600     0.0137               1.0889 1.6401e-28
                        2  2.0851     0.1778               1.9638 2.1221e-27
                        1  0.8468     0.8085               3.2021 9.6446e-27
 19  3.8565    3.0+                          2.1573e-24                       2.5000e-14
                       10  3.4453     0.0016               0.4111 3.3659e-27
                        8  3.3699     0.0035               0.4865 7.5231e-27
                        7  3.1230     0.0114               0.7335 2.4542e-26
                        5  2.9600     0.0042               0.8965 9.1063e-27
                        3  2.6576     0.0026               1.1989 5.5437e-27
                        2  2.0851     0.9178               1.7714 1.9796e-24
                        1  0.8468     0.0590               3.0097 1.2709e-25
 18  3.8298    2.0+                          1.0773e-24                       3.9000e-14
                        3  2.6576     0.3004               1.1722 3.2359e-25
                        1  0.8468     0.5182               2.9830 5.5786e-25
                        0  0.0000     0.1814               3.8298 1.9521e-25
 17  3.7596    1.0-                          1.9040e-24
                        0  0.0000     0.0833               3.7596 1.5867e-25
                        1  0.8468     0.0833               2.9128 1.5867e-25
                        3  2.6576     0.0833               1.1020 1.5867e-25
                        4  2.9415     0.0833               0.8181 1.5867e-25
                        5  2.9600     0.0833               0.7996 1.5867e-25
                        6  3.1201     0.0833               0.6395 1.5867e-25
                        8  3.3699     0.0833               0.3897 1.5867e-25
                       11  3.4484     0.0833               0.3112 1.5867e-25
                       12  3.6002     0.0833               0.1594 1.5867e-25
                       13  3.6057     0.0833               0.1539 1.5867e-25
                       14  3.6102     0.0833               0.1494 1.5867e-25
                       15  3.7441     0.0833               0.0155 1.5867e-25
 16  3.7556    6.0+                          1.2394e-21                       1.3000e-13
                        9  3.3885     0.1776               0.3670 2.1981e-22
                        7  3.1230     0.0161               0.6326 1.9978e-23
                        2  2.0851     0.8063               1.6705 9.9910e-22
 15  3.7441    2.0+                          8.3097e-24
                        1  0.8468     1.0000               2.8974 8.3038e-24
 14  3.6102    0.0+                          1.2907e-23                       5.2000e-14
                        3  2.6576     0.0137               0.9526 1.7717e-25
                        2  2.0851     0.0064               1.5251 8.2687e-26
                        1  0.8468     0.9158               2.7634 1.1812e-23
                        0  0.0000     0.0641               3.6102 8.2681e-25
 13  3.6057    2.0+                          1.7385e-22                       1.5000e-13
                        3  2.6576     0.0827               0.9481 1.4377e-23
                        2  2.0851     0.0082               1.5206 1.4174e-24
                        1  0.8468     0.5827               2.7589 1.0124e-22
                        0  0.0000     0.3264               3.6057 5.6689e-23
 12  3.6002    2.0+                          1.9519e-22                       5.9000e-14
                        3  2.6576     0.0192               0.9426 3.7507e-24
                        2  2.0851     0.0192               1.5151 3.7508e-24
                        1  0.8468     0.1602               2.7534 3.1248e-23
                        0  0.0000     0.8014               3.6002 1.5626e-22
 11  3.4484    1.0+                          1.6050e-21                       8.0000e-15
                        3  2.6576     0.0052               0.7908 8.3961e-24
                        1  0.8468     0.2468               2.6016 3.9586e-22
                        0  0.0000     0.7480               3.4484 1.1994e-21
 10  3.4453    3.0+                          2.1178e-20                       2.9000e-14
                        3  2.6576     0.0144               0.7878 3.0403e-22
                        2  2.0851     0.2010               1.3602 4.2564e-21
                        1  0.8468     0.7846               2.5986 1.6608e-20
  9  3.3885    6.0+                          2.7938e-18                       2.9000e-12
                        7  3.1230     0.0130               0.2656 3.5840e-20
                        2  2.0851     0.9870               1.3034 2.7571e-18
  8  3.3699    2.0+                          1.9040e-20                       1.7000e-14
                        1  0.8468     0.8546               2.5232 1.6263e-20
                        0  0.0000     0.1454               3.3699 2.7658e-21
  7  3.1230    4.0+                          2.4423e-17                       4.7000e-14
                        2  2.0851     0.9916               1.0379 2.4214e-17
                        1  0.8468     0.0084               2.2762 2.0581e-19
  6  3.1201    1.0+                          5.6695e-19                       1.9000e-14
                        3  2.6576     0.0099               0.4625 5.6204e-21
                        1  0.8468     0.9445               2.2733 5.3526e-19
                        0  0.0000     0.0455               3.1201 2.5800e-20
  5  2.9600    2.0+                          2.0615e-17                       2.8000e-14
                        1  0.8468     0.9788               2.1132 2.0172e-17
                        0  0.0000     0.0212               2.9600 4.3569e-19
  4  2.9415    0.0+                          1.6821e-18                       4.5000e-13
                        1  0.8468     1.0000               2.0947 1.6814e-18
                        0  0.0000     0.0000               2.9415 0.0000e+00
  3  2.6576    2.0+                          1.7400e-15                       2.1000e-14
                        1  0.8468     0.9699               1.8108 1.6873e-15
                        0  0.0000     0.0301               2.6576 5.2305e-17
  2  2.0851    4.0+                          3.6221e-11                       6.4000e-13
                        1  0.8468     1.0000               1.2383 3.6216e-11
  1  0.8468    2.0+                          4.5715e-07                       6.0700e-12
                        0  0.0000     1.0000               0.8468 4.5701e-07
  0  0.0000    0.0+                          1.6392e-05
#......................................................................../  028-058Ni //  21.000000
#                                                                          SUM SPECTRA FOR COMPOUND
#            024-051Cr      gamma    neutron     proton      alpha
 SpcSum[mb]            2.0909e-07 0.0000e+00 0.0000e+00 0.0000e+00
 Emean[MeV]            7.8765e-01 0.0000e+00 0.0000e+00 0.0000e+00
#......................................................................../  028-058Ni //  21.000000
#                                                                   GAMMAS FROM DISCRETE TRANSITION
#           0 1 2 0 0 0             024-051Cr
#   Ex[MeV]     Jpi    FinalState  Branching Production    Egamma Production   T(1/2)[s]
 90  4.3590    2.5+                          2.7639e-18
                        0  0.0000     0.0357               4.3590 9.8709e-20
                        1  0.7491     0.0357               3.6099 9.8709e-20
                        4  1.3526     0.0357               3.0064 9.8709e-20
                        6  1.5573     0.0357               2.8017 9.8709e-20
                        7  1.8992     0.0357               2.4598 9.8709e-20
                        8  2.0019     0.0357               2.3571 9.8709e-20
                       10  2.3126     0.0357               2.0464 9.8709e-20
                       14  2.6990     0.0357               1.6600 9.8709e-20
                       18  2.8285     0.0357               1.5305 9.8709e-20
                       19  2.8902     0.0357               1.4688 9.8709e-20
                       21  2.9110     0.0357               1.4480 9.8709e-20
                       22  2.9482     0.0357               1.4108 9.8709e-20
                       24  3.0017     0.0357               1.3573 9.8709e-20
                       30  3.1259     0.0357               1.2331 9.8709e-20
                       31  3.1348     0.0357               1.2242 9.8709e-20
                       33  3.2041     0.0357               1.1549 9.8709e-20
                       35  3.2626     0.0357               1.0964 9.8709e-20
                       37  3.3442     0.0357               1.0148 9.8709e-20
                       38  3.3483     0.0357               1.0107 9.8709e-20
                       39  3.3511     0.0357               1.0079 9.8709e-20
                       48  3.7705     0.0357               0.5885 9.8709e-20
                       50  3.8314     0.0357               0.5276 9.8709e-20
                       63  4.0052     0.0357               0.3538 9.8709e-20
                       65  4.0172     0.0357               0.3418 9.8709e-20
                       68  4.0560     0.0357               0.3030 9.8709e-20
                       82  4.2392     0.0357               0.1198 9.8709e-20
                       85  4.2730     0.0357               0.0860 9.8709e-20
                       89  4.3546     0.0357               0.0044 9.8709e-20
 89  4.3546    1.5-                          2.1732e-18
                       16  2.7626     1.0000               1.5920 2.1724e-18
 88  4.3360    4.5-                          8.3689e-18
                       13  2.5000     0.1111               1.8360 9.2987e-19
                       36  3.2669     0.1111               1.0691 9.2987e-19
                       51  3.8630     0.1111               0.4730 9.2987e-19
                       53  3.8970     0.1111               0.4390 9.2987e-19
                       70  4.0990     0.1111               0.2370 9.2987e-19
                       71  4.1067     0.1111               0.2293 9.2987e-19
                       75  4.1550     0.1111               0.1810 9.2987e-19
                       78  4.1817     0.1111               0.1543 9.2987e-19
                       83  4.2542     0.1111               0.0818 9.2987e-19
 87  4.3180    0.5+                          1.2855e-18
                        1  0.7491     0.0625               3.5689 8.0342e-20
                        2  0.7770     0.0625               3.5410 8.0342e-20
                        7  1.8992     0.0625               2.4188 8.0342e-20
                       18  2.8285     0.0625               1.4895 8.0342e-20
                       19  2.8902     0.0625               1.4278 8.0342e-20
                       28  3.0559     0.0625               1.2621 8.0342e-20
                       30  3.1259     0.0625               1.1921 8.0342e-20
                       31  3.1348     0.0625               1.1832 8.0342e-20
                       35  3.2626     0.0625               1.0554 8.0342e-20
                       38  3.3483     0.0625               0.9697 8.0342e-20
                       47  3.7668     0.0625               0.5512 8.0342e-20
                       48  3.7705     0.0625               0.5475 8.0342e-20
                       59  3.9712     0.0625               0.3468 8.0342e-20
                       67  4.0400     0.0625               0.2780 8.0342e-20
                       74  4.1367     0.0625               0.1813 8.0342e-20
                       82  4.2392     0.0625               0.0788 8.0342e-20
 86  4.2893    1.5+                          3.1427e-18
                        2  0.7770     1.0000               3.5123 3.1381e-18
 85  4.2730    2.5-                          6.0492e-18
                        0  0.0000     1.0000               4.2730 6.0419e-18
 84  4.2580    2.5+                          6.1040e-18
                        0  0.0000     0.0385               4.2580 2.3477e-19
                        1  0.7491     0.0385               3.5089 2.3477e-19
                        4  1.3526     0.0385               2.9054 2.3477e-19
                        6  1.5573     0.0385               2.7007 2.3477e-19
                        7  1.8992     0.0385               2.3588 2.3477e-19
                        8  2.0019     0.0385               2.2561 2.3477e-19
                       10  2.3126     0.0385               1.9454 2.3477e-19
                       14  2.6990     0.0385               1.5590 2.3477e-19
                       18  2.8285     0.0385               1.4295 2.3477e-19
                       19  2.8902     0.0385               1.3678 2.3477e-19
                       21  2.9110     0.0385               1.3470 2.3477e-19
                       22  2.9482     0.0385               1.3098 2.3477e-19
                       24  3.0017     0.0385               1.2563 2.3477e-19
                       30  3.1259     0.0385               1.1321 2.3477e-19
                       31  3.1348     0.0385               1.1232 2.3477e-19
                       33  3.2041     0.0385               1.0539 2.3477e-19
                       35  3.2626     0.0385               0.9954 2.3477e-19
                       37  3.3442     0.0385               0.9138 2.3477e-19
                       38  3.3483     0.0385               0.9097 2.3477e-19
                       39  3.3511     0.0385               0.9069 2.3477e-19
                       48  3.7705     0.0385               0.4875 2.3477e-19
                       50  3.8314     0.0385               0.4266 2.3477e-19
                       63  4.0052     0.0385               0.2528 2.3477e-19
                       65  4.0172     0.0385               0.2408 2.3477e-19
                       68  4.0560     0.0385               0.2020 2.3477e-19
                       82  4.2392     0.0385               0.0188 2.3477e-19
 83  4.2542    5.5+                          2.5681e-17
                        0  0.0000     1.0000               4.2542 2.5657e-17
 82  4.2392    1.5-                          5.5379e-18
                        0  0.0000     1.0000               4.2392 5.5309e-18
 81  4.2140    4.5-                          2.2109e-17
                       13  2.5000     0.1250               1.7140 2.7637e-18
                       36  3.2669     0.1250               0.9471 2.7637e-18
                       51  3.8630     0.1250               0.3510 2.7637e-18
                       53  3.8970     0.1250               0.3170 2.7637e-18
                       70  4.0990     0.1250               0.1150 2.7637e-18
                       71  4.1067     0.1250               0.1073 2.7637e-18
                       75  4.1550     0.1250               0.0590 2.7637e-18
                       78  4.1817     0.1250               0.0323 2.7637e-18
 80  4.1980    2.5+                          9.7124e-18
                        0  0.0000     0.0400               4.1980 3.8849e-19
                        1  0.7491     0.0400               3.4489 3.8849e-19
                        4  1.3526     0.0400               2.8454 3.8849e-19
                        6  1.5573     0.0400               2.6407 3.8849e-19
                        7  1.8992     0.0400               2.2988 3.8849e-19
                        8  2.0019     0.0400               2.1961 3.8849e-19
                       10  2.3126     0.0400               1.8854 3.8849e-19
                       14  2.6990     0.0400               1.4990 3.8849e-19
                       18  2.8285     0.0400               1.3695 3.8849e-19
                       19  2.8902     0.0400               1.3078 3.8849e-19
                       21  2.9110     0.0400               1.2870 3.8849e-19
                       22  2.9482     0.0400               1.2498 3.8849e-19
                       24  3.0017     0.0400               1.1963 3.8849e-19
                       30  3.1259     0.0400               1.0721 3.8849e-19
                       31  3.1348     0.0400               1.0632 3.8849e-19
                       33  3.2041     0.0400               0.9939 3.8849e-19
                       35  3.2626     0.0400               0.9354 3.8849e-19
                       37  3.3442     0.0400               0.8538 3.8849e-19
                       38  3.3483     0.0400               0.8497 3.8849e-19
                       39  3.3511     0.0400               0.8469 3.8849e-19
                       48  3.7705     0.0400               0.4275 3.8849e-19
                       50  3.8314     0.0400               0.3666 3.8849e-19
                       63  4.0052     0.0400               0.1928 3.8849e-19
                       65  4.0172     0.0400               0.1808 3.8849e-19
                       68  4.0560     0.0400               0.1420 3.8849e-19
 79  4.1892    1.5+                          6.8488e-18
                        0  0.0000     1.0000               4.1892 6.8425e-18
 78  4.1817    3.5+                          1.9922e-17
                        3  1.1646     1.0000               3.0171 1.9897e-17
 77  4.1740    4.5-                          3.0293e-17
                       13  2.5000     0.1429               1.6740 4.3276e-18
                       36  3.2669     0.1429               0.9071 4.3276e-18
                       51  3.8630     0.1429               0.3110 4.3276e-18
                       53  3.8970     0.1429               0.2770 4.3276e-18
                       70  4.0990     0.1429               0.0750 4.3276e-18
                       71  4.1067     0.1429               0.0673 4.3276e-18
                       75  4.1550     0.1429               0.0190 4.3276e-18
 76  4.1615    2.5+                          1.2854e-17
                        6  1.5573     0.3790               2.6042 4.8667e-18
                        3  1.1646     0.6210               2.9969 7.9782e-18
 75  4.1550    3.5+                          2.7958e-17
                        0  0.0000     1.0000               4.1550 2.7909e-17
 74  4.1367    0.5-                          5.8920e-18
                       16  2.7626     0.1525               1.3741 8.9834e-19
                        4  1.3526     0.8475               2.7841 4.9899e-18
 73  4.1191    0.5+                          6.0344e-18
                        8  2.0019     1.0000               2.1172 6.0329e-18
 72  4.1110    1.5+                          1.2470e-17
                       16  2.7626     0.3333               1.3484 4.1567e-18
                        8  2.0019     0.3333               2.1091 4.1567e-18
                        1  0.7491     0.3333               3.3619 4.1567e-18
 71  4.1067    4.5+                          5.4064e-17
                       24  3.0017     0.4080               1.1050 2.2053e-17
                        3  1.1646     0.5920               2.9421 3.1967e-17
                        0  0.0000     0.0000               4.1067 0.0000e+00
 70  4.0990    4.5+                          5.6906e-17
                        0  0.0000     0.0435               4.0990 2.4742e-18
                        3  1.1646     0.0435               2.9344 2.4742e-18
                        5  1.4801     0.0435               2.6189 2.4742e-18
                        6  1.5573     0.0435               2.5417 2.4742e-18
                       10  2.3126     0.0435               1.7864 2.4742e-18
                       11  2.3795     0.0435               1.7195 2.4742e-18
                       14  2.6990     0.0435               1.4000 2.4742e-18
                       15  2.7044     0.0435               1.3946 2.4742e-18
                       17  2.7673     0.0435               1.3317 2.4742e-18
                       21  2.9110     0.0435               1.1880 2.4742e-18
                       27  3.0186     0.0435               1.0804 2.4742e-18
                       29  3.1092     0.0435               0.9898 2.4742e-18
                       33  3.2041     0.0435               0.8949 2.4742e-18
                       34  3.2072     0.0435               0.8918 2.4742e-18
                       39  3.3511     0.0435               0.7479 2.4742e-18
                       40  3.3760     0.0435               0.7230 2.4742e-18
                       45  3.7221     0.0435               0.3769 2.4742e-18
                       46  3.7590     0.0435               0.3400 2.4742e-18
                       50  3.8314     0.0435               0.2676 2.4742e-18
                       52  3.8707     0.0435               0.2283 2.4742e-18
                       56  3.9337     0.0435               0.1653 2.4742e-18
                       64  4.0066     0.0435               0.0924 2.4742e-18
                       66  4.0200     0.0435               0.0790 2.4742e-18
 69  4.0712    1.5+                          1.6865e-17                       4.0000e-14
                        6  1.5573     0.3333               2.5139 5.6218e-18
                        1  0.7491     0.3333               3.3221 5.6218e-18
                        0  0.0000     0.3333               4.0712 5.6218e-18
 68  4.0560    2.5-                          3.1931e-17
                        7  1.8992     0.3197               2.1568 1.0204e-17
                        4  1.3526     0.6803               2.7034 2.1709e-17
 67  4.0400    0.5-                          1.2166e-17
                       30  3.1259     0.0654               0.9141 7.9601e-19
                        7  1.8992     0.1309               2.1408 1.5919e-18
                        2  0.7770     0.5953               3.2630 7.2366e-18
                        1  0.7491     0.2084               3.2909 2.5332e-18
 66  4.0200    4.5-                          1.0263e-16
                        1  0.7491     1.0000               3.2709 1.0258e-16
 65  4.0172    2.5-                          4.2431e-17                       2.1000e-14
                        1  0.7491     0.5000               3.2681 2.1215e-17
                        0  0.0000     0.5000               4.0172 2.1215e-17
 64  4.0066    4.5-                          1.1348e-16
                        6  1.5573     0.4998               2.4493 5.6686e-17
                        0  0.0000     0.5002               4.0066 5.6697e-17
 63  4.0052    2.5-                          4.6328e-17
                        8  2.0019     0.5000               2.0033 2.3164e-17
                        7  1.8992     0.5000               2.1060 2.3164e-17
 62  3.9900    1.5+                          3.1033e-17
                        1  0.7491     0.0556               3.2409 1.7240e-18
                        2  0.7770     0.0556               3.2130 1.7240e-18
                        4  1.3526     0.0556               2.6374 1.7240e-18
                        7  1.8992     0.0556               2.0908 1.7240e-18
                        8  2.0019     0.0556               1.9881 1.7240e-18
                       18  2.8285     0.0556               1.1615 1.7240e-18
                       19  2.8902     0.0556               1.0998 1.7240e-18
                       22  2.9482     0.0556               1.0418 1.7240e-18
                       24  3.0017     0.0556               0.9883 1.7240e-18
                       28  3.0559     0.0556               0.9341 1.7240e-18
                       30  3.1259     0.0556               0.8641 1.7240e-18
                       31  3.1348     0.0556               0.8552 1.7240e-18
                       35  3.2626     0.0556               0.7274 1.7240e-18
                       37  3.3442     0.0556               0.6458 1.7240e-18
                       38  3.3483     0.0556               0.6417 1.7240e-18
                       47  3.7668     0.0556               0.2232 1.7240e-18
                       48  3.7705     0.0556               0.2195 1.7240e-18
                       59  3.9712     0.0556               0.0188 1.7240e-18
 61  3.9848    2.5+                          4.8752e-17                       2.2000e-14
                       24  3.0017     0.3095               0.9831 1.5088e-17
                        8  2.0019     0.1592               1.9829 7.7564e-18
                        6  1.5573     0.0885               2.4275 4.3101e-18
                        0  0.0000     0.4428               3.9848 2.1552e-17
 60  3.9774    2.5+                          5.1508e-17                       3.5000e-14
                        6  1.5573     0.1813               2.4201 9.3298e-18
                        4  1.3526     0.5181               2.6247 2.6659e-17
                        1  0.7491     0.3006               3.2283 1.5462e-17
 59  3.9712    0.5-                          2.2005e-17
                       30  3.1259     1.0000               0.8453 2.2001e-17
 58  3.9532    2.5+                          6.1628e-17                       3.1000e-14
                        4  1.3526     0.3093               2.6006 1.9042e-17
                        1  0.7491     0.2421               3.2041 1.4900e-17
                        0  0.0000     0.4486               3.9532 2.7601e-17
 57  3.9470    0.5+                          2.2083e-17
                        1  0.7491     0.0833               3.1979 1.8402e-18
                        2  0.7770     0.0833               3.1700 1.8402e-18
                        7  1.8992     0.0833               2.0478 1.8402e-18
                       18  2.8285     0.0833               1.1185 1.8402e-18
                       19  2.8902     0.0833               1.0568 1.8402e-18
                       28  3.0559     0.0833               0.8911 1.8402e-18
                       30  3.1259     0.0833               0.8211 1.8402e-18
                       31  3.1348     0.0833               0.8122 1.8402e-18
                       35  3.2626     0.0833               0.6844 1.8402e-18
                       38  3.3483     0.0833               0.5987 1.8402e-18
                       47  3.7668     0.0833               0.1802 1.8402e-18
                       48  3.7705     0.0833               0.1765 1.8402e-18
 56  3.9337    4.5-                          1.9599e-16
                        3  1.1646     1.0000               2.7691 1.9587e-16
 55  3.9275    2.5+                          7.4504e-17                       2.5000e-14
                       19  2.8902     0.3889               1.0373 2.8973e-17
                        5  1.4801     0.3307               2.4474 2.4629e-17
                        0  0.0000     0.2804               3.9275 2.0857e-17
 54  3.9003    2.5+                          9.0997e-17                       5.5000e-14
                        7  1.8992     0.0740               2.0011 6.7302e-18
                        0  0.0000     0.9260               3.9003 8.4124e-17
 53  3.8970    4.5+                          2.3799e-16
                        0  0.0000     0.0500               3.8970 1.1899e-17
                        3  1.1646     0.0500               2.7324 1.1899e-17
                        5  1.4801     0.0500               2.4169 1.1899e-17
                        6  1.5573     0.0500               2.3397 1.1899e-17
                       10  2.3126     0.0500               1.5844 1.1899e-17
                       11  2.3795     0.0500               1.5175 1.1899e-17
                       14  2.6990     0.0500               1.1980 1.1899e-17
                       15  2.7044     0.0500               1.1926 1.1899e-17
                       17  2.7673     0.0500               1.1297 1.1899e-17
                       21  2.9110     0.0500               0.9860 1.1899e-17
                       27  3.0186     0.0500               0.8784 1.1899e-17
                       29  3.1092     0.0500               0.7878 1.1899e-17
                       33  3.2041     0.0500               0.6929 1.1899e-17
                       34  3.2072     0.0500               0.6898 1.1899e-17
                       39  3.3511     0.0500               0.5459 1.1899e-17
                       40  3.3760     0.0500               0.5210 1.1899e-17
                       45  3.7221     0.0500               0.1749 1.1899e-17
                       46  3.7590     0.0500               0.1380 1.1899e-17
                       50  3.8314     0.0500               0.0656 1.1899e-17
                       52  3.8707     0.0500               0.0263 1.1899e-17
 52  3.8707    5.5-                          5.8296e-16
                        3  1.1646     1.0000               2.7061 5.8260e-16
 51  3.8630    4.5+                          3.0520e-16
                        0  0.0000     0.0526               3.8630 1.6063e-17
                        3  1.1646     0.0526               2.6984 1.6063e-17
                        5  1.4801     0.0526               2.3829 1.6063e-17
                        6  1.5573     0.0526               2.3057 1.6063e-17
                       10  2.3126     0.0526               1.5504 1.6063e-17
                       11  2.3795     0.0526               1.4835 1.6063e-17
                       14  2.6990     0.0526               1.1640 1.6063e-17
                       15  2.7044     0.0526               1.1586 1.6063e-17
                       17  2.7673     0.0526               1.0957 1.6063e-17
                       21  2.9110     0.0526               0.9520 1.6063e-17
                       27  3.0186     0.0526               0.8444 1.6063e-17
                       29  3.1092     0.0526               0.7538 1.6063e-17
                       33  3.2041     0.0526               0.6589 1.6063e-17
                       34  3.2072     0.0526               0.6558 1.6063e-17
                       39  3.3511     0.0526               0.5119 1.6063e-17
                       40  3.3760     0.0526               0.4870 1.6063e-17
                       45  3.7221     0.0526               0.1409 1.6063e-17
                       46  3.7590     0.0526               0.1040 1.6063e-17
                       50  3.8314     0.0526               0.0316 1.6063e-17
 50  3.8314    3.5-                          2.7772e-16                       3.0000e-14
                       11  2.3795     0.0405               1.4519 1.1250e-17
                        6  1.5573     0.4503               2.2741 1.2502e-16
                        5  1.4801     0.1892               2.3513 5.2512e-17
                        0  0.0000     0.3200               3.8314 8.8766e-17
 49  3.8167    9.5-                          1.9415e-14
                       32  3.1807     1.0000               0.6360 1.9407e-14
 48  3.7705    1.5-                          1.7334e-16                       2.8000e-14
                       20  2.9081     0.0333               0.8624 5.7733e-18
                        2  0.7770     0.3000               2.9935 5.1963e-17
                        1  0.7491     0.6667               3.0214 1.1548e-16
 47  3.7668    0.5-                          9.3528e-17
                        2  0.7770     0.4764               2.9898 4.4526e-17
                        1  0.7491     0.5236               3.0177 4.8935e-17
 46  3.7590    4.5-                          7.4699e-16
                       13  2.5000     0.5000               1.2590 3.7350e-16
                       36  3.2669     0.5000               0.4921 3.7350e-16
 45  3.7221    5.5-                          1.7973e-15
                        6  1.5573     0.9099               2.1648 1.6346e-15
                        0  0.0000     0.0901               3.7221 1.6182e-16
 44  3.7190    0.5+                          1.1679e-16
                        1  0.7491     0.1000               2.9699 1.1679e-17
                        2  0.7770     0.1000               2.9421 1.1679e-17
                        7  1.8992     0.1000               1.8198 1.1679e-17
                       18  2.8285     0.1000               0.8905 1.1679e-17
                       19  2.8902     0.1000               0.8288 1.1679e-17
                       28  3.0559     0.1000               0.6631 1.1679e-17
                       30  3.1259     0.1000               0.5931 1.1679e-17
                       31  3.1348     0.1000               0.5842 1.1679e-17
                       35  3.2626     0.1000               0.4564 1.1679e-17
                       38  3.3483     0.1000               0.3707 1.1679e-17
 43  3.5900    7.5-                          1.8470e-14
                        9  2.2555     1.0000               1.3345 1.8470e-14
 42  3.5784    6.5-                          1.0629e-14                       7.0000e-14
                       12  2.3854     1.0000               1.1930 1.0628e-14
 41  3.4475    6.5-                          2.9251e-14                       7.0000e-14
                        9  2.2555     1.0000               1.1920 2.9249e-14
 40  3.3760    4.5-                          1.1507e-14
                       13  2.5000     0.5000               0.8760 5.7534e-15
                       36  3.2669     0.5000               0.1091 5.7534e-15
 39  3.3511    3.5-                          7.3858e-15
                        7  1.8992     0.3298               1.4519 2.4355e-15
                        6  1.5573     0.3509               1.7938 2.5911e-15
                        4  1.3526     0.3193               1.9985 2.3575e-15
 38  3.3483    1.5-                          3.2541e-15
                        1  0.7491     1.0000               2.5992 3.2522e-15
 37  3.3442    2.5-                          4.9708e-15
                       21  2.9110     0.0141               0.4332 7.0156e-17
                        8  2.0019     0.2928               1.3423 1.4554e-15
                        6  1.5573     0.6507               1.7869 3.2339e-15
                        0  0.0000     0.0423               3.3442 2.1024e-16
 36  3.2669    4.5+                          2.8686e-14
                        5  1.4801     0.8620               1.7868 2.4715e-14
                        3  1.1646     0.1380               2.1023 3.9559e-15
 35  3.2626    1.5-                          5.8227e-15                       3.1000e-14
                        1  0.7491     0.5813               2.5135 3.3829e-15
                        0  0.0000     0.4187               3.2626 2.4358e-15
 34  3.2072    4.5-                          3.7764e-14                       5.5000e-14
                       21  2.9110     0.0040               0.2962 1.5152e-16
                        6  1.5573     0.1111               1.6500 4.1949e-15
                        4  1.3526     0.1976               1.8546 7.4602e-15
                        3  1.1646     0.6175               2.0426 2.3312e-14
                        0  0.0000     0.0698               3.2072 2.6319e-15
 33  3.2041    3.5-                          2.0170e-14                       4.3000e-14
                        0  0.0000     1.0000               3.2041 2.0153e-14
 32  3.1807    8.5-                          1.8223e-12
                        9  2.2555     1.0000               0.9252 1.8220e-12
 31  3.1348    1.5-                          1.3806e-14                       4.5000e-14
                        4  1.3526     0.9398               1.7821 1.2972e-14
                        0  0.0000     0.0602               3.1348 8.3030e-16
 30  3.1259    1.5-                          1.4682e-14                       8.3000e-14
                        8  2.0019     0.1923               1.1240 2.8228e-15
                        2  0.7770     0.2583               2.3490 3.7902e-15
                        1  0.7491     0.5494               2.3768 8.0631e-15
 29  3.1092    4.5-                          7.4799e-14                       5.4000e-14
                        8  2.0019     0.3399               1.1073 2.5421e-14
                        4  1.3526     0.0300               1.7566 2.2441e-15
                        3  1.1646     0.2500               1.9446 1.8695e-14
                        0  0.0000     0.3801               3.1092 2.8408e-14
 28  3.0559    0.5-                          1.2140e-14                       6.9000e-14
                        7  1.8992     0.2216               1.1567 2.6896e-15
                        2  0.7770     0.5405               2.2790 6.5594e-15
                        1  0.7491     0.2379               2.3068 2.8864e-15
 27  3.0186    5.5-                          3.0614e-13                       4.9000e-14
                       12  2.3854     0.1818               0.6332 5.5634e-14
                        5  1.4801     0.0625               1.5385 1.9122e-14
                        3  1.1646     0.1874               1.8540 5.7357e-14
                        0  0.0000     0.5683               3.0186 1.7384e-13
 26  3.0160    2.5+                          4.2419e-14
                        0  0.0000     0.0769               3.0160 3.2630e-15
                        1  0.7491     0.0769               2.2669 3.2630e-15
                        4  1.3526     0.0769               1.6634 3.2630e-15
                        6  1.5573     0.0769               1.4587 3.2630e-15
                        7  1.8992     0.0769               1.1168 3.2630e-15
                        8  2.0019     0.0769               1.0141 3.2630e-15
                       10  2.3126     0.0769               0.7034 3.2630e-15
                       14  2.6990     0.0769               0.3170 3.2630e-15
                       18  2.8285     0.0769               0.1875 3.2630e-15
                       19  2.8902     0.0769               0.1258 3.2630e-15
                       21  2.9110     0.0769               0.1050 3.2630e-15
                       22  2.9482     0.0769               0.0678 3.2630e-15
                       24  3.0017     0.0769               0.0143 3.2630e-15
 25  3.0044    1.5+                          3.0709e-14                       3.4000e-13
                        8  2.0019     0.5494               1.0025 1.6870e-14
                        1  0.7491     0.4506               2.2553 1.3832e-14
 24  3.0017    2.5-                          5.3745e-14                       1.5000e-11
                        0  0.0000     1.0000               3.0017 5.3708e-14
 23  2.9700    2.5+                          5.7852e-14
                        0  0.0000     0.0833               2.9700 4.8210e-15
                        1  0.7491     0.0833               2.2209 4.8210e-15
                        4  1.3526     0.0833               1.6174 4.8210e-15
                        6  1.5573     0.0833               1.4127 4.8210e-15
                        7  1.8992     0.0833               1.0708 4.8210e-15
                        8  2.0019     0.0833               0.9681 4.8210e-15
                       10  2.3126     0.0833               0.6574 4.8210e-15
                       14  2.6990     0.0833               0.2710 4.8210e-15
                       18  2.8285     0.0833               0.1415 4.8210e-15
                       19  2.8902     0.0833               0.0798 4.8210e-15
                       21  2.9110     0.0833               0.0590 4.8210e-15
                       22  2.9482     0.0833               0.0218 4.8210e-15
 22  2.9482    2.5-                          8.0297e-14                       1.1900e-13
                        7  1.8992     0.3093               1.0490 2.4833e-14
                        6  1.5573     0.3596               1.3909 2.8872e-14
                        0  0.0000     0.3311               2.9482 2.6567e-14
 21  2.9110    3.5-                          1.5366e-13                       3.0000e-14
                        6  1.5573     0.5813               1.3537 8.9311e-14
                        4  1.3526     0.0581               1.5584 8.9307e-15
                        1  0.7491     0.1105               2.1619 1.6972e-14
                        0  0.0000     0.2501               2.9110 3.8402e-14
 20  2.9081    2.5+                          8.7805e-14
                        1  0.7491     1.0000               2.1590 8.7738e-14
 19  2.8902    1.5-                          7.9323e-14                       3.5000e-13
                       11  2.3795     0.1710               0.5107 1.3501e-14
                        8  2.0019     0.2791               0.8883 2.2135e-14
                        7  1.8992     0.1005               0.9910 7.9707e-15
                        4  1.3526     0.2456               1.5376 1.9478e-14
                        2  0.7770     0.1424               2.1132 1.1291e-14
                        1  0.7491     0.0614               2.1411 4.8701e-15
 18  2.8285    1.5-                          1.1552e-13                       5.9000e-14
                        8  2.0019     0.3774               0.8266 4.3591e-14
                        7  1.8992     0.1323               0.9293 1.5282e-14
                        1  0.7491     0.4902               2.0794 5.6613e-14
 17  2.7673    4.5-                          7.8008e-13                       4.1000e-14
                       10  2.3126     0.0210               0.4547 1.6356e-14
                        5  1.4801     0.2147               1.2872 1.6747e-13
                        3  1.1646     0.2647               1.6027 2.0646e-13
                        0  0.0000     0.4996               2.7673 3.8949e-13
 16  2.7626    0.5+                          8.0618e-14                       7.1000e-14
                        1  0.7491     1.0000               2.0135 8.0564e-14
 15  2.7044    5.5-                          2.8538e-12                       8.5000e-14
                        6  1.5573     0.7396               1.1471 2.1105e-12
                        5  1.4801     0.1398               1.2243 3.9894e-13
                        3  1.1646     0.0902               1.5398 2.5750e-13
                        0  0.0000     0.0303               2.7044 8.6530e-14
 14  2.6990    3.5-                          5.9543e-13
                        0  0.0000     1.0000               2.6990 5.9543e-13
 13  2.5000    5.5+                          1.2809e-11
                        3  1.1646     0.2500               1.3354 3.2023e-12
                        5  1.4801     0.2500               1.0199 3.2023e-12
                       11  2.3795     0.2500               0.1205 3.2023e-12
                       12  2.3854     0.2500               0.1146 3.2023e-12
 12  2.3854    6.5-                          1.1209e-10                       5.9000e-14
                        5  1.4801     1.0000               0.9053 1.1207e-10
 11  2.3795    4.5-                          1.3656e-11                       3.1000e-13
                        6  1.5573     0.1288               0.8222 1.7585e-12
                        5  1.4801     0.1793               0.8994 2.4481e-12
                        4  1.3526     0.2605               1.0268 3.5568e-12
                        3  1.1646     0.1512               1.2149 2.0645e-12
                        0  0.0000     0.2802               2.3795 3.8245e-12
 10  2.3126    3.5-                          6.8482e-12                       1.5000e-14
                        3  1.1646     0.8613               1.1480 5.8977e-12
                        0  0.0000     0.1387               2.3126 9.4941e-13
  9  2.2555    7.5-                          8.7119e-10                       4.5800e-11
                        5  1.4801     1.0000               0.7754 8.7092e-10
  8  2.0019    2.5-                          3.1295e-11                       1.7000e-14
                        0  0.0000     1.0000               2.0019 3.1286e-11
  7  1.8992    1.5-                          4.1852e-11                       2.9000e-13
                        2  0.7770     0.0791               1.1222 3.3090e-12
                        1  0.7491     0.1818               1.1501 7.6081e-12
                        0  0.0000     0.7391               1.8992 3.0924e-11
  6  1.5573    3.5-                          6.3925e-10                       4.2000e-12
                        4  1.3526     0.0517               0.2046 3.2561e-11
                        1  0.7491     0.7936               0.8082 5.0717e-10
                        0  0.0000     0.1547               1.5573 9.8878e-11
  5  1.4801    5.5-                          1.4814e-08                       5.5000e-13
                        3  1.1646     0.4814               0.3155 7.1208e-09
                        0  0.0000     0.5186               1.4801 7.6812e-09
  4  1.3526    2.5-                          1.6560e-09                       3.8000e-12
                        2  0.7770     0.0902               0.5757 1.4923e-10
                        1  0.7491     0.5634               0.6035 9.3267e-10
                        0  0.0000     0.3464               1.3526 5.7360e-10
  3  1.1646    4.5-                          3.6261e-08                       7.6000e-14
                        0  0.0000     1.0000               1.1646 3.6258e-08
  2  0.7770    0.5-                          4.5731e-08                       6.9000e-09
                        1  0.7491     0.9969               0.0279 2.3930e-08
                        0  0.0000     0.0031               0.7770 1.4356e-10
  1  0.7491    1.5-                          1.3061e-07                       3.3000e-09
                        0  0.0000     1.0000               0.7491 1.3056e-07
  0  0.0000    3.5-                          1.1355e-05                       2.3930e+06
#......................................................................../  028-058Ni //  21.000000
#                                                                          SUM SPECTRA FOR COMPOUND
#            025-053Mn      gamma
 SpcSum[mb]            1.1213e-19
 Emean[MeV]            4.0000e-01
#......................................................................../  028-058Ni //  21.000000
#                                                                   GAMMAS FROM DISCRETE TRANSITION
#           0 1 1 1 0 0             025-053Mn
#   Ex[MeV]     Jpi    FinalState  Branching Production    Egamma Production   T(1/2)[s]
  4  1.6201    4.5-                          2.7108e-29                       4.8000e-13
                        1  0.3779     0.0991               1.2422 2.6858e-30
                        0  0.0000     0.9009               1.6201 2.4417e-29
  3  1.4411    5.5-                          2.0088e-27                       6.0000e-13
                        0  0.0000     1.0000               1.4411 2.0085e-27
  2  1.2898    1.5-                          4.8055e-28                       5.5000e-13
                        1  0.3779     0.4595               0.9119 2.2078e-28
                        0  0.0000     0.5405               1.2898 2.5971e-28
  1  0.3779    2.5-                          1.1231e-19                       1.1700e-10
                        0  0.0000     1.0000               0.3779 1.1213e-19
  0  0.0000    3.5-                          2.6383e-17                       1.1680e+14
#......................................................................../  028-058Ni //  21.000000
#                                                                          SUM SPECTRA FOR COMPOUND
#            023-048V       gamma     proton      alpha
 SpcSum[mb]            4.5014e-20 0.0000e+00 0.0000e+00
 Emean[MeV]            4.0087e-01 0.0000e+00 0.0000e+00
#......................................................................../  028-058Ni //  21.000000
#                                                                   GAMMAS FROM DISCRETE TRANSITION
#           0 0 3 0 0 0             023-048V 
#   Ex[MeV]     Jpi    FinalState  Branching Production    Egamma Production   T(1/2)[s]
 32  2.2893    1.0+                          5.7505e-29
                        1  0.3083     1.0000               1.9810 5.7487e-29
 31  2.2580    2.0+                          1.5141e-28
                        4  0.5187     0.1429               1.7393 2.1629e-29
                        7  0.7450     0.1429               1.5130 2.1629e-29
                       10  1.0558     0.1429               1.2022 2.1629e-29
                       22  1.7640     0.1429               0.4940 2.1629e-29
                       24  1.9985     0.1429               0.2595 2.1629e-29
                       26  2.0980     0.1429               0.1600 2.1629e-29
                       28  2.1870     0.1429               0.0710 2.1629e-29
 30  2.2318    8.0+                          2.5684e-27                       2.1500e-13
                       13  1.2545     0.5405               0.9774 1.3881e-27
                        6  0.6273     0.4595               1.6045 1.1800e-27
 29  2.1977    2.0+                          2.9619e-28
                       10  1.0558     0.2481               1.1419 7.3479e-29
                        0  0.0000     0.7519               2.1977 2.2261e-28
 28  2.1870    2.0-                          3.4856e-28
                        1  0.3083     0.1429               1.8787 4.9794e-29
                        2  0.4207     0.1429               1.7663 4.9794e-29
                        8  0.7650     0.1429               1.4220 4.9794e-29
                       16  1.5212     0.1429               0.6658 4.9794e-29
                       19  1.6915     0.1429               0.4955 4.9794e-29
                       23  1.7810     0.1429               0.4060 4.9794e-29
                       27  2.1200     0.1429               0.0670 4.9794e-29
 27  2.1200    3.0+                          1.1819e-27
                        7  0.7450     0.1429               1.3750 1.6885e-28
                       10  1.0558     0.1429               1.0642 1.6885e-28
                       11  1.0992     0.1429               1.0208 1.6885e-28
                       17  1.5575     0.1429               0.5625 1.6885e-28
                       22  1.7640     0.1429               0.3560 1.6885e-28
                       24  1.9985     0.1429               0.1216 1.6885e-28
                       26  2.0980     0.1429               0.0220 1.6885e-28
 26  2.0980    2.0-                          1.0509e-27
                        1  0.3083     0.1667               1.7897 1.7515e-28
                        2  0.4207     0.1667               1.6773 1.7515e-28
                        8  0.7650     0.1667               1.3330 1.7515e-28
                       16  1.5212     0.1667               0.5768 1.7515e-28
                       19  1.6915     0.1667               0.4065 1.7515e-28
                       23  1.7810     0.1667               0.3170 1.7515e-28
 25  2.0623    5.0-                          4.5593e-27                       2.1000e-12
                       17  1.5575     0.5182               0.5047 2.3616e-27
                       10  1.0558     0.2228               1.0064 1.0157e-27
                        5  0.6134     0.2590               1.4489 1.1806e-27
 24  1.9985    3.0-                          4.0470e-27
                       11  1.0992     0.5000               0.8993 2.0235e-27
                        7  0.7450     0.5000               1.2534 2.0235e-27
 23  1.7810    3.0+                          3.7035e-26
                        5  0.6134     0.4206               1.1676 1.5575e-26
                        1  0.3083     0.4292               1.4727 1.5894e-26
                        0  0.0000     0.1502               1.7810 5.5614e-27
 22  1.7640    3.0-                          4.1746e-26
                        0  0.0000     0.1429               1.7640 5.9637e-27
                        1  0.3083     0.1429               1.4557 5.9637e-27
                        5  0.6134     0.1429               1.1506 5.9637e-27
                        8  0.7650     0.1429               0.9990 5.9637e-27
                       12  1.1208     0.1429               0.6432 5.9637e-27
                       16  1.5212     0.1429               0.2428 5.9637e-27
                       19  1.6915     0.1429               0.0725 5.9637e-27
 21  1.7503    6.0+                          1.8041e-25
                       14  1.2646     0.1364               0.4857 2.4590e-26
                        6  0.6273     0.0455               1.1230 8.1995e-27
                        5  0.6134     0.0606               1.1369 1.0933e-26
                        3  0.4279     0.7575               1.3224 1.3666e-25
 20  1.7300    5.0+                          1.4157e-25
                       11  1.0992     0.2500               0.6308 3.5391e-26
                       15  1.3260     0.2500               0.4040 3.5391e-26
                       17  1.5575     0.2500               0.1725 3.5391e-26
                       18  1.6856     0.2500               0.0444 3.5391e-26
 19  1.6915    2.0+                          6.0909e-26
                        4  0.5187     0.3103               1.1728 1.8898e-26
                        0  0.0000     0.6897               1.6915 4.2000e-26
 18  1.6856    5.0-                          2.4547e-25                       6.0000e-13
                       11  1.0992     0.9091               0.5864 2.2308e-25
                        0  0.0000     0.0909               1.6856 2.2308e-26
 17  1.5575    4.0-                          5.1497e-25                       9.7000e-13
                       11  1.0992     0.0853               0.4583 4.3892e-26
                       10  1.0558     0.7752               0.5017 3.9902e-25
                        7  0.7450     0.1395               0.8125 7.1821e-26
 16  1.5212    2.0+                          2.8577e-25                       3.0000e-12
                        8  0.7650     0.1982               0.7562 5.6635e-26
                        2  0.4207     0.3513               1.1005 1.0039e-25
                        1  0.3083     0.4504               1.2129 1.2871e-25
 15  1.3260    6.0-                          1.0839e-23
                        3  0.4279     0.2000               0.8981 2.1679e-24
                        6  0.6273     0.2000               0.6987 2.1679e-24
                        9  0.7762     0.2000               0.5498 2.1679e-24
                       13  1.2545     0.2000               0.0716 2.1679e-24
                       14  1.2646     0.2000               0.0614 2.1679e-24
 14  1.2646    5.0+                          1.3693e-23                       1.9000e-12
                        8  0.7650     0.0473               0.4996 6.4748e-25
                        6  0.6273     0.1824               0.6373 2.4969e-24
                        5  0.6134     0.6757               0.6512 9.2492e-24
                        3  0.4279     0.0473               0.8367 6.4748e-25
                        0  0.0000     0.0473               1.2646 6.4754e-25
 13  1.2545    7.0+                          3.9092e-23                       4.1000e-13
                        6  0.6273     0.9804               0.6272 3.8314e-23
                        3  0.4279     0.0196               0.8265 7.6641e-25
 12  1.1208    4.0+                          2.5560e-23
                        1  0.3083     0.3421               0.8125 8.7418e-24
                        0  0.0000     0.6579               1.1208 1.6814e-23
 11  1.0992    4.0-                          3.2080e-23                       4.5000e-12
                        5  0.6134     0.0681               0.4858 2.1847e-24
                        3  0.4279     0.0358               0.6713 1.1496e-24
                        0  0.0000     0.8960               1.0992 2.8743e-23
 10  1.0558    3.0-                          2.9888e-23                       4.5000e-12
                        7  0.7450     0.7985               0.3108 2.3790e-23
                        5  0.6134     0.0796               0.4425 2.3791e-24
                        4  0.5187     0.0741               0.5372 2.2124e-24
                        0  0.0000     0.0478               1.0558 1.4274e-24
  9  0.7762    5.0+                          8.6717e-22
                        0  0.0000     1.0000               0.7762 8.6698e-22
  8  0.7650    3.0+                          3.5597e-22                       2.6000e-12
                        5  0.6134     0.0212               0.1516 7.4898e-24
                        2  0.4207     0.0211               0.3443 7.4910e-24
                        1  0.3083     0.5263               0.4567 1.8724e-22
                        0  0.0000     0.4314               0.7650 1.5354e-22
  7  0.7450    2.0-                          3.0256e-22                       1.7300e-11
                        4  0.5187     0.9200               0.2263 2.7759e-22
                        2  0.4207     0.0313               0.3243 9.4372e-24
                        1  0.3083     0.0487               0.4367 1.4712e-23
  6  0.6273    6.0+                          6.0045e-21                       7.5700e-11
                        3  0.4279     0.4127               0.1994 2.4675e-21
                        0  0.0000     0.5873               0.6273 3.5247e-21
  5  0.6134    4.0+                          1.9855e-21                       1.5000e-11
                        3  0.4279     0.1051               0.1855 2.0772e-22
                        1  0.3083     0.0509               0.3051 1.0050e-22
                        0  0.0000     0.8440               0.6134 1.6752e-21
  4  0.5187    1.0-                          1.2799e-21                       2.7200e-09
                        2  0.4207     0.3445               0.0980 4.2656e-22
                        1  0.3083     0.6555               0.2104 8.3630e-22
  3  0.4279    5.0+                          1.9027e-20                       6.1000e-12
                        0  0.0000     1.0000               0.4279 1.9014e-20
  2  0.4207    1.0+                          2.6767e-21                       1.3500e-10
                        1  0.3083     0.9997               0.1124 2.6327e-21
                        0  0.0000     0.0003               0.4207 7.8979e-25
  1  0.3083    2.0+                          1.2515e-20                       7.1100e-09
                        0  0.0000     1.0000               0.3083 1.2451e-20
  0  0.0000    4.0+                          3.1058e-19                       1.3800e+06
#......................................................................../  028-058Ni //  21.000000
#                                                                          SUM SPECTRA FOR COMPOUND
#            024-050Cr      gamma
 SpcSum[mb]            0.0000e+00
 Emean[MeV]            0.0000e+00
#......................................................................../  028-058Ni //  21.000000
#                                                                   GAMMAS FROM DISCRETE TRANSITION
#           0 0 2 1 0 0             024-050Cr
#   Ex[MeV]     Jpi    FinalState  Branching Production    Egamma Production   T(1/2)[s]
  0  0.0000    0.0+                          4.9212e-29
#......................................................................../  028-058Ni //  21.000000
#                                                                          SUM SPECTRA FOR COMPOUND
#            026-056Fe      gamma
 SpcSum[mb]            3.1520e-15
 Emean[MeV]            8.0000e-01
#......................................................................../  028-058Ni //  21.000000
#                                                                   GAMMAS FROM DISCRETE TRANSITION
#           1 3 0 0 0 0             026-056Fe
#   Ex[MeV]     Jpi    FinalState  Branching Production    Egamma Production   T(1/2)[s]
  2  2.0851    4.0+                          4.6920e-27                       6.4000e-13
                        1  0.8468     1.0000               1.2383 4.6913e-27
  1  0.8468    2.0+                          3.1529e-15                       6.0700e-12
                        0  0.0000     1.0000               0.8468 3.1520e-15
  0  0.0000    0.0+                          2.6330e-11
#......................................................................../  028-058Ni //  21.000000
#                                                                          SUM SPECTRA FOR COMPOUND
#            025-053Mn      gamma
 SpcSum[mb]            0.0000e+00
 Emean[MeV]            0.0000e+00
#......................................................................../  028-058Ni //  21.000000
#                                                                   GAMMAS FROM DISCRETE TRANSITION
#           1 2 1 0 0 0             025-053Mn
#   Ex[MeV]     Jpi    FinalState  Branching Production    Egamma Production   T(1/2)[s]
  0  0.0000    3.5-                          0.0000e+00
#......................................................................../  028-058Ni //  21.000000
#                                                                          SUM SPECTRA FOR COMPOUND
#            024-050Cr      gamma
 SpcSum[mb]            0.0000e+00
 Emean[MeV]            0.0000e+00
#......................................................................../  028-058Ni //  21.000000
#                                                                   GAMMAS FROM DISCRETE TRANSITION
#           1 1 2 0 0 0             024-050Cr
#   Ex[MeV]     Jpi    FinalState  Branching Production    Egamma Production   T(1/2)[s]
  0  0.0000    0.0+                          0.0000e+00
#......................................................................../  028-058Ni //  21.000000
#                                                                          SUM SPECTRA FOR COMPOUND
#            025-056Mn      gamma
 SpcSum[mb]            0.0000e+00
 Emean[MeV]            0.0000e+00
#......................................................................../  028-058Ni //  21.000000
#                                                                   GAMMAS FROM DISCRETE TRANSITION
#           0 4 0 0 0 0             025-056Mn
#   Ex[MeV]     Jpi    FinalState  Branching Production    Egamma Production   T(1/2)[s]
  0  0.0000    3.0+                          0.0000e+00
#......................................................................../  028-058Ni //  21.000000
#                                                                          SUM SPECTRA FOR COMPOUND
#            024-053Cr      gamma
 SpcSum[mb]            0.0000e+00
 Emean[MeV]            0.0000e+00
#......................................................................../  028-058Ni //  21.000000
#                                                                   GAMMAS FROM DISCRETE TRANSITION
#           0 3 1 0 0 0             024-053Cr
#   Ex[MeV]     Jpi    FinalState  Branching Production    Egamma Production   T(1/2)[s]
  0  0.0000    1.5-                          0.0000e+00
#......................................................................../  028-058Ni //  21.000000
#                                                                          SUM SPECTRA FOR COMPOUND
#            023-050V       gamma
 SpcSum[mb]            0.0000e+00
 Emean[MeV]            0.0000e+00
#......................................................................../  028-058Ni //  21.000000
#                                                                   GAMMAS FROM DISCRETE TRANSITION
#           0 2 2 0 0 0             023-050V 
#   Ex[MeV]     Jpi    FinalState  Branching Production    Egamma Production   T(1/2)[s]
  0  0.0000    6.0+                          0.0000e+00
#......................................................................../  028-058Ni //  21.000000
#                                                                          SUM SPECTRA FOR COMPOUND
#            022-047Ti      gamma
 SpcSum[mb]            0.0000e+00
 Emean[MeV]            0.0000e+00
#......................................................................../  028-058Ni //  21.000000
#                                                                   GAMMAS FROM DISCRETE TRANSITION
#           0 1 3 0 0 0             022-047Ti
#   Ex[MeV]     Jpi    FinalState  Branching Production    Egamma Production   T(1/2)[s]
  0  0.0000    2.5-                          0.0000e+00
#......................................................................../  028-058Ni //  21.000000
#                                                                          SUM SPECTRA FOR COMPOUND
#            021-044Sc      gamma
 SpcSum[mb]            0.0000e+00
 Emean[MeV]            0.0000e+00
#......................................................................../  028-058Ni //  21.000000
#                                                                   GAMMAS FROM DISCRETE TRANSITION
#           0 0 4 0 0 0             021-044Sc
#   Ex[MeV]     Jpi    FinalState  Branching Production    Egamma Production   T(1/2)[s]
  0  0.0000    2.0+                          0.0000e+00
#......................................................................../  028-058Ni //  21.000000
#                                                                INDIVIDUAL GROUND STATE PRODUCTION
#             Residual  Prod.[mb]  Qval[MeV]   Particles
#                                              n p a d t h
 Production  029-060Cu 1.7267e-04   11.25224   0 0 0 0 0 0
 Production  029-059Cu 6.3320e+01    1.19399   1 0 0 0 0 0
 Production  028-059Ni 2.6092e+02    6.77477   0 1 0 0 0 0
 Production  027-056Co 8.9926e+00    6.52257   0 0 1 0 0 0
 Production  028-058Ni 1.5373e+01    0.00000   0 0 0 1 0 0
 Production  029-058Cu 1.0449e+01  -11.56804   2 0 0 0 0 0
 Production  028-058Ni 6.2341e+02   -2.22463   1 1 0 0 0 0
 Production  027-055Co 5.0039e+01   -3.55941   1 0 1 0 0 0
 Production  028-057Ni 3.4426e+00  -12.21637   1 0 0 1 0 0
 Production  027-058Co 3.0318e+02   -1.82382   0 2 0 0 0 0
 Production  026-055Fe 1.6086e+02    0.67437   0 1 1 0 0 0
 Production  027-057Co 2.5228e+01   -8.17224   0 1 0 1 0 0
 Production  025-052Mn 2.8899e+00   -1.23530   0 0 2 0 0 0
 Production  026-054Fe 2.6786e-01   -6.39921   0 0 1 1 0 0
 Production  027-056Co 2.4615e-11  -17.32419   0 0 0 2 0 0
 Production  028-057Ni 9.6877e+00  -14.44099   2 1 0 0 0 0
 Production  027-054Co 2.0842e-12  -17.65078   2 0 1 0 0 0
 Production  027-057Co 1.3874e+02  -10.39686   1 2 0 0 0 0
 Production  026-054Fe 2.0196e+00   -8.62383   1 1 1 0 0 0
 Production  025-051Mn 1.0617e-10  -11.77009   1 0 2 0 0 0
 Production  026-057Fe 1.9942e+00   -8.77824   0 3 0 0 0 0
 Production  025-054Mn 3.6824e-02   -8.53878   0 2 1 0 0 0
 Production  026-056Fe 1.6392e-05  -14.19980   0 2 0 1 0 0
 Production  024-051Cr 1.1355e-05   -7.78013   0 1 2 0 0 0
 Production  025-053Mn 2.6383e-17  -15.25306   0 1 1 1 0 0
 Production  023-048V  3.1058e-19   -9.89030   0 0 3 0 0 0
 Production  024-050Cr 4.9212e-29  -14.81629   0 0 2 1 0 0
 Production  026-056Fe 2.6330e-11  -16.42442   1 3 0 0 0 0
                   sum 1.6808e+03
#......................................................................../  028-058Ni //  21.000000
#                                                           STABLE AND LONG-LIVED STATE PRODUCTIONS
#       Residual    Ex[MeV]     Jpi     T(1/2)[s]  Prod.[mb] Meta
    1  021-044Sc    0.00000    2.0+    1.4290e+04 0.0000e+00
    2  021-044Sc    0.27124    6.0+    2.1100e+05 0.0000e+00    1
    3  022-047Ti    0.00000    2.5-    ---------- 0.0000e+00
    4  023-048V     0.00000    4.0+    1.3800e+06 3.1058e-19
    5  023-050V     0.00000    6.0+    4.7340e+24 0.0000e+00
    6  024-050Cr    0.00000    0.0+    0.0000e+00 4.9212e-29
    7  024-051Cr    0.00000    3.5-    2.3930e+06 1.1355e-05
    8  024-053Cr    0.00000    1.5-    ---------- 0.0000e+00
    9  025-051Mn    0.00000    2.5-    2.7720e+03 1.0617e-10
   10  025-052Mn    0.00000    6.0+    4.8310e+05 2.8899e+00
   11  025-052Mn    0.37775    2.0+    1.2660e+03 1.1220e+00    1
   12  025-053Mn    0.00000    3.5-    1.1680e+14 2.6383e-17
   13  025-054Mn    0.00000    3.0+    2.6960e+07 3.6824e-02
   14  025-056Mn    0.00000    3.0+    9.2840e+03 0.0000e+00
   15  026-053Fe    0.00000    3.5-    5.1060e+02 0.0000e+00
   16  026-053Fe    3.04040    9.5-    1.5240e+02 0.0000e+00    1
   17  026-054Fe    0.00000    0.0+    ---------- 2.2875e+00
   18  026-055Fe    0.00000    1.5-    8.6590e+07 1.6086e+02
   19  026-056Fe    0.00000    0.0+    ---------- 1.6392e-05
   20  026-057Fe    0.00000    0.5-    ---------- 1.9942e+00
   21  027-054Co    0.00000    0.0+    1.9330e-01 2.0842e-12
   22  027-054Co    0.19700    7.0+    8.8800e+01 2.0822e-12    1
   23  027-055Co    0.00000    3.5-    6.3110e+04 5.0039e+01
   24  027-056Co    0.00000    4.0+    6.6730e+06 8.9926e+00
   25  027-057Co    0.00000    3.5-    2.3480e+07 1.6397e+02
   26  027-058Co    0.00000    2.0+    6.1220e+06 3.0318e+02
   27  027-058Co    0.02495    5.0+    3.2760e+04 1.3975e+02    1
   28  028-057Ni    0.00000    1.5-    1.2820e+05 1.3130e+01
   29  028-058Ni    0.00000    0.0+    ---------- 6.3878e+02
   30  028-059Ni    0.00000    1.5-    3.1870e+12 2.6092e+02
   31  029-058Cu    0.00000    1.0+    3.2040e+00 1.0449e+01
   32  029-059Cu    0.00000    1.5-    8.1500e+01 6.3320e+01
   33  029-060Cu    0.00000    2.0+    1.4220e+03 1.7267e-04
#                                         g.s.sum 1.6808e+03


#......................................................................../  028-058Ni //  21.000000
#                                                                                   ISOMERIC RATIOS
#       Residual    Ex[MeV]     Jpi     T(1/2)[s] Ratio      m/(g-m)
    1  021-044Sc    0.27124    6.0+    2.1100e+05 0.0000e+00 0.0000e+00
    2  025-052Mn    0.37775    2.0+    1.2660e+03 3.8825e-01 6.3464e-01
    3  026-053Fe    3.04040    9.5-    1.5240e+02 0.0000e+00 0.0000e+00
    4  027-054Co    0.19700    7.0+    8.8800e+01 9.9903e-01 1.0254e+03
    5  027-058Co    0.02495    5.0+    3.2760e+04 4.6096e-01 8.5515e-01


#......................................................................../  028-058Ni //  21.000000
#                                                                               PARTICLE PRODUCTION
#             Particle  Prod.[mb] Multiplic. Emean[MeV]
 ParticlPrd      gamma 3.8439e+03 2.2869e+00 1.8428e+00
 ParticlPrd    neutron 9.2125e+02 5.4808e-01 5.4333e+00
 ParticlPrd     proton 1.9720e+03 1.1732e+00 8.5760e+00
 ParticlPrd      alpha 2.2799e+02 1.3564e-01 1.1307e+01
 ParticlPrd   deuteron 4.4310e+01 2.6362e-02 8.8487e+00


