###################################################################################################
#                                                                                    3.6.0-Cordelia
#
#                                                      .oooooo.             ooooo   ooooo        
#     Clair de Lune                                   d8P    Y8b             888     888         
#     =============                                  888           .ooooo.   888     888         
#                                                    888          d88   88b  888ooooo888         
# Votre ame est un paysage choisi                    888          888   888  888     888  dP^Y8b 
# Que vont charmant masques et bergamasques           88b    ooo  888   888  888     888      8P 
# Jouant du luth et dansant et quasi                   Y8bood8P    Y8bod8P' o888o   o888o   <8B  
# Tristes sous leurs deguisements fantasques.                                           8b    8b 
#                                                                                        Y8oo8P  
#
# Tout en chantant sur le mode mineur            Au calme clair de lune triste et beau,
# L'amour vainqueur et la vie opportune          Qui fait rever les oiseaux dans les arbres
# Ils n'ont pas l'air de croire a leur bonheur   Et sangloter d'extase les jets d'eau,
# Et leur chanson se mele au clair de lune,      Les grands jets d'eau sveltes parmi les marbres.
# 
#                                                                                   Paul Verlaine
#
######################################################################################## Moonage 11
###################################################################################################
#                                                                                    3.6.0-Cordelia
#          
#......................................................................../  028-064Ni //   6.000000
#                                                                                 SYSTEM PARAMETERS
#            AtomicNum    MassNum
#    Target         28         64
#  Incident          1          2
#            Ecms[MeV]  Elab[MeV] ReduceMass WaveNumber
     Energy 5.8167e+00 6.0000e+00 1.9526e+00 7.3716e-01
#......................................................................../  028-064Ni //   6.000000
#                                                                             ROTATIONAL STATE DATA
#             Energy       Spin   WaveNum Eout[MeV]   Coulomb   Sig0   
      Level   0.00000       0.0   0.73716   5.81674   2.55484   0.59418
#......................................................................../  028-064Ni //   6.000000
#                                                                            DEFORMATION PARAMETERS
#              Lambda     Beta
#......................................................................../  028-064Ni //   6.000000
#                                                                           OPTICAL MODEL POTENTIAL
# OMP  0      V         Vs        Wv        Ws        Vso       Wso       Coul
      r[fm]   1.15006   0.00000   1.32993   1.37200   0.97200   0.00000      1.30
      a[fm]   0.76940   0.00000   0.45500   0.77900   1.01100   0.00000
 Depth[MeV]  94.89956   0.00000   1.46580  10.65201   7.11400   0.00000
#......................................................................../  028-064Ni //   6.000000
#                                                                      TOTAL REACTION CROSS SECTION
  Sigma[mb] 7.9959e+02
#......................................................................../  028-064Ni //   6.000000
#                                                                     DISCRETE DIRECT CROSS SECTION
#              Ex[MeV]     Spin    Eout[MeV]  Sigma[mb]
  Direct  0    0.00000      0.0   5.8167e+00 2.6974e+02
#......................................................................../  028-064Ni //   6.000000
#                                                                                      TARGET STATE
#           Excitation  Spin
  028-064Ni 0.0000e+00  0.0+
#......................................................................../  028-064Ni //   6.000000
#                                                                             COMPOUND NUCLEUS DATA
#              Z     A  MassExess    Ex(max) Separation     N-cont    N-level
  029-066Cu              -66.2581    18.1122                   164         32
      gamma  029-066Cu     0.0000                0.0000
    neutron  029-065Cu     8.0714                7.0660
     proton  028-065Ni     7.2890                8.4219
      alpha  027-062Co     2.4249                7.2592
   deuteron  028-064Ni    13.1358               12.2954
  029-065Cu              -67.2635    11.0461                    76         62
      gamma  029-065Cu     0.0000                0.0000
    neutron  029-064Cu     8.0714                9.9108
     proton  028-064Ni     7.2890                7.4540
      alpha  027-061Co     2.4249                6.7908
  028-065Ni              -65.1252     9.6903                    67         31
      gamma  028-065Ni     0.0000                0.0000
    neutron  028-064Ni     8.0714                6.0982
      alpha  026-061Fe     2.4249                8.6297
  027-062Co              -61.4238    10.8530                    90         25
      gamma  027-062Co     0.0000                0.0000
    neutron  027-061Co     8.0714                6.5976
     proton  026-061Fe     7.2890                9.7924
      alpha  025-058Mn     2.4249                8.0212
  028-064Ni              -67.0985     5.8167                    11         49
      gamma  028-064Ni     0.0000                0.0000
  029-064Cu              -65.4241     1.1353                     0         96
      gamma  029-064Cu     0.0000                0.0000
  028-064Ni              -67.0985     3.5921                     0         49
      gamma  028-064Ni     0.0000                0.0000
  027-061Co              -62.8976     4.2554                    11         50
      gamma  027-061Co     0.0000                0.0000
  026-061Fe              -58.9205     1.0606                    12          1
      gamma  026-061Fe     0.0000                0.0000
  025-058Mn              -55.8276     2.8318                    15         24
      gamma  025-058Mn     0.0000                0.0000
#......................................................................../  028-064Ni //   6.000000
#                                                                          LEVEL DENSITY PARAMETERS
#                 a       Pairing     T          E0         Em         Sigma2     Eshell
  029-066Cu     8.6556     0.0000     1.0766    -2.2222     5.9154     4.2812  -0.720900
  029-065Cu     8.5196     1.3787     1.1302    -1.1741     7.9064     5.3992  -0.795700
  028-065Ni     8.5196     1.5421     1.1916    -1.1442     8.4597     6.4073  -1.580100
  027-062Co     8.1124     0.0000     1.1588    -2.1136     6.1829     8.0800  -1.102200
  028-064Ni     8.3837     2.5402     1.1760     0.1644     8.9612     5.3469  -1.640800
  027-061Co     7.9769     1.3987     1.3251    -2.0509     9.7071     6.6550  -1.540800
  026-061Fe     7.6655     1.5832     1.2321    -1.0497     8.5808     7.2206  -0.646000
  025-058Mn     7.5715     0.0000     1.3446    -3.4818     8.3447     6.0417  -1.028600
#......................................................................../  028-064Ni //   6.000000
#                                                                       GIANT DIPOLE RESONANCE DATA
#          Energy[MeV] Width[MeV] Sigma0[mb]            Profile
         E1    17.3068     4.4527  51.582682                 GL
         E1    18.9163     6.3718  61.283024                 GL
         M1    10.1454     4.0000   0.618302                 SL
         E2    15.5893     5.3180   1.426514                 SL
         M2    10.1454     4.0000   0.000495                 SL
         E3    15.5893     5.3180   0.001141                 SL
         M1     1.8608     1.5000   0.249764                 SL
#......................................................................../  028-064Ni //   6.000000
#                                                                       SUM OF PRECOMPOUND EMISSION
#            029-066Cu      gamma    neutron     proton      alpha   deuteron
 SpcSum[mb]            0.0000e+00 1.1117e+02 2.0271e+01 4.0483e-01 4.5834e-09
 Emean[MeV]            0.0000e+00 4.6839e+00 5.4310e+00 8.2179e+00 9.8528e-01
#          
#           TotalPreEq   Compound   Fraction
  Sigma[mb] 1.3184e+02 7.9959e+02 1.6489e-01
#......................................................................../  028-064Ni //   6.000000
#                                                                          SUM SPECTRA FOR COMPOUND
#            029-066Cu      gamma    neutron     proton      alpha   deuteron
 SpcSum[mb]            3.0983e-01 6.6029e+02 5.6309e+00 1.6958e+00 9.0227e-02
 Emean[MeV]            4.8615e+00 2.0909e+00 5.2731e+00 8.9059e+00 4.4639e+00
#......................................................................../  028-064Ni //   6.000000
#                                                                   GAMMAS FROM DISCRETE TRANSITION
#           0 0 0 0 0 0             029-066Cu
#   Ex[MeV]     Jpi    FinalState  Branching Production    Egamma Production   T(1/2)[s]
 31  1.7459    2.0-                          5.2782e-04
                        3  0.2750     0.1012               1.4709 5.3400e-05
                        1  0.1860     0.7553               1.5599 3.9852e-04
                        0  0.0000     0.1435               1.7459 7.5705e-05
 30  1.7360    4.0-                          5.6811e-04
                        8  0.7298     1.0000               1.0061 5.6804e-04
 29  1.7132    1.0+                          3.9066e-04
                       14  1.0521     0.3591               0.6611 1.4019e-04
                        8  0.7298     0.6409               0.9834 2.5030e-04
 28  1.6941    1.0+                          3.9943e-04
                       17  1.2125     1.0000               0.4816 3.9883e-04
 27  1.6780    2.0+                          5.3169e-04
                       25  1.5773     0.1268               0.1007 5.1866e-05
                       19  1.3440     0.1083               0.3340 5.7319e-05
                        8  0.7298     0.2512               0.9482 1.3354e-04
                        0  0.0000     0.5137               1.6780 2.7304e-04
 26  1.6300    2.0-                          6.1157e-04
                        0  0.0000     0.0556               1.6300 3.3976e-05
                        1  0.1860     0.0556               1.4440 3.3976e-05
                        3  0.2750     0.0556               1.3550 3.3976e-05
                        4  0.3858     0.0556               1.2442 3.3976e-05
                        5  0.4652     0.0556               1.1648 3.3976e-05
                        8  0.7298     0.0556               0.9002 3.3976e-05
                        9  0.8227     0.0556               0.8073 3.3976e-05
                       12  1.0085     0.0556               0.6215 3.3976e-05
                       13  1.0171     0.0556               0.6129 3.3976e-05
                       14  1.0521     0.0556               0.5779 3.3976e-05
                       16  1.1581     0.0556               0.4719 3.3976e-05
                       17  1.2125     0.0556               0.4175 3.3976e-05
                       19  1.3440     0.0556               0.2860 3.3976e-05
                       20  1.4322     0.0556               0.1978 3.3976e-05
                       21  1.4394     0.0556               0.1906 3.3976e-05
                       23  1.5474     0.0556               0.0826 3.3976e-05
                       24  1.5601     0.0556               0.0698 3.3976e-05
                       25  1.5773     0.0556               0.0527 3.3976e-05
 25  1.5773    2.0+                          7.0029e-04
                        8  0.7298     1.0000               0.8475 7.0004e-04
 24  1.5601    2.0+                          6.4528e-04
                       19  1.3440     0.1327               0.2161 8.3950e-05
                        2  0.2378     0.8673               1.3223 5.5955e-04
 23  1.5474    1.0+                          5.0880e-04
                        6  0.5907     0.4167               0.9566 2.1176e-04
                        4  0.3858     0.0877               1.1616 4.4623e-05
                        3  0.2750     0.4956               1.2724 2.5211e-04
 22  1.4980    3.0-                          7.5367e-04
                        1  0.1860     0.1000               1.3120 7.5367e-05
                        3  0.2750     0.1000               1.2230 7.5367e-05
                        5  0.4652     0.1000               1.0328 7.5367e-05
                        6  0.5907     0.1000               0.9073 7.5367e-05
                        8  0.7298     0.1000               0.7682 7.5367e-05
                        9  0.8227     0.1000               0.6753 7.5367e-05
                       12  1.0085     0.1000               0.4895 7.5367e-05
                       13  1.0171     0.1000               0.4809 7.5367e-05
                       16  1.1581     0.1000               0.3399 7.5367e-05
                       21  1.4394     0.1000               0.0586 7.5367e-05
 21  1.4394    3.0+                          9.0810e-04
                       13  1.0171     0.0495               0.4223 4.4874e-05
                        0  0.0000     0.9505               1.4394 8.6296e-04
 20  1.4322    1.0+                          5.7957e-04
                        7  0.6790     0.5000               0.7532 2.8978e-04
                       11  0.9160     0.5000               0.5162 2.8978e-04
 19  1.3440    1.0+                          7.8496e-04
                        5  0.4652     0.7200               0.8788 5.6495e-04
                        4  0.3858     0.2563               0.9582 2.0112e-04
                        0  0.0000     0.0237               1.3440 1.8639e-05
 18  1.2472    4.0-                          1.0452e-03
                        3  0.2750     1.0000               0.9721 1.0451e-03
 17  1.2125    1.0+                          1.1485e-03
                        3  0.2750     0.3899               0.9375 4.4766e-04
                        0  0.0000     0.6101               1.2125 7.0058e-04
 16  1.1581    3.0+                          1.2254e-03
                        9  0.8227     0.3218               0.3354 3.9252e-04
                        6  0.5907     0.2138               0.5673 2.6173e-04
                        3  0.2750     0.4644               0.8831 5.6888e-04
 15  1.1542    6.0-                          1.0438e-03                       6.0000e-07
                        6  0.5907     1.0000               0.5634 1.0408e-03
 14  1.0521    1.0+                          1.0472e-03
                        5  0.4652     0.1071               0.5869 1.1205e-04
                        2  0.2378     0.2519               0.8143 2.6369e-04
                        0  0.0000     0.6410               1.0521 6.7108e-04
 13  1.0171    3.0+                          1.4779e-03
                        9  0.8227     0.1730               0.1944 2.4823e-04
                        6  0.5907     0.1236               0.4264 1.8227e-04
                        5  0.4652     0.1074               0.5520 1.5855e-04
                        1  0.1860     0.5960               0.8312 8.8051e-04
 12  1.0085    2.0+                          1.3138e-03
                        4  0.3858     1.0000               0.6227 1.3128e-03
 11  0.9160    1.0-                          1.5555e-03
                        0  0.0000     0.1667               0.9160 2.5925e-04
                        1  0.1860     0.1667               0.7300 2.5925e-04
                        2  0.2378     0.1667               0.6782 2.5925e-04
                        4  0.3858     0.1667               0.5302 2.5925e-04
                        5  0.4652     0.1667               0.4508 2.5925e-04
                        9  0.8227     0.1667               0.0933 2.5925e-04
 10  0.8840    4.0-                          1.7484e-03
                        3  0.2750     0.3333               0.6090 5.8280e-04
                        6  0.5907     0.3333               0.2933 5.8280e-04
                        8  0.7298     0.3333               0.1542 5.8280e-04
  9  0.8227    2.0+                          2.5323e-03
                        5  0.4652     0.0734               0.3575 1.8513e-04
                        4  0.3858     0.2834               0.4369 7.1619e-04
                        1  0.1860     0.0438               0.6367 1.1076e-04
                        0  0.0000     0.5994               0.8227 1.5174e-03
  8  0.7298    3.0+                          4.2161e-03
                        3  0.2750     0.0910               0.4548 3.8286e-04
                        1  0.1860     0.9090               0.5439 3.8283e-03
  7  0.6790    2.0-                          2.5985e-03
                        0  0.0000     0.2000               0.6790 5.1970e-04
                        1  0.1860     0.2000               0.4930 5.1970e-04
                        3  0.2750     0.2000               0.4040 5.1970e-04
                        4  0.3858     0.2000               0.2932 5.1970e-04
                        5  0.4652     0.2000               0.2138 5.1970e-04
  6  0.5907    4.0+                          4.6011e-03
                        3  0.2750     1.0000               0.3157 4.5737e-03
  5  0.4652    2.0+                          4.1988e-03
                        3  0.2750     0.0371               0.1901 1.5095e-04
                        1  0.1860     0.0153               0.2792 6.3568e-05
                        0  0.0000     0.9476               0.4652 3.9722e-03
  4  0.3858    1.0+                          4.9793e-03
                        1  0.1860     0.0317               0.1998 1.5384e-04
                        0  0.0000     0.9683               0.3858 4.8069e-03
  3  0.2750    3.0+                          1.1796e-02
                        1  0.1860     0.9906               0.0891 7.7904e-03
                        0  0.0000     0.0094               0.2750 1.0907e-04
  2  0.2378    0.0+                          1.8991e-03
                        0  0.0000     1.0000               0.2378 1.8884e-03
  1  0.1860    2.0+                          2.1023e-02
                        0  0.0000     1.0000               0.1860 2.0312e-02
  0  0.0000    1.0+                          3.9402e-02                       3.0720e+02
#......................................................................../  028-064Ni //   6.000000
#                                                                          SUM SPECTRA FOR COMPOUND
#            029-065Cu      gamma    neutron     proton      alpha
 SpcSum[mb]            2.0221e+03 1.6736e+02 2.6401e+01 2.4106e-04
 Emean[MeV]            2.2822e+00 3.1707e-01 2.2343e+00 3.6497e+00
#......................................................................../  028-064Ni //   6.000000
#                                                                   GAMMAS FROM DISCRETE TRANSITION
#           1 0 0 0 0 0             029-065Cu
#   Ex[MeV]     Jpi    FinalState  Branching Production    Egamma Production   T(1/2)[s]
 61  3.5410    3.5+                          3.8851e+00
                        2  1.1156     0.0556               2.4254 2.1584e-01
                        3  1.4818     0.0556               2.0592 2.1584e-01
                        4  1.6234     0.0556               1.9176 2.1584e-01
                        6  2.0943     0.0556               1.4467 2.1584e-01
                        7  2.1074     0.0556               1.4336 2.1584e-01
                        9  2.2785     0.0556               1.2625 2.1584e-01
                       13  2.5330     0.0556               1.0080 2.1584e-01
                       15  2.5934     0.0556               0.9476 2.1584e-01
                       18  2.6497     0.0556               0.8913 2.1584e-01
                       28  2.9476     0.0556               0.5934 2.1584e-01
                       39  3.1320     0.0556               0.4090 2.1584e-01
                       40  3.1430     0.0556               0.3980 2.1584e-01
                       41  3.1570     0.0556               0.3840 2.1584e-01
                       46  3.2740     0.0556               0.2670 2.1584e-01
                       49  3.3379     0.0556               0.2031 2.1584e-01
                       53  3.4020     0.0556               0.1390 2.1584e-01
                       55  3.4270     0.0556               0.1140 2.1584e-01
                       58  3.4820     0.0556               0.0590 2.1584e-01
 60  3.5130    4.5+                          3.8655e+00
                        3  1.4818     0.0769               2.0312 2.9735e-01
                        6  2.0943     0.0769               1.4187 2.9735e-01
                        9  2.2785     0.0769               1.2345 2.9735e-01
                       31  2.9969     0.0769               0.5161 2.9735e-01
                       39  3.1320     0.0769               0.3810 2.9735e-01
                       40  3.1430     0.0769               0.3700 2.9735e-01
                       41  3.1570     0.0769               0.3560 2.9735e-01
                       46  3.2740     0.0769               0.2390 2.9735e-01
                       47  3.2780     0.0769               0.2350 2.9735e-01
                       49  3.3379     0.0769               0.1751 2.9735e-01
                       53  3.4020     0.0769               0.1110 2.9735e-01
                       55  3.4270     0.0769               0.0860 2.9735e-01
                       58  3.4820     0.0769               0.0310 2.9735e-01
 59  3.5040    4.5+                          3.9047e+00
                        3  1.4818     0.0769               2.0222 3.0036e-01
                        6  2.0943     0.0769               1.4097 3.0036e-01
                        9  2.2785     0.0769               1.2255 3.0036e-01
                       31  2.9969     0.0769               0.5071 3.0036e-01
                       39  3.1320     0.0769               0.3720 3.0036e-01
                       40  3.1430     0.0769               0.3610 3.0036e-01
                       41  3.1570     0.0769               0.3470 3.0036e-01
                       46  3.2740     0.0769               0.2300 3.0036e-01
                       47  3.2780     0.0769               0.2260 3.0036e-01
                       49  3.3379     0.0769               0.1661 3.0036e-01
                       53  3.4020     0.0769               0.1020 3.0036e-01
                       55  3.4270     0.0769               0.0770 3.0036e-01
                       58  3.4820     0.0769               0.0220 3.0036e-01
 58  3.4820    3.5-                          4.9622e+00
                       11  2.4066     0.0769               1.0754 3.8170e-01
                       12  2.5257     0.0769               0.9563 3.8170e-01
                       14  2.5339     0.0769               0.9481 3.8170e-01
                       21  2.7528     0.0769               0.7292 3.8170e-01
                       22  2.8390     0.0769               0.6430 3.8170e-01
                       27  2.9025     0.0769               0.5795 3.8170e-01
                       29  2.9770     0.0769               0.5050 3.8170e-01
                       30  2.9900     0.0769               0.4920 3.8170e-01
                       32  3.0360     0.0769               0.4460 3.8170e-01
                       43  3.1730     0.0769               0.3090 3.8170e-01
                       50  3.3470     0.0769               0.1350 3.8170e-01
                       51  3.3553     0.0769               0.1267 3.8170e-01
                       52  3.3990     0.0769               0.0830 3.8170e-01
 57  3.4570    0.5-                          1.7173e+00
                        0  0.0000     1.0000               3.4570 1.7157e+00
 56  3.4490    0.5+                          1.7388e+00
                        0  0.0000     0.0588               3.4490 1.0228e-01
                        1  0.7706     0.0588               2.6784 1.0228e-01
                        5  1.7250     0.0588               1.7240 1.0228e-01
                        8  2.2128     0.0588               1.2362 1.0228e-01
                       10  2.3291     0.0588               1.1199 1.0228e-01
                       19  2.6549     0.0588               0.7941 1.0228e-01
                       20  2.6690     0.0588               0.7800 1.0228e-01
                       24  2.8669     0.0588               0.5821 1.0228e-01
                       25  2.8745     0.0588               0.5745 1.0228e-01
                       33  3.0790     0.0588               0.3700 1.0228e-01
                       35  3.0860     0.0588               0.3630 1.0228e-01
                       36  3.1160     0.0588               0.3330 1.0228e-01
                       37  3.1202     0.0588               0.3288 1.0228e-01
                       42  3.1665     0.0588               0.2825 1.0228e-01
                       44  3.2403     0.0588               0.2087 1.0228e-01
                       45  3.2611     0.0588               0.1879 1.0228e-01
                       48  3.3261     0.0588               0.1229 1.0228e-01
 55  3.4270    3.5-                          5.2263e+00                       5.0000e-14
                       11  2.4066     0.0769               1.0204 4.0202e-01
                       12  2.5257     0.0769               0.9013 4.0202e-01
                       14  2.5339     0.0769               0.8931 4.0202e-01
                       21  2.7528     0.0769               0.6742 4.0202e-01
                       22  2.8390     0.0769               0.5880 4.0202e-01
                       27  2.9025     0.0769               0.5245 4.0202e-01
                       29  2.9770     0.0769               0.4500 4.0202e-01
                       30  2.9900     0.0769               0.4370 4.0202e-01
                       32  3.0360     0.0769               0.3910 4.0202e-01
                       43  3.1730     0.0769               0.2540 4.0202e-01
                       50  3.3470     0.0769               0.0800 4.0202e-01
                       51  3.3553     0.0769               0.0717 4.0202e-01
                       52  3.3990     0.0769               0.0280 4.0202e-01
 54  3.4070    1.5+                          3.3215e+00
                        0  0.0000     0.0417               3.4070 1.3840e-01
                        1  0.7706     0.0417               2.6364 1.3840e-01
                        2  1.1156     0.0417               2.2914 1.3840e-01
                        4  1.6234     0.0417               1.7836 1.3840e-01
                        5  1.7250     0.0417               1.6820 1.3840e-01
                        7  2.1074     0.0417               1.2996 1.3840e-01
                        8  2.2128     0.0417               1.1942 1.3840e-01
                       10  2.3291     0.0417               1.0779 1.3840e-01
                       13  2.5330     0.0417               0.8740 1.3840e-01
                       15  2.5934     0.0417               0.8136 1.3840e-01
                       18  2.6497     0.0417               0.7573 1.3840e-01
                       19  2.6549     0.0417               0.7521 1.3840e-01
                       20  2.6690     0.0417               0.7380 1.3840e-01
                       24  2.8669     0.0417               0.5401 1.3840e-01
                       25  2.8745     0.0417               0.5325 1.3840e-01
                       28  2.9476     0.0417               0.4594 1.3840e-01
                       33  3.0790     0.0417               0.3280 1.3840e-01
                       35  3.0860     0.0417               0.3210 1.3840e-01
                       36  3.1160     0.0417               0.2910 1.3840e-01
                       37  3.1202     0.0417               0.2868 1.3840e-01
                       42  3.1665     0.0417               0.2405 1.3840e-01
                       44  3.2403     0.0417               0.1667 1.3840e-01
                       45  3.2611     0.0417               0.1459 1.3840e-01
                       48  3.3261     0.0417               0.0809 1.3840e-01
 53  3.4020    4.5-                          5.2207e+00
                       11  2.4066     0.1111               0.9954 5.8008e-01
                       12  2.5257     0.1111               0.8763 5.8008e-01
                       14  2.5339     0.1111               0.8681 5.8008e-01
                       21  2.7528     0.1111               0.6492 5.8008e-01
                       22  2.8390     0.1111               0.5630 5.8008e-01
                       29  2.9770     0.1111               0.4250 5.8008e-01
                       30  2.9900     0.1111               0.4120 5.8008e-01
                       43  3.1730     0.1111               0.2290 5.8008e-01
                       52  3.3990     0.1111               0.0030 5.8008e-01
 52  3.3990    3.5+                          5.9166e+00
                        0  0.0000     1.0000               3.3990 5.9125e+00
 51  3.3553    2.5+                          5.3423e+00                       1.0600e-13
                        6  2.0943     0.4200               1.2610 2.2433e+00
                        5  1.7250     0.0798               1.6303 4.2619e-01
                        4  1.6234     0.1428               1.7319 7.6250e-01
                        0  0.0000     0.3574               3.3553 1.9066e+00
 50  3.3470    2.5+                          5.3859e+00
                        0  0.0000     0.0400               3.3470 2.1544e-01
                        2  1.1156     0.0400               2.2314 2.1544e-01
                        3  1.4818     0.0400               1.8652 2.1544e-01
                        4  1.6234     0.0400               1.7236 2.1544e-01
                        5  1.7250     0.0400               1.6220 2.1544e-01
                        6  2.0943     0.0400               1.2527 2.1544e-01
                        7  2.1074     0.0400               1.2396 2.1544e-01
                        9  2.2785     0.0400               1.0685 2.1544e-01
                       10  2.3291     0.0400               1.0179 2.1544e-01
                       13  2.5330     0.0400               0.8140 2.1544e-01
                       15  2.5934     0.0400               0.7536 2.1544e-01
                       18  2.6497     0.0400               0.6973 2.1544e-01
                       19  2.6549     0.0400               0.6921 2.1544e-01
                       20  2.6690     0.0400               0.6780 2.1544e-01
                       24  2.8669     0.0400               0.4801 2.1544e-01
                       25  2.8745     0.0400               0.4725 2.1544e-01
                       28  2.9476     0.0400               0.3994 2.1544e-01
                       35  3.0860     0.0400               0.2610 2.1544e-01
                       37  3.1202     0.0400               0.2268 2.1544e-01
                       39  3.1320     0.0400               0.2150 2.1544e-01
                       40  3.1430     0.0400               0.2040 2.1544e-01
                       44  3.2403     0.0400               0.1067 2.1544e-01
                       46  3.2740     0.0400               0.0730 2.1544e-01
                       48  3.3261     0.0400               0.0209 2.1544e-01
                       49  3.3379     0.0400               0.0091 2.1544e-01
 49  3.3379    3.5-                          5.9118e+00
                        3  1.4818     1.0000               1.8561 5.9101e+00
 48  3.3261    1.5-                          4.0842e+00
                        0  0.0000     1.0000               3.3261 4.0806e+00
 47  3.2780    5.5-                          6.0119e+00
                       11  2.4066     0.2500               0.8714 1.5030e+00
                       12  2.5257     0.2500               0.7523 1.5030e+00
                       14  2.5339     0.2500               0.7441 1.5030e+00
                       30  2.9900     0.2500               0.2880 1.5030e+00
 46  3.2740    3.5-                          6.2844e+00
                        0  0.0000     1.0000               3.2740 6.2786e+00
 45  3.2611    0.5-                          2.3883e+00                       2.1000e-13
                        0  0.0000     1.0000               3.2611 2.3863e+00
 44  3.2403    1.5-                          4.4582e+00
                        2  1.1156     0.5000               2.1247 2.2291e+00
                        0  0.0000     0.5000               3.2403 2.2291e+00
 43  3.1730    3.5+                          7.2737e+00
                        0  0.0000     1.0000               3.1730 7.2693e+00
 42  3.1665    0.5-                          2.6374e+00
                        0  0.0000     1.0000               3.1665 2.6352e+00
 41  3.1570    4.5-                          6.7621e+00
                        2  1.1156     1.0000               2.0414 6.7594e+00
 40  3.1430    3.5-                          7.1530e+00
                        0  0.0000     1.0000               3.1430 7.1468e+00
 39  3.1320    3.5-                          7.2329e+00
                        0  0.0000     1.0000               3.1320 7.2267e+00
 38  3.1270    0.5+                          2.5319e+00
                        1  0.7706     1.0000               2.3564 2.5296e+00
 37  3.1202    1.5-                          5.0536e+00
                        4  1.6234     0.1228               1.4968 6.2046e-01
                        3  1.4818     0.8772               1.6384 4.4319e+00
 36  3.1160    0.5-                          2.7830e+00                       2.1000e-13
                        0  0.0000     1.0000               3.1160 2.7807e+00
 35  3.0860    1.5-                          5.2399e+00                       1.4300e-13
                       16  2.6200     0.1429               0.4660 7.4856e-01
                       17  2.6435     0.1429               0.4425 7.4856e-01
                       23  2.8628     0.1429               0.2232 7.4856e-01
                       26  2.8945     0.1429               0.1915 7.4856e-01
                       27  2.9025     0.1429               0.1835 7.4856e-01
                       32  3.0360     0.1429               0.0500 7.4856e-01
                       34  3.0797     0.1429               0.0063 7.4856e-01
 34  3.0797    1.5+                          5.6176e+00                       8.3000e-14
                        2  1.1156     0.5208               1.9641 2.9238e+00
                        1  0.7706     0.4792               2.3091 2.6896e+00
 33  3.0790    0.5-                          2.8957e+00
                       16  2.6200     0.2500               0.4590 7.2391e-01
                       17  2.6435     0.2500               0.4355 7.2391e-01
                       23  2.8628     0.2500               0.2162 7.2391e-01
                       26  2.8945     0.2500               0.1845 7.2391e-01
 32  3.0360    2.5+                          8.1639e+00
                        0  0.0000     0.0588               3.0360 4.8023e-01
                        2  1.1156     0.0588               1.9204 4.8023e-01
                        3  1.4818     0.0588               1.5542 4.8023e-01
                        4  1.6234     0.0588               1.4126 4.8023e-01
                        5  1.7250     0.0588               1.3110 4.8023e-01
                        6  2.0943     0.0588               0.9417 4.8023e-01
                        7  2.1074     0.0588               0.9286 4.8023e-01
                        9  2.2785     0.0588               0.7575 4.8023e-01
                       10  2.3291     0.0588               0.7069 4.8023e-01
                       13  2.5330     0.0588               0.5030 4.8023e-01
                       15  2.5934     0.0588               0.4426 4.8023e-01
                       18  2.6497     0.0588               0.3863 4.8023e-01
                       19  2.6549     0.0588               0.3811 4.8023e-01
                       20  2.6690     0.0588               0.3670 4.8023e-01
                       24  2.8669     0.0588               0.1691 4.8023e-01
                       25  2.8745     0.0588               0.1615 4.8023e-01
                       28  2.9476     0.0588               0.0884 4.8023e-01
 31  2.9969    5.5-                          1.0272e+01
                        3  1.4818     1.0000               1.5151 1.0270e+01
 30  2.9900    4.5+                          1.0095e+01
                        3  1.4818     0.3333               1.5082 3.3649e+00
                        6  2.0943     0.3333               0.8957 3.3649e+00
                        9  2.2785     0.3333               0.7115 3.3649e+00
 29  2.9770    3.5+                          8.8383e+00                       9.0000e-15
                        2  1.1156     0.1000               1.8614 8.8383e-01
                        3  1.4818     0.1000               1.4952 8.8383e-01
                        4  1.6234     0.1000               1.3536 8.8383e-01
                        6  2.0943     0.1000               0.8827 8.8383e-01
                        7  2.1074     0.1000               0.8696 8.8383e-01
                        9  2.2785     0.1000               0.6985 8.8383e-01
                       13  2.5330     0.1000               0.4440 8.8383e-01
                       15  2.5934     0.1000               0.3836 8.8383e-01
                       18  2.6497     0.1000               0.3273 8.8383e-01
                       28  2.9476     0.1000               0.0294 8.8383e-01
 28  2.9476    2.5-                          9.2558e+00
                        2  1.1156     1.0000               1.8320 9.2532e+00
 27  2.9025    2.5+                          9.3214e+00                       9.7000e-14
                        0  0.0000     1.0000               2.9025 9.3102e+00
 26  2.8945    1.5+                          7.5490e+00                       5.0000e-14
                        4  1.6234     0.4565               1.2711 3.4455e+00
                        1  0.7706     0.4110               2.1239 3.1003e+00
                        0  0.0000     0.1325               2.8945 9.9905e-01
 25  2.8745    1.5-                          7.0615e+00                       1.2000e-14
                        1  0.7706     0.3463               2.1038 2.4445e+00
                        0  0.0000     0.6537               2.8745 4.6129e+00
 24  2.8669    1.5-                          7.1161e+00                       1.2000e-14
                        4  1.6234     0.2185               1.2435 1.5545e+00
                        3  1.4818     0.1192               1.3851 8.4800e-01
                        0  0.0000     0.6623               2.8669 4.7099e+00
 23  2.8628    1.5+                          7.7850e+00                       1.9000e-14
                        0  0.0000     1.0000               2.8628 7.7759e+00
 22  2.8390    3.5+                          1.0218e+01                       1.8000e-14
                        2  1.1156     0.1111               1.7234 1.1353e+00
                        3  1.4818     0.1111               1.3572 1.1353e+00
                        4  1.6234     0.1111               1.2156 1.1353e+00
                        6  2.0943     0.1111               0.7447 1.1353e+00
                        7  2.1074     0.1111               0.7316 1.1353e+00
                        9  2.2785     0.1111               0.5605 1.1353e+00
                       13  2.5330     0.1111               0.3060 1.1353e+00
                       15  2.5934     0.1111               0.2456 1.1353e+00
                       18  2.6497     0.1111               0.1893 1.1353e+00
 21  2.7528    3.5+                          1.1217e+01                       3.0000e-14
                        3  1.4818     1.0000               1.2710 1.1215e+01
 20  2.6690    1.5-                          8.7183e+00                       4.0000e-15
                        5  1.7250     1.0000               0.9440 8.7158e+00
 19  2.6549    1.5-                          8.8459e+00                       5.8000e-14
                        5  1.7250     0.6896               0.9299 6.0984e+00
                        0  0.0000     0.3104               2.6549 2.7441e+00
 18  2.6497    2.5-                          1.3418e+01                       8.0000e-15
                        5  1.7250     0.1235               0.9247 1.6565e+00
                        4  1.6234     0.0741               1.0262 9.9358e-01
                        2  1.1156     0.0741               1.5341 9.9348e-01
                        1  0.7706     0.6173               1.8790 8.2797e+00
                        0  0.0000     0.1111               2.6497 1.4897e+00
 17  2.6435    1.5+                          9.6814e+00
                        6  2.0943     0.5562               0.5492 5.3682e+00
                        3  1.4818     0.0000               1.1617 0.0000e+00
                        2  1.1156     0.4438               1.5279 4.2952e+00
                        1  0.7706     0.0000               1.8729 0.0000e+00
 16  2.6200    0.5+                          6.1106e+00
                        0  0.0000     0.2000               2.6200 1.2221e+00
                        1  0.7706     0.2000               1.8494 1.2221e+00
                        5  1.7250     0.2000               0.8950 1.2221e+00
                        8  2.2128     0.2000               0.4072 1.2221e+00
                       10  2.3291     0.2000               0.2910 1.2221e+00
 15  2.5934    2.5-                          1.4104e+01
                        6  2.0943     0.3333               0.4991 4.7015e+00
                        1  0.7706     0.3333               1.8228 4.7015e+00
                        0  0.0000     0.3333               2.5934 4.7015e+00
 14  2.5339    4.5+                          1.6078e+01
                        9  2.2785     0.1529               0.2554 2.4497e+00
                        6  2.0943     0.4237               0.4396 6.8071e+00
                        3  1.4818     0.4234               1.0521 6.8068e+00
 13  2.5330    2.5-                          1.4884e+01
                        5  1.7250     0.0936               0.8080 1.3926e+00
                        1  0.7706     0.4925               1.7624 7.3281e+00
                        0  0.0000     0.4139               2.5330 6.1568e+00
 12  2.5257    4.5+                          1.6224e+01
                        3  1.4818     1.0000               1.0439 1.6222e+01
 11  2.4066    4.5+                          1.8526e+01
                        6  2.0943     0.1734               0.3123 3.2061e+00
                        3  1.4818     0.5585               0.9248 1.0345e+01
                        2  1.1156     0.2681               1.2910 4.9654e+00
 10  2.3291    1.5-                          1.3530e+01                       2.6000e-14
                        2  1.1156     0.2296               1.2135 3.1062e+00
                        1  0.7706     0.2918               1.5584 3.9476e+00
                        0  0.0000     0.4785               2.3291 6.4716e+00
  9  2.2785    3.5-                          2.6140e+01                       8.4000e-16
                        2  1.1156     0.9775               1.1629 2.5548e+01
                        0  0.0000     0.0225               2.2785 5.8761e-01
  8  2.2128    0.5-                          8.5812e+00                       1.1000e-13
                        5  1.7250     0.0821               0.4878 7.0315e-01
                        1  0.7706     0.5463               1.4422 4.6874e+00
                        0  0.0000     0.3716               2.2128 3.1875e+00
  7  2.1074    2.5-                          2.1500e+01                       1.7000e-13
                        5  1.7250     0.0579               0.3824 1.2413e+00
                        3  1.4818     0.3177               0.6256 6.8258e+00
                        2  1.1156     0.3609               0.9919 7.7580e+00
                        1  0.7706     0.0974               1.3368 2.0945e+00
                        0  0.0000     0.1660               2.1074 3.5679e+00
  6  2.0943    3.5-                          4.9486e+01                       1.0000e-12
                        4  1.6234     0.0500               0.4709 2.4720e+00
                        3  1.4818     0.1314               0.6125 6.4970e+00
                        2  1.1156     0.5315               0.9788 2.6294e+01
                        0  0.0000     0.2871               2.0943 1.4201e+01
  5  1.7250    1.5-                          4.1717e+01                       9.2000e-14
                        2  1.1156     0.2789               0.6094 1.1627e+01
                        1  0.7706     0.0064               0.9544 2.6532e-01
                        0  0.0000     0.7148               1.7250 2.9811e+01
  4  1.6234    2.5-                          3.9878e+01                       1.6000e-12
                        2  1.1156     0.3309               0.5079 1.3183e+01
                        1  0.7706     0.1087               0.8528 4.3329e+00
                        0  0.0000     0.5604               1.6234 2.2343e+01
  3  1.4818    3.5-                          1.1867e+02                       4.1000e-13
                        2  1.1156     0.1697               0.3663 2.0098e+01
                        0  0.0000     0.8303               1.4818 9.8514e+01
  2  1.1156    2.5-                          1.7901e+02                       2.8200e-13
                        1  0.7706     0.0001               0.3449 1.0739e-02
                        0  0.0000     0.9999               1.1156 1.7896e+02
  1  0.7706    0.5-                          6.6765e+01                       1.0300e-13
                        0  0.0000     1.0000               0.7706 6.6740e+01
  0  0.0000    1.5-                          5.7770e+02
#......................................................................../  028-064Ni //   6.000000
#                                                                          SUM SPECTRA FOR COMPOUND
#            028-065Ni      gamma    neutron      alpha
 SpcSum[mb]            6.2604e+01 1.0428e+00 0.0000e+00
 Emean[MeV]            1.6586e+00 5.3926e-01 0.0000e+00
#......................................................................../  028-064Ni //   6.000000
#                                                                   GAMMAS FROM DISCRETE TRANSITION
#           0 1 0 0 0 0             028-065Ni
#   Ex[MeV]     Jpi    FinalState  Branching Production    Egamma Production   T(1/2)[s]
 30  3.0440    2.5+                          1.9610e-01
                        0  0.0000     0.1250               3.0440 2.4513e-02
                        2  0.3101     0.1250               2.7339 2.4513e-02
                        3  0.6932     0.1250               2.3508 2.4513e-02
                        5  1.1417     0.1250               1.9023 2.4513e-02
                        6  1.2741     0.1250               1.7699 2.4513e-02
                        9  1.5940     0.1250               1.4500 2.4513e-02
                       10  1.7720     0.1250               1.2720 2.4513e-02
                       13  2.1468     0.1250               0.8972 2.4513e-02
 29  3.0098    1.5+                          1.5524e-01
                        0  0.0000     0.1250               3.0098 1.9405e-02
                        1  0.0634     0.1250               2.9464 1.9405e-02
                        2  0.3101     0.1250               2.6997 1.9405e-02
                        3  0.6932     0.1250               2.3166 1.9405e-02
                        6  1.2741     0.1250               1.7357 1.9405e-02
                        7  1.4176     0.1250               1.5922 1.9405e-02
                       10  1.7720     0.1250               1.2378 1.9405e-02
                       13  2.1468     0.1250               0.8630 1.9405e-02
 28  2.9064    6.5+                          9.4594e-02
                       15  2.1857     0.7874               0.7206 7.4447e-02
                        4  1.0170     0.2126               1.8893 2.0104e-02
 27  2.9020    2.5+                          2.4058e-01
                        0  0.0000     0.1250               2.9020 3.0073e-02
                        2  0.3101     0.1250               2.5919 3.0073e-02
                        3  0.6932     0.1250               2.2088 3.0073e-02
                        5  1.1417     0.1250               1.7603 3.0073e-02
                        6  1.2741     0.1250               1.6279 3.0073e-02
                        9  1.5940     0.1250               1.3080 3.0073e-02
                       10  1.7720     0.1250               1.1300 3.0073e-02
                       13  2.1468     0.1250               0.7552 3.0073e-02
 26  2.8290    0.5+                          1.1034e-01
                        1  0.0634     0.1667               2.7656 1.8390e-02
                        2  0.3101     0.1667               2.5189 1.8390e-02
                        3  0.6932     0.1667               2.1358 1.8390e-02
                        7  1.4176     0.1667               1.4114 1.8390e-02
                       10  1.7720     0.1667               1.0570 1.8390e-02
                       13  2.1468     0.1667               0.6822 1.8390e-02
 25  2.7930    2.5+                          2.8176e-01
                        0  0.0000     0.1250               2.7930 3.5219e-02
                        2  0.3101     0.1250               2.4829 3.5219e-02
                        3  0.6932     0.1250               2.0998 3.5219e-02
                        5  1.1417     0.1250               1.6513 3.5219e-02
                        6  1.2741     0.1250               1.5189 3.5219e-02
                        9  1.5940     0.1250               1.1990 3.5219e-02
                       10  1.7720     0.1250               1.0210 3.5219e-02
                       13  2.1468     0.1250               0.6462 3.5219e-02
 24  2.7115    1.5+                          2.3769e-01
                        2  0.3101     0.7246               2.4014 1.7207e-01
                        1  0.0634     0.2754               2.6481 6.5391e-02
 23  2.6980    3.5+                          3.2377e-01
                        0  0.0000     0.2500               2.6980 8.0942e-02
                        5  1.1417     0.2500               1.5563 8.0942e-02
                        6  1.2741     0.2500               1.4239 8.0942e-02
                        9  1.5940     0.2500               1.1040 8.0942e-02
 22  2.5740    3.5+                          3.8724e-01
                        0  0.0000     0.2500               2.5740 9.6810e-02
                        5  1.1417     0.2500               1.4323 9.6810e-02
                        6  1.2741     0.2500               1.2999 9.6810e-02
                        9  1.5940     0.2500               0.9800 9.6810e-02
 21  2.5200    1.5+                          3.1394e-01
                        0  0.0000     0.1250               2.5200 3.9243e-02
                        1  0.0634     0.1250               2.4566 3.9243e-02
                        2  0.3101     0.1250               2.2099 3.9243e-02
                        3  0.6932     0.1250               1.8268 3.9243e-02
                        6  1.2741     0.1250               1.2459 3.9243e-02
                        7  1.4176     0.1250               1.1024 3.9243e-02
                       10  1.7720     0.1250               0.7480 3.9243e-02
                       13  2.1468     0.1250               0.3732 3.9243e-02
 20  2.5193    6.5+                          1.9949e-01
                        4  1.0170     1.0000               1.5023 1.9945e-01
 19  2.5100    3.5+                          4.2478e-01
                        0  0.0000     0.2500               2.5100 1.0619e-01
                        5  1.1417     0.2500               1.3683 1.0619e-01
                        6  1.2741     0.2500               1.2359 1.0619e-01
                        9  1.5940     0.2500               0.9160 1.0619e-01
 18  2.3360    4.5+                          4.8960e-01
                        5  1.1417     0.5000               1.1943 2.4480e-01
                        9  1.5940     0.5000               0.7420 2.4480e-01
 17  2.3247    1.5+                          4.1706e-01
                        0  0.0000     0.1250               2.3247 5.2133e-02
                        1  0.0634     0.1250               2.2613 5.2133e-02
                        2  0.3101     0.1250               2.0146 5.2133e-02
                        3  0.6932     0.1250               1.6315 5.2133e-02
                        6  1.2741     0.1250               1.0506 5.2133e-02
                        7  1.4176     0.1250               0.9071 5.2133e-02
                       10  1.7720     0.1250               0.5527 5.2133e-02
                       13  2.1468     0.1250               0.1779 5.2133e-02
 16  2.3020    3.5+                          5.7297e-01
                        0  0.0000     0.2500               2.3020 1.4324e-01
                        5  1.1417     0.2500               1.1603 1.4324e-01
                        6  1.2741     0.2500               1.0279 1.4324e-01
                        9  1.5940     0.2500               0.7080 1.4324e-01
 15  2.1857    5.5+                          5.7198e-01
                        4  1.0170     1.0000               1.1687 5.7189e-01
 14  2.1630    3.5+                          6.9722e-01
                        0  0.0000     0.2500               2.1630 1.7431e-01
                        5  1.1417     0.2500               1.0213 1.7431e-01
                        6  1.2741     0.2500               0.8889 1.7431e-01
                        9  1.5940     0.2500               0.5690 1.7431e-01
 13  2.1468    1.5-                          7.7653e-01
                        1  0.0634     0.4924               2.0834 3.8222e-01
                        0  0.0000     0.5076               2.1468 3.9401e-01
 12  2.0960    1.5+                          5.7722e-01
                        0  0.0000     0.1429               2.0960 8.2460e-02
                        1  0.0634     0.1429               2.0326 8.2460e-02
                        2  0.3101     0.1429               1.7859 8.2460e-02
                        3  0.6932     0.1429               1.4028 8.2460e-02
                        6  1.2741     0.1429               0.8219 8.2460e-02
                        7  1.4176     0.1429               0.6784 8.2460e-02
                       10  1.7720     0.1429               0.3240 8.2460e-02
 11  1.9204    2.5+                          9.7283e-01
                        2  0.3101     1.0000               1.6103 9.7246e-01
 10  1.7720    1.5-                          1.1307e+00
                        2  0.3101     1.0000               1.4619 1.1307e+00
  9  1.5940    3.5-                          2.3783e+00
                        4  1.0170     0.5000               0.5770 1.1891e+00
                        8  1.5560     0.5000               0.0380 1.1891e+00
  8  1.5560    3.5+                          2.6412e+00
                        0  0.0000     0.3333               1.5560 8.8040e-01
                        5  1.1417     0.3333               0.4143 8.8040e-01
                        6  1.2741     0.3333               0.2819 8.8040e-01
  7  1.4176    0.5-                          7.8619e-01
                        3  0.6932     0.3334               0.7244 2.6199e-01
                        2  0.3101     0.4273               1.1075 3.3588e-01
                        0  0.0000     0.2393               1.4176 1.8810e-01
  6  1.2741    2.5-                          3.4395e+00
                        2  0.3101     0.4484               0.9640 1.5420e+00
                        1  0.0634     0.2780               1.2107 9.5610e-01
                        0  0.0000     0.2735               1.2741 9.4064e-01
  5  1.1417    3.5-                          3.7127e+00
                        0  0.0000     1.0000               1.1417 3.7121e+00
  4  1.0170    4.5+                          3.8546e+00                       2.5600e-08
                        0  0.0000     1.0000               1.0170 3.8528e+00
  3  0.6932    1.5-                          2.1002e+00
                        2  0.3101     0.0853               0.3831 1.7857e-01
                        1  0.0634     0.8102               0.6299 1.7005e+00
                        0  0.0000     0.1045               0.6932 2.1936e-01
  2  0.3101    1.5-                          6.4600e+00
                        1  0.0634     0.0226               0.2467 1.4451e-01
                        0  0.0000     0.9774               0.3101 6.2823e+00
  1  0.0634    0.5-                          4.5550e+00                       6.9000e-05
                        0  0.0000     1.0000               0.0634 1.0471e+00
  0  0.0000    2.5-                          2.4859e+01                       9.0630e+03
#......................................................................../  028-064Ni //   6.000000
#                                                                          SUM SPECTRA FOR COMPOUND
#            027-062Co      gamma    neutron     proton      alpha
 SpcSum[mb]            5.2657e+00 2.2298e-05 0.0000e+00 0.0000e+00
 Emean[MeV]            8.2269e-01 2.4324e-01 0.0000e+00 0.0000e+00
#......................................................................../  028-064Ni //   6.000000
#                                                                   GAMMAS FROM DISCRETE TRANSITION
#           0 0 1 0 0 0             027-062Co
#   Ex[MeV]     Jpi    FinalState  Branching Production    Egamma Production   T(1/2)[s]
 24  1.8730    0.0-                          9.7095e-03
                        4  0.5061     0.3333               1.3669 3.2365e-03
                        5  0.5320     0.3333               1.3410 3.2365e-03
                       22  1.8050     0.3333               0.0680 3.2365e-03
 23  1.8200    3.0-                          3.5817e-02
                        0  0.0000     0.5000               1.8200 1.7909e-02
                       16  1.3590     0.5000               0.4610 1.7909e-02
 22  1.8050    1.0+                          2.9123e-02
                        2  0.2300     0.1429               1.5750 4.1604e-03
                        7  0.6960     0.1429               1.1090 4.1604e-03
                        9  0.8630     0.1429               0.9420 4.1604e-03
                       10  0.9010     0.1429               0.9040 4.1604e-03
                       14  1.2480     0.1429               0.5570 4.1604e-03
                       17  1.4690     0.1429               0.3360 4.1604e-03
                       21  1.6920     0.1429               0.1130 4.1604e-03
 21  1.6920    2.0-                          4.4837e-02
                        0  0.0000     0.2500               1.6920 1.1209e-02
                        4  0.5061     0.2500               1.1859 1.1209e-02
                        5  0.5320     0.2500               1.1600 1.1209e-02
                       16  1.3590     0.2500               0.3330 1.1209e-02
 20  1.6670    4.0-                          4.4246e-02
                        1  0.0220     0.3333               1.6450 1.4749e-02
                        6  0.6097     0.3333               1.0573 1.4749e-02
                        8  0.7060     0.3333               0.9610 1.4749e-02
 19  1.5432    7.0-                          2.0975e-02                       1.3200e-12
                       13  1.2163     1.0000               0.3269 2.0945e-02
 18  1.5000    3.0-                          5.4265e-02
                        0  0.0000     0.5000               1.5000 2.7133e-02
                       16  1.3590     0.5000               0.1410 2.7133e-02
 17  1.4690    1.0-                          3.6232e-02
                        0  0.0000     0.2500               1.4690 9.0581e-03
                        4  0.5061     0.2500               0.9629 9.0581e-03
                        5  0.5320     0.2500               0.9370 9.0581e-03
                       16  1.3590     0.2500               0.1100 9.0581e-03
 16  1.3590    2.0+                          1.2733e-01
                        2  0.2300     0.2000               1.1290 2.5466e-02
                        7  0.6960     0.2000               0.6630 2.5466e-02
                        9  0.8630     0.2000               0.4960 2.5466e-02
                       10  0.9010     0.2000               0.4580 2.5466e-02
                       14  1.2480     0.2000               0.1110 2.5466e-02
 15  1.2710    6.0-                          3.9813e-02
                        1  0.0220     0.2500               1.2490 9.9532e-03
                        6  0.6097     0.2500               0.6613 9.9532e-03
                        8  0.7060     0.2500               0.5650 9.9532e-03
                       13  1.2163     0.2500               0.0547 9.9532e-03
 14  1.2480    2.0-                          9.8783e-02
                        0  0.0000     0.3333               1.2480 3.2928e-02
                        4  0.5061     0.3333               0.7419 3.2928e-02
                        5  0.5320     0.3333               0.7160 3.2928e-02
 13  1.2163    6.0+                          6.9753e-02
                        6  0.6097     0.2482               0.6066 1.7301e-02
                        1  0.0220     0.7518               1.1943 5.2433e-02
 12  1.1720    6.0-                          4.4948e-02
                        1  0.0220     0.3333               1.1500 1.4983e-02
                        6  0.6097     0.3333               0.5623 1.4983e-02
                        8  0.7060     0.3333               0.4660 1.4983e-02
 11  0.9200    4.0-                          1.1147e-01
                        1  0.0220     0.3333               0.8980 3.7157e-02
                        6  0.6097     0.3333               0.3103 3.7157e-02
                        8  0.7060     0.3333               0.2140 3.7157e-02
 10  0.9010    2.0-                          1.3584e-01
                        0  0.0000     0.3333               0.9010 4.5279e-02
                        4  0.5061     0.3333               0.3949 4.5279e-02
                        5  0.5320     0.3333               0.3690 4.5279e-02
  9  0.8630    2.0-                          1.4089e-01
                        0  0.0000     0.3333               0.8630 4.6964e-02
                        4  0.5061     0.3333               0.3569 4.6964e-02
                        5  0.5320     0.3333               0.3310 4.6964e-02
  8  0.7060    5.0+                          1.7686e-01
                        3  0.2440     1.0000               0.4620 1.7686e-01
  7  0.6960    1.0-                          1.0963e-01
                        0  0.0000     0.3333               0.6960 3.6544e-02
                        4  0.5061     0.3333               0.1899 3.6544e-02
                        5  0.5320     0.3333               0.1640 3.6544e-02
  6  0.6097    5.0+                          2.0373e-01
                        1  0.0220     1.0000               0.5877 2.0358e-01
  5  0.5320    1.0+                          2.8633e-01
                        2  0.2300     1.0000               0.3020 2.8633e-01
  4  0.5061    1.0+                          2.8863e-01
                        0  0.0000     1.0000               0.5061 2.8832e-01
  3  0.2440    4.0-                          4.0076e-01
                        1  0.0220     1.0000               0.2220 4.0076e-01
  2  0.2300    1.0-                          4.3911e-01
                        0  0.0000     1.0000               0.2300 4.3911e-01
  1  0.0220    5.0+                          9.0025e-01                       8.3160e+02
                        0  0.0000     1.0000               0.0220 9.0025e-01
  0  0.0000    2.0+                          2.1006e+00                       9.2400e+01
#......................................................................../  028-064Ni //   6.000000
#                                                                         ISOMERIC STATE PRODUCTION
#            027-062Co
#   Ex[MeV]     Jpi     T(1/2)[s]  Prod.[mb]
  1  0.0220    5.0+    8.3160e+02 9.0025e-01
#......................................................................../  028-064Ni //   6.000000
#                                                                          SUM SPECTRA FOR COMPOUND
#            028-064Ni      gamma
 SpcSum[mb]            9.6486e-02
 Emean[MeV]            1.2288e+00
#......................................................................../  028-064Ni //   6.000000
#                                                                   GAMMAS FROM DISCRETE TRANSITION
#           0 0 0 1 0 0             028-064Ni
#   Ex[MeV]     Jpi    FinalState  Branching Production    Egamma Production   T(1/2)[s]
 48  4.7620    2.0+                          3.4550e-09
                        1  1.3458     0.5000               3.4162 1.7275e-09
                        0  0.0000     0.5000               4.7620 1.7275e-09
 47  4.7410    1.0-                          3.7944e-09
                        0  0.0000     0.0556               4.7410 2.1080e-10
                        1  1.3458     0.0556               3.3952 2.1080e-10
                        2  2.2766     0.0556               2.4644 2.1080e-10
                        5  2.8673     0.0556               1.8737 2.1080e-10
                        6  2.9721     0.0556               1.7689 2.1080e-10
                        7  3.0258     0.0556               1.7152 2.1080e-10
                        9  3.2760     0.0556               1.4650 2.1080e-10
                       11  3.4636     0.0556               1.2774 2.1080e-10
                       12  3.4820     0.0556               1.2590 2.1080e-10
                       14  3.6480     0.0556               1.0930 2.1080e-10
                       15  3.7490     0.0556               0.9920 2.1080e-10
                       24  4.1740     0.0556               0.5670 2.1080e-10
                       29  4.3480     0.0556               0.3930 2.1080e-10
                       33  4.4550     0.0556               0.2860 2.1080e-10
                       35  4.4930     0.0556               0.2480 2.1080e-10
                       39  4.5731     0.0556               0.1679 2.1080e-10
                       41  4.6156     0.0556               0.1254 2.1080e-10
                       42  4.6407     0.0556               0.1003 2.1080e-10
 46  4.7210    4.0+                          6.3551e-09
                        1  1.3458     1.0000               3.3753 6.3491e-09
 45  4.7041    1.0-                          6.8493e-09
                        2  2.2766     0.3864               2.4275 2.6441e-09
                        1  1.3458     0.6136               3.3583 4.1968e-09
 44  4.6920    1.0-                          8.2511e-09
                        0  0.0000     0.0556               4.6920 4.5839e-10
                        1  1.3458     0.0556               3.3463 4.5839e-10
                        2  2.2766     0.0556               2.4154 4.5839e-10
                        5  2.8673     0.0556               1.8247 4.5839e-10
                        6  2.9721     0.0556               1.7199 4.5839e-10
                        7  3.0258     0.0556               1.6662 4.5839e-10
                        9  3.2760     0.0556               1.4160 4.5839e-10
                       11  3.4636     0.0556               1.2284 4.5839e-10
                       12  3.4820     0.0556               1.2100 4.5839e-10
                       14  3.6480     0.0556               1.0440 4.5839e-10
                       15  3.7490     0.0556               0.9430 4.5839e-10
                       24  4.1740     0.0556               0.5180 4.5839e-10
                       29  4.3480     0.0556               0.3440 4.5839e-10
                       33  4.4550     0.0556               0.2370 4.5839e-10
                       35  4.4930     0.0556               0.1990 4.5839e-10
                       39  4.5731     0.0556               0.1189 4.5839e-10
                       41  4.6156     0.0556               0.0764 4.5839e-10
                       42  4.6407     0.0556               0.0513 4.5839e-10
 43  4.6700    4.0-                          1.2466e-08
                        4  2.6101     0.1429               2.0599 1.7808e-09
                        8  3.1661     0.1429               1.5039 1.7808e-09
                       10  3.3957     0.1429               1.2743 1.7808e-09
                       16  3.7494     0.1429               0.9206 1.7808e-09
                       17  3.7970     0.1429               0.8730 1.7808e-09
                       21  4.0852     0.1429               0.5848 1.7808e-09
                       25  4.2160     0.1429               0.4540 1.7808e-09
 42  4.6407    2.0+                          2.3464e-08                       2.5000e-14
                        1  1.3458     0.4082               3.2949 9.5696e-09
                        0  0.0000     0.5918               4.6407 1.3867e-08
 41  4.6156    2.0+                          3.3078e-08
                        2  2.2766     0.4283               2.3390 1.4161e-08
                        0  0.0000     0.5717               4.6156 1.8885e-08
 40  4.5840    2.0-                          4.5635e-08
                        1  1.3458     0.0714               3.2382 3.2597e-09
                        2  2.2766     0.0714               2.3074 3.2597e-09
                        6  2.9721     0.0714               1.6119 3.2597e-09
                        9  3.2760     0.0714               1.3080 3.2597e-09
                       11  3.4636     0.0714               1.1204 3.2597e-09
                       12  3.4820     0.0714               1.1020 3.2597e-09
                       14  3.6480     0.0714               0.9360 3.2597e-09
                       15  3.7490     0.0714               0.8350 3.2597e-09
                       17  3.7970     0.0714               0.7870 3.2597e-09
                       24  4.1740     0.0714               0.4100 3.2597e-09
                       29  4.3480     0.0714               0.2360 3.2597e-09
                       33  4.4550     0.0714               0.1290 3.2597e-09
                       35  4.4930     0.0714               0.0910 3.2597e-09
                       39  4.5731     0.0714               0.0109 3.2597e-09
 39  4.5731    2.0+                          6.1243e-08                       3.6000e-14
                        4  2.6101     0.0000               1.9630 0.0000e+00
                        2  2.2766     0.0000               2.2966 0.0000e+00
                        1  1.3458     0.6674               3.2274 4.0839e-08
                        0  0.0000     0.3326               4.5731 2.0342e-08
 38  4.5480    3.0-                          8.2285e-08
                        1  1.3458     0.0714               3.2023 5.8775e-09
                        2  2.2766     0.0714               2.2714 5.8775e-09
                        4  2.6101     0.0714               1.9379 5.8775e-09
                        8  3.1661     0.0714               1.3819 5.8775e-09
                        9  3.2760     0.0714               1.2720 5.8775e-09
                       10  3.3957     0.0714               1.1523 5.8775e-09
                       11  3.4636     0.0714               1.0844 5.8775e-09
                       12  3.4820     0.0714               1.0660 5.8775e-09
                       16  3.7494     0.0714               0.7986 5.8775e-09
                       17  3.7970     0.0714               0.7510 5.8775e-09
                       21  4.0852     0.0714               0.4628 5.8775e-09
                       25  4.2160     0.0714               0.3320 5.8775e-09
                       29  4.3480     0.0714               0.2000 5.8775e-09
                       35  4.4930     0.0714               0.0550 5.8775e-09
 37  4.5317    7.0-                          3.2455e-08
                       23  4.1723     1.0000               0.3594 3.2345e-08
 36  4.5210    2.0-                          1.0174e-07
                        1  1.3458     0.0769               3.1753 7.8262e-09
                        2  2.2766     0.0769               2.2444 7.8262e-09
                        6  2.9721     0.0769               1.5489 7.8262e-09
                        9  3.2760     0.0769               1.2450 7.8262e-09
                       11  3.4636     0.0769               1.0574 7.8262e-09
                       12  3.4820     0.0769               1.0390 7.8262e-09
                       14  3.6480     0.0769               0.8730 7.8262e-09
                       15  3.7490     0.0769               0.7720 7.8262e-09
                       17  3.7970     0.0769               0.7240 7.8262e-09
                       24  4.1740     0.0769               0.3470 7.8262e-09
                       29  4.3480     0.0769               0.1730 7.8262e-09
                       33  4.4550     0.0769               0.0660 7.8262e-09
                       35  4.4930     0.0769               0.0280 7.8262e-09
 35  4.4930    2.0+                          1.7271e-07
                        3  2.4850     0.1111               2.0080 1.9190e-08
                       13  3.5604     0.1111               0.9326 1.9190e-08
                       18  3.8080     0.1111               0.6850 1.9190e-08
                       22  4.1370     0.1111               0.3560 1.9190e-08
                       26  4.2440     0.1111               0.2490 1.9190e-08
                       27  4.2630     0.1111               0.2300 1.9190e-08
                       30  4.3690     0.1111               0.1240 1.9190e-08
                       32  4.4120     0.1111               0.0810 1.9190e-08
                       34  4.4750     0.1111               0.0180 1.9190e-08
 34  4.4750    2.0-                          1.9506e-07
                        1  1.3458     0.0833               3.1292 1.6255e-08
                        2  2.2766     0.0833               2.1984 1.6255e-08
                        6  2.9721     0.0833               1.5029 1.6255e-08
                        9  3.2760     0.0833               1.1990 1.6255e-08
                       11  3.4636     0.0833               1.0114 1.6255e-08
                       12  3.4820     0.0833               0.9930 1.6255e-08
                       14  3.6480     0.0833               0.8270 1.6255e-08
                       15  3.7490     0.0833               0.7260 1.6255e-08
                       17  3.7970     0.0833               0.6780 1.6255e-08
                       24  4.1740     0.0833               0.3010 1.6255e-08
                       29  4.3480     0.0833               0.1270 1.6255e-08
                       33  4.4550     0.0833               0.0200 1.6255e-08
 33  4.4550    1.0+                          1.9798e-07
                        2  2.2766     1.0000               2.1784 1.9790e-07
 32  4.4120    3.0-                          4.2101e-07
                        1  1.3458     0.0769               3.0663 3.2385e-08
                        2  2.2766     0.0769               2.1354 3.2385e-08
                        4  2.6101     0.0769               1.8019 3.2385e-08
                        8  3.1661     0.0769               1.2459 3.2385e-08
                        9  3.2760     0.0769               1.1360 3.2385e-08
                       10  3.3957     0.0769               1.0163 3.2385e-08
                       11  3.4636     0.0769               0.9484 3.2385e-08
                       12  3.4820     0.0769               0.9300 3.2385e-08
                       16  3.7494     0.0769               0.6626 3.2385e-08
                       17  3.7970     0.0769               0.6150 3.2385e-08
                       21  4.0852     0.0769               0.3268 3.2385e-08
                       25  4.2160     0.0769               0.1960 3.2385e-08
                       29  4.3480     0.0769               0.0640 3.2385e-08
 31  4.3980    0.0-                          1.0905e-07
                        2  2.2766     1.0000               2.1214 1.0902e-07
 30  4.3690    2.0-                          5.7645e-07
                        1  1.3458     0.0909               3.0232 5.2404e-08
                        2  2.2766     0.0909               2.0924 5.2404e-08
                        6  2.9721     0.0909               1.3969 5.2404e-08
                        9  3.2760     0.0909               1.0930 5.2404e-08
                       11  3.4636     0.0909               0.9054 5.2404e-08
                       12  3.4820     0.0909               0.8870 5.2404e-08
                       14  3.6480     0.0909               0.7210 5.2404e-08
                       15  3.7490     0.0909               0.6200 5.2404e-08
                       17  3.7970     0.0909               0.5720 5.2404e-08
                       24  4.1740     0.0909               0.1950 5.2404e-08
                       29  4.3480     0.0909               0.0210 5.2404e-08
 29  4.3480    2.0+                          8.6842e-07
                        4  2.6101     1.0000               1.7379 8.6820e-07
 28  4.2850    4.0-                          1.1612e-06
                        4  2.6101     0.1429               1.6749 1.6589e-07
                        8  3.1661     0.1429               1.1189 1.6589e-07
                       10  3.3957     0.1429               0.8893 1.6589e-07
                       16  3.7494     0.1429               0.5356 1.6589e-07
                       17  3.7970     0.1429               0.4880 1.6589e-07
                       21  4.0852     0.1429               0.1998 1.6589e-07
                       25  4.2160     0.1429               0.0690 1.6589e-07
 27  4.2630    3.0-                          1.7761e-06
                        1  1.3458     1.0000               2.9173 1.7740e-06
 26  4.2440    2.0-                          1.8625e-06
                        1  1.3458     0.1000               2.8982 1.8625e-07
                        2  2.2766     0.1000               1.9674 1.8625e-07
                        6  2.9721     0.1000               1.2719 1.8625e-07
                        9  3.2760     0.1000               0.9680 1.8625e-07
                       11  3.4636     0.1000               0.7804 1.8625e-07
                       12  3.4820     0.1000               0.7620 1.8625e-07
                       14  3.6480     0.1000               0.5960 1.8625e-07
                       15  3.7490     0.1000               0.4950 1.8625e-07
                       17  3.7970     0.1000               0.4470 1.8625e-07
                       24  4.1740     0.1000               0.0700 1.8625e-07
 25  4.2160    4.0+                          2.6184e-06
                        4  2.6101     1.0000               1.6059 2.6179e-06
 24  4.1740    1.0+                          2.8529e-06
                        0  0.0000     1.0000               4.1740 2.8497e-06
 23  4.1723    6.0-                          1.7200e-06
                       19  3.8489     1.0000               0.3234 1.7118e-06
 22  4.1370    2.0-                          4.5846e-06
                        1  1.3458     0.1111               2.7912 5.0940e-07
                        2  2.2766     0.1111               1.8604 5.0940e-07
                        6  2.9721     0.1111               1.1649 5.0940e-07
                        9  3.2760     0.1111               0.8610 5.0940e-07
                       11  3.4636     0.1111               0.6734 5.0940e-07
                       12  3.4820     0.1111               0.6550 5.0940e-07
                       14  3.6480     0.1111               0.4890 5.0940e-07
                       15  3.7490     0.1111               0.3880 5.0940e-07
                       17  3.7970     0.1111               0.3400 5.0940e-07
 21  4.0852    4.0+                          7.2133e-06
                       19  3.8489     0.3342               0.2363 2.4010e-06
                        4  2.6101     0.6658               1.4751 4.8018e-06
 20  3.9650    4.0-                          1.5017e-05
                        1  1.3458     1.0000               2.6193 1.5011e-05
 19  3.8489    5.0-                          3.2574e-05
                       16  3.7494     0.0366               0.0995 1.1296e-06
                       10  3.3957     0.0963               0.4532 3.1347e-06
                        4  2.6101     0.8671               1.2388 2.8240e-05
                        1  1.3458     0.0000               2.5031 0.0000e+00
 18  3.8080    2.0-                          4.4471e-05
                        1  1.3458     0.1111               2.4623 4.9413e-06
                        2  2.2766     0.1111               1.5314 4.9413e-06
                        6  2.9721     0.1111               0.8359 4.9413e-06
                        9  3.2760     0.1111               0.5320 4.9413e-06
                       11  3.4636     0.1111               0.3444 4.9413e-06
                       12  3.4820     0.1111               0.3260 4.9413e-06
                       14  3.6480     0.1111               0.1600 4.9413e-06
                       15  3.7490     0.1111               0.0590 4.9413e-06
                       17  3.7970     0.1111               0.0110 4.9413e-06
 17  3.7970    3.0+                          5.4694e-05
                        1  1.3458     1.0000               2.4512 5.4665e-05
 16  3.7494    4.0+                          6.5414e-05
                       13  3.5604     0.7532               0.1890 4.8888e-05
                        8  3.1661     0.2468               0.5833 1.6131e-05
                        4  2.6101     0.0000               1.1393 0.0000e+00
                        1  1.3458     0.0000               2.4036 0.0000e+00
 15  3.7490    1.0+                          5.3512e-05
                        1  1.3458     0.7715               2.4032 4.1263e-05
                        0  0.0000     0.2285               3.7490 1.2215e-05
 14  3.6480    1.0+                          8.8424e-05
                        1  1.3458     0.6492               2.3022 5.7378e-05
                        0  0.0000     0.3508               3.6480 3.0989e-05
 13  3.5604    3.0-                          2.4031e-04                       3.3000e-12
                        2  2.2766     0.1956               1.2838 4.6996e-05
                        1  1.3458     0.7247               2.2146 1.7401e-04
                        0  0.0000     0.0797               3.5604 1.9142e-05
 12  3.4820    2.0+                          2.7086e-04
                        4  2.6101     0.5000               0.8719 1.3543e-04
                        1  1.3458     0.5000               2.1363 1.3543e-04
 11  3.4636    2.0+                          2.9401e-04
                        2  2.2766     0.8361               1.1871 2.4578e-04
                        1  1.3458     0.1639               2.1179 4.8169e-05
 10  3.3957    4.0+                          3.7154e-04
                        4  2.6101     0.4475               0.7856 1.6620e-04
                        1  1.3458     0.5525               2.0499 2.0520e-04
  9  3.2760    2.0+                          6.4142e-04                       2.1000e-13
                        1  1.3458     0.2591               1.9302 1.6614e-04
                        0  0.0000     0.7409               3.2760 4.7479e-04
  8  3.1661    4.0+                          9.3043e-04                       1.3000e-13
                        1  1.3458     1.0000               1.8204 9.3016e-04
  7  3.0258    0.0+                          4.7519e-04
                        2  2.2766     0.0449               0.7493 2.1325e-05
                        1  1.3458     0.9551               1.6801 4.5374e-04
  6  2.9721    1.0+                          1.3013e-03                       1.3000e-13
                        2  2.2766     0.0000               0.6955 0.0000e+00
                        1  1.3458     0.5881               1.6263 7.6513e-04
                        0  0.0000     0.4119               2.9721 5.3563e-04
  5  2.8673    0.0+                          7.7379e-04                       4.0000e-14
                        1  1.3458     1.0000               1.5216 7.7364e-04
  4  2.6101    4.0+                          5.2038e-03                       1.7300e-12
                        1  1.3458     1.0000               1.2644 5.2030e-03
  3  2.4850    3.0-                          7.1401e-03
                        1  1.3458     0.5000               1.1392 3.5700e-03
                        2  2.2766     0.5000               0.2084 3.5700e-03
  2  2.2766    2.0+                          1.4329e-02
                        1  1.3458     1.0000               0.9308 1.4325e-02
  1  1.3458    2.0+                          6.4151e-02                       1.0880e-12
                        0  0.0000     1.0000               1.3458 6.4141e-02
  0  0.0000    0.0+                          9.0227e-02
#......................................................................../  028-064Ni //   6.000000
#                                                                          SUM SPECTRA FOR COMPOUND
#            029-064Cu      gamma
 SpcSum[mb]            1.5505e+02
 Emean[MeV]            2.3879e-01
#......................................................................../  028-064Ni //   6.000000
#                                                                   GAMMAS FROM DISCRETE TRANSITION
#           2 0 0 0 0 0             029-064Cu
#   Ex[MeV]     Jpi    FinalState  Branching Production    Egamma Production   T(1/2)[s]
 12  0.9271    1.0+                          1.8895e-01                       1.1000e-11
                        4  0.3622     0.0877               0.5648 1.6553e-02
                        2  0.2783     0.6743               0.6488 1.2732e-01
                        1  0.1593     0.1598               0.7678 3.0181e-02
                        0  0.0000     0.0782               0.9271 1.4770e-02
 11  0.8957    3.0+                          4.8637e-01                       2.0000e-11
                        9  0.7462     0.0000               0.1495 0.0000e+00
                        8  0.7391     0.0000               0.1567 0.0000e+00
                        5  0.5746     0.1544               0.3211 7.4718e-02
                        4  0.3622     0.0000               0.5335 0.0000e+00
                        2  0.2783     0.6407               0.6175 3.1135e-01
                        1  0.1593     0.0640               0.7364 3.1135e-02
                        0  0.0000     0.1409               0.8957 6.8501e-02
 10  0.8783    0.0+                          1.3095e-01                       1.5000e-11
                        3  0.3439     0.4013               0.5344 5.2504e-02
                        2  0.2783     0.0000               0.6000 0.0000e+00
                        1  0.1593     0.0339               0.7190 4.4363e-03
                        0  0.0000     0.5648               0.8783 7.3936e-02
  9  0.7462    3.0+                          1.6613e+00                       1.3000e-11
                        6  0.6088     0.0921               0.1375 1.3903e-01
                        4  0.3622     0.2098               0.3840 3.4748e-01
                        2  0.2783     0.6981               0.4680 1.1585e+00
                        1  0.1593     0.0000               0.5870 0.0000e+00
  8  0.7391    2.0+                          1.2164e+00                       1.1000e-11
                        4  0.3622     0.1770               0.3768 2.1490e-01
                        3  0.3439     0.0272               0.3952 3.3007e-02
                        2  0.2783     0.0960               0.4608 1.1668e-01
                        1  0.1593     0.6315               0.5798 7.6763e-01
                        0  0.0000     0.0682               0.7391 8.2907e-02
  7  0.6630    1.0+                          1.4988e+00                       8.0000e-12
                        3  0.3439     0.0611               0.3191 9.1094e-02
                        2  0.2783     0.3497               0.3847 5.2258e-01
                        1  0.1593     0.2691               0.5037 4.0278e-01
                        0  0.0000     0.3201               0.6630 4.7947e-01
  6  0.6088    2.0+                          3.3247e+00                       9.0000e-12
                        3  0.3439     0.0576               0.2649 1.9055e-01
                        2  0.2783     0.0411               0.3305 1.3611e-01
                        1  0.1593     0.0820               0.4495 2.7221e-01
                        0  0.0000     0.8193               0.6088 2.7221e+00
  5  0.5746    4.0+                          9.8146e+00                       1.7000e-11
                        4  0.3622     0.9436               0.2124 9.1916e+00
                        1  0.1593     0.0564               0.4153 5.5154e-01
  4  0.3622    3.0+                          3.3114e+01                       4.0000e-12
                        2  0.2783     0.0000               0.0840 0.0000e+00
                        1  0.1593     0.9766               0.2029 3.2064e+01
                        0  0.0000     0.0234               0.3622 7.6967e-01
  3  0.3439    1.0+                          8.1552e+00                       4.0000e-12
                        1  0.1593     0.0387               0.1846 3.1225e-01
                        0  0.0000     0.9613               0.3439 7.8059e+00
  2  0.2783    2.0+                          2.1407e+01                       9.0000e-12
                        1  0.1593     0.0000               0.1190 0.0000e+00
                        0  0.0000     1.0000               0.2783 2.1322e+01
  1  0.1593    2.0+                          7.5670e+01                       2.1000e-11
                        0  0.0000     1.0000               0.1593 7.4552e+01
  0  0.0000    1.0+                          1.6736e+02                       4.5720e+04
#......................................................................../  028-064Ni //   6.000000
#                                                                          SUM SPECTRA FOR COMPOUND
#            028-064Ni      gamma
 SpcSum[mb]            8.6240e-02
 Emean[MeV]            1.2998e+00
#......................................................................../  028-064Ni //   6.000000
#                                                                   GAMMAS FROM DISCRETE TRANSITION
#           1 1 0 0 0 0             028-064Ni
#   Ex[MeV]     Jpi    FinalState  Branching Production    Egamma Production   T(1/2)[s]
  9  3.2760    2.0+                          2.8127e-17                       2.1000e-13
                        1  1.3458     0.2591               1.9302 7.2855e-18
                        0  0.0000     0.7409               3.2760 2.0820e-17
  8  3.1661    4.0+                          8.4744e-14                       1.3000e-13
                        1  1.3458     1.0000               1.8204 8.4719e-14
  7  3.0258    0.0+                          3.8780e-12
                        2  2.2766     0.0449               0.7493 1.7403e-13
                        1  1.3458     0.9551               1.6801 3.7030e-12
  6  2.9721    1.0+                          7.1460e-11                       1.3000e-13
                        2  2.2766     0.0000               0.6955 0.0000e+00
                        1  1.3458     0.5881               1.6263 4.2017e-11
                        0  0.0000     0.4119               2.9721 2.9414e-11
  5  2.8673    0.0+                          5.2534e-10                       4.0000e-14
                        1  1.3458     1.0000               1.5216 5.2524e-10
  4  2.6101    4.0+                          6.2466e-07                       1.7300e-12
                        1  1.3458     1.0000               1.2644 6.2456e-07
  3  2.4850    3.0-                          4.8958e-06
                        1  1.3458     0.5000               1.1392 2.4479e-06
                        2  2.2766     0.5000               0.2084 2.4479e-06
  2  2.2766    2.0+                          3.1281e-05
                        1  1.3458     1.0000               0.9308 3.1273e-05
  1  1.3458    2.0+                          8.6217e-02                       1.0880e-12
                        0  0.0000     1.0000               1.3458 8.6203e-02
  0  0.0000    0.0+                          2.7444e+01
#......................................................................../  028-064Ni //   6.000000
#                                                                          SUM SPECTRA FOR COMPOUND
#            027-061Co      gamma
 SpcSum[mb]            3.2526e-08
 Emean[MeV]            1.0830e+00
#......................................................................../  028-064Ni //   6.000000
#                                                                   GAMMAS FROM DISCRETE TRANSITION
#           1 0 1 0 0 0             027-061Co
#   Ex[MeV]     Jpi    FinalState  Branching Production    Egamma Production   T(1/2)[s]
 21  2.4480    3.5-                          2.7171e-18
                       20  2.4314     1.0000               0.0166 2.7171e-18
 20  2.4314    2.5+                          1.5498e-17
                       11  1.8892     0.3750               0.5422 5.8095e-18
                        1  1.0275     0.6250               1.4039 9.6839e-18
 19  2.3747    6.5-                          1.4670e-15
                        9  1.6646     1.0000               0.7101 1.4663e-15
 18  2.3455    2.5-                          5.6428e-17
                        3  1.2720     1.0000               1.0735 5.6428e-17
 17  2.3391    5.5-                          3.7518e-16                       1.7000e-12
                        4  1.2857     1.0000               1.0534 3.7512e-16
 16  2.3030    1.5-                          2.1810e-16
                       12  1.9532     0.0908               0.3498 1.9738e-17
                        8  1.6459     0.1260               0.6571 2.7462e-17
                        5  1.3254     0.0433               0.9776 9.4405e-18
                        2  1.2051     0.3936               1.0979 8.5830e-17
                        1  1.0275     0.3463               1.2755 7.5517e-17
 15  2.2580    0.5+                          1.6932e-16
                        1  1.0275     0.3333               1.2305 5.6441e-17
                       12  1.9532     0.3333               0.3048 5.6441e-17
                       13  2.0115     0.3333               0.2465 5.6441e-17
 14  2.2309    5.5-                          7.4046e-15
                        4  1.2857     0.4999               0.9452 3.7008e-15
                        2  1.2051     0.0000               1.0258 0.0000e+00
                        1  1.0275     0.0000               1.2034 0.0000e+00
                        0  0.0000     0.5001               2.2309 3.7013e-15
 13  2.0115    1.5-                          6.2409e-14
                        5  1.3254     0.0714               0.6861 4.4527e-15
                        2  1.2051     0.0345               0.8064 2.1531e-15
                        1  1.0275     0.1098               0.9840 6.8513e-15
                        0  0.0000     0.7843               2.0115 4.8931e-14
 12  1.9532    0.5-                          9.0411e-14
                        2  1.2051     0.7043               0.7481 6.3647e-14
                        1  1.0275     0.2957               0.9257 2.6729e-14
 11  1.8892    3.5-                          1.2901e-12
                        8  1.6459     0.1029               0.2433 1.3131e-13
                        4  1.2857     0.2609               0.6035 3.3637e-13
                        0  0.0000     0.6362               1.8892 8.2054e-13
 10  1.6820    2.5-                          1.5359e-11
                        3  1.2720     1.0000               0.4100 1.5359e-11
  9  1.6646    5.5-                          1.6752e-10                       7.0000e-12
                        4  1.2857     0.2004               0.3789 3.3484e-11
                        0  0.0000     0.7996               1.6646 1.3392e-10
  8  1.6459    3.5-                          3.7582e-11
                        2  1.2051     0.0266               0.4408 9.9954e-13
                        1  1.0275     0.1151               0.6184 4.3220e-12
                        0  0.0000     0.8583               1.6459 3.2249e-11
  7  1.6310    2.5-                          3.0366e-11
                        3  1.2720     1.0000               0.3590 3.0366e-11
  6  1.6189    2.5-                          3.5597e-11
                        4  1.2857     0.3803               0.3332 1.3455e-11
                        0  0.0000     0.6197               1.6189 2.2055e-11
  5  1.3254    0.5+                          3.0403e-10                       1.0000e-07
                        2  1.2051     0.3442               0.1203 4.7567e-11
                        1  1.0275     0.6558               0.2979 1.9901e-10
  4  1.2857    4.5-                          9.9251e-09                       6.0000e-13
                        0  0.0000     1.0000               1.2857 9.9237e-09
  3  1.2720    1.5+                          1.0960e-09
                        1  1.0275     0.5000               0.2445 5.4802e-10
                        2  1.2051     0.5000               0.0669 5.4802e-10
  2  1.2051    2.5-                          4.9341e-09                       1.0000e-07
                        1  1.0275     0.0452               0.1776 2.1666e-10
                        0  0.0000     0.9548               1.2051 4.7103e-09
  1  1.0275    1.5-                          1.6048e-08                       1.0000e-07
                        0  0.0000     1.0000               1.0275 1.6045e-08
  0  0.0000    3.5-                          2.6335e-04                       5.9400e+03
#......................................................................../  028-064Ni //   6.000000
#                                                                          SUM SPECTRA FOR COMPOUND
#            026-061Fe      gamma
 SpcSum[mb]            0.0000e+00
 Emean[MeV]            0.0000e+00
#......................................................................../  028-064Ni //   6.000000
#                                                                   GAMMAS FROM DISCRETE TRANSITION
#           0 1 1 0 0 0             026-061Fe
#   Ex[MeV]     Jpi    FinalState  Branching Production    Egamma Production   T(1/2)[s]
  0  0.0000    1.5-                          0.0000e+00
#......................................................................../  028-064Ni //   6.000000
#                                                                          SUM SPECTRA FOR COMPOUND
#            025-058Mn      gamma
 SpcSum[mb]            0.0000e+00
 Emean[MeV]            0.0000e+00
#......................................................................../  028-064Ni //   6.000000
#                                                                   GAMMAS FROM DISCRETE TRANSITION
#           0 0 2 0 0 0             025-058Mn
#   Ex[MeV]     Jpi    FinalState  Branching Production    Egamma Production   T(1/2)[s]
  0  0.0000    1.0+                          0.0000e+00
#......................................................................../  028-064Ni //   6.000000
#                                                                INDIVIDUAL GROUND STATE PRODUCTION
#             Residual  Prod.[mb]  Qval[MeV]   Particles
#                                              n p a d t h
 Production  029-066Cu 3.9402e-02   12.29543   0 0 0 0 0 0
 Production  029-065Cu 5.7770e+02    5.22939   1 0 0 0 0 0
 Production  028-065Ni 2.4859e+01    3.87357   0 1 0 0 0 0
 Production  027-062Co 2.1006e+00    5.03626   0 0 1 0 0 0
 Production  028-064Ni 9.0227e-02    0.00000   0 0 0 1 0 0
 Production  029-064Cu 1.6736e+02   -4.68141   2 0 0 0 0 0
 Production  028-064Ni 2.7444e+01   -2.22463   1 1 0 0 0 0
 Production  027-061Co 2.6335e-04   -1.56137   1 0 1 0 0 0
                   sum 7.9959e+02
#......................................................................../  028-064Ni //   6.000000
#                                                           STABLE AND LONG-LIVED STATE PRODUCTIONS
#       Residual    Ex[MeV]     Jpi     T(1/2)[s]  Prod.[mb] Meta
    1  025-058Mn    0.00000    1.0+    3.0000e+00 0.0000e+00
    2  025-058Mn    0.07177    4.0+    6.5400e+01 0.0000e+00    1
    3  026-061Fe    0.00000    1.5-    3.5880e+02 0.0000e+00
    4  027-061Co    0.00000    3.5-    5.9400e+03 2.6335e-04
    5  027-062Co    0.00000    2.0+    9.2400e+01 2.1006e+00
    6  027-062Co    0.02200    5.0+    8.3160e+02 9.0025e-01    1
    7  028-064Ni    0.00000    0.0+    ---------- 2.7534e+01
    8  028-065Ni    0.00000    2.5-    9.0630e+03 2.4859e+01
    9  029-064Cu    0.00000    1.0+    4.5720e+04 1.6736e+02
   10  029-065Cu    0.00000    1.5-    ---------- 5.7770e+02
   11  029-066Cu    0.00000    1.0+    3.0720e+02 3.9402e-02
#                                         g.s.sum 7.9959e+02


#......................................................................../  028-064Ni //   6.000000
#                                                                                   ISOMERIC RATIOS
#       Residual    Ex[MeV]     Jpi     T(1/2)[s] Ratio      m/(g-m)
    1  025-058Mn    0.07177    4.0+    6.5400e+01 0.0000e+00 0.0000e+00
    2  027-062Co    0.02200    5.0+    8.3160e+02 4.2857e-01 7.5001e-01


#......................................................................../  028-064Ni //   6.000000
#                                                                               PARTICLE PRODUCTION
#             Particle  Prod.[mb] Multiplic. Emean[MeV]
 ParticlPrd      gamma 2.2456e+03 2.8084e+00 2.1206e+00
 ParticlPrd    neutron 9.3985e+02 1.1754e+00 2.0800e+00
 ParticlPrd     proton 5.2303e+01 6.5413e-02 3.8004e+00
 ParticlPrd      alpha 2.1008e+00 2.6274e-03 8.7727e+00
 ParticlPrd   deuteron 9.0227e-02 1.1284e-04 4.4639e+00


