###################################################################################################
#                                                                                    3.6.0-Cordelia
#
#                                                      .oooooo.             ooooo   ooooo        
#     Clair de Lune                                   d8P    Y8b             888     888         
#     =============                                  888           .ooooo.   888     888         
#                                                    888          d88   88b  888ooooo888         
# Votre ame est un paysage choisi                    888          888   888  888     888  dP^Y8b 
# Que vont charmant masques et bergamasques           88b    ooo  888   888  888     888      8P 
# Jouant du luth et dansant et quasi                   Y8bood8P    Y8bod8P' o888o   o888o   <8B  
# Tristes sous leurs deguisements fantasques.                                           8b    8b 
#                                                                                        Y8oo8P  
#
# Tout en chantant sur le mode mineur            Au calme clair de lune triste et beau,
# L'amour vainqueur et la vie opportune          Qui fait rever les oiseaux dans les arbres
# Ils n'ont pas l'air de croire a leur bonheur   Et sangloter d'extase les jets d'eau,
# Et leur chanson se mele au clair de lune,      Les grands jets d'eau sveltes parmi les marbres.
# 
#                                                                                   Paul Verlaine
#
######################################################################################## Moonage 11
###################################################################################################
#                                                                                    3.6.0-Cordelia
#          
#......................................................................../  028-060Ni //  13.500000
#                                                                                 SYSTEM PARAMETERS
#            AtomicNum    MassNum
#    Target         28         60
#  Incident          1          2
#            Ecms[MeV]  Elab[MeV] ReduceMass WaveNumber
     Energy 1.3061e+01 1.3500e+01 1.9486e+00 1.1035e+00
#......................................................................../  028-060Ni //  13.500000
#                                                                           OPTICAL MODEL POTENTIAL
# OMP  0      V         Vs        Wv        Ws        Vso       Wso       Coul
      r[fm]   1.15002   0.00000   1.33047   1.37283   0.97200   0.00000      1.30
      a[fm]   0.76833   0.00000   0.46351   0.77372   1.01100   0.00000
 Depth[MeV]  93.20931   0.00000   1.91640  10.43033   7.11400   0.00000
#......................................................................../  028-060Ni //  13.500000
#                                                                      TOTAL REACTION CROSS SECTION
  Sigma[mb] 1.5488e+03
#......................................................................../  028-060Ni //  13.500000
#                                                                                      TARGET STATE
#           Excitation  Spin
  028-060Ni 0.0000e+00  0.0+
#......................................................................../  028-060Ni //  13.500000
#                                                                             COMPOUND NUCLEUS DATA
#              Z     A  MassExess    Ex(max) Separation     N-cont    N-level
  029-062Cu              -62.7870    24.5113                   226         60
      gamma  029-062Cu     0.0000                0.0000
    neutron  029-061Cu     8.0714                8.8746
     proton  028-061Ni     7.2890                5.8547
      alpha  027-058Co     2.4249                5.3653
   deuteron  028-060Ni    13.1358               11.4503
  029-061Cu              -61.9838    15.6368                   122         46
      gamma  029-061Cu     0.0000                0.0000
    neutron  029-060Cu     8.0714               11.7107
     proton  028-060Ni     7.2890                4.8003
      alpha  027-057Co     2.4249                5.0638
   deuteron  028-059Ni    13.1358               13.9636
  028-061Ni              -64.2213    18.6566                   158         36
      gamma  028-061Ni     0.0000                0.0000
    neutron  028-060Ni     8.0714                7.8202
     proton  027-060Co     7.2890                9.8606
      alpha  026-057Fe     2.4249                6.4651
   deuteron  027-059Co    13.1358               15.1280
  027-058Co              -59.8466    19.1460                   169         52
      gamma  027-058Co     0.0000                0.0000
    neutron  027-057Co     8.0714                8.5730
     proton  026-057Fe     7.2890                6.9544
      alpha  025-054Mn     2.4249                6.7150
   deuteron  026-056Fe    13.1358               12.3760
  028-060Ni              -64.4725    13.0611                    85         48
      gamma  028-060Ni     0.0000                0.0000
    neutron  028-059Ni     8.0714               11.3878
     proton  027-059Co     7.2890                9.5324
      alpha  026-056Fe     2.4249                6.2910
  029-060Cu              -58.3446     3.9261                    22         32
      gamma  029-060Cu     0.0000                0.0000
  028-060Ni              -64.4725    10.8364                    63         48
      gamma  028-060Ni     0.0000                0.0000
     proton  027-059Co     7.2890                9.5324
      alpha  026-056Fe     2.4249                6.2910
  027-057Co              -59.3449    10.5730                    69         54
      gamma  027-057Co     0.0000                0.0000
     proton  026-056Fe     7.2890                6.0276
      alpha  025-053Mn     2.4249                7.0808
  028-059Ni              -61.1561     1.6732                     0         27
      gamma  028-059Ni     0.0000                0.0000
  027-060Co              -61.6497     8.7960                    64         66
      gamma  027-060Co     0.0000                0.0000
    neutron  027-059Co     8.0714                7.4920
     proton  026-059Fe     7.2890                8.2746
      alpha  025-056Mn     2.4249                7.1638
  026-057Fe              -60.1812    12.1916                    96         30
      gamma  026-057Fe     0.0000                0.0000
    neutron  026-056Fe     8.0714                7.6462
     proton  025-056Mn     7.2890               10.5594
      alpha  024-053Cr     2.4249                7.3202
  027-059Co              -62.2291     3.5286                     0         83
      gamma  027-059Co     0.0000                0.0000
  025-054Mn              -55.5565    12.4310                   101         34
      gamma  025-054Mn     0.0000                0.0000
    neutron  025-053Mn     8.0714                8.9389
     proton  024-053Cr     7.2890                7.5597
      alpha  023-050V      2.4249                8.7576
  026-056Fe              -60.6064     6.7700                    15         77
      gamma  026-056Fe     0.0000                0.0000
  027-059Co              -62.2291     1.3040                     0         83
      gamma  027-059Co     0.0000                0.0000
  026-056Fe              -60.6064     4.5454                     0         77
      gamma  026-056Fe     0.0000                0.0000
  025-053Mn              -54.6890     3.4921                     0         44
      gamma  025-053Mn     0.0000                0.0000
  026-059Fe              -60.6642     0.5214                     0         27
      gamma  026-059Fe     0.0000                0.0000
  025-056Mn              -56.9108     1.6322                     0         46
      gamma  025-056Mn     0.0000                0.0000
  024-053Cr              -55.2859     4.8714                    11         34
      gamma  024-053Cr     0.0000                0.0000
  023-050V               -49.2239     3.6735                    12         43
      gamma  023-050V      0.0000                0.0000
#......................................................................../  028-060Ni //  13.500000
#                                                                          LEVEL DENSITY PARAMETERS
#                 a       Pairing     T          E0         Em         Sigma2     Eshell
  029-062Cu     8.1124     0.0000     1.4078    -4.1587     9.5485     4.3833  -2.074600
  029-061Cu     7.9769     1.4636     1.4192    -2.1095    10.2663     5.7446  -2.730200
  028-061Ni     7.9769     1.5389     1.4887    -2.6578    11.4045     5.4861  -2.935000
  027-058Co     7.5715     0.0000     1.6003    -4.5097    10.6265     8.1538  -3.270900
  028-060Ni     7.8416     2.6041     1.5650    -1.5297    12.6371     4.7500  -3.743500
  029-060Cu     7.8416     0.0000     1.5143    -4.0112     9.6901     4.5625  -3.234700
  027-057Co     7.4367     1.4927     1.6583    -3.0254    12.2736     6.8935  -3.742600
  027-060Co     7.8416     0.0000     1.4091    -3.6789     9.0170     8.4545  -2.076200
  026-057Fe     7.4367     1.5804     1.5737    -3.0878    12.2497     4.5917  -2.515600
  025-054Mn     7.0331     0.0000     1.5814    -3.6263     9.3214     7.3235  -2.894400
  026-056Fe     7.3020     2.6593     1.6240    -1.8095    13.2217     6.4286  -3.111000
  024-053Cr     6.8989     1.6273     1.5780    -1.9343    10.9467     8.0074  -2.552300
  023-050V      6.4971     0.0000     1.6684    -4.1537    10.6092    10.1163  -1.868700
#......................................................................../  028-060Ni //  13.500000
#                                                                       GIANT DIPOLE RESONANCE DATA
#          Energy[MeV] Width[MeV] Sigma0[mb]            Profile
         E1    18.2548     5.4764 120.005050                 GL
         M1    10.3591     4.0000   0.777260                 SL
         E2    15.9176     5.3660   1.504964                 SL
         M2    10.3591     4.0000   0.000622                 SL
         E3    15.9176     5.3660   0.001204                 SL
#......................................................................../  028-060Ni //  13.500000
#                                                                       SUM OF PRECOMPOUND EMISSION
#            029-062Cu      gamma    neutron     proton      alpha   deuteron
 SpcSum[mb]            0.0000e+00 2.5652e+02 3.1397e+02 1.1751e+01 1.0107e+01
 Emean[MeV]            0.0000e+00 7.5069e+00 1.1127e+01 1.3075e+01 6.3800e+00
#          
#           TotalPreEq   Compound   Fraction
  Sigma[mb] 5.9235e+02 1.5488e+03 3.8246e-01
#......................................................................../  028-060Ni //  13.500000
#                                                                          SUM SPECTRA FOR COMPOUND
#            029-062Cu      gamma    neutron     proton      alpha   deuteron
 SpcSum[mb]            9.6817e-01 5.9204e+02 2.6303e+02 9.4139e+01 7.1344e+00
 Emean[MeV]            7.6557e+00 2.6056e+00 6.1350e+00 1.0842e+01 6.2742e+00
#......................................................................../  028-060Ni //  13.500000
#                                                                   GAMMAS FROM DISCRETE TRANSITION
#           0 0 0 0 0 0             029-062Cu
#   Ex[MeV]     Jpi    FinalState  Branching Production    Egamma Production   T(1/2)[s]
 59  1.9960    3.0-                          6.4929e-04
                        1  0.0408     0.0303               1.9552 1.9676e-05
                        2  0.2434     0.0303               1.7526 1.9676e-05
                        3  0.2878     0.0303               1.7082 1.9676e-05
                        4  0.3901     0.0303               1.6059 1.9676e-05
                        5  0.4262     0.0303               1.5698 1.9676e-05
                        8  0.6448     0.0303               1.3512 1.9676e-05
                        9  0.6750     0.0303               1.3210 1.9676e-05
                       10  0.6983     0.0303               1.2977 1.9676e-05
                       11  0.7277     0.0303               1.2683 1.9676e-05
                       12  0.7560     0.0303               1.2401 1.9676e-05
                       13  0.9153     0.0303               1.0807 1.9676e-05
                       14  0.9827     0.0303               1.0133 1.9676e-05
                       15  1.0230     0.0303               0.9730 1.9676e-05
                       17  1.0772     0.0303               0.9188 1.9676e-05
                       18  1.1417     0.0303               0.8543 1.9676e-05
                       19  1.1441     0.0303               0.8519 1.9676e-05
                       20  1.1700     0.0303               0.8260 1.9676e-05
                       21  1.2215     0.0303               0.7745 1.9676e-05
                       22  1.2487     0.0303               0.7473 1.9676e-05
                       23  1.2850     0.0303               0.7110 1.9676e-05
                       24  1.3463     0.0303               0.6497 1.9676e-05
                       26  1.3670     0.0303               0.6290 1.9676e-05
                       30  1.4033     0.0303               0.5927 1.9676e-05
                       33  1.4275     0.0303               0.5685 1.9676e-05
                       35  1.4330     0.0303               0.5630 1.9676e-05
                       36  1.4857     0.0303               0.5103 1.9676e-05
                       39  1.5112     0.0303               0.4848 1.9676e-05
                       45  1.6783     0.0303               0.3177 1.9676e-05
                       46  1.6791     0.0303               0.3169 1.9676e-05
                       48  1.7105     0.0303               0.2855 1.9676e-05
                       50  1.7450     0.0303               0.2510 1.9676e-05
                       52  1.7750     0.0303               0.2210 1.9676e-05
                       58  1.9814     0.0303               0.0146 1.9676e-05
 58  1.9814    3.0+                          4.4960e-04
                        9  0.6750     0.5000               1.3064 2.2480e-04
                        5  0.4262     0.5000               1.5552 2.2480e-04
 57  1.9205    5.0+                          2.6682e-03
                       44  1.6776     0.3273               0.2429 8.6125e-04
                       10  0.6983     0.6727               1.2222 1.7946e-03
 56  1.9167    5.0-                          4.8076e-03
                       27  1.3705     0.3333               0.5462 1.6025e-03
                        5  0.4262     0.3333               1.4905 1.6025e-03
                        1  0.0408     0.3333               1.8759 1.6025e-03
 55  1.8430    1.0-                          2.3063e-04
                       14  0.9827     1.0000               0.8603 2.3044e-04
 54  1.8276    3.0-                          8.6738e-04
                        5  0.4262     1.0000               1.4014 8.6717e-04
 53  1.8203    2.0-                          4.5637e-04
                        4  0.3901     1.0000               1.4302 4.5626e-04
 52  1.7750    2.0+                          2.8447e-04
                       16  1.0516     0.1111               0.7234 3.1608e-05
                       29  1.3950     0.1111               0.3800 3.1608e-05
                       31  1.4102     0.1111               0.3648 3.1608e-05
                       32  1.4161     0.1111               0.3589 3.1608e-05
                       38  1.5073     0.1111               0.2677 3.1608e-05
                       41  1.5681     0.1111               0.2069 3.1608e-05
                       42  1.5816     0.1111               0.1934 3.1608e-05
                       47  1.6821     0.1111               0.0929 3.1608e-05
                       49  1.7363     0.1111               0.0387 3.1608e-05
 51  1.7595    1.0+                          1.7106e-04
                       10  0.6983     0.5000               1.0612 8.5530e-05
                        8  0.6448     0.5000               1.1147 8.5530e-05
 50  1.7450    4.0+                          1.2955e-03
                       10  0.6983     1.0000               1.0467 1.2952e-03
 49  1.7363    3.0-                          1.0590e-03
                        9  0.6750     1.0000               1.0613 1.0589e-03
 48  1.7105    2.0+                          3.0626e-04
                        9  0.6750     0.0887               1.0355 2.7151e-05
                        5  0.4262     0.4187               1.2843 1.2821e-04
                        0  0.0000     0.4926               1.7105 1.5083e-04
 47  1.6821    2.0-                          6.0393e-04
                       10  0.6983     0.5000               0.9838 3.0197e-04
                        3  0.2878     0.5000               1.3943 3.0197e-04
 46  1.6791    3.0+                          6.4687e-04
                       11  0.7277     0.5000               0.9514 3.2344e-04
                       10  0.6983     0.5000               0.9808 3.2344e-04
 45  1.6783    3.0+                          6.4753e-04
                       12  0.7560     0.2875               0.9223 1.8611e-04
                        7  0.6375     0.6250               1.0408 4.0461e-04
                        2  0.2434     0.0875               1.4349 5.6643e-05
 44  1.6776    5.0+                          5.0091e-03
                       36  1.4857     0.0723               0.1919 3.4276e-04
                       22  1.2487     0.2993               0.4290 1.4959e-03
                        9  0.6750     0.1369               1.0027 6.8554e-04
                        5  0.4262     0.3111               1.2514 1.5580e-03
                        4  0.3901     0.1804               1.2875 9.0348e-04
 43  1.5870    1.0+                          2.1045e-04
                       16  1.0516     0.1429               0.5354 3.0064e-05
                       29  1.3950     0.1429               0.1920 3.0064e-05
                       31  1.4102     0.1429               0.1768 3.0064e-05
                       32  1.4161     0.1429               0.1709 3.0064e-05
                       38  1.5073     0.1429               0.0797 3.0064e-05
                       41  1.5681     0.1429               0.0189 3.0064e-05
                       42  1.5816     0.1429               0.0054 3.0064e-05
 42  1.5816    1.0-                          4.1270e-04
                       10  0.6983     0.2500               0.8833 1.0317e-04
                        5  0.4262     0.2500               1.1554 1.0317e-04
                        3  0.2878     0.2500               1.2938 1.0317e-04
                        2  0.2434     0.2500               1.3382 1.0317e-04
 41  1.5681    2.0-                          7.5712e-04
                        9  0.6750     0.2500               0.8931 1.8928e-04
                        5  0.4262     0.2500               1.1419 1.8928e-04
                        2  0.2434     0.2500               1.3246 1.8928e-04
                        1  0.0408     0.2500               1.5272 1.8928e-04
 40  1.5259    1.0+                          2.2684e-04
                       10  0.6983     0.3230               0.8276 7.3237e-05
                        1  0.0408     0.0559               1.4851 1.2678e-05
                        0  0.0000     0.6211               1.5259 1.4086e-04
 39  1.5112    2.0+                          3.8826e-04
                        5  0.4262     0.3333               1.0850 1.2942e-04
                        4  0.3901     0.3333               1.1211 1.2942e-04
                        1  0.0408     0.3333               1.4704 1.2942e-04
 38  1.5073    2.0-                          8.3446e-04
                        9  0.6750     1.0000               0.8323 8.3431e-04
 37  1.5049    1.0+                          2.3281e-04
                       11  0.7277     1.0000               0.7772 2.3270e-04
 36  1.4857    3.0+                          1.1943e-03
                        9  0.6750     0.2028               0.8108 2.4211e-04
                        5  0.4262     0.6993               1.0595 8.3500e-04
                        4  0.3901     0.0979               1.0956 1.1690e-04
 35  1.4330    2.0+                          4.2747e-04
                       10  0.6983     0.2500               0.7347 1.0687e-04
                        9  0.6750     0.2500               0.7580 1.0687e-04
                        6  0.5483     0.2500               0.8847 1.0687e-04
                        5  0.4262     0.2500               1.0068 1.0687e-04
 34  1.4296    1.0+                          2.5566e-04
                       10  0.6983     0.0242               0.7313 6.1710e-06
                        7  0.6375     0.0897               0.7921 2.2917e-05
                        6  0.5483     0.1448               0.8813 3.7011e-05
                        3  0.2878     0.3448               1.1418 8.8143e-05
                        2  0.2434     0.0379               1.1862 9.6964e-06
                        1  0.0408     0.0828               1.3887 2.1154e-05
                        0  0.0000     0.2758               1.4296 7.0505e-05
 33  1.4275    3.0+                          8.9948e-04
                        9  0.6750     0.5000               0.7525 4.4974e-04
                        1  0.0408     0.5000               1.3867 4.4974e-04
 32  1.4161    2.0-                          9.6760e-04
                       11  0.7277     0.2000               0.6884 1.9352e-04
                       10  0.6983     0.2000               0.7178 1.9352e-04
                        9  0.6750     0.2000               0.7411 1.9352e-04
                        2  0.2434     0.2000               1.1727 1.9352e-04
                        1  0.0408     0.2000               1.3753 1.9352e-04
 31  1.4102    1.0-                          5.3012e-04
                       14  0.9827     1.0000               0.4275 5.2643e-04
 30  1.4033    2.0+                          4.4355e-04
                        9  0.6750     0.3333               0.7283 1.4785e-04
                        4  0.3901     0.3333               1.0132 1.4785e-04
                        1  0.0408     0.3333               1.3625 1.4785e-04
 29  1.3950    2.0-                          1.0015e-03
                        0  0.0000     0.0400               1.3950 4.0061e-05
                        1  0.0408     0.0400               1.3542 4.0061e-05
                        2  0.2434     0.0400               1.1516 4.0061e-05
                        3  0.2878     0.0400               1.1072 4.0061e-05
                        5  0.4262     0.0400               0.9688 4.0061e-05
                        6  0.5483     0.0400               0.8467 4.0061e-05
                        7  0.6375     0.0400               0.7575 4.0061e-05
                        8  0.6448     0.0400               0.7502 4.0061e-05
                        9  0.6750     0.0400               0.7200 4.0061e-05
                       10  0.6983     0.0400               0.6967 4.0061e-05
                       11  0.7277     0.0400               0.6673 4.0061e-05
                       12  0.7560     0.0400               0.6391 4.0061e-05
                       13  0.9153     0.0400               0.4797 4.0061e-05
                       14  0.9827     0.0400               0.4123 4.0061e-05
                       15  1.0230     0.0400               0.3720 4.0061e-05
                       17  1.0772     0.0400               0.3178 4.0061e-05
                       18  1.1417     0.0400               0.2533 4.0061e-05
                       19  1.1441     0.0400               0.2509 4.0061e-05
                       20  1.1700     0.0400               0.2250 4.0061e-05
                       21  1.2215     0.0400               0.1735 4.0061e-05
                       23  1.2850     0.0400               0.1100 4.0061e-05
                       24  1.3463     0.0400               0.0487 4.0061e-05
                       25  1.3543     0.0400               0.0407 4.0061e-05
                       26  1.3670     0.0400               0.0280 4.0061e-05
                       28  1.3739     0.0400               0.0211 4.0061e-05
 28  1.3739    1.0+                          3.1416e-04
                        3  0.2878     0.5000               1.0861 1.5708e-04
                        2  0.2434     0.5000               1.1305 1.5708e-04
 27  1.3705    5.0+                          1.0119e-02                       2.0000e-12
                        5  0.4262     0.1708               0.9443 1.7279e-03
                        4  0.3901     0.8292               0.9804 8.3890e-03
 26  1.3670    2.0+                          5.0419e-04
                        1  0.0408     1.0000               1.3262 5.0410e-04
 25  1.3543    1.0+                          3.2099e-04
                       13  0.9153     0.2011               0.4390 6.4428e-05
                        8  0.6448     0.2175               0.7095 6.9784e-05
                        5  0.4262     0.1631               0.9281 5.2341e-05
                        3  0.2878     0.4182               1.0665 1.3422e-04
 24  1.3463    2.0+                          5.1640e-04
                       11  0.7277     0.2500               0.6186 1.2910e-04
                        9  0.6750     0.2500               0.6713 1.2910e-04
                        2  0.2434     0.2500               1.1029 1.2910e-04
                        1  0.0408     0.2500               1.3055 1.2910e-04
 23  1.2850    3.0+                          1.1318e-03
                       10  0.6983     0.3333               0.5867 3.7726e-04
                        5  0.4262     0.3333               0.8588 3.7726e-04
                        3  0.2878     0.3333               0.9972 3.7726e-04
 22  1.2487    4.0+                          4.2437e-03
                        9  0.6750     0.1492               0.5737 6.3251e-04
                        5  0.4262     0.3106               0.8225 1.3175e-03
                        4  0.3901     0.0404               0.8585 1.7125e-04
                        2  0.2434     0.1025               1.0052 4.3483e-04
                        1  0.0408     0.3974               1.2078 1.6860e-03
 21  1.2215    3.0+                          1.2313e-03
                        0  0.0000     1.0000               1.2215 1.2311e-03
 20  1.1700    2.0+                          6.3568e-04
                       16  1.0516     1.0000               0.1184 6.3568e-04
 19  1.1441    2.0+                          6.5571e-04
                        9  0.6750     0.5000               0.4691 3.2785e-04
                        4  0.3901     0.5000               0.7540 3.2785e-04
 18  1.1417    2.0+                          6.5763e-04
                        6  0.5483     0.0000               0.5933 0.0000e+00
                        5  0.4262     0.3000               0.7155 1.9718e-04
                        4  0.3901     0.5000               0.7515 3.2863e-04
                        2  0.2434     0.2000               0.8982 1.3149e-04
                        1  0.0408     0.0000               1.1008 0.0000e+00
 17  1.0772    2.0+                          7.1068e-04
                        4  0.3901     0.5954               0.6871 4.2283e-04
                        2  0.2434     0.0000               0.8338 0.0000e+00
                        1  0.0408     0.4046               1.0364 2.8748e-04
 16  1.0516    1.0-                          1.5438e-03
                        9  0.6750     1.0000               0.3766 1.5255e-03
 15  1.0230    2.0+                          7.5881e-04
                        2  0.2434     0.4000               0.7796 3.0340e-04
                        1  0.0408     0.1000               0.9822 7.5855e-05
                        0  0.0000     0.5000               1.0230 3.7932e-04
 14  0.9827    3.0+                          2.4566e-03
                        5  0.4262     0.1983               0.5565 4.8665e-04
                        4  0.3901     0.3514               0.5926 8.6248e-04
                        1  0.0408     0.4503               0.9419 1.1059e-03
 13  0.9153    2.0+                          9.2939e-04
                       12  0.7560     0.0000               0.1594 0.0000e+00
                        5  0.4262     0.4352               0.4891 4.0386e-04
                        3  0.2878     0.0213               0.6275 1.9790e-05
                        2  0.2434     0.1218               0.6719 1.1313e-04
                        0  0.0000     0.4217               0.9153 3.9180e-04
 12  0.7560    2.0+                          1.2359e-03
                        0  0.0000     1.0000               0.7560 1.2354e-03
 11  0.7277    2.0+                          1.9651e-03
                        3  0.2878     0.1023               0.4399 2.0061e-04
                        2  0.2434     0.5376               0.4843 1.0554e-03
                        1  0.0408     0.3601               0.6869 7.0716e-04
                        0  0.0000     0.0000               0.7277 0.0000e+00
 10  0.6983    3.0+                          7.1394e-03
                        5  0.4262     0.2550               0.2721 1.8082e-03
                        2  0.2434     0.3551               0.4549 2.5318e-03
                        1  0.0408     0.3899               0.6575 2.7822e-03
                        0  0.0000     0.0000               0.6983 0.0000e+00
  9  0.6750    3.0+                          9.3497e-03
                        4  0.3901     0.1595               0.2848 1.4857e-03
                        2  0.2434     0.4545               0.4315 4.2436e-03
                        1  0.0408     0.3860               0.6341 3.6068e-03
                        0  0.0000     0.0000               0.6750 0.0000e+00
  8  0.6448    2.0+                          1.3562e-03
                        0  0.0000     1.0000               0.6448 1.3554e-03
  7  0.6375    1.0+                          1.1539e-03                       1.5000e-13
                        3  0.2878     0.0156               0.3497 1.7915e-05
                        2  0.2434     0.0774               0.3940 8.9067e-05
                        1  0.0408     0.8982               0.5966 1.0356e-03
                        0  0.0000     0.0088               0.6375 1.0150e-05
  6  0.5483    1.0+                          9.4758e-04                       1.7000e-13
                        3  0.2878     0.0425               0.2605 4.0090e-05
                        2  0.2434     0.0092               0.3049 8.6570e-06
                        1  0.0408     0.4670               0.5075 4.4196e-04
                        0  0.0000     0.4813               0.5483 4.5559e-04
  5  0.4262    3.0+                          1.5657e-02                       1.6000e-13
                        1  0.0408     1.0000               0.3854 1.5628e-02
  4  0.3901    4.0+                          2.4511e-02                       1.1000e-08
                        2  0.2434     0.0372               0.1467 7.9759e-04
                        1  0.0408     0.9628               0.3493 2.3460e-02
  3  0.2878    2.0+                          3.2755e-03
                        1  0.0408     1.0000               0.2470 3.2335e-03
  2  0.2434    2.0+                          1.2604e-02
                        1  0.0408     0.0043               0.2026 5.3267e-05
                        0  0.0000     0.9957               0.2434 1.2388e-02
  1  0.0408    2.0+                          6.0135e-02                       4.5700e-09
                        0  0.0000     1.0000               0.0408 3.6512e-02
  0  0.0000    1.0+                          7.9575e-02                       5.8020e+02
#......................................................................../  028-060Ni //  13.500000
#                                                                          SUM SPECTRA FOR COMPOUND
#            029-061Cu      gamma    neutron     proton      alpha   deuteron
 SpcSum[mb]            4.2269e+02 1.3358e+02 5.3785e+02 3.2221e+01 1.2604e-06
 Emean[MeV]            2.0140e+00 1.2433e+00 4.3922e+00 8.0319e+00 1.5281e+00
#......................................................................../  028-060Ni //  13.500000
#                                                                   GAMMAS FROM DISCRETE TRANSITION
#           1 0 0 0 0 0             029-061Cu
#   Ex[MeV]     Jpi    FinalState  Branching Production    Egamma Production   T(1/2)[s]
 45  3.4544    2.5+                          1.0873e+00
                       15  2.3990     0.0508               1.0554 5.5212e-02
                        6  1.7326     0.2018               1.7218 2.1929e-01
                        3  1.3105     0.7474               2.1439 8.1205e-01
 44  3.4370    0.5+                          2.7614e-01
                        0  0.0000     0.0714               3.4370 1.9725e-02
                        1  0.4751     0.0714               2.9619 1.9725e-02
                        5  1.6605     0.0714               1.7765 1.9725e-02
                        8  1.9327     0.0714               1.5043 1.9725e-02
                       10  2.0889     0.0714               1.3481 1.9725e-02
                       14  2.3582     0.0714               1.0788 1.9725e-02
                       16  2.4725     0.0714               0.9645 1.9725e-02
                       21  2.6841     0.0714               0.7529 1.9725e-02
                       25  2.8405     0.0714               0.5965 1.9725e-02
                       26  2.8571     0.0714               0.5799 1.9725e-02
                       28  2.9327     0.0714               0.5043 1.9725e-02
                       31  3.0193     0.0714               0.4177 1.9725e-02
                       34  3.0655     0.0714               0.3715 1.9725e-02
                       35  3.0921     0.0714               0.3449 1.9725e-02
 43  3.4060    1.5+                          7.4039e-01
                        0  0.0000     0.0500               3.4060 3.7020e-02
                        1  0.4751     0.0500               2.9309 3.7020e-02
                        2  0.9701     0.0500               2.4359 3.7020e-02
                        4  1.3942     0.0500               2.0118 3.7020e-02
                        5  1.6605     0.0500               1.7455 3.7020e-02
                        7  1.9042     0.0500               1.5018 3.7020e-02
                        8  1.9327     0.0500               1.4733 3.7020e-02
                       10  2.0889     0.0500               1.3171 3.7020e-02
                       11  2.2034     0.0500               1.2026 3.7020e-02
                       14  2.3582     0.0500               1.0478 3.7020e-02
                       16  2.4725     0.0500               0.9335 3.7020e-02
                       18  2.5846     0.0500               0.8214 3.7020e-02
                       21  2.6841     0.0500               0.7219 3.7020e-02
                       24  2.7926     0.0500               0.6134 3.7020e-02
                       25  2.8405     0.0500               0.5655 3.7020e-02
                       26  2.8571     0.0500               0.5489 3.7020e-02
                       28  2.9327     0.0500               0.4733 3.7020e-02
                       31  3.0193     0.0500               0.3867 3.7020e-02
                       34  3.0655     0.0500               0.3405 3.7020e-02
                       35  3.0921     0.0500               0.3139 3.7020e-02
 42  3.3727    4.5+                          2.5470e+00
                        6  1.7326     1.0000               1.6401 2.5459e+00
 41  3.3570    0.5+                          3.2273e-01
                        0  0.0000     0.0714               3.3570 2.3052e-02
                        1  0.4751     0.0714               2.8819 2.3052e-02
                        5  1.6605     0.0714               1.6965 2.3052e-02
                        8  1.9327     0.0714               1.4243 2.3052e-02
                       10  2.0889     0.0714               1.2681 2.3052e-02
                       14  2.3582     0.0714               0.9988 2.3052e-02
                       16  2.4725     0.0714               0.8845 2.3052e-02
                       21  2.6841     0.0714               0.6729 2.3052e-02
                       25  2.8405     0.0714               0.5165 2.3052e-02
                       26  2.8571     0.0714               0.4999 2.3052e-02
                       28  2.9327     0.0714               0.4243 2.3052e-02
                       31  3.0193     0.0714               0.3377 2.3052e-02
                       34  3.0655     0.0714               0.2915 2.3052e-02
                       35  3.0921     0.0714               0.2649 2.3052e-02
 40  3.3231    3.5-                          8.5275e-01
                        3  1.3105     1.0000               2.0126 8.5245e-01
 39  3.2771    3.5+                          2.2631e+00
                        0  0.0000     1.0000               3.2771 2.2616e+00
 38  3.2598    5.5-                          2.3546e+00                       3.5000e-13
                       20  2.6271     0.0000               0.6326 0.0000e+00
                       19  2.6117     0.3963               0.6481 9.3247e-01
                       12  2.2951     0.1321               0.9647 3.1096e-01
                        6  1.7326     0.4716               1.5272 1.1102e+00
 37  3.2490    3.5+                          2.3750e+00
                        2  0.9701     0.0667               2.2789 1.5833e-01
                        3  1.3105     0.0667               1.9385 1.5833e-01
                        4  1.3942     0.0667               1.8548 1.5833e-01
                        6  1.7326     0.0667               1.5164 1.5833e-01
                        7  1.9042     0.0667               1.3448 1.5833e-01
                        9  1.9425     0.0667               1.3065 1.5833e-01
                       11  2.2034     0.0667               1.0456 1.5833e-01
                       12  2.2951     0.0667               0.9539 1.5833e-01
                       13  2.3365     0.0667               0.9125 1.5833e-01
                       15  2.3990     0.0667               0.8500 1.5833e-01
                       18  2.5846     0.0667               0.6644 1.5833e-01
                       19  2.6117     0.0667               0.6373 1.5833e-01
                       23  2.7283     0.0667               0.5207 1.5833e-01
                       24  2.7926     0.0667               0.4564 1.5833e-01
                       36  3.1986     0.0667               0.0504 1.5833e-01
 36  3.1986    3.5-                          1.1715e+00
                        9  1.9425     0.2615               1.2561 3.0629e-01
                        6  1.7326     0.4587               1.4660 5.3725e-01
                        4  1.3942     0.2798               1.8044 3.2769e-01
 35  3.0921    1.5-                          4.5766e-01                       3.3000e-14
                        0  0.0000     1.0000               3.0921 4.5730e-01
 34  3.0655    1.5-                          4.7310e-01                       4.0000e-14
                       14  2.3582     0.0977               0.7073 4.6182e-02
                        7  1.9042     0.3906               1.1614 1.8474e-01
                        4  1.3942     0.3086               1.6713 1.4595e-01
                        0  0.0000     0.2032               3.0655 9.6049e-02
 33  3.0420    2.5+                          2.2527e+00
                        1  0.4751     0.6171               2.5669 1.3896e+00
                        0  0.0000     0.3829               3.0420 8.6148e-01
 32  3.0370    0.5+                          5.9511e-01
                        0  0.0000     0.0833               3.0370 4.9592e-02
                        1  0.4751     0.0833               2.5619 4.9592e-02
                        5  1.6605     0.0833               1.3765 4.9592e-02
                        8  1.9327     0.0833               1.1043 4.9592e-02
                       10  2.0889     0.0833               0.9481 4.9592e-02
                       14  2.3582     0.0833               0.6788 4.9592e-02
                       16  2.4725     0.0833               0.5645 4.9592e-02
                       21  2.6841     0.0833               0.3529 4.9592e-02
                       25  2.8405     0.0833               0.1965 4.9592e-02
                       26  2.8571     0.0833               0.1799 4.9592e-02
                       28  2.9327     0.0833               0.1043 4.9592e-02
                       31  3.0193     0.0833               0.0177 4.9592e-02
 31  3.0193    1.5-                          5.5098e-01                       6.9000e-14
                        1  0.4751     0.7092               2.5442 3.9054e-01
                        0  0.0000     0.2908               3.0193 1.6010e-01
 30  3.0157    5.5-                          3.6293e+00                       2.9000e-13
                       13  2.3365     0.1371               0.6793 4.9727e-01
                       12  2.2951     0.1341               0.7206 4.8647e-01
                        3  1.3105     0.7288               1.7052 2.6443e+00
 29  3.0016    2.5+                          2.4174e+00                       1.7000e-13
                       11  2.2034     0.1353               0.7982 3.2704e-01
                        4  1.3942     0.2598               1.6074 6.2785e-01
                        0  0.0000     0.6049               3.0016 1.4604e+00
 28  2.9327    1.5-                          6.0909e-01                       6.5000e-14
                        4  1.3942     0.1023               1.5385 6.2298e-02
                        1  0.4751     0.7874               2.4576 4.7934e-01
                        0  0.0000     0.1103               2.9327 6.7133e-02
 27  2.9242    3.5+                          4.1580e+00                       2.7000e-13
                       20  2.6271     0.0451               0.2971 1.8204e-01
                       19  2.6117     0.0239               0.3125 9.9016e-02
                       15  2.3990     0.0438               0.5252 1.8203e-01
                       12  2.2951     0.0261               0.6291 1.0857e-01
                        9  1.9425     0.0930               0.9817 3.8645e-01
                        6  1.7326     0.7682               1.1916 3.1938e+00
 26  2.8571    1.5-                          6.6578e-01
                        1  0.4751     0.2000               2.3820 1.3309e-01
                        0  0.0000     0.8000               2.8571 5.3225e-01
 25  2.8405    1.5-                          6.7901e-01
                       10  2.0889     0.5570               0.7516 3.7803e-01
                        0  0.0000     0.4430               2.8405 3.0059e-01
 24  2.7926    2.5-                          1.3751e+00                       1.1600e-13
                        5  1.6605     0.1000               1.1322 1.3744e-01
                        3  1.3105     0.4454               1.4821 6.1229e-01
                        0  0.0000     0.4547               2.7926 6.2477e-01
 23  2.7283    3.5-                          2.0965e+00                       2.3000e-13
                       15  2.3990     0.0272               0.3293 5.6808e-02
                       11  2.2034     0.0392               0.5249 8.2069e-02
                        3  1.3105     0.3312               1.4178 6.9430e-01
                        2  0.9701     0.6023               1.7583 1.2625e+00
 22  2.7207    4.5+                          7.8017e+00                       2.8000e-12
                       19  2.6117     0.0478               0.1090 3.5692e-01
                       15  2.3990     0.0121               0.3217 9.4613e-02
                        9  1.9425     0.0138               0.7782 1.0748e-01
                        6  1.7326     0.3749               0.9881 2.9244e+00
                        3  1.3105     0.5514               1.4102 4.3006e+00
 21  2.6841    1.5-                          8.1862e-01                       8.5000e-14
                        4  1.3942     0.0270               1.2899 2.2115e-02
                        1  0.4751     0.5405               2.2090 4.4226e-01
                        0  0.0000     0.4325               2.6841 3.5382e-01
 20  2.6271    5.5-                          7.9679e+00                       3.5000e-13
                       13  2.3365     0.0164               0.2907 1.2969e-01
                       12  2.2951     0.0260               0.3320 2.0602e-01
                        3  1.3105     0.9576               1.3166 7.6289e+00
 19  2.6117    4.5-                          5.6476e+00                       2.8000e-13
                       12  2.2951     0.0141               0.3166 7.9388e-02
                        9  1.9425     0.3011               0.6692 1.6997e+00
                        6  1.7326     0.5857               0.8791 3.3071e+00
                        3  1.3105     0.0990               1.3012 5.5896e-01
 18  2.5846    2.5-                          1.7581e+00                       9.8000e-14
                        0  0.0000     1.0000               2.5846 1.7571e+00
 17  2.5838    2.5+                          4.8385e+00                       1.0200e-13
                        9  1.9425     0.1803               0.6413 8.7211e-01
                        6  1.7326     0.8197               0.8512 3.9654e+00
 16  2.4725    1.5-                          1.0564e+00                       7.5000e-14
                        2  0.9701     0.1012               1.5024 1.0688e-01
                        1  0.4751     0.8431               1.9974 8.9042e-01
                        0  0.0000     0.0557               2.4725 5.8764e-02
 15  2.3990    3.5-                          3.5471e+00                       1.2100e-13
                        3  1.3105     0.4179               1.0885 1.4820e+00
                        2  0.9701     0.5821               1.4290 2.0644e+00
 14  2.3582    1.5-                          1.2579e+00                       1.9700e-13
                        8  1.9327     0.1078               0.4255 1.3530e-01
                        5  1.6605     0.3090               0.6977 3.8846e-01
                        1  0.4751     0.3471               1.8831 4.3648e-01
                        0  0.0000     0.2361               2.3582 2.9684e-01
 13  2.3365    4.5-                          6.9138e+00                       4.3000e-13
                        9  1.9425     0.0173               0.3940 1.1934e-01
                        4  1.3942     0.0120               0.9423 8.3007e-02
                        3  1.3105     0.2200               1.0259 1.5207e+00
                        2  0.9701     0.7507               1.3664 5.1892e+00
 12  2.2951    4.5-                          7.8571e+00                       1.8000e-12
                        9  1.9425     0.0761               0.3526 5.9646e-01
                        6  1.7326     0.1992               0.5625 1.5638e+00
                        4  1.3942     0.2579               0.9009 2.0257e+00
                        3  1.3105     0.3420               0.9846 2.6865e+00
                        2  0.9701     0.1248               1.3250 9.8040e-01
 11  2.2034    2.5-                          3.1578e+00                       1.7300e-13
                        6  1.7326     0.1145               0.4708 3.6095e-01
                        3  1.3105     0.1874               0.8929 5.9160e-01
                        2  0.9701     0.4685               1.2334 1.4792e+00
                        1  0.4751     0.2296               1.7283 7.2484e-01
 10  2.0889    0.5-                          1.2079e+00                       2.8000e-14
                        1  0.4751     0.3197               1.6138 3.8608e-01
                        0  0.0000     0.6803               2.0889 8.2139e-01
  9  1.9425    3.5-                          9.5298e+00                       1.2000e-12
                        6  1.7326     0.0997               0.2099 9.4278e-01
                        4  1.3942     0.0050               0.5483 4.7422e-02
                        3  1.3105     0.1919               0.6319 1.8279e+00
                        2  0.9701     0.5997               0.9724 5.7133e+00
                        0  0.0000     0.1037               1.9425 9.8802e-01
  8  1.9327    1.5-                          2.1297e+00                       8.7000e-14
                        2  0.9701     0.0757               0.9626 1.6116e-01
                        1  0.4751     0.2545               1.4576 5.4193e-01
                        0  0.0000     0.6698               1.9327 1.4261e+00
  7  1.9042    2.5-                          4.0427e+00                       1.8000e-13
                        3  1.3105     0.2212               0.5936 8.9374e-01
                        2  0.9701     0.4164               0.9341 1.6831e+00
                        0  0.0000     0.3623               1.9042 1.4644e+00
  6  1.7326    3.5-                          2.7579e+01                       1.4000e-12
                        4  1.3942     0.0230               0.3384 6.3068e-01
                        3  1.3105     0.2228               0.4221 6.1358e+00
                        2  0.9701     0.1360               0.7625 3.7493e+00
                        0  0.0000     0.6182               1.7326 1.7045e+01
  5  1.6605    1.5-                          3.2292e+00                       1.8200e-13
                        4  1.3942     0.0461               0.2663 1.4755e-01
                        2  0.9701     0.1567               0.6904 5.0575e-01
                        1  0.4751     0.1443               1.1854 4.6587e-01
                        0  0.0000     0.6529               1.6605 2.1078e+00
  4  1.3942    2.5-                          1.0779e+01                       8.5000e-13
                        2  0.9701     0.0282               0.4241 3.0317e-01
                        1  0.4751     0.1194               0.9191 1.2866e+00
                        0  0.0000     0.8524               1.3942 9.1865e+00
  3  1.3105    3.5-                          4.4091e+01                       5.3000e-13
                        2  0.9701     0.0620               0.3405 2.7287e+00
                        0  0.0000     0.9380               1.3105 4.1348e+01
  2  0.9701    2.5-                          3.6077e+01                       6.9000e-13
                        1  0.4751     0.0090               0.4950 3.2524e-01
                        0  0.0000     0.9910               0.9701 3.5743e+01
  1  0.4751    0.5-                          1.1989e+01                       6.6000e-13
                        0  0.0000     1.0000               0.4751 1.1976e+01
  0  0.0000    1.5-                          1.4490e+02                       1.2000e+04
#......................................................................../  028-060Ni //  13.500000
#                                                                          SUM SPECTRA FOR COMPOUND
#            028-061Ni      gamma    neutron     proton      alpha   deuteron
 SpcSum[mb]            6.8847e+02 3.4433e+02 6.3234e+00 1.4107e+00 1.5018e-07
 Emean[MeV]            1.9088e+00 1.4331e+00 3.7699e+00 7.5013e+00 1.8393e+00
#......................................................................../  028-060Ni //  13.500000
#                                                                   GAMMAS FROM DISCRETE TRANSITION
#           0 1 0 0 0 0             028-061Ni
#   Ex[MeV]     Jpi    FinalState  Branching Production    Egamma Production   T(1/2)[s]
 35  2.9050    3.5-                          1.6163e+00
                       17  2.0300     0.2500               0.8750 4.0408e-01
                       18  2.1216     0.2500               0.7834 4.0408e-01
                       27  2.6970     0.2500               0.2080 4.0408e-01
                       28  2.7090     0.2500               0.1960 4.0408e-01
 34  2.8635    1.5-                          6.6008e-01
                       11  1.7295     0.2662               1.1340 1.7568e-01
                       10  1.6097     0.1728               1.2538 1.1404e-01
                        8  1.1853     0.1586               1.6782 1.0467e-01
                        2  0.2830     0.2834               2.5805 1.8696e-01
                        1  0.0674     0.1190               2.7961 7.8496e-02
 33  2.8530    3.5-                          1.7267e+00
                       17  2.0300     0.2500               0.8230 4.3168e-01
                       18  2.1216     0.2500               0.7314 4.3168e-01
                       27  2.6970     0.2500               0.1560 4.3168e-01
                       28  2.7090     0.2500               0.1440 4.3168e-01
 32  2.8010    2.5-                          1.2309e+00
                       13  1.9780     0.2000               0.8230 2.4618e-01
                       17  2.0300     0.2000               0.7710 2.4618e-01
                       27  2.6970     0.2000               0.1040 2.4618e-01
                       28  2.7090     0.2000               0.0920 2.4618e-01
                       31  2.7860     0.2000               0.0150 2.4618e-01
 31  2.7860    1.5+                          1.7380e+00
                        0  0.0000     0.0667               2.7860 1.1587e-01
                        1  0.0674     0.0667               2.7186 1.1587e-01
                        2  0.2830     0.0667               2.5030 1.1587e-01
                        3  0.6560     0.0667               2.1300 1.1587e-01
                        4  0.9086     0.0667               1.8774 1.1587e-01
                        6  1.0996     0.0667               1.6864 1.1587e-01
                        7  1.1323     0.0667               1.6537 1.1587e-01
                        8  1.1853     0.0667               1.6007 1.1587e-01
                       10  1.6097     0.0667               1.1763 1.1587e-01
                       11  1.7295     0.0667               1.0565 1.1587e-01
                       15  1.9976     0.0667               0.7884 1.1587e-01
                       19  2.1240     0.0667               0.6620 1.1587e-01
                       22  2.4140     0.0667               0.3720 1.1587e-01
                       26  2.6397     0.0667               0.1463 1.1587e-01
                       30  2.7651     0.0667               0.0209 1.1587e-01
 30  2.7651    1.5-                          8.6529e-01
                        7  1.1323     0.0874               1.6328 7.5602e-02
                        6  1.0996     0.1608               1.6655 1.3911e-01
                        4  0.9086     0.0664               1.8565 5.7456e-02
                        2  0.2830     0.3357               2.4821 2.9032e-01
                        0  0.0000     0.3497               2.7651 3.0239e-01
 29  2.7340    3.5-                          2.0118e+00
                       17  2.0300     0.2500               0.7040 5.0296e-01
                       18  2.1216     0.2500               0.6124 5.0296e-01
                       27  2.6970     0.2500               0.0370 5.0296e-01
                       28  2.7090     0.2500               0.0250 5.0296e-01
 28  2.7090    2.5+                          4.2828e+00
                        0  0.0000     0.0588               2.7090 2.5193e-01
                        1  0.0674     0.0588               2.6416 2.5193e-01
                        4  0.9086     0.0588               1.8004 2.5193e-01
                        5  1.0151     0.0588               1.6939 2.5193e-01
                        6  1.0996     0.0588               1.6094 2.5193e-01
                        7  1.1323     0.0588               1.5767 2.5193e-01
                        8  1.1853     0.0588               1.5237 2.5193e-01
                        9  1.4548     0.0588               1.2542 2.5193e-01
                       10  1.6097     0.0588               1.0993 2.5193e-01
                       11  1.7295     0.0588               0.9795 2.5193e-01
                       15  1.9976     0.0588               0.7114 2.5193e-01
                       16  2.0181     0.0588               0.6909 2.5193e-01
                       22  2.4140     0.0588               0.2950 2.5193e-01
                       23  2.4690     0.0588               0.2400 2.5193e-01
                       24  2.5290     0.0588               0.1800 2.5193e-01
                       25  2.5930     0.0588               0.1160 2.5193e-01
                       26  2.6397     0.0588               0.0693 2.5193e-01
 27  2.6970    2.5+                          4.3334e+00
                        0  0.0000     0.0588               2.6970 2.5491e-01
                        1  0.0674     0.0588               2.6296 2.5491e-01
                        4  0.9086     0.0588               1.7884 2.5491e-01
                        5  1.0151     0.0588               1.6819 2.5491e-01
                        6  1.0996     0.0588               1.5974 2.5491e-01
                        7  1.1323     0.0588               1.5647 2.5491e-01
                        8  1.1853     0.0588               1.5117 2.5491e-01
                        9  1.4548     0.0588               1.2422 2.5491e-01
                       10  1.6097     0.0588               1.0873 2.5491e-01
                       11  1.7295     0.0588               0.9675 2.5491e-01
                       15  1.9976     0.0588               0.6994 2.5491e-01
                       16  2.0181     0.0588               0.6789 2.5491e-01
                       22  2.4140     0.0588               0.2830 2.5491e-01
                       23  2.4690     0.0588               0.2280 2.5491e-01
                       24  2.5290     0.0588               0.1680 2.5491e-01
                       25  2.5930     0.0588               0.1040 2.5491e-01
                       26  2.6397     0.0588               0.0573 2.5491e-01
 26  2.6397    1.5-                          1.5042e+00
                        2  0.2830     0.0880               2.3568 1.3231e-01
                        1  0.0674     0.0738               2.5723 1.1089e-01
                        0  0.0000     0.8382               2.6397 1.2601e+00
 25  2.5930    3.5-                          2.9241e+00
                       17  2.0300     0.5000               0.5630 1.4620e+00
                       18  2.1216     0.5000               0.4714 1.4620e+00
 24  2.5290    3.5-                          3.1359e+00
                       17  2.0300     0.5000               0.4990 1.5679e+00
                       18  2.1216     0.5000               0.4074 1.5679e+00
 23  2.4690    3.5-                          3.3519e+00                       2.3600e-13
                       17  2.0300     0.5000               0.4390 1.6759e+00
                       18  2.1216     0.5000               0.3474 1.6759e+00
 22  2.4140    1.5-                          1.8033e+00
                       13  1.9780     0.5000               0.4360 9.0167e-01
                       17  2.0300     0.5000               0.3840 9.0167e-01
 21  2.4097    4.5-                          5.0417e+00                       1.9000e-13
                        9  1.4548     0.1677               0.9549 8.4527e-01
                        7  1.1323     0.1180               1.2774 5.9480e-01
                        5  1.0151     0.0931               1.3946 4.6954e-01
                        1  0.0674     0.6212               2.3423 3.1301e+00
 20  2.1292    5.5-                          1.5271e+01                       2.0000e-12
                        5  1.0151     1.0000               1.1141 1.5268e+01
 19  2.1240    0.5-                          9.1009e-01                       4.4000e-14
                        8  1.1853     0.1039               0.9387 9.4534e-02
                        0  0.0000     0.8961               2.1240 8.1521e-01
 18  2.1216    4.5+                          2.0678e+01                       4.0000e-13
                        5  1.0151     1.0000               1.1065 2.0676e+01
 17  2.0300    2.5+                          1.4744e+01
                        0  0.0000     0.0833               2.0300 1.2287e+00
                        1  0.0674     0.0833               1.9626 1.2287e+00
                        4  0.9086     0.0833               1.1214 1.2287e+00
                        5  1.0151     0.0833               1.0149 1.2287e+00
                        6  1.0996     0.0833               0.9304 1.2287e+00
                        7  1.1323     0.0833               0.8977 1.2287e+00
                        8  1.1853     0.0833               0.8447 1.2287e+00
                        9  1.4548     0.0833               0.5752 1.2287e+00
                       10  1.6097     0.0833               0.4203 1.2287e+00
                       11  1.7295     0.0833               0.3005 1.2287e+00
                       15  1.9976     0.0833               0.0324 1.2287e+00
                       16  2.0181     0.0833               0.0119 1.2287e+00
 16  2.0181    3.5-                          6.8699e+00                       1.2000e-13
                        4  0.9086     0.0991               1.1095 6.8063e-01
                        1  0.0674     0.9009               1.9507 6.1874e+00
 15  1.9976    2.5-                          5.2660e+00                       4.5000e-14
                        5  1.0151     0.1101               0.9825 5.7970e-01
                        4  0.9086     0.1597               1.0890 8.4090e-01
                        1  0.0674     0.0503               1.9302 2.6487e-01
                        0  0.0000     0.6799               1.9976 3.5790e+00
 14  1.9880    4.5-                          9.3158e+00                       5.1000e-13
                        9  1.4548     0.1297               0.5332 1.2075e+00
                        5  1.0151     0.1194               0.9729 1.1122e+00
                        4  0.9086     0.1820               1.0794 1.6953e+00
                        1  0.0674     0.5689               1.9206 5.2976e+00
 13  1.9780    1.5+                          6.1725e+00
                        0  0.0000     0.1000               1.9780 6.1725e-01
                        1  0.0674     0.1000               1.9106 6.1725e-01
                        2  0.2830     0.1000               1.6950 6.1725e-01
                        3  0.6560     0.1000               1.3220 6.1725e-01
                        4  0.9086     0.1000               1.0694 6.1725e-01
                        6  1.0996     0.1000               0.8784 6.1725e-01
                        7  1.1323     0.1000               0.8457 6.1725e-01
                        8  1.1853     0.1000               0.7927 6.1725e-01
                       10  1.6097     0.1000               0.3683 6.1725e-01
                       11  1.7295     0.1000               0.2485 6.1725e-01
 12  1.8077    4.5-                          1.2096e+01                       6.0000e-13
                        5  1.0151     0.1103               0.7926 1.3337e+00
                        1  0.0674     0.8897               1.7403 1.0759e+01
 11  1.7295    1.5-                          5.4235e+00                       6.5000e-14
                        8  1.1853     0.0586               0.5442 3.1733e-01
                        4  0.9086     0.0712               0.8209 3.8628e-01
                        3  0.6560     0.1527               1.0735 8.2799e-01
                        2  0.2830     0.2137               1.4465 1.1588e+00
                        1  0.0674     0.2494               1.6621 1.3523e+00
                        0  0.0000     0.2544               1.7295 1.3794e+00
 10  1.6097    2.5-                          8.0397e+00                       2.6000e-13
                        7  1.1323     0.0371               0.4773 2.9786e-01
                        4  0.9086     0.0466               0.7010 3.7430e-01
                        1  0.0674     0.5007               1.5422 4.0249e+00
                        0  0.0000     0.4156               1.6097 3.3407e+00
  9  1.4548    3.5-                          1.4101e+01                       5.8000e-13
                        5  1.0151     0.0602               0.4397 8.4680e-01
                        1  0.0674     0.2332               1.3874 3.2878e+00
                        0  0.0000     0.7066               1.4548 9.9621e+00
  8  1.1853    1.5-                          8.1656e+00                       1.2000e-13
                        3  0.6560     0.0882               0.5292 7.1918e-01
                        2  0.2830     0.0194               0.9023 1.5821e-01
                        1  0.0674     0.0116               1.1178 9.4951e-02
                        0  0.0000     0.8808               1.1853 7.1913e+00
  7  1.1323    2.5-                          1.2794e+01                       3.2000e-13
                        5  1.0151     0.0835               0.1172 9.1348e-01
                        1  0.0674     0.3214               1.0649 4.1111e+00
                        0  0.0000     0.5951               1.1323 7.6122e+00
  6  1.0996    1.5-                          8.2919e+00                       1.6000e-13
                        2  0.2830     0.5163               0.8167 4.2796e+00
                        1  0.0674     0.0707               1.0322 5.8634e-01
                        0  0.0000     0.4130               1.0996 3.4238e+00
  5  1.0151    3.5-                          6.0091e+01                       4.4000e-12
                        3  0.6560     0.0328               0.3591 1.9181e+00
                        1  0.0674     0.7256               0.9477 4.3590e+01
                        0  0.0000     0.2416               1.0151 1.4515e+01
  4  0.9086    2.5-                          1.8380e+01                       7.0000e-13
                        2  0.2830     0.0301               0.6257 5.5222e-01
                        1  0.0674     0.1576               0.8412 2.8957e+00
                        0  0.0000     0.8123               0.9086 1.4927e+01
  3  0.6560    0.5-                          8.3904e+00                       1.7000e-11
                        2  0.2830     0.1530               0.3731 1.2816e+00
                        1  0.0674     0.0826               0.5886 6.9217e-01
                        0  0.0000     0.7644               0.6560 6.4095e+00
  2  0.2830    0.5-                          1.4724e+01                       2.3000e-11
                        1  0.0674     0.0018               0.2155 2.6362e-02
                        0  0.0000     0.9982               0.2830 1.4649e+01
  1  0.0674    2.5-                          1.1615e+02                       5.3400e-09
                        0  0.0000     1.0000               0.0674 1.0197e+02
  0  0.0000    1.5-                          2.2494e+02
#......................................................................../  028-060Ni //  13.500000
#                                                                          SUM SPECTRA FOR COMPOUND
#            027-058Co      gamma    neutron     proton      alpha   deuteron
 SpcSum[mb]            1.6711e+02 4.3267e+01 4.6805e+00 1.8069e-03 1.8588e-08
 Emean[MeV]            2.1994e+00 9.8215e-01 2.7517e+00 5.6366e+00 2.2441e+00
#......................................................................../  028-060Ni //  13.500000
#                                                                   GAMMAS FROM DISCRETE TRANSITION
#           0 0 1 0 0 0             027-058Co
#   Ex[MeV]     Jpi    FinalState  Branching Production    Egamma Production   T(1/2)[s]
 51  2.2600    3.0-                          5.9748e-01
                        0  0.0000     0.0400               2.2600 2.3899e-02
                        2  0.0532     0.0400               2.2068 2.3899e-02
                        3  0.1118     0.0400               2.1482 2.3899e-02
                        4  0.3657     0.0400               1.8943 2.3899e-02
                        6  0.4575     0.0400               1.8025 2.3899e-02
                        7  0.8856     0.0400               1.3744 2.3899e-02
                        8  1.0401     0.0400               1.2199 2.3899e-02
                        9  1.0443     0.0400               1.2157 2.3899e-02
                       14  1.2366     0.0400               1.0234 2.3899e-02
                       16  1.3535     0.0400               0.9065 2.3899e-02
                       20  1.4240     0.0400               0.8360 2.3899e-02
                       23  1.5133     0.0400               0.7467 2.3899e-02
                       24  1.5226     0.0400               0.7374 2.3899e-02
                       25  1.5244     0.0400               0.7356 2.3899e-02
                       27  1.5547     0.0400               0.7053 2.3899e-02
                       28  1.6056     0.0400               0.6544 2.3899e-02
                       29  1.6699     0.0400               0.5901 2.3899e-02
                       32  1.7493     0.0400               0.5106 2.3899e-02
                       37  1.8430     0.0400               0.4170 2.3899e-02
                       38  1.8658     0.0400               0.3942 2.3899e-02
                       40  1.9250     0.0400               0.3350 2.3899e-02
                       42  1.9788     0.0400               0.2812 2.3899e-02
                       43  2.0070     0.0400               0.2530 2.3899e-02
                       44  2.0700     0.0400               0.1900 2.3899e-02
                       47  2.1660     0.0400               0.0940 2.3899e-02
 50  2.2488    1.0+                          1.7094e-01
                        0  0.0000     1.0000               2.2488 1.7087e-01
 49  2.2250    5.0+                          4.2872e-01
                       46  2.1050     1.0000               0.1200 4.2872e-01
 48  2.1848    6.0+                          6.2048e-01
                       13  1.1846     1.0000               1.0002 6.2035e-01
 47  2.1660    3.0+                          3.6883e-01
                       46  2.1050     1.0000               0.0610 3.6883e-01
 46  2.1050    4.0-                          1.6863e+00
                        1  0.0249     0.0385               2.0800 6.4856e-02
                        2  0.0532     0.0385               2.0518 6.4856e-02
                        3  0.1118     0.0385               1.9932 6.4856e-02
                        4  0.3657     0.0385               1.7393 6.4856e-02
                        5  0.3739     0.0385               1.7311 6.4856e-02
                        6  0.4575     0.0385               1.6475 6.4856e-02
                        7  0.8856     0.0385               1.2194 6.4856e-02
                        8  1.0401     0.0385               1.0649 6.4856e-02
                        9  1.0443     0.0385               1.0607 6.4856e-02
                       13  1.1846     0.0385               0.9204 6.4856e-02
                       15  1.3515     0.0385               0.7535 6.4856e-02
                       19  1.4181     0.0385               0.6869 6.4856e-02
                       20  1.4240     0.0385               0.6810 6.4856e-02
                       23  1.5133     0.0385               0.5917 6.4856e-02
                       25  1.5244     0.0385               0.5806 6.4856e-02
                       26  1.5488     0.0385               0.5562 6.4856e-02
                       27  1.5547     0.0385               0.5503 6.4856e-02
                       28  1.6056     0.0385               0.4994 6.4856e-02
                       29  1.6699     0.0385               0.4351 6.4856e-02
                       31  1.7405     0.0385               0.3645 6.4856e-02
                       32  1.7493     0.0385               0.3557 6.4856e-02
                       34  1.7780     0.0385               0.3270 6.4856e-02
                       37  1.8430     0.0385               0.2620 6.4856e-02
                       42  1.9788     0.0385               0.1262 6.4856e-02
                       43  2.0070     0.0385               0.0980 6.4856e-02
                       44  2.0700     0.0385               0.0350 6.4856e-02
 45  2.0805    6.0+                          6.9995e-01
                       13  1.1846     1.0000               0.8959 6.9978e-01
 44  2.0700    4.0+                          5.2732e-01
                        2  0.0532     1.0000               2.0168 5.2732e-01
 43  2.0070    3.0+                          4.9752e-01
                        3  0.1118     1.0000               1.8952 4.9752e-01
 42  1.9788    3.0+                          5.1027e-01
                        9  1.0443     1.0000               0.9345 5.1016e-01
 41  1.9290    7.0+                          2.2173e+00                       2.7700e-13
                       21  1.4246     0.7296               0.5044 1.6160e+00
                        5  0.3739     0.2704               1.5551 5.9944e-01
 40  1.9250    2.0+                          3.9132e-01
                       12  1.1330     1.0000               0.7920 3.9132e-01
 39  1.8677    1.0+                          2.6702e-01
                       10  1.0502     0.0000               0.8175 0.0000e+00
                        2  0.0532     0.4012               1.8145 1.0711e-01
                        0  0.0000     0.5988               1.8677 1.5985e-01
 38  1.8658    2.0+                          4.1795e-01
                        7  0.8856     0.2500               0.9802 1.0449e-01
                        6  0.4575     0.2500               1.4083 1.0449e-01
                        2  0.0532     0.2500               1.8126 1.0449e-01
                        0  0.0000     0.2500               1.8658 1.0449e-01
 37  1.8430    3.0+                          5.7858e-01
                        3  0.1118     1.0000               1.7312 5.7858e-01
 36  1.8280    0.0-                          2.0778e-01
                       10  1.0502     0.1667               0.7778 3.4630e-02
                       17  1.3690     0.1667               0.4590 3.4630e-02
                       18  1.3769     0.1667               0.4511 3.4630e-02
                       22  1.4349     0.1667               0.3931 3.4630e-02
                       30  1.7292     0.1667               0.0988 3.4630e-02
                       33  1.7572     0.1667               0.0708 3.4630e-02
 35  1.8133    0.0+                          1.0209e-01
                        0  0.0000     1.0000               1.8133 1.0206e-01
 34  1.7780    5.0+                          7.4770e-01
                        1  0.0249     1.0000               1.7530 7.4770e-01
 33  1.7572    1.0+                          3.4045e-01
                       10  1.0502     0.4083               0.7070 1.3894e-01
                        3  0.1118     0.5917               1.6454 2.0140e-01
 32  1.7493    4.0+                          7.0838e-01
                        7  0.8856     0.4630               0.8637 3.2786e-01
                        2  0.0532     0.2454               1.6962 1.7378e-01
                        0  0.0000     0.2917               1.7493 2.0656e-01
 31  1.7405    5.0+                          7.7616e-01
                        3  0.1118     1.0000               1.6287 7.7599e-01
 30  1.7292    1.0+                          3.5121e-01
                        5  0.3739     0.1567               1.3553 5.5019e-02
                        4  0.3657     0.7463               1.3636 2.6206e-01
                        0  0.0000     0.0970               1.7292 3.4070e-02
 29  1.6699    3.0+                          6.8442e-01
                       10  1.0502     1.0000               0.6197 6.8387e-01
 28  1.6056    3.0+                          7.2983e-01
                        6  0.4575     0.0000               1.1481 0.0000e+00
                        3  0.1118     0.7407               1.4939 5.4050e-01
                        0  0.0000     0.2593               1.6056 1.8921e-01
 27  1.5547    3.0+                          7.6836e-01
                       10  1.0502     0.7197               0.5046 5.5215e-01
                        4  0.3657     0.0000               1.1891 0.0000e+00
                        0  0.0000     0.2803               1.5547 2.1533e-01
 26  1.5488    5.0+                          9.4369e-01
                       11  1.0755     0.3335               0.4733 3.1431e-01
                        7  0.8856     0.6665               0.6632 6.2855e-01
 25  1.5244    3.0+                          7.9247e-01
                        4  0.3657     0.4505               1.1587 3.5696e-01
                        0  0.0000     0.5495               1.5244 4.3539e-01
 24  1.5226    2.0+                          6.1984e-01
                        4  0.3657     0.4413               1.1569 2.7349e-01
                        3  0.1118     0.5587               1.4108 3.4625e-01
 23  1.5133    3.0+                          8.0149e-01
                        8  1.0401     0.1306               0.4732 1.0454e-01
                        5  0.3739     0.0988               1.1394 7.9174e-02
                        4  0.3657     0.3952               1.1477 3.1670e-01
                        1  0.0249     0.3754               1.4884 3.0083e-01
 22  1.4349    1.0+                          4.9128e-01                       6.0000e-13
                        0  0.0000     1.0000               1.4349 4.9121e-01
 21  1.4246    6.0+                          3.2996e+00                       7.6000e-14
                        5  0.3739     0.8961               1.0507 2.9562e+00
                        1  0.0249     0.1039               1.3997 3.4278e-01
 20  1.4240    3.0+                          8.7867e-01
                        3  0.1118     1.0000               1.3122 8.7867e-01
 19  1.4181    5.0+                          1.0818e+00
                        5  0.3739     1.0000               1.0442 1.0816e+00
 18  1.3769    1.0+                          5.2538e-01                       1.6000e-13
                       10  1.0502     0.0683               0.3267 3.5714e-02
                        9  1.0443     0.4461               0.3326 2.2705e-01
                        0  0.0000     0.4856               1.3769 2.5510e-01
 17  1.3690    1.0+                          5.3019e-01
                       12  1.1330     1.0000               0.2360 5.3019e-01
 16  1.3535    2.0+                          7.5530e-01                       6.0000e-13
                        4  0.3657     0.5650               0.9878 4.2666e-01
                        3  0.1118     0.2373               1.2417 1.7921e-01
                        0  0.0000     0.1977               1.3535 1.4930e-01
 15  1.3515    5.0+                          1.1607e+00
                        7  0.8856     0.0742               0.4659 8.5945e-02
                        6  0.4575     0.9258               0.8940 1.0743e+00
 14  1.2366    2.0+                          8.6572e-01
                        3  0.1118     0.2537               1.1248 2.1960e-01
                        0  0.0000     0.7463               1.2366 6.4600e-01
 13  1.1846    5.0+                          2.7068e+00                       9.7000e-14
                        6  0.4575     0.6897               0.7271 1.8661e+00
                        2  0.0532     0.2069               1.1315 5.5996e-01
                        1  0.0249     0.1034               1.1597 2.7984e-01
 12  1.1330    1.0-                          2.4378e+00
                        0  0.0000     0.5000               1.1330 1.2189e+00
                       10  1.0502     0.5000               0.0828 1.2189e+00
 11  1.0755    6.0+                          3.1111e+00                       6.9000e-14
                        5  0.3739     0.1327               0.7016 4.1266e-01
                        1  0.0249     0.8673               1.0505 2.6978e+00
 10  1.0502    1.0+                          3.3967e+00                       1.4000e-13
                        4  0.3657     0.0305               0.6845 1.0354e-01
                        3  0.1118     0.3598               0.9384 1.2218e+00
                        0  0.0000     0.6097               1.0502 2.0706e+00
  9  1.0443    4.0+                          2.1972e+00                       1.2000e-12
                        5  0.3739     0.0000               0.6703 0.0000e+00
                        3  0.1118     0.1803               0.9325 3.9606e-01
                        0  0.0000     0.8197               1.0443 1.8007e+00
  8  1.0401    3.0+                          1.4192e+00                       1.4000e-13
                        6  0.4575     0.4609               0.5826 6.5377e-01
                        4  0.3657     0.2350               0.6745 3.3335e-01
                        0  0.0000     0.3041               1.0401 4.3151e-01
  7  0.8856    3.0+                          2.6945e+00                       1.5000e-13
                        5  0.3739     0.1727               0.5117 4.6467e-01
                        4  0.3657     0.2036               0.5200 5.4806e-01
                        3  0.1118     0.4423               0.7739 1.1914e+00
                        2  0.0532     0.0531               0.8325 1.4298e-01
                        1  0.0249     0.1283               0.8607 3.4560e-01
  6  0.4575    4.0+                          6.3625e+00                       9.0000e-13
                        4  0.3657     0.0171               0.0918 7.7852e-02
                        3  0.1118     0.1596               0.3457 1.0119e+00
                        2  0.0532     0.0065               0.4043 4.1525e-02
                        1  0.0249     0.8167               0.4325 5.1908e+00
  5  0.3739    5.0+                          8.9156e+00                       8.0000e-13
                        2  0.0532     0.9424               0.3208 8.3843e+00
                        1  0.0249     0.0576               0.3490 5.1146e-01
  4  0.3657    3.0+                          5.3785e+00                       1.1000e-12
                        3  0.1118     0.0090               0.2539 4.7896e-02
                        2  0.0532     0.0000               0.3125 0.0000e+00
                        0  0.0000     0.9910               0.3657 5.3218e+00
  3  0.1118    3.0+                          1.1503e+01                       1.4000e-10
                        2  0.0532     0.4185               0.0586 4.0900e+00
                        0  0.0000     0.5815               0.1118 6.4908e+00
  2  0.0532    4.0+                          1.8855e+01                       1.0500e-05
                        1  0.0249     0.3332               0.0282 7.7560e-01
                        0  0.0000     0.6668               0.0532 1.8038e+00
  1  0.0249    5.0+                          2.1352e+01                       3.2760e+04
                        0  0.0000     1.0000               0.0249 8.4696e-03
  0  0.0000    2.0+                          5.7942e+01                       6.1220e+06
#......................................................................../  028-060Ni //  13.500000
#                                                                         ISOMERIC STATE PRODUCTION
#            027-058Co
#   Ex[MeV]     Jpi     T(1/2)[s]  Prod.[mb]
  1  0.0249    5.0+    3.2760e+04 2.1352e+01
#......................................................................../  028-060Ni //  13.500000
#                                                                          SUM SPECTRA FOR COMPOUND
#            028-060Ni      gamma    neutron     proton      alpha
 SpcSum[mb]            5.8248e+01 4.6270e-05 5.7468e-04 1.2358e-04
 Emean[MeV]            1.9851e+00 1.6491e-01 1.4727e+00 4.2987e+00
#......................................................................../  028-060Ni //  13.500000
#                                                                   GAMMAS FROM DISCRETE TRANSITION
#           0 0 0 1 0 0             028-060Ni
#   Ex[MeV]     Jpi    FinalState  Branching Production    Egamma Production   T(1/2)[s]
 47  4.6130    0.0-                          2.6502e-02
                        9  3.1940     0.2500               1.4190 6.6254e-03
                       26  4.0205     0.2500               0.5926 6.6254e-03
                       37  4.3347     0.2500               0.2783 6.6254e-03
                       39  4.3557     0.2500               0.2573 6.6254e-03
 46  4.5791    2.0+                          6.6988e-02                       1.8000e-14
                        2  2.1586     0.3532               2.4205 2.3650e-02
                        1  1.3325     0.3533               3.2466 2.3649e-02
                        0  0.0000     0.2934               4.5791 1.9629e-02
 45  4.5488    2.0+                          6.9277e-02
                        7  3.1240     0.1850               1.4248 1.2813e-02
                        3  2.2849     0.2922               2.2639 2.0231e-02
                        2  2.1586     0.3247               2.3902 2.2481e-02
                        1  1.3325     0.0942               3.2163 6.5185e-03
                        0  0.0000     0.1040               4.5488 7.1944e-03
 44  4.5357    3.0+                          1.1337e-01
                        2  2.1586     0.6097               2.3771 6.9086e-02
                        1  1.3325     0.3293               3.2032 3.7301e-02
                        0  0.0000     0.0610               4.5357 6.9088e-03
 43  4.4934    2.0+                          7.3705e-02                       1.6000e-14
                       10  3.2694     0.0576               1.2241 4.2450e-03
                        8  3.1860     0.1296               1.3074 9.5514e-03
                        2  2.1586     0.0432               2.3348 3.1842e-03
                        1  1.3325     0.7205               3.1609 5.3064e-02
                        0  0.0000     0.0490               4.4934 3.6084e-03
 42  4.4500    3.0-                          2.7570e-01
                        4  2.5058     0.5000               1.9442 1.3785e-01
                        1  1.3325     0.5000               3.1175 1.3785e-01
 41  4.4074    5.0+                          2.7501e-01
                       31  4.1654     0.2204               0.2420 5.9840e-02
                       17  3.6707     0.5063               0.7367 1.3916e-01
                        4  2.5058     0.2733               1.9017 7.5144e-02
 40  4.3994    2.0+                          8.2020e-02
                       18  3.7020     0.3333               0.6974 2.7340e-02
                       10  3.2694     0.3333               1.1300 2.7340e-02
                        4  2.5058     0.3333               1.8936 2.7340e-02
 39  4.3557    1.0+                          6.8473e-02                       4.5000e-14
                        1  1.3325     1.0000               3.0232 6.8421e-02
 38  4.3410    0.0+                          1.5290e-02                       2.9000e-14
                        7  3.1240     0.3006               1.2170 4.5955e-03
                        2  2.1586     0.6994               2.1824 1.0689e-02
 37  4.3347    1.0+                          7.0211e-02
                        2  2.1586     0.6060               2.1761 4.2527e-02
                        1  1.3325     0.2485               3.0022 1.7436e-02
                        0  0.0000     0.1455               4.3347 1.0205e-02
 36  4.3190    2.0+                          9.0000e-02
                        5  2.6261     0.1601               1.6929 1.4406e-02
                        4  2.5058     0.0884               1.8132 7.9504e-03
                        1  1.3325     0.5525               2.9865 4.9689e-02
                        0  0.0000     0.1990               4.3190 1.7888e-02
 35  4.3000    5.0-                          6.2440e-01
                        6  3.1197     0.5000               1.1803 3.1220e-01
                        4  2.5058     0.5000               1.7942 3.1220e-01
 34  4.2945    4.0+                          1.9650e-01
                        4  2.5058     0.4011               1.7887 7.8795e-02
                        1  1.3325     0.5989               2.9620 1.1759e-01
 33  4.2651    6.0+                          5.1777e-01                       4.5000e-13
                        6  3.1197     0.0512               1.1454 2.6520e-02
                        4  2.5058     0.9488               1.7594 4.9111e-01
 32  4.1910    3.0-                          4.1089e-01
                       19  3.7307     0.0000               0.4603 0.0000e+00
                       17  3.6707     0.0000               0.5203 0.0000e+00
                       15  3.6195     0.4286               0.5715 1.7604e-01
                        5  2.6261     0.5714               1.5649 2.3470e-01
 31  4.1654    5.0+                          4.7264e-01                       8.0000e-13
                        5  2.6261     0.2000               1.5393 9.4510e-02
                        4  2.5058     0.8000               1.6596 3.7803e-01
 30  4.1160    2.0+                          1.1429e-01
                        7  3.1240     0.2395               0.9920 2.7367e-02
                        4  2.5058     0.2499               1.6102 2.8555e-02
                        1  1.3325     0.2604               2.7835 2.9741e-02
                        0  0.0000     0.2502               4.1160 2.8560e-02
 29  4.0785    2.0+                          1.1950e-01                       1.8000e-14
                        2  2.1586     0.3841               1.9199 4.5887e-02
                        1  1.3325     0.5821               2.7460 6.9517e-02
                        0  0.0000     0.0338               4.0785 4.0319e-03
 28  4.0397    3.0-                          5.1920e-01                       2.2000e-14
                        2  2.1586     0.3006               1.8810 1.5598e-01
                        1  1.3325     0.6994               2.7072 3.6273e-01
 27  4.0350    2.0+                          1.2587e-01                       2.5000e-14
                        1  1.3325     0.4999               2.7025 6.2882e-02
                        0  0.0000     0.5001               4.0350 6.2872e-02
 26  4.0205    1.0+                          1.0347e-01                       1.2000e-14
                        7  3.1240     0.0934               0.8964 9.6578e-03
                        3  2.2849     0.0439               1.7356 4.5447e-03
                        1  1.3325     0.3131               2.6879 3.2378e-02
                        0  0.0000     0.5496               4.0205 5.6808e-02
 25  4.0079    2.0+                          1.3001e-01                       2.1000e-14
                       13  3.3935     0.0960               0.6144 1.2475e-02
                        1  1.3325     0.5649               2.6754 7.3394e-02
                        0  0.0000     0.3391               4.0079 4.4032e-02
 24  3.9258    3.0+                          2.3644e-01                       1.9000e-13
                        8  3.1860     0.2772               0.7398 6.5506e-02
                        4  2.5058     0.4016               1.4200 9.4932e-02
                        2  2.1586     0.3213               1.7672 7.5943e-02
 23  3.8950    2.0+                          1.4880e-01                       5.9000e-14
                        5  2.6261     0.4011               1.2689 5.9673e-02
                        1  1.3325     0.5989               2.5625 8.9063e-02
 22  3.8878    2.0+                          1.5008e-01                       7.0000e-14
                        1  1.3325     1.0000               2.5553 1.5000e-01
 21  3.8750    2.0+                          1.5240e-01                       3.0000e-12
                       12  3.3810     0.0994               0.4940 1.5133e-02
                        7  3.1240     0.1589               0.7510 2.4207e-02
                        5  2.6261     0.1390               1.2489 2.1181e-02
                        2  2.1586     0.2715               1.7164 4.1368e-02
                        1  1.3325     0.3312               2.5425 5.0448e-02
                        0  0.0000     0.0000               3.8750 0.0000e+00
 20  3.7361    2.0+                          1.7985e-01                       1.1000e-13
                        7  3.1240     0.0234               0.6121 4.2001e-03
                        3  2.2849     0.1713               1.4512 3.0804e-02
                        1  1.3325     0.7788               2.4036 1.4000e-01
                        0  0.0000     0.0265               3.7361 4.7609e-03
 19  3.7307    2.0+                          1.8101e-01                       2.1000e-13
                        7  3.1240     0.0000               0.6067 0.0000e+00
                        5  2.6261     0.0000               1.1046 0.0000e+00
                        4  2.5058     0.4011               1.2249 7.2592e-02
                        1  1.3325     0.5989               2.3982 1.0835e-01
 18  3.7020    4.0+                          4.2562e-01
                        6  3.1197     1.0000               0.5823 4.2527e-01
 17  3.6707    4.0+                          5.5273e-01                       6.0000e-14
                        4  2.5058     1.0000               1.1649 5.5265e-01
 16  3.6229    2.0-                          6.0497e-01
                        1  1.3325     0.1111               2.2904 6.7219e-02
                        2  2.1586     0.1111               1.4643 6.7219e-02
                        5  2.6261     0.1111               0.9968 6.7219e-02
                        7  3.1240     0.1111               0.4989 6.7219e-02
                        8  3.1860     0.1111               0.4369 6.7219e-02
                        9  3.1940     0.1111               0.4289 6.7219e-02
                       10  3.2694     0.1111               0.3535 6.7219e-02
                       13  3.3935     0.1111               0.2294 6.7219e-02
                       15  3.6195     0.1111               0.0034 6.7219e-02
 15  3.6195    3.0+                          5.8704e-01                       2.0000e-13
                        5  2.6261     0.6993               0.9935 4.1042e-01
                        4  2.5058     0.3007               1.1138 1.7649e-01
                        2  2.1586     0.0000               1.4609 0.0000e+00
 14  3.5881    0.0+                          3.5650e-02                       4.0000e-11
                        9  3.1940     0.1706               0.3941 6.0728e-03
                        2  2.1586     0.5680               1.4295 2.0246e-02
                        1  1.3325     0.2614               2.2556 9.3145e-03
                        0  0.0000     0.0000               3.5881 0.0000e+00
 13  3.3935    2.0+                          3.4837e-01                       1.3000e-13
                        2  2.1586     0.1086               1.2349 3.7827e-02
                        1  1.3325     0.8354               2.0610 2.9092e-01
                        0  0.0000     0.0560               3.3935 1.9493e-02
 12  3.3810    2.0-                          8.4515e-01                       2.3000e-13
                        2  2.1586     1.0000               1.2224 8.4504e-01
 11  3.3187    0.0+                          4.8082e-02                       2.4000e-13
                        1  1.3325     1.0000               1.9862 4.8065e-02
                        0  0.0000     0.0000               3.3187 0.0000e+00
 10  3.2694    2.0+                          4.0833e-01                       7.1000e-14
                        5  2.6261     0.1907               0.6433 7.7820e-02
                        3  2.2849     0.0156               0.9845 6.3684e-03
                        2  2.1586     0.2079               1.1107 8.4878e-02
                        1  1.3325     0.4332               1.9369 1.7684e-01
                        0  0.0000     0.1526               3.2694 6.2255e-02
  9  3.1940    1.0+                          3.5969e-01                       5.3000e-14
                        3  2.2849     0.1618               0.9091 5.8190e-02
                        2  2.1586     0.2963               1.0354 1.0657e-01
                        1  1.3325     0.3799               1.8615 1.3662e-01
                        0  0.0000     0.1619               3.1940 5.8194e-02
  8  3.1860    2.0+                          4.8225e-01                       1.4000e-13
                        4  2.5058     0.3094               0.6803 1.4911e-01
                        2  2.1586     0.3597               1.0274 1.7343e-01
                        1  1.3325     0.3309               1.8535 1.5953e-01
  7  3.1240    2.0+                          5.1430e-01                       6.0000e-13
                        5  2.6261     0.0318               0.4979 1.6334e-02
                        3  2.2849     0.0087               0.8391 4.4825e-03
                        2  2.1586     0.0057               0.9654 2.9293e-03
                        1  1.3325     0.8631               1.7915 4.4379e-01
                        0  0.0000     0.0907               3.1240 4.6597e-02
  6  3.1197    4.0+                          1.5521e+00                       2.4000e-13
                        5  2.6261     0.0801               0.4936 1.2418e-01
                        1  1.3325     0.9199               1.7872 1.4274e+00
  5  2.6261    3.0+                          2.1724e+00                       6.0000e-13
                        4  2.5058     0.0397               0.1203 7.4934e-02
                        2  2.1586     0.6279               0.4674 1.3626e+00
                        1  1.3325     0.3325               1.2936 7.2217e-01
  4  2.5058    4.0+                          4.1991e+00                       3.3000e-12
                        2  2.1586     0.0001               0.3471 3.1905e-04
                        1  1.3325     0.9999               1.1732 4.1981e+00
                        0  0.0000     0.0000               2.5058 8.3977e-08
  3  2.2849    0.0+                          2.6326e-01                       1.5000e-12
                        1  1.3325     1.0000               0.9524 2.6318e-01
                        0  0.0000     0.0000               2.2849 0.0000e+00
  2  2.1586    2.0+                          4.1733e+00                       5.9000e-13
                        1  1.3325     0.8503               0.8261 3.5474e+00
                        0  0.0000     0.1497               2.1586 6.2447e-01
  1  1.3325    2.0+                          1.5223e+01                       7.7000e-13
                        0  0.0000     1.0000               1.3325 1.5221e+01
  0  0.0000    0.0+                          1.7241e+01
#......................................................................../  028-060Ni //  13.500000
#                                                                          SUM SPECTRA FOR COMPOUND
#            029-060Cu      gamma
 SpcSum[mb]            2.6764e+02
 Emean[MeV]            5.9283e-01
#......................................................................../  028-060Ni //  13.500000
#                                                                   GAMMAS FROM DISCRETE TRANSITION
#           2 0 0 0 0 0             029-060Cu
#   Ex[MeV]     Jpi    FinalState  Branching Production    Egamma Production   T(1/2)[s]
 31  1.7910    0.0+                          1.4811e-01
                        4  0.3646     0.5000               1.4264 7.4056e-02
                        0  0.0000     0.5000               1.7910 7.4056e-02
 30  1.7789    5.0+                          4.7787e+00
                        6  0.5575     0.5000               1.2214 2.3893e+00
                        5  0.4538     0.5000               1.3251 2.3893e+00
 29  1.7680    0.0-                          1.8359e-01
                        1  0.0622     0.2500               1.7058 4.5898e-02
                        4  0.3646     0.2500               1.4034 4.5898e-02
                       10  0.6702     0.2500               1.0978 4.5898e-02
                       17  1.2490     0.2500               0.5190 4.5898e-02
 28  1.6940    2.0-                          1.1578e+00
                        0  0.0000     0.0714               1.6940 8.2700e-02
                        1  0.0622     0.0714               1.6318 8.2700e-02
                        2  0.2872     0.0714               1.4068 8.2700e-02
                        4  0.3646     0.0714               1.3294 8.2700e-02
                        5  0.4538     0.0714               1.2402 8.2700e-02
                        8  0.5870     0.0714               1.1070 8.2700e-02
                        9  0.6000     0.0714               1.0940 8.2700e-02
                       10  0.6702     0.0714               1.0238 8.2700e-02
                       11  0.7810     0.0714               0.9130 8.2700e-02
                       14  0.9470     0.0714               0.7470 8.2700e-02
                       16  1.0070     0.0714               0.6870 8.2700e-02
                       17  1.2490     0.0714               0.4450 8.2700e-02
                       21  1.4270     0.0714               0.2670 8.2700e-02
                       27  1.6680     0.0714               0.0260 8.2700e-02
 27  1.6680    3.0+                          1.7321e+00
                       11  0.7810     1.0000               0.8870 1.7315e+00
 26  1.6600    1.0-                          6.7100e-01
                        0  0.0000     0.1000               1.6600 6.7100e-02
                        1  0.0622     0.1000               1.5978 6.7100e-02
                        2  0.2872     0.1000               1.3728 6.7100e-02
                        3  0.3358     0.1000               1.3242 6.7100e-02
                        4  0.3646     0.1000               1.2954 6.7100e-02
                        9  0.6000     0.1000               1.0600 6.7100e-02
                       10  0.6702     0.1000               0.9898 6.7100e-02
                       14  0.9470     0.1000               0.7130 6.7100e-02
                       16  1.0070     0.1000               0.6530 6.7100e-02
                       17  1.2490     0.1000               0.4110 6.7100e-02
 25  1.6460    4.0-                          4.2600e+00
                        5  0.4538     0.1250               1.1922 5.3250e-01
                        6  0.5575     0.1250               1.0885 5.3250e-01
                        8  0.5870     0.1250               1.0590 5.3250e-01
                       11  0.7810     0.1250               0.8650 5.3250e-01
                       13  0.9145     0.1250               0.7315 5.3250e-01
                       15  0.9750     0.1250               0.6710 5.3250e-01
                       21  1.4270     0.1250               0.2190 5.3250e-01
                       24  1.6036     0.1250               0.0424 5.3250e-01
 24  1.6036    5.0+                          8.1954e+00
                        6  0.5575     1.0000               1.0461 8.1936e+00
 23  1.5050    3.0-                          2.9500e+00
                        5  0.4538     1.0000               1.0512 2.9497e+00
 22  1.4920    2.0-                          1.6267e+00
                        0  0.0000     0.0769               1.4920 1.2513e-01
                        1  0.0622     0.0769               1.4298 1.2513e-01
                        2  0.2872     0.0769               1.2048 1.2513e-01
                        4  0.3646     0.0769               1.1274 1.2513e-01
                        5  0.4538     0.0769               1.0382 1.2513e-01
                        8  0.5870     0.0769               0.9050 1.2513e-01
                        9  0.6000     0.0769               0.8920 1.2513e-01
                       10  0.6702     0.0769               0.8218 1.2513e-01
                       11  0.7810     0.0769               0.7110 1.2513e-01
                       14  0.9470     0.0769               0.5450 1.2513e-01
                       16  1.0070     0.0769               0.4850 1.2513e-01
                       17  1.2490     0.0769               0.2430 1.2513e-01
                       21  1.4270     0.0769               0.0650 1.2513e-01
 21  1.4270    3.0+                          3.0796e+00
                        0  0.0000     1.0000               1.4270 3.0791e+00
 20  1.4215    3.0-                          3.4621e+00
                        5  0.4538     1.0000               0.9677 3.4617e+00
                        0  0.0000     0.0000               1.4215 0.0000e+00
 19  1.3680    1.0-                          1.0915e+00
                        2  0.2872     1.0000               1.0808 1.0914e+00
 18  1.3330    2.0-                          2.1163e+00
                        0  0.0000     0.0833               1.3330 1.7636e-01
                        1  0.0622     0.0833               1.2708 1.7636e-01
                        2  0.2872     0.0833               1.0458 1.7636e-01
                        4  0.3646     0.0833               0.9684 1.7636e-01
                        5  0.4538     0.0833               0.8792 1.7636e-01
                        8  0.5870     0.0833               0.7460 1.7636e-01
                        9  0.6000     0.0833               0.7330 1.7636e-01
                       10  0.6702     0.0833               0.6628 1.7636e-01
                       11  0.7810     0.0833               0.5520 1.7636e-01
                       14  0.9470     0.0833               0.3860 1.7636e-01
                       16  1.0070     0.0833               0.3260 1.7636e-01
                       17  1.2490     0.0833               0.0840 1.7636e-01
 17  1.2490    1.0+                          1.4397e+00
                        3  0.3358     1.0000               0.9132 1.4393e+00
 16  1.0070    2.0+                          2.8471e+00
                       10  0.6702     1.0000               0.3368 2.8341e+00
 15  0.9750    4.0+                          8.7753e+00
                        6  0.5575     1.0000               0.4175 8.7543e+00
 14  0.9470    2.0+                          3.0397e+00
                        7  0.5710     0.3333               0.3760 1.0132e+00
                        5  0.4538     0.3333               0.4932 1.0132e+00
                        0  0.0000     0.3333               0.9470 1.0132e+00
 13  0.9145    4.0+                          9.5640e+00
                        6  0.5575     0.3293               0.3570 3.1375e+00
                        5  0.4538     0.6707               0.4607 6.4031e+00
 12  0.9040    1.0-                          2.3188e+00
                        0  0.0000     1.0000               0.9040 2.3184e+00
 11  0.7810    3.0+                          8.4741e+00
                        5  0.4538     0.4517               0.3272 3.8087e+00
                        0  0.0000     0.5483               0.7810 4.6444e+00
 10  0.6702    1.0+                          5.3353e+00
                        3  0.3358     0.1230               0.3344 6.5461e-01
                        0  0.0000     0.8770               0.6702 4.6761e+00
  9  0.6000    2.0+                          4.5168e+00
                        0  0.0000     1.0000               0.6000 4.5130e+00
  8  0.5870    3.0+                          8.5191e+00
                        7  0.5710     1.0000               0.0160 8.5191e+00
  7  0.5710    2.0-                          1.6667e+01
                        3  0.3358     0.3333               0.2352 5.5556e+00
                        2  0.2872     0.3333               0.2838 5.5556e+00
                        0  0.0000     0.3333               0.5710 5.5556e+00
  6  0.5575    4.0+                          3.8496e+01
                        5  0.4538     0.3640               0.1037 1.0863e+01
                        3  0.3358     0.0000               0.2217 0.0000e+00
                        2  0.2872     0.1028               0.2703 3.8970e+00
                        0  0.0000     0.5332               0.5575 2.0499e+01
  5  0.4538    3.0+                          4.4092e+01
                        2  0.2872     0.0100               0.1666 4.3555e-01
                        0  0.0000     0.9900               0.4538 4.3567e+01
  4  0.3646    1.0+                          3.4766e+00
                        0  0.0000     1.0000               0.3646 3.4641e+00
  3  0.3358    0.0+                          8.6836e+00
                        1  0.0622     1.0000               0.2736 8.6486e+00
  2  0.2872    2.0+                          1.7545e+01
                        1  0.0622     0.7022               0.2250 1.2102e+01
                        0  0.0000     0.2978               0.2872 5.2050e+00
  1  0.0622    1.0+                          2.5703e+01                       2.0000e-09
                        0  0.0000     1.0000               0.0622 2.0846e+01
  0  0.0000    2.0+                          1.3358e+02                       1.4220e+03
#......................................................................../  028-060Ni //  13.500000
#                                                                          SUM SPECTRA FOR COMPOUND
#            028-060Ni      gamma     proton      alpha
 SpcSum[mb]            1.9167e+03 2.0114e-15 6.8853e-10
 Emean[MeV]            1.4006e+00 6.2123e-01 2.9251e+00
#......................................................................../  028-060Ni //  13.500000
#                                                                   GAMMAS FROM DISCRETE TRANSITION
#           1 1 0 0 0 0             028-060Ni
#   Ex[MeV]     Jpi    FinalState  Branching Production    Egamma Production   T(1/2)[s]
 47  4.6130    0.0-                          4.9106e-01
                        9  3.1940     0.2500               1.4190 1.2277e-01
                       26  4.0205     0.2500               0.5926 1.2277e-01
                       37  4.3347     0.2500               0.2783 1.2277e-01
                       39  4.3557     0.2500               0.2573 1.2277e-01
 46  4.5791    2.0+                          2.1553e+00                       1.8000e-14
                        2  2.1586     0.3532               2.4205 7.6093e-01
                        1  1.3325     0.3533               3.2466 7.6089e-01
                        0  0.0000     0.2934               4.5791 6.3155e-01
 45  4.5488    2.0+                          2.2358e+00
                        7  3.1240     0.1850               1.4248 4.1352e-01
                        3  2.2849     0.2922               2.2639 6.5293e-01
                        2  2.1586     0.3247               2.3902 7.2554e-01
                        1  1.3325     0.0942               3.2163 2.1037e-01
                        0  0.0000     0.1040               4.5488 2.3219e-01
 44  4.5357    3.0+                          4.0295e+00
                        2  2.1586     0.6097               2.3771 2.4556e+00
                        1  1.3325     0.3293               3.2032 1.3258e+00
                        0  0.0000     0.0610               4.5357 2.4556e-01
 43  4.4934    2.0+                          2.3980e+00                       1.6000e-14
                       10  3.2694     0.0576               1.2241 1.3811e-01
                        8  3.1860     0.1296               1.3074 3.1076e-01
                        2  2.1586     0.0432               2.3348 1.0360e-01
                        1  1.3325     0.7205               3.1609 1.7265e+00
                        0  0.0000     0.0490               4.4934 1.1740e-01
 42  4.4500    3.0-                          6.4343e+00
                        4  2.5058     0.5000               1.9442 3.2171e+00
                        1  1.3325     0.5000               3.1175 3.2171e+00
 41  4.4074    5.0+                          1.7696e+01
                       31  4.1654     0.2204               0.2420 3.8505e+00
                       17  3.6707     0.5063               0.7367 8.9546e+00
                        4  2.5058     0.2733               1.9017 4.8353e+00
 40  4.3994    2.0+                          2.6941e+00
                       18  3.7020     0.3333               0.6974 8.9802e-01
                       10  3.2694     0.3333               1.1300 8.9802e-01
                        4  2.5058     0.3333               1.8936 8.9802e-01
 39  4.3557    1.0+                          1.7055e+00                       4.5000e-14
                        1  1.3325     1.0000               3.0232 1.7042e+00
 38  4.3410    0.0+                          4.9938e-01                       2.9000e-14
                        7  3.1240     0.3006               1.2170 1.5009e-01
                        2  2.1586     0.6994               2.1824 3.4911e-01
 37  4.3347    1.0+                          1.7482e+00
                        2  2.1586     0.6060               2.1761 1.0589e+00
                        1  1.3325     0.2485               3.0022 4.3414e-01
                        0  0.0000     0.1455               4.3347 2.5409e-01
 36  4.3190    2.0+                          2.9747e+00
                        5  2.6261     0.1601               1.6929 4.7617e-01
                        4  2.5058     0.0884               1.8132 2.6278e-01
                        1  1.3325     0.5525               2.9865 1.6424e+00
                        0  0.0000     0.1990               4.3190 5.9123e-01
 35  4.3000    5.0-                          2.8860e+01
                        6  3.1197     0.5000               1.1803 1.4430e+01
                        4  2.5058     0.5000               1.7942 1.4430e+01
 34  4.2945    4.0+                          9.6281e+00
                        4  2.5058     0.4011               1.7887 3.8608e+00
                        1  1.3325     0.5989               2.9620 5.7617e+00
 33  4.2651    6.0+                          4.7647e+01                       4.5000e-13
                        6  3.1197     0.0512               1.1454 2.4404e+00
                        4  2.5058     0.9488               1.7594 4.5194e+01
 32  4.1910    3.0-                          9.7128e+00
                       19  3.7307     0.0000               0.4603 0.0000e+00
                       17  3.6707     0.0000               0.5203 0.0000e+00
                       15  3.6195     0.4286               0.5715 4.1614e+00
                        5  2.6261     0.5714               1.5649 5.5479e+00
 31  4.1654    5.0+                          3.2245e+01                       8.0000e-13
                        5  2.6261     0.2000               1.5393 6.4477e+00
                        4  2.5058     0.8000               1.6596 2.5790e+01
 30  4.1160    2.0+                          3.8168e+00
                        7  3.1240     0.2395               0.9920 9.1392e-01
                        4  2.5058     0.2499               1.6102 9.5361e-01
                        1  1.3325     0.2604               2.7835 9.9323e-01
                        0  0.0000     0.2502               4.1160 9.5380e-01
 29  4.0785    2.0+                          3.9945e+00                       1.8000e-14
                        2  2.1586     0.3841               1.9199 1.5338e+00
                        1  1.3325     0.5821               2.7460 2.3237e+00
                        0  0.0000     0.0338               4.0785 1.3477e-01
 28  4.0397    3.0-                          1.2352e+01                       2.2000e-14
                        2  2.1586     0.3006               1.8810 3.7109e+00
                        1  1.3325     0.6994               2.7072 8.6297e+00
 27  4.0350    2.0+                          4.2104e+00                       2.5000e-14
                        1  1.3325     0.4999               2.7025 2.1034e+00
                        0  0.0000     0.5001               4.0350 2.1031e+00
 26  4.0205    1.0+                          2.5418e+00                       1.2000e-14
                        7  3.1240     0.0934               0.8964 2.3724e-01
                        3  2.2849     0.0439               1.7356 1.1164e-01
                        1  1.3325     0.3131               2.6879 7.9534e-01
                        0  0.0000     0.5496               4.0205 1.3955e+00
 25  4.0079    2.0+                          4.3571e+00                       2.1000e-14
                       13  3.3935     0.0960               0.6144 4.1809e-01
                        1  1.3325     0.5649               2.6754 2.4597e+00
                        0  0.0000     0.3391               4.0079 1.4757e+00
 24  3.9258    3.0+                          8.9295e+00                       1.9000e-13
                        8  3.1860     0.2772               0.7398 2.4739e+00
                        4  2.5058     0.4016               1.4200 3.5851e+00
                        2  2.1586     0.3213               1.7672 2.8680e+00
 23  3.8950    2.0+                          5.0021e+00                       5.9000e-14
                        5  2.6261     0.4011               1.2689 2.0060e+00
                        1  1.3325     0.5989               2.5625 2.9940e+00
 22  3.8878    2.0+                          5.0457e+00                       7.0000e-14
                        1  1.3325     1.0000               2.5553 5.0428e+00
 21  3.8750    2.0+                          5.1239e+00                       3.0000e-12
                       12  3.3810     0.0994               0.4940 5.0882e-01
                        7  3.1240     0.1589               0.7510 8.1388e-01
                        5  2.6261     0.1390               1.2489 7.1215e-01
                        2  2.1586     0.2715               1.7164 1.3909e+00
                        1  1.3325     0.3312               2.5425 1.6962e+00
                        0  0.0000     0.0000               3.8750 0.0000e+00
 20  3.7361    2.0+                          6.0673e+00                       1.1000e-13
                        7  3.1240     0.0234               0.6121 1.4169e-01
                        3  2.2849     0.1713               1.4512 1.0392e+00
                        1  1.3325     0.7788               2.4036 4.7229e+00
                        0  0.0000     0.0265               3.7361 1.6061e-01
 19  3.7307    2.0+                          6.1133e+00                       2.1000e-13
                        7  3.1240     0.0000               0.6067 0.0000e+00
                        5  2.6261     0.0000               1.1046 0.0000e+00
                        4  2.5058     0.4011               1.2249 2.4516e+00
                        1  1.3325     0.5989               2.3982 3.6594e+00
 18  3.7020    4.0+                          2.2211e+01
                        6  3.1197     1.0000               0.5823 2.2193e+01
 17  3.6707    4.0+                          3.1190e+01                       6.0000e-14
                        4  2.5058     1.0000               1.1649 3.1184e+01
 16  3.6229    2.0-                          1.2322e+01
                        1  1.3325     0.1111               2.2904 1.3691e+00
                        2  2.1586     0.1111               1.4643 1.3691e+00
                        5  2.6261     0.1111               0.9968 1.3691e+00
                        7  3.1240     0.1111               0.4989 1.3691e+00
                        8  3.1860     0.1111               0.4369 1.3691e+00
                        9  3.1940     0.1111               0.4289 1.3691e+00
                       10  3.2694     0.1111               0.3535 1.3691e+00
                       13  3.3935     0.1111               0.2294 1.3691e+00
                       15  3.6195     0.1111               0.0034 1.3691e+00
 15  3.6195    3.0+                          1.8885e+01                       2.0000e-13
                        5  2.6261     0.6993               0.9935 1.3203e+01
                        4  2.5058     0.3007               1.1138 5.6777e+00
                        2  2.1586     0.0000               1.4609 0.0000e+00
 14  3.5881    0.0+                          1.1820e+00                       4.0000e-11
                        9  3.1940     0.1706               0.3941 2.0134e-01
                        2  2.1586     0.5680               1.4295 6.7125e-01
                        1  1.3325     0.2614               2.2556 3.0882e-01
                        0  0.0000     0.0000               3.5881 0.0000e+00
 13  3.3935    2.0+                          1.1008e+01                       1.3000e-13
                        2  2.1586     0.1086               1.2349 1.1953e+00
                        1  1.3325     0.8354               2.0610 9.1930e+00
                        0  0.0000     0.0560               3.3935 6.1598e-01
 12  3.3810    2.0-                          1.7832e+01                       2.3000e-13
                        2  2.1586     1.0000               1.2224 1.7829e+01
 11  3.3187    0.0+                          1.5978e+00                       2.4000e-13
                        1  1.3325     1.0000               1.9862 1.5972e+00
                        0  0.0000     0.0000               3.3187 0.0000e+00
 10  3.2694    2.0+                          1.3119e+01                       7.1000e-14
                        5  2.6261     0.1907               0.6433 2.5001e+00
                        3  2.2849     0.0156               0.9845 2.0460e-01
                        2  2.1586     0.2079               1.1107 2.7269e+00
                        1  1.3325     0.4332               1.9369 5.6812e+00
                        0  0.0000     0.1526               3.2694 2.0001e+00
  9  3.1940    1.0+                          8.4322e+00                       5.3000e-14
                        3  2.2849     0.1618               0.9091 1.3641e+00
                        2  2.1586     0.2963               1.0354 2.4982e+00
                        1  1.3325     0.3799               1.8615 3.2028e+00
                        0  0.0000     0.1619               3.1940 1.3642e+00
  8  3.1860    2.0+                          1.6013e+01                       1.4000e-13
                        4  2.5058     0.3094               0.6803 4.9512e+00
                        2  2.1586     0.3597               1.0274 5.7587e+00
                        1  1.3325     0.3309               1.8535 5.2973e+00
  7  3.1240    2.0+                          1.6828e+01                       6.0000e-13
                        5  2.6261     0.0318               0.4979 5.3443e-01
                        3  2.2849     0.0087               0.8391 1.4667e-01
                        2  2.1586     0.0057               0.9654 9.5845e-02
                        1  1.3325     0.8631               1.7915 1.4521e+01
                        0  0.0000     0.0907               3.1240 1.5246e+00
  6  3.1197    4.0+                          8.6875e+01                       2.4000e-13
                        5  2.6261     0.0801               0.4936 6.9504e+00
                        1  1.3325     0.9199               1.7872 7.9893e+01
  5  2.6261    3.0+                          9.1201e+01                       6.0000e-13
                        4  2.5058     0.0397               0.1203 3.1458e+00
                        2  2.1586     0.6279               0.4674 5.7203e+01
                        1  1.3325     0.3325               1.2936 3.0317e+01
  4  2.5058    4.0+                          2.7354e+02                       3.3000e-12
                        2  2.1586     0.0001               0.3471 2.0784e-02
                        1  1.3325     0.9999               1.1732 2.7348e+02
                        0  0.0000     0.0000               2.5058 5.4705e-06
  3  2.2849    0.0+                          8.4512e+00                       1.5000e-12
                        1  1.3325     1.0000               0.9524 8.4489e+00
                        0  0.0000     0.0000               2.2849 0.0000e+00
  2  2.1586    2.0+                          1.4592e+02                       5.9000e-13
                        1  1.3325     0.8503               0.8261 1.2403e+02
                        0  0.0000     0.1497               2.1586 2.1834e+01
  1  1.3325    2.0+                          7.5112e+02                       7.7000e-13
                        0  0.0000     1.0000               1.3325 7.5100e+02
  0  0.0000    0.0+                          8.8218e+02
#......................................................................../  028-060Ni //  13.500000
#                                                                          SUM SPECTRA FOR COMPOUND
#            027-057Co      gamma     proton      alpha
 SpcSum[mb]            4.2433e+01 5.4894e-10 0.0000e+00
 Emean[MeV]            1.2325e+00 1.1524e+00 0.0000e+00
#......................................................................../  028-060Ni //  13.500000
#                                                                   GAMMAS FROM DISCRETE TRANSITION
#           1 0 1 0 0 0             027-057Co
#   Ex[MeV]     Jpi    FinalState  Branching Production    Egamma Production   T(1/2)[s]
 53  3.7696    4.5+                          1.9319e-02
                        0  0.0000     0.1000               3.7696 1.9319e-03
                        1  1.2240     0.1000               2.5456 1.9319e-03
                        4  1.6896     0.1000               2.0800 1.9319e-03
                        6  1.8974     0.1000               1.8722 1.9319e-03
                       10  2.3114     0.1000               1.4582 1.9319e-03
                       12  2.4861     0.1000               1.2835 1.9319e-03
                       15  2.5598     0.1000               1.2098 1.9319e-03
                       16  2.6112     0.1000               1.1584 1.9319e-03
                       32  3.2722     0.1000               0.4974 1.9319e-03
                       48  3.7011     0.1000               0.0685 1.9319e-03
 52  3.7620    3.5+                          1.2487e-02
                        0  0.0000     0.0667               3.7620 8.3249e-04
                        1  1.2240     0.0667               2.5380 8.3249e-04
                        6  1.8974     0.0667               1.8646 8.3249e-04
                        7  1.9195     0.0667               1.8425 8.3249e-04
                        9  2.1331     0.0667               1.6289 8.3249e-04
                       10  2.3114     0.0667               1.4506 8.3249e-04
                       12  2.4861     0.0667               1.2759 8.3249e-04
                       15  2.5598     0.0667               1.2022 8.3249e-04
                       16  2.6112     0.0667               1.1508 8.3249e-04
                       21  2.8043     0.0667               0.9577 8.3249e-04
                       28  3.1774     0.0667               0.5846 8.3249e-04
                       30  3.2463     0.0667               0.5157 8.3249e-04
                       32  3.2722     0.0667               0.4898 8.3249e-04
                       47  3.6813     0.0667               0.0807 8.3249e-04
                       48  3.7011     0.0667               0.0609 8.3249e-04
 51  3.7280    3.5+                          1.3944e-02
                        0  0.0000     0.0667               3.7280 9.2963e-04
                        1  1.2240     0.0667               2.5040 9.2963e-04
                        6  1.8974     0.0667               1.8306 9.2963e-04
                        7  1.9195     0.0667               1.8085 9.2963e-04
                        9  2.1331     0.0667               1.5949 9.2963e-04
                       10  2.3114     0.0667               1.4166 9.2963e-04
                       12  2.4861     0.0667               1.2419 9.2963e-04
                       15  2.5598     0.0667               1.1682 9.2963e-04
                       16  2.6112     0.0667               1.1168 9.2963e-04
                       21  2.8043     0.0667               0.9237 9.2963e-04
                       28  3.1774     0.0667               0.5506 9.2963e-04
                       30  3.2463     0.0667               0.4817 9.2963e-04
                       32  3.2722     0.0667               0.4558 9.2963e-04
                       47  3.6813     0.0667               0.0467 9.2963e-04
                       48  3.7011     0.0667               0.0269 9.2963e-04
 50  3.7220    0.5+                          2.8905e-03
                        2  1.3777     0.0833               2.3443 2.4087e-04
                        3  1.5048     0.0833               2.2172 2.4087e-04
                        5  1.7576     0.0833               1.9644 2.4087e-04
                       19  2.7310     0.0833               0.9910 2.4087e-04
                       22  2.8792     0.0833               0.8428 2.4087e-04
                       25  3.1082     0.0833               0.6138 2.4087e-04
                       27  3.1649     0.0833               0.5571 2.4087e-04
                       35  3.3567     0.0833               0.3653 2.4087e-04
                       36  3.3650     0.0833               0.3570 2.4087e-04
                       39  3.4606     0.0833               0.2614 2.4087e-04
                       40  3.4686     0.0833               0.2534 2.4087e-04
                       42  3.5404     0.0833               0.1816 2.4087e-04
 49  3.7197    2.5+                          9.2433e-03
                        0  0.0000     1.0000               3.7197 9.2288e-03
 48  3.7011    3.5-                          1.8378e-02
                        0  0.0000     1.0000               3.7011 1.8359e-02
 47  3.6813    2.5-                          1.1290e-02
                        8  2.1330     0.0833               1.5483 9.4084e-04
                       13  2.5140     0.0833               1.1673 9.4084e-04
                       17  2.6145     0.0833               1.0668 9.4084e-04
                       24  2.9821     0.0833               0.6992 9.4084e-04
                       26  3.1214     0.0833               0.5599 9.4084e-04
                       29  3.1842     0.0833               0.4971 9.4084e-04
                       31  3.2627     0.0833               0.4186 9.4084e-04
                       34  3.3430     0.0833               0.3383 9.4084e-04
                       37  3.3937     0.0833               0.2876 9.4084e-04
                       43  3.5539     0.0833               0.1274 9.4084e-04
                       44  3.6223     0.0833               0.0590 9.4084e-04
                       46  3.6716     0.0833               0.0097 9.4084e-04
 46  3.6716    2.5+                          1.1609e-02
                        6  1.8974     0.5000               1.7742 5.8047e-03
                        0  0.0000     0.5000               3.6716 5.8047e-03
 45  3.6650    4.5+                          2.7174e-02
                        0  0.0000     0.1111               3.6650 3.0193e-03
                        1  1.2240     0.1111               2.4410 3.0193e-03
                        4  1.6896     0.1111               1.9754 3.0193e-03
                        6  1.8974     0.1111               1.7676 3.0193e-03
                       10  2.3114     0.1111               1.3536 3.0193e-03
                       12  2.4861     0.1111               1.1789 3.0193e-03
                       15  2.5598     0.1111               1.1052 3.0193e-03
                       16  2.6112     0.1111               1.0538 3.0193e-03
                       32  3.2722     0.1111               0.3928 3.0193e-03
 44  3.6223    2.5+                          1.3613e-02
                        0  0.0000     0.0476               3.6223 6.4823e-04
                        2  1.3777     0.0476               2.2446 6.4823e-04
                        5  1.7576     0.0476               1.8647 6.4823e-04
                        6  1.8974     0.0476               1.7249 6.4823e-04
                        7  1.9195     0.0476               1.7028 6.4823e-04
                        9  2.1331     0.0476               1.4892 6.4823e-04
                       10  2.3114     0.0476               1.3109 6.4823e-04
                       16  2.6112     0.0476               1.0111 6.4823e-04
                       19  2.7310     0.0476               0.8913 6.4823e-04
                       21  2.8043     0.0476               0.8180 6.4823e-04
                       22  2.8792     0.0476               0.7431 6.4823e-04
                       25  3.1082     0.0476               0.5141 6.4823e-04
                       27  3.1649     0.0476               0.4574 6.4823e-04
                       28  3.1774     0.0476               0.4449 6.4823e-04
                       30  3.2463     0.0476               0.3760 6.4823e-04
                       32  3.2722     0.0476               0.3501 6.4823e-04
                       35  3.3567     0.0476               0.2656 6.4823e-04
                       36  3.3650     0.0476               0.2573 6.4823e-04
                       39  3.4606     0.0476               0.1617 6.4823e-04
                       40  3.4686     0.0476               0.1537 6.4823e-04
                       42  3.5404     0.0476               0.0819 6.4823e-04
 43  3.5539    2.5+                          1.6782e-02
                        5  1.7576     0.4594               1.7963 7.7058e-03
                        2  1.3777     0.5406               2.1762 9.0655e-03
 42  3.5404    1.5-                          1.0037e-02
                       23  2.9809     1.0000               0.5595 1.0034e-02
 41  3.5221    6.5-                          1.0721e-01
                       12  2.4861     1.0000               1.0360 1.0719e-01
 40  3.4686    1.5-                          1.2137e-02
                        7  1.9195     0.5000               1.5491 6.0686e-03
                        2  1.3777     0.5000               2.0909 6.0686e-03
 39  3.4606    1.5-                          1.2474e-02
                        7  1.9195     0.3333               1.5411 4.1579e-03
                        2  1.3777     0.3333               2.0829 4.1579e-03
                        0  0.0000     0.3333               3.4606 4.1579e-03
 38  3.4310    5.5+                          8.9606e-02
                        1  1.2240     0.2000               2.2070 1.7921e-02
                        4  1.6896     0.2000               1.7414 1.7921e-02
                       12  2.4861     0.2000               0.9449 1.7921e-02
                       14  2.5241     0.2000               0.9069 1.7921e-02
                       15  2.5598     0.2000               0.8712 1.7921e-02
 37  3.3937    1.5+                          1.6668e-02
                        2  1.3777     0.0714               2.0160 1.1905e-03
                        3  1.5048     0.0714               1.8889 1.1905e-03
                        5  1.7576     0.0714               1.6361 1.1905e-03
                        7  1.9195     0.0714               1.4742 1.1905e-03
                        9  2.1331     0.0714               1.2606 1.1905e-03
                       19  2.7310     0.0714               0.6627 1.1905e-03
                       21  2.8043     0.0714               0.5894 1.1905e-03
                       22  2.8792     0.0714               0.5145 1.1905e-03
                       25  3.1082     0.0714               0.2855 1.1905e-03
                       27  3.1649     0.0714               0.2288 1.1905e-03
                       28  3.1774     0.0714               0.2163 1.1905e-03
                       30  3.2463     0.0714               0.1474 1.1905e-03
                       35  3.3567     0.0714               0.0370 1.1905e-03
                       36  3.3650     0.0714               0.0287 1.1905e-03
 36  3.3650    1.5-                          1.7362e-02
                        8  2.1330     0.1667               1.2320 2.8936e-03
                       17  2.6145     0.1667               0.7505 2.8936e-03
                       23  2.9809     0.1667               0.3841 2.8936e-03
                       24  2.9821     0.1667               0.3830 2.8936e-03
                       29  3.1842     0.1667               0.1808 2.8936e-03
                       31  3.2627     0.1667               0.1023 2.8936e-03
 35  3.3567    1.5-                          1.7786e-02
                        2  1.3777     0.5000               1.9790 8.8932e-03
                        0  0.0000     0.5000               3.3567 8.8932e-03
 34  3.3430    3.5+                          4.7160e-02
                        0  0.0000     0.0769               3.3430 3.6277e-03
                        1  1.2240     0.0769               2.1190 3.6277e-03
                        6  1.8974     0.0769               1.4456 3.6277e-03
                        7  1.9195     0.0769               1.4235 3.6277e-03
                        9  2.1331     0.0769               1.2099 3.6277e-03
                       10  2.3114     0.0769               1.0316 3.6277e-03
                       12  2.4861     0.0769               0.8569 3.6277e-03
                       15  2.5598     0.0769               0.7832 3.6277e-03
                       16  2.6112     0.0769               0.7318 3.6277e-03
                       21  2.8043     0.0769               0.5387 3.6277e-03
                       28  3.1774     0.0769               0.1656 3.6277e-03
                       30  3.2463     0.0769               0.0967 3.6277e-03
                       32  3.2722     0.0769               0.0708 3.6277e-03
 33  3.2960    4.5+                          8.1857e-02
                        0  0.0000     0.1111               3.2960 9.0953e-03
                        1  1.2240     0.1111               2.0720 9.0953e-03
                        4  1.6896     0.1111               1.6064 9.0953e-03
                        6  1.8974     0.1111               1.3986 9.0953e-03
                       10  2.3114     0.1111               0.9846 9.0953e-03
                       12  2.4861     0.1111               0.8099 9.0953e-03
                       15  2.5598     0.1111               0.7362 9.0953e-03
                       16  2.6112     0.1111               0.6848 9.0953e-03
                       32  3.2722     0.1111               0.0238 9.0953e-03
 32  3.2722    3.5-                          7.2262e-02
                       13  2.5140     0.1429               0.7582 1.0323e-02
                       17  2.6145     0.1429               0.6577 1.0323e-02
                       18  2.7230     0.1429               0.5492 1.0323e-02
                       20  2.7435     0.1429               0.5287 1.0323e-02
                       26  3.1214     0.1429               0.1508 1.0323e-02
                       29  3.1842     0.1429               0.0880 1.0323e-02
                       31  3.2627     0.1429               0.0095 1.0323e-02
 31  3.2627    2.5+                          5.2394e-02
                        5  1.7576     0.5206               1.5051 2.7268e-02
                        0  0.0000     0.4794               3.2627 2.5083e-02
 30  3.2463    2.5-                          4.2501e-02
                        1  1.2240     1.0000               2.0223 4.2485e-02
 29  3.1842    2.5+                          6.1178e-02
                        2  1.3777     0.5000               1.8065 3.0589e-02
                        0  0.0000     0.5000               3.1842 3.0589e-02
 28  3.1774    2.5-                          4.9209e-02                       1.5200e-13
                        6  1.8974     0.4651               1.2800 2.2884e-02
                        0  0.0000     0.5349               3.1774 2.6300e-02
 27  3.1649    1.5-                          2.8974e-02
                        6  1.8974     0.5000               1.2675 1.4487e-02
                        0  0.0000     0.5000               3.1649 1.4487e-02
 26  3.1214    3.5+                          9.8494e-02
                       10  2.3114     0.5000               0.8100 4.9247e-02
                        1  1.2240     0.5000               1.8974 4.9247e-02
 25  3.1082    1.5-                          3.3387e-02                       5.4000e-14
                       21  2.8043     0.0346               0.3039 1.1508e-03
                        5  1.7576     0.0345               1.3506 1.1507e-03
                        3  1.5048     0.0690               1.6033 2.3017e-03
                        2  1.3777     0.8619               1.7305 2.8771e-02
                        0  0.0000     0.0000               3.1082 0.0000e+00
 24  2.9821    1.5+                          5.5262e-02
                        2  1.3777     0.1250               1.6044 6.9077e-03
                        3  1.5048     0.1250               1.4772 6.9077e-03
                        5  1.7576     0.1250               1.2244 6.9077e-03
                        7  1.9195     0.1250               1.0626 6.9077e-03
                        9  2.1331     0.1250               0.8490 6.9077e-03
                       19  2.7310     0.1250               0.2511 6.9077e-03
                       21  2.8043     0.1250               0.1778 6.9077e-03
                       22  2.8792     0.1250               0.1029 6.9077e-03
 23  2.9809    0.5+                          3.8582e-02
                        9  2.1331     0.3333               0.8478 1.2861e-02
                        5  1.7576     0.3333               1.2233 1.2861e-02
                        2  1.3777     0.3333               1.6032 1.2861e-02
 22  2.8792    1.5-                          6.5939e-02                       1.1100e-13
                        7  1.9195     0.3999               0.9597 2.6366e-02
                        5  1.7576     0.1999               1.1216 1.3181e-02
                        0  0.0000     0.4001               2.8792 2.6365e-02
 21  2.8043    2.5-                          1.2894e-01                       3.7000e-14
                        6  1.8974     0.2100               0.9069 2.7073e-02
                        5  1.7576     0.4565               1.0467 5.8856e-02
                        0  0.0000     0.3334               2.8043 4.2963e-02
 20  2.7435    4.5+                          3.7671e-01                       4.7000e-14
                        4  1.6896     1.0000               1.0539 3.7668e-01
 19  2.7310    1.5-                          9.3375e-02                       9.1000e-14
                        0  0.0000     1.0000               2.7310 9.3311e-02
 18  2.7230    4.5+                          3.9486e-01
                        1  1.2240     1.0000               1.4990 3.9474e-01
 17  2.6145    2.5+                          2.3969e-01
                        0  0.0000     0.1250               2.6145 2.9962e-02
                        2  1.3777     0.1250               1.2368 2.9962e-02
                        5  1.7576     0.1250               0.8569 2.9962e-02
                        6  1.8974     0.1250               0.7171 2.9962e-02
                        7  1.9195     0.1250               0.6950 2.9962e-02
                        9  2.1331     0.1250               0.4814 2.9962e-02
                       10  2.3114     0.1250               0.3031 2.9962e-02
                       16  2.6112     0.1250               0.0033 2.9962e-02
 16  2.6112    3.5-                          3.3720e-01                       8.5000e-14
                        7  1.9195     0.0000               0.6917 0.0000e+00
                        0  0.0000     1.0000               2.6112 3.3700e-01
 15  2.5598    4.5-                          5.5646e-01                       4.5000e-13
                        4  1.6896     0.1597               0.8702 8.8834e-02
                        1  1.2240     0.4201               1.3358 2.3371e-01
                        0  0.0000     0.4203               2.5598 2.3372e-01
 14  2.5241    6.5-                          1.5874e+00                       2.6000e-13
                        4  1.6896     1.0000               0.8345 1.5870e+00
 13  2.5140    3.5+                          4.4733e-01
                        0  0.0000     0.1429               2.5140 6.3905e-02
                        1  1.2240     0.1429               1.2900 6.3905e-02
                        6  1.8974     0.1429               0.6166 6.3905e-02
                        7  1.9195     0.1429               0.5945 6.3905e-02
                        9  2.1331     0.1429               0.3809 6.3905e-02
                       10  2.3114     0.1429               0.2026 6.3905e-02
                       12  2.4861     0.1429               0.0279 6.3905e-02
 12  2.4861    4.5-                          8.2143e-01                       5.9000e-14
                        6  1.8974     0.1111               0.5887 9.1204e-02
                        4  1.6896     0.1176               0.7965 9.6578e-02
                        1  1.2240     0.1176               1.2621 9.6596e-02
                        0  0.0000     0.6537               2.4861 5.3665e-01
 11  2.4790    5.5+                          1.1351e+00
                        1  1.2240     0.5000               1.2550 5.6754e-01
                        4  1.6896     0.5000               0.7894 5.6754e-01
 10  2.3114    3.5-                          7.4271e-01                       2.1000e-13
                        2  1.3777     0.0979               0.9337 7.2699e-02
                        1  1.2240     0.6993               1.0874 5.1929e-01
                        0  0.0000     0.2028               2.3114 1.5055e-01
  9  2.1331    2.5-                          6.7889e-01                       3.4000e-13
                        3  1.5048     0.0331               0.6282 2.2434e-02
                        2  1.3777     0.1405               0.7554 9.5355e-02
                        0  0.0000     0.8264               2.1331 5.6083e-01
  8  2.1330    1.5+                          4.5850e-01
                        2  1.3777     0.2500               0.7553 1.1463e-01
                        3  1.5048     0.2500               0.6282 1.1463e-01
                        5  1.7576     0.2500               0.3754 1.1463e-01
                        7  1.9195     0.2500               0.2135 1.1463e-01
  7  1.9195    2.5-                          1.1505e+00                       2.2000e-14
                        5  1.7576     0.0020               0.1619 2.2945e-03
                        2  1.3777     0.0003               0.5418 3.4425e-04
                        1  1.2240     0.0001               0.6955 1.1474e-04
                        0  0.0000     0.9976               1.9195 1.1474e+00
  6  1.8974    3.5-                          1.7176e+00                       1.1000e-13
                        1  1.2240     0.5348               0.6734 9.1820e-01
                        0  0.0000     0.4652               1.8974 7.9882e-01
  5  1.7576    1.5-                          1.0460e+00                       2.7000e-13
                        3  1.5048     0.0050               0.2528 5.1511e-03
                        2  1.3777     0.0099               0.3799 1.0302e-02
                        0  0.0000     0.9852               1.7576 1.0302e+00
  4  1.6896    5.5-                          8.5820e+00                       2.4000e-13
                        1  1.2240     0.5407               0.4656 4.6361e+00
                        0  0.0000     0.4593               1.6896 3.9408e+00
  3  1.5048    0.5-                          7.7890e-01                       2.1000e-10
                        2  1.3777     1.0000               0.1272 7.6206e-01
  2  1.3777    1.5-                          2.9303e+00                       1.9000e-11
                        0  0.0000     1.0000               1.3777 2.9298e+00
  1  1.2240    4.5-                          1.6909e+01                       5.4000e-14
                        0  0.0000     1.0000               1.2240 1.6906e+01
  0  0.0000    3.5-                          7.5488e+01                       2.3480e+07
#......................................................................../  028-060Ni //  13.500000
#                                                                          SUM SPECTRA FOR COMPOUND
#            028-059Ni      gamma
 SpcSum[mb]            1.1043e-06
 Emean[MeV]            3.0351e-01
#......................................................................../  028-060Ni //  13.500000
#                                                                   GAMMAS FROM DISCRETE TRANSITION
#           1 0 0 1 0 0             028-059Ni
#   Ex[MeV]     Jpi    FinalState  Branching Production    Egamma Production   T(1/2)[s]
  4  1.1888    2.5-                          4.3552e-18                       2.3000e-13
                        3  0.8779     0.0462               0.3108 2.0021e-19
                        2  0.4650     0.0090               0.7238 3.9257e-20
                        1  0.3394     0.0433               0.8494 1.8843e-19
                        0  0.0000     0.9015               1.1888 3.9257e-18
  3  0.8779    1.5-                          1.6455e-12                       4.7000e-13
                        1  0.3394     0.0142               0.5385 2.3359e-14
                        0  0.0000     0.9858               0.8779 1.6217e-12
  2  0.4650    0.5-                          1.9399e-08                       2.0000e-11
                        0  0.0000     1.0000               0.4650 1.9368e-08
  1  0.3394    2.5-                          1.0894e-06                       6.8000e-11
                        0  0.0000     1.0000               0.3394 1.0850e-06
  0  0.0000    1.5-                          4.7531e-05                       3.1870e+12
#......................................................................../  028-060Ni //  13.500000
#                                                                          SUM SPECTRA FOR COMPOUND
#            027-060Co      gamma    neutron     proton      alpha
 SpcSum[mb]            8.3726e+00 9.1588e-18 0.0000e+00 0.0000e+00
 Emean[MeV]            6.3966e-01 1.2710e-02 0.0000e+00 0.0000e+00
#......................................................................../  028-060Ni //  13.500000
#                                                                   GAMMAS FROM DISCRETE TRANSITION
#           0 2 0 0 0 0             027-060Co
#   Ex[MeV]     Jpi    FinalState  Branching Production    Egamma Production   T(1/2)[s]
 65  2.4887    5.0-                          1.2800e-02
                       17  1.2168     0.2655               1.2719 3.3979e-03
                        5  0.5062     0.3147               1.9825 4.0272e-03
                        2  0.2772     0.0918               2.2115 1.1745e-03
                        0  0.0000     0.3280               2.4887 4.1943e-03
 64  2.4697    3.0+                          4.6062e-03
                        0  0.0000     1.0000               2.4697 4.6036e-03
 63  2.4509    4.0+                          7.9363e-03
                       44  2.0808     1.0000               0.3701 7.9028e-03
 62  2.4310    3.0-                          5.4604e-03
                       47  2.1334     0.6373               0.2975 3.4734e-03
                        0  0.0000     0.3627               2.4310 1.9798e-03
 61  2.4233    4.0-                          9.0151e-03
                       11  1.0039     1.0000               1.4194 9.0138e-03
 60  2.3640    1.0-                          2.3970e-03
                        1  0.0586     0.0833               2.3054 1.9975e-04
                        6  0.5428     0.0833               1.8211 1.9975e-04
                        8  0.7388     0.0833               1.6252 1.9975e-04
                       14  1.1507     0.0833               1.2133 1.9975e-04
                       28  1.6862     0.0833               0.6778 1.9975e-04
                       29  1.7097     0.0833               0.6543 1.9975e-04
                       35  1.8332     0.0833               0.5307 1.9975e-04
                       42  2.0327     0.0833               0.3313 1.9975e-04
                       44  2.0808     0.0833               0.2832 1.9975e-04
                       49  2.1831     0.0833               0.1809 1.9975e-04
                       57  2.3243     0.0833               0.0397 1.9975e-04
                       58  2.3418     0.0833               0.0221 1.9975e-04
 59  2.3519    2.0-                          4.1318e-03
                       17  1.2168     0.2063               1.1350 8.5214e-04
                        6  0.5428     0.7937               1.8091 3.2777e-03
 58  2.3418    2.0+                          4.1626e-03
                        9  0.7857     1.0000               1.5561 4.1618e-03
 57  2.3243    1.0+                          2.5757e-03
                        1  0.0586     1.0000               2.2657 2.5745e-03
 56  2.3184    0.0-                          9.0542e-04
                        8  0.7388     0.3333               1.5796 3.0181e-04
                       28  1.6862     0.3333               0.6322 3.0181e-04
                       29  1.7097     0.3333               0.6087 3.0181e-04
 55  2.3102    3.0-                          7.3241e-03
                        2  0.2772     1.0000               2.0330 7.3191e-03
 54  2.2799    5.0+                          1.9814e-02
                        0  0.0000     1.0000               2.2799 1.9805e-02
 53  2.2747    3.0+                          7.3164e-03
                        3  0.2884     1.0000               1.9863 7.3139e-03
 52  2.2304    3.0-                          8.8523e-03
                        1  0.0586     1.0000               2.1719 8.8455e-03
 51  2.2216    4.0+                          1.3656e-02
                       12  1.0058     0.4736               1.2158 6.4666e-03
                        0  0.0000     0.5264               2.2216 7.1854e-03
 50  2.1999    6.0-                          4.4078e-02
                        0  0.0000     0.1429               2.1999 6.2968e-03
                        4  0.4357     0.1429               1.7642 6.2968e-03
                       15  1.2078     0.1429               0.9921 6.2968e-03
                       16  1.2165     0.1429               0.9834 6.2968e-03
                       19  1.3797     0.1429               0.8202 6.2968e-03
                       23  1.5100     0.1429               0.6899 6.2968e-03
                       31  1.7876     0.1429               0.4123 6.2968e-03
 49  2.1831    2.0+                          5.8941e-03
                       25  1.5659     1.0000               0.6172 5.8924e-03
 48  2.1519    5.0-                          2.9200e-02
                       12  1.0058     1.0000               1.1461 2.9198e-02
 47  2.1334    3.0+                          1.3567e-02
                        3  0.2884     0.4117               1.8450 5.5839e-03
                        1  0.0586     0.5883               2.0748 7.9784e-03
 46  2.1322    7.0-                          9.8819e-02                       4.9000e-13
                       32  1.8002     0.8202               0.3320 8.0737e-02
                       16  1.2165     0.1798               0.9158 1.7766e-02
 45  2.1218    4.0+                          1.7120e-02
                       11  1.0039     0.7874               1.1179 1.3479e-02
                        0  0.0000     0.2126               2.1218 3.6383e-03
 44  2.0808    2.0+                          1.5276e-02
                        1  0.0586     1.0000               2.0222 1.5271e-02
 43  2.0454    4.0-                          2.2118e-02
                       15  1.2078     0.3464               0.8376 7.6606e-03
                        5  0.5062     0.6536               1.5392 1.4451e-02
 42  2.0327    2.0+                          8.1233e-03
                       15  1.2078     1.0000               0.8249 8.1114e-03
 41  1.9835    2.0-                          9.6706e-03
                       33  1.8086     1.0000               0.1749 9.2986e-03
 40  1.9812    4.0-                          2.5549e-02
                        3  0.2884     1.0000               1.6928 2.5537e-02
 39  1.9243    2.0-                          1.1008e-02
                        2  0.2772     1.0000               1.6471 1.1006e-02
 38  1.8889    4.0+                          2.8361e-02
                       12  1.0058     0.1957               0.8831 5.5488e-03
                        7  0.6146     0.5362               1.2744 1.5205e-02
                        0  0.0000     0.2681               1.8889 7.6014e-03
 37  1.8772    2.0-                          1.2186e-02
                        7  0.6146     0.0000               1.2626 0.0000e+00
                        1  0.0586     1.0000               1.8186 1.2179e-02
 36  1.8527    4.0+                          3.0588e-02
                        0  0.0000     1.0000               1.8527 3.0579e-02
 35  1.8332    2.0+                          1.2239e-02
                        1  0.0586     1.0000               1.7746 1.2236e-02
 34  1.8308    4.0+                          3.2008e-02
                        2  0.2772     0.0663               1.5536 2.1215e-03
                        0  0.0000     0.9337               1.8308 2.9878e-02
 33  1.8086    3.0-                          3.2370e-02
                        0  0.0000     1.0000               1.8086 3.2364e-02
 32  1.8002    6.0-                          1.9210e-01                       1.7000e-12
                       19  1.3797     0.0102               0.4205 1.9637e-03
                       16  1.2165     0.0604               0.5838 1.1599e-02
                        0  0.0000     0.9294               1.8002 1.7844e-01
 31  1.7876    5.0+                          6.4803e-02
                       12  1.0058     0.6993               0.7818 4.5301e-02
                        0  0.0000     0.3007               1.7876 1.9481e-02
 30  1.7493    3.0+                          2.2784e-02
                        9  0.7857     0.1921               0.9636 4.3754e-03
                        6  0.5428     0.1205               1.2065 2.7448e-03
                        2  0.2772     0.3331               1.4721 7.5874e-03
                        1  0.0586     0.3544               1.6907 8.0721e-03
 29  1.7097    1.0+                          9.2647e-03
                        1  0.0586     1.0000               1.6511 9.2628e-03
 28  1.6862    1.0+                          9.6753e-03
                        8  0.7388     1.0000               0.9474 9.6732e-03
 27  1.6690    3.0-                          3.0284e-02
                        1  0.0586     0.0625               1.6104 1.8927e-03
                        2  0.2772     0.0625               1.3918 1.8927e-03
                        3  0.2884     0.0625               1.3806 1.8927e-03
                        5  0.5062     0.0625               1.1628 1.8927e-03
                        6  0.5428     0.0625               1.1262 1.8927e-03
                        7  0.6146     0.0625               1.0545 1.8927e-03
                        9  0.7857     0.0625               0.8833 1.8927e-03
                       12  1.0058     0.0625               0.6632 1.8927e-03
                       14  1.1507     0.0625               0.5183 1.8927e-03
                       17  1.2168     0.0625               0.4522 1.8927e-03
                       18  1.3419     0.0625               0.3271 1.8927e-03
                       20  1.3810     0.0625               0.2880 1.8927e-03
                       21  1.4512     0.0625               0.2178 1.8927e-03
                       22  1.5083     0.0625               0.1607 1.8927e-03
                       24  1.5158     0.0625               0.1532 1.8927e-03
                       26  1.6398     0.0625               0.0292 1.8927e-03
 26  1.6398    4.0+                          4.8897e-02
                        9  0.7857     0.6964               0.8541 3.4043e-02
                        2  0.2772     0.3036               1.3626 1.4843e-02
 25  1.5659    2.0-                          2.8949e-02
                       18  1.3419     0.1045               0.2241 3.0123e-03
                        3  0.2884     0.1970               1.2775 5.7021e-03
                        1  0.0586     0.6985               1.5074 2.0215e-02
 24  1.5158    4.0+                          6.1588e-02
                        7  0.6146     0.1325               0.9012 8.1579e-03
                        2  0.2772     0.0929               1.2386 5.7235e-03
                        0  0.0000     0.7746               1.5158 4.7696e-02
 23  1.5100    7.0+                          3.4145e-01
                       16  1.2165     1.0000               0.2935 3.4145e-01
 22  1.5083    3.0+                          3.8320e-02
                        5  0.5062     1.0000               1.0021 3.8313e-02
 21  1.4512    4.0+                          6.9285e-02
                        9  0.7857     0.4153               0.6655 2.8759e-02
                        6  0.5428     0.5847               0.9084 4.0499e-02
 20  1.3810    3.0+                          4.8006e-02
                        2  0.2772     1.0000               1.1038 4.7998e-02
 19  1.3797    6.0+                          2.3303e-01                       7.0000e-13
                       15  1.2078     0.1650               0.1719 3.6972e-02
                        4  0.4357     0.8350               0.9440 1.9454e-01
 18  1.3419    3.0+                          5.4415e-02
                        6  0.5428     0.3361               0.7990 1.8283e-02
                        1  0.0586     0.6222               1.2833 3.3852e-02
                        0  0.0000     0.0417               1.3419 2.2682e-03
 17  1.2168    4.0+                          1.0899e-01
                        5  0.5062     0.8078               0.7107 8.8003e-02
                        3  0.2884     0.1922               0.9284 2.0943e-02
 16  1.2165    6.0+                          6.7997e-01                       2.8000e-13
                        4  0.4357     0.2593               0.7807 1.7625e-01
                        0  0.0000     0.7407               1.2165 5.0358e-01
 15  1.2078    5.0+                          2.3683e-01
                        2  0.2772     0.7143               0.9306 1.6913e-01
                        0  0.0000     0.2857               1.2078 6.7652e-02
 14  1.1507    2.0+                          4.4953e-02
                        3  0.2884     1.0000               0.8623 4.4940e-02
 13  1.1320    2.0-                          5.1281e-02
                        8  0.7388     1.0000               0.3932 5.1236e-02
 12  1.0058    4.0+                          2.3568e-01
                        9  0.7857     0.0187               0.2201 4.3380e-03
                        7  0.6146     0.5153               0.3912 1.2116e-01
                        3  0.2884     0.4027               0.7174 9.4871e-02
                        0  0.0000     0.0633               1.0058 1.4904e-02
 11  1.0039    3.0-                          1.2585e-01
                        6  0.5428     0.2559               0.4611 3.2189e-02
                        3  0.2884     0.0234               0.7155 2.9382e-03
                        2  0.2772     0.2344               0.7267 2.9496e-02
                        1  0.0586     0.4863               0.9453 6.1198e-02
 10  0.9400    4.0-                          1.9089e-01
                        0  0.0000     0.1429               0.9400 2.7270e-02
                        2  0.2772     0.1429               0.6628 2.7270e-02
                        3  0.2884     0.1429               0.6516 2.7270e-02
                        4  0.4357     0.1429               0.5043 2.7270e-02
                        5  0.5062     0.1429               0.4338 2.7270e-02
                        7  0.6146     0.1429               0.3254 2.7270e-02
                        9  0.7857     0.1429               0.1543 2.7270e-02
  9  0.7857    4.0+                          3.1480e-01                       3.2000e-12
                        7  0.6146     0.0126               0.1712 3.7989e-03
                        4  0.4357     0.0228               0.3500 7.1541e-03
                        3  0.2884     0.4397               0.4973 1.3826e-01
                        0  0.0000     0.5249               0.7857 1.6519e-01
  8  0.7388    1.0+                          1.0797e-01
                        6  0.5428     0.4198               0.1960 4.4264e-02
                        1  0.0586     0.5802               0.6802 6.2615e-02
  7  0.6146    3.0+                          3.4126e-01
                        2  0.2772     0.0356               0.3374 1.2103e-02
                        1  0.0586     0.9644               0.5560 3.2883e-01
  6  0.5428    2.0+                          2.5551e-01
                        3  0.2884     0.6213               0.2544 1.5718e-01
                        1  0.0586     0.3787               0.4842 9.6647e-02
  5  0.5062    3.0+                          3.6575e-01
                        3  0.2884     0.0053               0.2178 1.9248e-03
                        1  0.0586     0.9947               0.4476 3.6321e-01
  4  0.4357    5.0+                          1.0361e+00
                        2  0.2772     0.6209               0.1585 6.1271e-01
                        0  0.0000     0.3791               0.4357 3.9214e-01
  3  0.2884    3.0+                          7.9789e-01
                        1  0.0586     1.0000               0.2298 7.8688e-01
  2  0.2772    4.0+                          1.4265e+00
                        0  0.0000     1.0000               0.2772 1.4166e+00
  1  0.0586    2.0+                          2.0602e+00                       6.2800e+02
                        0  0.0000     1.0000               0.0586 4.2046e-02
  0  0.0000    5.0+                          6.3234e+00                       1.6630e+08
#......................................................................../  028-060Ni //  13.500000
#                                                                         ISOMERIC STATE PRODUCTION
#            027-060Co
#   Ex[MeV]     Jpi     T(1/2)[s]  Prod.[mb]
  1  0.0586    2.0+    6.2800e+02 2.0602e+00
#......................................................................../  028-060Ni //  13.500000
#                                                                          SUM SPECTRA FOR COMPOUND
#            026-057Fe      gamma    neutron     proton      alpha
 SpcSum[mb]            4.9169e+00 2.2684e-12 0.0000e+00 1.4143e-31
 Emean[MeV]            4.4231e-01 9.8417e-02 0.0000e+00 1.8239e+00
#......................................................................../  028-060Ni //  13.500000
#                                                                   GAMMAS FROM DISCRETE TRANSITION
#           0 1 1 0 0 0             026-057Fe
#   Ex[MeV]     Jpi    FinalState  Branching Production    Egamma Production   T(1/2)[s]
 29  2.5994    1.5+                          2.5706e-03
                        2  0.1365     0.6993               2.4629 1.7959e-03
                        0  0.0000     0.3007               2.5994 7.7217e-04
 28  2.5936    1.5-                          2.3546e-03                       3.7000e-14
                        5  1.0071     0.4100               1.5865 9.6518e-04
                        4  0.7064     0.5000               1.8872 1.1769e-03
                        0  0.0000     0.0900               2.5936 2.1186e-04
 27  2.5745    0.5-                          1.2166e-03                       1.8000e-14
                        3  0.3668     0.2753               2.2077 3.3478e-04
                        0  0.0000     0.7247               2.5745 8.8119e-04
 26  2.5642    1.5-                          2.5555e-03
                       11  1.7254     0.6369               0.8388 1.6272e-03
                        0  0.0000     0.3631               2.5642 9.2737e-04
 25  2.5053    2.5+                          5.4369e-03                       7.8000e-14
                       11  1.7254     0.0278               0.7799 1.5092e-04
                        4  0.7064     0.0555               1.7989 3.0184e-04
                        3  0.3668     0.5556               2.1385 3.0182e-03
                        2  0.1365     0.2611               2.3688 1.4184e-03
                        1  0.0144     0.1000               2.4909 5.4322e-04
 24  2.4560    3.5+                          9.2963e-03
                        2  0.1365     0.1000               2.3195 9.2963e-04
                        4  0.7064     0.1000               1.7496 9.2963e-04
                        5  1.0071     0.1000               1.4489 9.2963e-04
                        7  1.1978     0.1000               1.2582 9.2963e-04
                        9  1.3568     0.1000               1.0992 9.2963e-04
                       13  1.9897     0.1000               0.4663 9.2963e-04
                       15  2.1131     0.1000               0.3429 9.2963e-04
                       16  2.1186     0.1000               0.3374 9.2963e-04
                       17  2.2069     0.1000               0.2491 9.2963e-04
                       19  2.2202     0.1000               0.2358 9.2963e-04
 23  2.4556    4.5+                          1.4255e-02                       1.4000e-12
                        5  1.0071     1.0000               1.4484 1.4251e-02
 22  2.3580    1.5-                          4.4869e-03
                        6  1.1399     0.3333               1.2181 1.4956e-03
                       18  2.2177     0.3333               0.1403 1.4956e-03
                       20  2.3304     0.3333               0.0276 1.4956e-03
 21  2.3560    5.5-                          2.7603e-02                       6.0000e-14
                        7  1.1978     0.2908               1.1582 8.0260e-03
                        5  1.0071     0.7092               1.3488 1.9573e-02
 20  2.3304    1.5+                          7.0089e-03
                       10  1.6273     1.0000               0.7032 7.0076e-03
 19  2.2202    3.5-                          1.6744e-02                       3.0000e-13
                        3  0.3668     0.0490               1.8534 8.2037e-04
                        2  0.1365     0.4608               2.0837 7.7127e-03
                        1  0.0144     0.4902               2.2058 8.2041e-03
 18  2.2177    2.5+                          1.3688e-02
                        3  0.3668     0.2062               1.8509 2.8209e-03
                        2  0.1365     0.3453               2.0812 4.7231e-03
                        1  0.0144     0.4485               2.2032 6.1342e-03
 17  2.2069    2.5-                          1.1545e-02                       1.0000e-14
                        8  1.2655     0.0342               0.9414 3.9452e-04
                        5  1.0071     0.1794               1.1997 2.0710e-03
                        3  0.3668     0.0000               1.8401 0.0000e+00
                        1  0.0144     0.4274               2.1925 4.9324e-03
                        0  0.0000     0.3590               2.2069 4.1429e-03
 16  2.1186    2.5-                          1.4277e-02                       4.6000e-14
                        5  1.0071     0.1465               1.1115 2.0913e-03
                        4  0.7064     0.5050               1.4122 7.2091e-03
                        1  0.0144     0.3485               2.1042 4.9738e-03
 15  2.1131    2.5-                          1.4467e-02
                        8  1.2655     0.2126               0.8476 3.0748e-03
                        0  0.0000     0.7874               2.1131 1.1387e-02
 14  1.9910    0.5-                          5.6814e-03
                        6  1.1399     1.0000               0.8511 5.6814e-03
 13  1.9897    4.5-                          4.3981e-02                       1.8000e-13
                        7  1.1978     0.2705               0.7918 1.1893e-02
                        5  1.0071     0.3197               0.9825 1.4058e-02
                        4  0.7064     0.4098               1.2832 1.8021e-02
 12  1.9766    0.5-                          5.8905e-03
                       11  1.7254     0.1690               0.2513 9.8662e-04
                        2  0.1365     0.6702               1.8402 3.9467e-03
                        0  0.0000     0.1608               1.9766 9.4692e-04
 11  1.7254    1.5-                          2.5233e-02                       3.1000e-14
                        8  1.2655     0.0033               0.4599 8.2732e-05
                        4  0.7064     0.1885               1.0190 4.7556e-03
                        3  0.3668     0.0977               1.3586 2.4644e-03
                        1  0.0144     0.0273               1.7110 6.8946e-04
                        0  0.0000     0.6832               1.7254 1.7236e-02
 10  1.6273    1.5-                          3.5466e-02                       5.6000e-14
                        4  0.7064     0.0860               0.9208 3.0485e-03
                        3  0.3668     0.2805               1.2605 9.9463e-03
                        1  0.0144     0.6098               1.6128 2.1622e-02
                        0  0.0000     0.0238               1.6273 8.4316e-04
  9  1.3568    3.5-                          1.2828e-01                       1.8000e-13
                        4  0.7064     0.5466               0.6504 7.0078e-02
                        3  0.3668     0.2349               0.9901 3.0131e-02
                        1  0.0144     0.2185               1.3424 2.8029e-02
  8  1.2655    0.5-                          3.6762e-02                       8.2000e-14
                        3  0.3668     0.9302               0.8988 3.4190e-02
                        1  0.0144     0.0447               1.2511 1.6413e-03
                        0  0.0000     0.0251               1.2655 9.2302e-04
  7  1.1978    4.5-                          3.1975e-01                       2.9000e-12
                        2  0.1365     1.0000               1.0613 3.1969e-01
  6  1.1399    1.5+                          1.2579e-01
                        0  0.0000     0.2000               1.1399 2.5158e-02
                        1  0.0144     0.2000               1.1255 2.5158e-02
                        2  0.1365     0.2000               1.0034 2.5158e-02
                        3  0.3668     0.2000               0.7731 2.5158e-02
                        4  0.7064     0.2000               0.4335 2.5158e-02
  5  1.0071    3.5-                          3.2746e-01                       1.3000e-13
                        3  0.3668     0.0301               0.6404 9.8438e-03
                        2  0.1365     0.6398               0.8707 2.0947e-01
                        1  0.0144     0.3301               0.9927 1.0808e-01
  4  0.7064    2.5-                          4.8553e-01                       4.1000e-12
                        3  0.3668     0.0144               0.3397 6.9700e-03
                        2  0.1365     0.0929               0.5699 4.5090e-02
                        1  0.0144     0.8446               0.6920 4.0991e-01
                        0  0.0000     0.0481               0.7064 2.3365e-02
  3  0.3668    1.5-                          6.7331e-01                       1.0500e-11
                        2  0.1365     0.0727               0.2303 4.8728e-02
                        1  0.0144     0.7878               0.3523 5.2965e-01
                        0  0.0000     0.1395               0.3668 9.3762e-02
  2  0.1365    2.5-                          2.1122e+00                       8.7000e-09
                        1  0.0144     0.8824               0.1221 1.8201e+00
                        0  0.0000     0.1176               0.1365 2.1846e-01
  1  0.0144    1.5-                          4.6171e+00                       9.8300e-08
                        0  0.0000     1.0000               0.0144 4.8296e-01
  0  0.0000    0.5-                          6.0912e+00
#......................................................................../  028-060Ni //  13.500000
#                                                                          SUM SPECTRA FOR COMPOUND
#            027-059Co      gamma
 SpcSum[mb]            6.1985e-09
 Emean[MeV]            1.1995e+00
#......................................................................../  028-060Ni //  13.500000
#                                                                   GAMMAS FROM DISCRETE TRANSITION
#           0 1 0 1 0 0             027-059Co
#   Ex[MeV]     Jpi    FinalState  Branching Production    Egamma Production   T(1/2)[s]
 19  2.7224    3.5+                          3.9730e-30
                       15  2.5404     0.2011               0.1820 7.9262e-31
                       11  2.1835     0.7989               0.5389 3.1701e-30
 18  2.7131    0.5+                          9.9847e-31
                       10  2.1536     0.1999               0.5595 1.9959e-31
                        1  1.0993     0.8001               1.6138 7.9856e-31
 17  2.5858    3.5-                          6.3220e-26                       6.8000e-14
                        2  1.1905     0.4219               1.3953 2.6669e-26
                        0  0.0000     0.5781               2.5858 3.6527e-26
 16  2.5817    1.5-                          6.4198e-27                       2.1000e-13
                        0  0.0000     1.0000               2.5817 6.4158e-27
 15  2.5404    3.5-                          6.1070e-25                       1.5000e-13
                        7  1.7447     0.7246               0.7957 4.4236e-25
                        2  1.1905     0.1377               1.3499 8.4081e-26
                        0  0.0000     0.1377               2.5404 8.4046e-26
 14  2.4787    2.5-                          2.3064e-24                       2.9000e-14
                       12  2.2048     0.1312               0.2739 3.0050e-25
                        0  0.0000     0.8688               2.4787 2.0028e-24
 13  2.3948    4.5+                          2.4953e-21                       1.3000e-13
                        8  2.0618     0.0527               0.3330 1.3126e-22
                        7  1.7447     0.4385               0.6501 1.0938e-21
                        5  1.4595     0.1754               0.9353 4.3759e-22
                        0  0.0000     0.3335               2.3948 8.3135e-22
 12  2.2048    2.5-                          6.0011e-20                       6.9000e-13
                        6  1.4817     0.3597               0.7231 2.1577e-20
                        4  1.4343     0.0935               0.7705 5.6111e-21
                        3  1.2916     0.2590               0.9132 1.5540e-20
                        2  1.1905     0.2194               1.0143 1.3164e-20
                        0  0.0000     0.0684               2.2048 4.1001e-21
 11  2.1835    5.5+                          2.4564e-17                       4.1000e-14
                        7  1.7447     0.0000               0.4388 0.0000e+00
                        3  1.2916     0.1243               0.8919 3.0458e-18
                        2  1.1905     0.7749               0.9930 1.9033e-17
                        0  0.0000     0.1008               2.1835 2.4754e-18
 10  2.1536    6.5-                          1.9638e-16                       1.4000e-14
                        5  1.4595     1.0000               0.6941 1.9629e-16
  9  2.0872    2.5-                          1.9421e-18                       1.7000e-14
                        7  1.7447     0.1581               0.3425 3.0595e-19
                        3  1.2916     0.3917               0.7956 7.6051e-19
                        0  0.0000     0.4502               2.0872 8.7404e-19
  8  2.0618    3.5-                          2.2952e-17                       1.3000e-13
                        7  1.7447     0.0374               0.3171 8.5351e-19
                        6  1.4817     0.4140               0.5800 9.4961e-18
                        2  1.1905     0.4650               0.8713 1.0670e-17
                        0  0.0000     0.0837               2.0618 1.9205e-18
  7  1.7447    3.5-                          4.7772e-14                       3.2000e-13
                        6  1.4817     0.1059               0.2630 5.0407e-15
                        2  1.1905     0.3389               0.5542 1.6178e-14
                        0  0.0000     0.5552               1.7447 2.6519e-14
  6  1.4817    2.5-                          1.9122e-12                       1.6600e-13
                        3  1.2916     0.0110               0.1901 2.0426e-14
                        1  1.0993     0.2261               0.3825 4.3170e-13
                        0  0.0000     0.7629               1.4817 1.4586e-12
  5  1.4595    5.5-                          2.3089e-10                       1.0700e-12
                        2  1.1905     0.0711               0.2691 1.6297e-11
                        0  0.0000     0.9289               1.4595 2.1443e-10
  4  1.4343    0.5-                          3.1905e-13                       2.1000e-10
                        3  1.2916     0.7929               0.1427 2.4882e-13
                        1  1.0993     0.2071               0.3350 6.5944e-14
  3  1.2916    1.5-                          1.1003e-11                       5.5100e-10
                        1  1.0993     0.0669               0.1923 7.2890e-13
                        0  0.0000     0.9331               1.2916 1.0267e-11
  2  1.1905    4.5-                          5.4300e-09                       5.2000e-14
                        0  0.0000     1.0000               1.1905 5.4293e-09
  1  1.0993    1.5-                          5.2536e-10                       3.1000e-12
                        0  0.0000     1.0000               1.0993 5.2527e-10
  0  0.0000    3.5-                          5.7483e-04
#......................................................................../  028-060Ni //  13.500000
#                                                                          SUM SPECTRA FOR COMPOUND
#            025-054Mn      gamma    neutron     proton      alpha
 SpcSum[mb]            1.9593e-03 0.0000e+00 0.0000e+00 0.0000e+00
 Emean[MeV]            2.5123e-01 0.0000e+00 0.0000e+00 0.0000e+00
#......................................................................../  028-060Ni //  13.500000
#                                                                   GAMMAS FROM DISCRETE TRANSITION
#           0 0 2 0 0 0             025-054Mn
#   Ex[MeV]     Jpi    FinalState  Branching Production    Egamma Production   T(1/2)[s]
 33  2.3545    2.0+                          5.7799e-08                       9.0000e-15
                        6  1.0096     0.0000               1.3449 0.0000e+00
                        2  0.1563     0.6370               2.1982 3.6800e-08
                        1  0.0549     0.2420               2.2997 1.3983e-08
                        0  0.0000     0.1210               2.3545 6.9911e-09
 32  2.3200    5.0+                          2.3338e-07
                        3  0.3683     1.0000               1.9517 2.3338e-07
 31  2.2916    2.0+                          7.5030e-08                       1.2000e-14
                        2  0.1563     0.5102               2.1353 3.8265e-08
                        1  0.0549     0.2602               2.2367 1.9515e-08
                        0  0.0000     0.2296               2.2916 1.7219e-08
 30  2.2800    5.0+                          2.7543e-07
                        3  0.3683     1.0000               1.9117 2.7543e-07
 29  2.2676    2.0+                          8.2824e-08                       1.2500e-14
                       11  1.4544     0.0800               0.8132 6.6235e-09
                        4  0.4076     0.3600               1.8600 2.9809e-08
                        1  0.0549     0.4000               2.2127 3.3117e-08
                        0  0.0000     0.1600               2.2676 1.3246e-08
 28  2.2340    4.0+                          2.1057e-07
                        2  0.1563     1.0000               2.0777 2.1057e-07
 27  2.1361    1.0+                          9.2990e-08                       7.0000e-14
                        1  0.0549     0.6579               2.0813 6.1156e-08
                        0  0.0000     0.3421               2.1361 3.1799e-08
 26  2.1339    1.0+                          9.3849e-08                       2.4000e-14
                       11  1.4544     0.0661               0.6795 6.2032e-09
                       10  1.3910     0.0496               0.7429 4.6518e-09
                        9  1.3750     0.0579               0.7589 5.4274e-09
                        1  0.0549     0.8264               2.0790 7.7533e-08
 25  2.1130    4.0+                          3.4413e-07                       1.1000e-14
                        4  0.4076     0.8928               1.7054 3.0717e-07
                        0  0.0000     0.1072               2.1130 3.6877e-08
 24  2.1098    1.0+                          1.0347e-07                       4.1600e-13
                       10  1.3910     0.5988               0.7188 6.1939e-08
                        1  0.0549     0.4012               2.0549 4.1499e-08
 23  2.0560    2.0+                          1.9583e-07
                        1  0.0549     1.0000               2.0011 1.9583e-07
 22  1.9253    7.0+                          2.9493e-06                       7.3000e-13
                        7  1.0733     0.9434               0.8520 2.7818e-06
                        3  0.3683     0.0566               1.5570 1.6690e-07
 21  1.9223    1.0+                          2.1923e-07                       2.9000e-14
                       10  1.3910     0.0400               0.5313 8.7670e-09
                        9  1.3750     0.0298               0.5473 6.5247e-09
                        1  0.0549     0.9302               1.8674 2.0387e-07
 20  1.8530    3.0+                          7.2578e-07                       9.5000e-14
                       13  1.5084     0.3794               0.3446 2.7457e-07
                        9  1.3750     0.0606               0.4780 4.3927e-08
                        2  0.1563     0.2195               1.6967 1.5926e-07
                        1  0.0549     0.3406               1.7981 2.4712e-07
 19  1.7845    1.0+                          3.7626e-07                       1.6000e-14
                        6  1.0096     0.0798               0.7749 3.0015e-08
                        4  0.4076     0.3564               1.3769 1.3408e-07
                        1  0.0549     0.0319               1.7296 1.2004e-08
                        0  0.0000     0.5319               1.7845 2.0008e-07
 18  1.7834    7.0+                          5.5228e-06                       7.7000e-13
                        7  1.0733     0.0403               0.7101 2.2260e-07
                        3  0.3683     0.9597               1.4151 5.2994e-06
 17  1.6790    0.0+                          1.4205e-07
                       10  1.3910     1.0000               0.2880 1.4205e-07
 16  1.6511    1.0+                          6.2921e-07                       3.3000e-13
                        1  0.0549     1.0000               1.5962 6.2910e-07
 15  1.6342    2.0+                          1.0175e-06                       1.5000e-14
                        4  0.4076     0.4118               1.2267 4.1895e-07
                        2  0.1563     0.0980               1.4779 9.9738e-08
                        1  0.0549     0.4902               1.5793 4.9868e-07
 14  1.5440    2.0+                          1.4307e-06                       1.3000e-14
                        0  0.0000     1.0000               1.5440 1.4305e-06
 13  1.5084    2.0+                          1.9102e-06                       1.2000e-13
                        5  0.8389     0.0806               0.6695 1.5383e-07
                        1  0.0549     0.2483               1.4535 4.7427e-07
                        0  0.0000     0.6711               1.5084 1.2818e-06
 12  1.4608    4.0+                          4.2832e-06                       2.8000e-13
                        7  1.0733     1.0000               0.3875 4.2705e-06
 11  1.4544    1.0+                          1.3341e-06                       8.0000e-11
                        1  0.0549     0.9497               1.3995 1.2669e-06
                        0  0.0000     0.0503               1.4544 6.7135e-08
 10  1.3910    1.0+                          1.8891e-06                       3.8000e-13
                        1  0.0549     1.0000               1.3361 1.8889e-06
  9  1.3750    3.0+                          4.4900e-06                       1.1200e-14
                        4  0.4076     0.2013               0.9674 9.0369e-07
                        1  0.0549     0.1698               1.3201 7.6231e-07
                        0  0.0000     0.6289               1.3750 2.8234e-06
  8  1.1367    5.0+                          2.3867e-05                       6.0000e-13
                        5  0.8389     0.0709               0.2978 1.6838e-06
                        3  0.3683     0.5881               0.7685 1.4032e-05
                        2  0.1563     0.3410               0.9804 8.1375e-06
  7  1.0733    6.0+                          5.1301e-05                       2.2000e-10
                        3  0.3683     0.9900               0.7050 5.0774e-05
                        2  0.1563     0.0100               0.9170 5.1279e-07
  6  1.0096    3.0+                          1.6557e-05                       4.4000e-14
                        2  0.1563     0.4414               0.8533 7.3068e-06
                        1  0.0549     0.5586               0.9547 9.2472e-06
  5  0.8389    4.0+                          4.1885e-05                       4.1000e-13
                        3  0.3683     0.3613               0.4706 1.5122e-05
                        2  0.1563     0.0997               0.6826 4.1754e-06
                        0  0.0000     0.5390               0.8389 2.2570e-05
  4  0.4076    3.0+                          1.3099e-04                       1.8000e-12
                        2  0.1563     0.6223               0.2513 8.1278e-05
                        1  0.0549     0.0920               0.3527 1.2030e-05
                        0  0.0000     0.2857               0.4076 3.7391e-05
  3  0.3683    5.0+                          4.7189e-04                       6.9000e-12
                        2  0.1563     0.9911               0.2120 4.6557e-04
                        0  0.0000     0.0089               0.3683 4.1902e-06
  2  0.1563    4.0+                          9.8044e-04                       1.8600e-10
                        0  0.0000     1.0000               0.1563 9.7092e-04
  1  0.0549    2.0+                          2.7248e-04                       4.9000e-11
                        0  0.0000     1.0000               0.0549 2.2489e-04
  0  0.0000    3.0+                          1.8069e-03                       2.6960e+07
#......................................................................../  028-060Ni //  13.500000
#                                                                          SUM SPECTRA FOR COMPOUND
#            026-056Fe      gamma
 SpcSum[mb]            5.8615e-06
 Emean[MeV]            8.0009e-01
#......................................................................../  028-060Ni //  13.500000
#                                                                   GAMMAS FROM DISCRETE TRANSITION
#           0 0 1 1 0 0             026-056Fe
#   Ex[MeV]     Jpi    FinalState  Branching Production    Egamma Production   T(1/2)[s]
 33  4.5395    2.0+                          1.3083e-31                       2.5000e-14
                        5  2.9600     0.5700               1.5795 7.4559e-32
                        3  2.6576     0.2999               1.8819 3.9224e-32
                        0  0.0000     0.1301               4.5395 1.6998e-32
 32  4.5096    3.0-                          1.4113e-30                       8.3000e-14
                       16  3.7556     0.0673               0.7540 9.4921e-32
                       10  3.4453     0.0192               1.0642 2.7125e-32
                        8  3.3699     0.1249               1.1396 1.7627e-31
                        7  3.1230     0.0897               1.3866 1.2656e-31
                        3  2.6576     0.3204               1.8520 4.5196e-31
                        2  2.0851     0.0641               2.4245 9.0402e-32
                        1  0.8468     0.3143               3.6628 4.4292e-31
 31  4.4585    4.0+                          3.2128e-30                       2.6000e-14
                        7  3.1230     0.5854               1.3356 1.8805e-30
                        2  2.0851     0.3748               2.3734 1.2035e-30
                        1  0.8468     0.0398               3.6118 1.2786e-31
 30  4.4477    1.0-                          4.7332e-31
                        1  0.8468     1.0000               3.6009 4.7261e-31
 29  4.4013    2.0+                          2.3253e-29                       5.6000e-14
                       10  3.4453     0.2647               0.9559 6.1538e-30
                        8  3.3699     0.0115               1.0313 2.6760e-31
                        5  2.9600     0.0673               1.4413 1.5652e-30
                        4  2.9415     0.0443               1.4598 1.0302e-30
                        2  2.0851     0.0363               2.3162 8.4273e-31
                        1  0.8468     0.5759               3.5545 1.3378e-29
 28  4.3949    3.0+                          6.7563e-29                       3.5000e-14
                        7  3.1230     0.0933               1.2720 6.3035e-30
                        1  0.8468     0.9067               3.5482 6.1203e-29
 27  4.3681    3.0-                          1.0220e-28
                        1  0.8468     0.0556               3.5214 5.6780e-30
                        2  2.0851     0.0556               2.2830 5.6780e-30
                        3  2.6576     0.0556               1.7105 5.6780e-30
                        5  2.9600     0.0556               1.4082 5.6780e-30
                        7  3.1230     0.0556               1.2452 5.6780e-30
                        8  3.3699     0.0556               0.9982 5.6780e-30
                       10  3.4453     0.0556               0.9228 5.6780e-30
                       12  3.6002     0.0556               0.7679 5.6780e-30
                       13  3.6057     0.0556               0.7624 5.6780e-30
                       15  3.7441     0.0556               0.6240 5.6780e-30
                       18  3.8298     0.0556               0.5384 5.6780e-30
                       19  3.8565     0.0556               0.5116 5.6780e-30
                       20  4.0489     0.0556               0.3192 5.6780e-30
                       21  4.0859     0.0556               0.2822 5.6780e-30
                       22  4.1004     0.0556               0.2678 5.6780e-30
                       23  4.1199     0.0556               0.2482 5.6780e-30
                       24  4.2981     0.0556               0.0700 5.6780e-30
                       26  4.3200     0.0556               0.0481 5.6780e-30
 26  4.3200    2.0+                          1.0401e-27
                       17  3.7596     1.0000               0.5604 1.0401e-27
 25  4.3020    0.0+                          1.6121e-28
                        1  0.8468     1.0000               3.4552 1.6105e-28
 24  4.2981    4.0+                          2.2256e-26                       1.1000e-13
                       10  3.4453     0.0133               0.8527 2.9595e-28
                        7  3.1230     0.6098               1.1751 1.3571e-26
                        3  2.6576     0.0168               1.6405 3.7451e-28
                        2  2.0851     0.1043               2.2130 2.3204e-27
                        1  0.8468     0.2557               3.4513 5.6856e-27
 23  4.1199    3.0+                          4.7616e-24                       1.4000e-13
                       19  3.8565     0.0024               0.2634 1.1125e-26
                       10  3.4453     0.0035               0.6746 1.6687e-26
                        7  3.1230     0.0117               0.9970 5.5606e-26
                        5  2.9600     0.0089               1.1600 4.2273e-26
                        3  2.6576     0.0078               1.4623 3.7078e-26
                        2  2.0851     0.7790               2.0348 3.7081e-24
                        1  0.8468     0.1868               3.2732 8.8874e-25
 22  4.1004    4.0+                          3.9029e-23                       4.3000e-14
                       10  3.4453     0.0028               0.6550 1.0919e-25
                        7  3.1230     0.1122               0.9774 4.3784e-24
                        5  2.9600     0.0104               1.1404 4.0741e-25
                        3  2.6576     0.0142               1.4428 5.5570e-25
                        2  2.0851     0.2381               2.0153 9.2900e-24
                        1  0.8468     0.6222               3.2536 2.4263e-23
 21  4.0859    2.0+                          1.1133e-23
                        1  0.8468     0.7518               3.2392 8.3628e-24
                        0  0.0000     0.2482               4.0859 2.7599e-24
 20  4.0489    3.0+                          1.7321e-23                       7.0000e-15
                        5  2.9600     0.0137               1.0889 2.3795e-25
                        2  2.0851     0.1778               1.9638 3.0786e-24
                        1  0.8468     0.8085               3.2021 1.3992e-23
 19  3.8565    3.0+                          4.3357e-21                       2.5000e-14
                       10  3.4453     0.0016               0.4111 6.7646e-24
                        8  3.3699     0.0035               0.4865 1.5120e-23
                        7  3.1230     0.0114               0.7335 4.9323e-23
                        5  2.9600     0.0042               0.8965 1.8301e-23
                        3  2.6576     0.0026               1.1989 1.1142e-23
                        2  2.0851     0.9178               1.7714 3.9785e-21
                        1  0.8468     0.0590               3.0097 2.5541e-22
 18  3.8298    2.0+                          2.1361e-21                       3.9000e-14
                        3  2.6576     0.3004               1.1722 6.4159e-22
                        1  0.8468     0.5182               2.9830 1.1061e-21
                        0  0.0000     0.1814               3.8298 3.8704e-22
 17  3.7596    1.0-                          4.1733e-21
                        0  0.0000     0.0833               3.7596 3.4778e-22
                        1  0.8468     0.0833               2.9128 3.4778e-22
                        3  2.6576     0.0833               1.1020 3.4778e-22
                        4  2.9415     0.0833               0.8181 3.4778e-22
                        5  2.9600     0.0833               0.7996 3.4778e-22
                        6  3.1201     0.0833               0.6395 3.4778e-22
                        8  3.3699     0.0833               0.3897 3.4778e-22
                       11  3.4484     0.0833               0.3112 3.4778e-22
                       12  3.6002     0.0833               0.1594 3.4778e-22
                       13  3.6057     0.0833               0.1539 3.4778e-22
                       14  3.6102     0.0833               0.1494 3.4778e-22
                       15  3.7441     0.0833               0.0155 3.4778e-22
 16  3.7556    6.0+                          1.8831e-18                       1.3000e-13
                        9  3.3885     0.1776               0.3670 3.3396e-19
                        7  3.1230     0.0161               0.6326 3.0353e-20
                        2  2.0851     0.8063               1.6705 1.5180e-18
 15  3.7441    2.0+                          1.5723e-20
                        1  0.8468     1.0000               2.8974 1.5712e-20
 14  3.6102    0.0+                          1.2506e-20                       5.2000e-14
                        3  2.6576     0.0137               0.9526 1.7168e-22
                        2  2.0851     0.0064               1.5251 8.0123e-23
                        1  0.8468     0.9158               2.7634 1.1445e-20
                        0  0.0000     0.0641               3.6102 8.0116e-22
 13  3.6057    2.0+                          3.2080e-19                       1.5000e-13
                        3  2.6576     0.0827               0.9481 2.6529e-20
                        2  2.0851     0.0082               1.5206 2.6155e-21
                        1  0.8468     0.5827               2.7589 1.8682e-19
                        0  0.0000     0.3264               3.6057 1.0461e-19
 12  3.6002    2.0+                          2.8681e-19                       5.9000e-14
                        3  2.6576     0.0192               0.9426 5.5112e-21
                        2  2.0851     0.0192               1.5151 5.5113e-21
                        1  0.8468     0.1602               2.7534 4.5916e-20
                        0  0.0000     0.8014               3.6002 2.2960e-19
 11  3.4484    1.0+                          9.7791e-19                       8.0000e-15
                        3  2.6576     0.0052               0.7908 5.1157e-21
                        1  0.8468     0.2468               2.6016 2.4120e-19
                        0  0.0000     0.7480               3.4484 7.3081e-19
 10  3.4453    3.0+                          1.5474e-17                       2.9000e-14
                        3  2.6576     0.0144               0.7878 2.2215e-19
                        2  2.0851     0.2010               1.3602 3.1101e-18
                        1  0.8468     0.7846               2.5986 1.2135e-17
  9  3.3885    6.0+                          1.1034e-15                       2.9000e-12
                        7  3.1230     0.0130               0.2656 1.4155e-17
                        2  2.0851     0.9870               1.3034 1.0889e-15
  8  3.3699    2.0+                          2.0999e-17                       1.7000e-14
                        1  0.8468     0.8546               2.5232 1.7936e-17
                        0  0.0000     0.1454               3.3699 3.0503e-18
  7  3.1230    4.0+                          9.4011e-15                       4.7000e-14
                        2  2.0851     0.9916               1.0379 9.3203e-15
                        1  0.8468     0.0084               2.2762 7.9220e-17
  6  3.1201    1.0+                          3.2710e-16                       1.9000e-14
                        3  2.6576     0.0099               0.4625 3.2427e-18
                        1  0.8468     0.9445               2.2733 3.0882e-16
                        0  0.0000     0.0455               3.1201 1.4886e-17
  5  2.9600    2.0+                          1.2792e-14                       2.8000e-14
                        1  0.8468     0.9788               2.1132 1.2518e-14
                        0  0.0000     0.0212               2.9600 2.7036e-16
  4  2.9415    0.0+                          1.6981e-15                       4.5000e-13
                        1  0.8468     1.0000               2.0947 1.6974e-15
                        0  0.0000     0.0000               2.9415 0.0000e+00
  3  2.6576    2.0+                          7.0432e-13                       2.1000e-14
                        1  0.8468     0.9699               1.8108 6.8298e-13
                        0  0.0000     0.0301               2.6576 2.1173e-14
  2  2.0851    4.0+                          1.3306e-09                       6.4000e-13
                        1  0.8468     1.0000               1.2383 1.3304e-09
  1  0.8468    2.0+                          5.8619e-06                       6.0700e-12
                        0  0.0000     1.0000               0.8468 5.8602e-06
  0  0.0000    0.0+                          1.2359e-04
#......................................................................../  028-060Ni //  13.500000
#                                                                          SUM SPECTRA FOR COMPOUND
#            027-059Co      gamma
 SpcSum[mb]            0.0000e+00
 Emean[MeV]            0.0000e+00
#......................................................................../  028-060Ni //  13.500000
#                                                                   GAMMAS FROM DISCRETE TRANSITION
#           1 2 0 0 0 0             027-059Co
#   Ex[MeV]     Jpi    FinalState  Branching Production    Egamma Production   T(1/2)[s]
  0  0.0000    3.5-                          2.0205e-15
#......................................................................../  028-060Ni //  13.500000
#                                                                          SUM SPECTRA FOR COMPOUND
#            026-056Fe      gamma
 SpcSum[mb]            8.0507e-13
 Emean[MeV]            8.0000e-01
#......................................................................../  028-060Ni //  13.500000
#                                                                   GAMMAS FROM DISCRETE TRANSITION
#           1 1 1 0 0 0             026-056Fe
#   Ex[MeV]     Jpi    FinalState  Branching Production    Egamma Production   T(1/2)[s]
  2  2.0851    4.0+                          5.0149e-22                       6.4000e-13
                        1  0.8468     1.0000               1.2383 5.0142e-22
  1  0.8468    2.0+                          8.0531e-13                       6.0700e-12
                        0  0.0000     1.0000               0.8468 8.0507e-13
  0  0.0000    0.0+                          1.2397e-09
#......................................................................../  028-060Ni //  13.500000
#                                                                          SUM SPECTRA FOR COMPOUND
#            025-053Mn      gamma
 SpcSum[mb]            0.0000e+00
 Emean[MeV]            0.0000e+00
#......................................................................../  028-060Ni //  13.500000
#                                                                   GAMMAS FROM DISCRETE TRANSITION
#           1 0 2 0 0 0             025-053Mn
#   Ex[MeV]     Jpi    FinalState  Branching Production    Egamma Production   T(1/2)[s]
  0  0.0000    3.5-                          0.0000e+00
#......................................................................../  028-060Ni //  13.500000
#                                                                          SUM SPECTRA FOR COMPOUND
#            026-059Fe      gamma
 SpcSum[mb]            0.0000e+00
 Emean[MeV]            0.0000e+00
#......................................................................../  028-060Ni //  13.500000
#                                                                   GAMMAS FROM DISCRETE TRANSITION
#           0 3 0 0 0 0             026-059Fe
#   Ex[MeV]     Jpi    FinalState  Branching Production    Egamma Production   T(1/2)[s]
  0  0.0000    1.5-                          0.0000e+00
#......................................................................../  028-060Ni //  13.500000
#                                                                          SUM SPECTRA FOR COMPOUND
#            025-056Mn      gamma
 SpcSum[mb]            0.0000e+00
 Emean[MeV]            0.0000e+00
#......................................................................../  028-060Ni //  13.500000
#                                                                   GAMMAS FROM DISCRETE TRANSITION
#           0 2 1 0 0 0             025-056Mn
#   Ex[MeV]     Jpi    FinalState  Branching Production    Egamma Production   T(1/2)[s]
  0  0.0000    3.0+                          0.0000e+00
#......................................................................../  028-060Ni //  13.500000
#                                                                          SUM SPECTRA FOR COMPOUND
#            024-053Cr      gamma
 SpcSum[mb]            0.0000e+00
 Emean[MeV]            0.0000e+00
#......................................................................../  028-060Ni //  13.500000
#                                                                   GAMMAS FROM DISCRETE TRANSITION
#           0 1 2 0 0 0             024-053Cr
#   Ex[MeV]     Jpi    FinalState  Branching Production    Egamma Production   T(1/2)[s]
  0  0.0000    1.5-                          1.4143e-31
#......................................................................../  028-060Ni //  13.500000
#                                                                          SUM SPECTRA FOR COMPOUND
#            023-050V       gamma
 SpcSum[mb]            0.0000e+00
 Emean[MeV]            0.0000e+00
#......................................................................../  028-060Ni //  13.500000
#                                                                   GAMMAS FROM DISCRETE TRANSITION
#           0 0 3 0 0 0             023-050V 
#   Ex[MeV]     Jpi    FinalState  Branching Production    Egamma Production   T(1/2)[s]
  0  0.0000    6.0+                          0.0000e+00
#......................................................................../  028-060Ni //  13.500000
#                                                                INDIVIDUAL GROUND STATE PRODUCTION
#             Residual  Prod.[mb]  Qval[MeV]   Particles
#                                              n p a d t h
 Production  029-062Cu 7.9575e-02   11.45027   0 0 0 0 0 0
 Production  029-061Cu 1.4490e+02    2.57571   1 0 0 0 0 0
 Production  028-061Ni 2.2494e+02    5.59559   0 1 0 0 0 0
 Production  027-058Co 5.7942e+01    6.08494   0 0 1 0 0 0
 Production  028-060Ni 1.7241e+01    0.00000   0 0 0 1 0 0
 Production  029-060Cu 1.3358e+02   -9.13501   2 0 0 0 0 0
 Production  028-060Ni 8.8218e+02   -2.22463   1 1 0 0 0 0
 Production  027-057Co 7.5488e+01   -2.48810   1 0 1 0 0 0
 Production  028-059Ni 4.7531e-05  -11.38785   1 0 0 1 0 0
 Production  027-060Co 6.3234e+00   -4.26504   0 2 0 0 0 0
 Production  026-057Fe 6.0912e+00   -0.86947   0 1 1 0 0 0
 Production  027-059Co 5.7483e-04   -9.53245   0 1 0 1 0 0
 Production  025-054Mn 1.8069e-03   -0.63001   0 0 2 0 0 0
 Production  026-056Fe 1.2359e-04   -6.29103   0 0 1 1 0 0
 Production  027-059Co 2.0205e-15  -11.75707   1 2 0 0 0 0
 Production  026-056Fe 1.2397e-09   -8.51566   1 1 1 0 0 0
 Production  024-053Cr 1.4143e-31   -8.18968   0 1 2 0 0 0
                   sum 1.5488e+03
#......................................................................../  028-060Ni //  13.500000
#                                                           STABLE AND LONG-LIVED STATE PRODUCTIONS
#       Residual    Ex[MeV]     Jpi     T(1/2)[s]  Prod.[mb] Meta
    1  023-050V     0.00000    6.0+    4.7340e+24 0.0000e+00
    2  024-053Cr    0.00000    1.5-    ---------- 1.4143e-31
    3  025-053Mn    0.00000    3.5-    1.1680e+14 0.0000e+00
    4  025-054Mn    0.00000    3.0+    2.6960e+07 1.8069e-03
    5  025-056Mn    0.00000    3.0+    9.2840e+03 0.0000e+00
    6  026-056Fe    0.00000    0.0+    ---------- 1.2360e-04
    7  026-057Fe    0.00000    0.5-    ---------- 6.0912e+00
    8  026-059Fe    0.00000    1.5-    3.8440e+06 0.0000e+00
    9  027-057Co    0.00000    3.5-    2.3480e+07 7.5488e+01
   10  027-058Co    0.00000    2.0+    6.1220e+06 5.7942e+01
   11  027-058Co    0.02495    5.0+    3.2760e+04 2.1352e+01    1
   12  027-059Co    0.00000    3.5-    ---------- 5.7483e-04
   13  027-060Co    0.00000    5.0+    1.6630e+08 6.3234e+00
   14  027-060Co    0.05859    2.0+    6.2800e+02 2.0602e+00    1
   15  028-059Ni    0.00000    1.5-    3.1870e+12 4.7531e-05
   16  028-060Ni    0.00000    0.0+    ---------- 8.9942e+02
   17  028-061Ni    0.00000    1.5-    ---------- 2.2494e+02
   18  029-060Cu    0.00000    2.0+    1.4220e+03 1.3358e+02
   19  029-061Cu    0.00000    1.5-    1.2000e+04 1.4490e+02
   20  029-062Cu    0.00000    1.0+    5.8020e+02 7.9575e-02
#                                         g.s.sum 1.5488e+03


#......................................................................../  028-060Ni //  13.500000
#                                                                                   ISOMERIC RATIOS
#       Residual    Ex[MeV]     Jpi     T(1/2)[s] Ratio      m/(g-m)
    1  027-058Co    0.02495    5.0+    3.2760e+04 3.6851e-01 5.8355e-01
    2  027-060Co    0.05859    2.0+    6.2800e+02 3.2581e-01 4.8327e-01


#......................................................................../  028-060Ni //  13.500000
#                                                                               PARTICLE PRODUCTION
#             Particle  Prod.[mb] Multiplic. Emean[MeV]
 ParticlPrd      gamma 3.5776e+03 2.3100e+00 1.5539e+00
 ParticlPrd    neutron 1.3697e+03 8.8440e-01 3.0446e+00
 ParticlPrd     proton 1.1258e+03 7.2693e-01 6.6673e+00
 ParticlPrd      alpha 1.3952e+02 9.0088e-02 1.0347e+01
 ParticlPrd   deuteron 1.7242e+01 1.1132e-02 6.3362e+00


