###################################################################################################
#                                                                                    3.6.0-Cordelia
#
#                                                      .oooooo.             ooooo   ooooo        
#     Clair de Lune                                   d8P    Y8b             888     888         
#     =============                                  888           .ooooo.   888     888         
#                                                    888          d88   88b  888ooooo888         
# Votre ame est un paysage choisi                    888          888   888  888     888  dP^Y8b 
# Que vont charmant masques et bergamasques           88b    ooo  888   888  888     888      8P 
# Jouant du luth et dansant et quasi                   Y8bood8P    Y8bod8P' o888o   o888o   <8B  
# Tristes sous leurs deguisements fantasques.                                           8b    8b 
#                                                                                        Y8oo8P  
#
# Tout en chantant sur le mode mineur            Au calme clair de lune triste et beau,
# L'amour vainqueur et la vie opportune          Qui fait rever les oiseaux dans les arbres
# Ils n'ont pas l'air de croire a leur bonheur   Et sangloter d'extase les jets d'eau,
# Et leur chanson se mele au clair de lune,      Les grands jets d'eau sveltes parmi les marbres.
# 
#                                                                                   Paul Verlaine
#
######################################################################################## Moonage 11
###################################################################################################
#                                                                                    3.6.0-Cordelia
#          
#......................................................................../  026-057Fe //   6.000000
#                                                                                 SYSTEM PARAMETERS
#            AtomicNum    MassNum
#    Target         26         57
#  Incident          1          2
#            Ecms[MeV]  Elab[MeV] ReduceMass WaveNumber
     Energy 5.7950e+00 6.0000e+00 1.9453e+00 7.3441e-01
#......................................................................../  026-057Fe //   6.000000
#                                                                             ROTATIONAL STATE DATA
#             Energy       Spin   WaveNum Eout[MeV]   Coulomb   Sig0   
      Level   0.00000      -0.5   0.73441   5.79500   2.37235   0.42713
#......................................................................../  026-057Fe //   6.000000
#                                                                            DEFORMATION PARAMETERS
#              Lambda     Beta
#......................................................................../  026-057Fe //   6.000000
#                                                                           OPTICAL MODEL POTENTIAL
# OMP  0      V         Vs        Wv        Ws        Vso       Wso       Coul
      r[fm]   1.14998   0.00000   1.33091   1.37350   0.97200   0.00000      1.30
      a[fm]   0.76749   0.00000   0.47015   0.76961   1.01100   0.00000
 Depth[MeV]  94.74821   0.00000   1.46445  10.65267   7.11400   0.00000
#......................................................................../  026-057Fe //   6.000000
#                                                                      TOTAL REACTION CROSS SECTION
  Sigma[mb] 8.3836e+02
#......................................................................../  026-057Fe //   6.000000
#                                                                     DISCRETE DIRECT CROSS SECTION
#              Ex[MeV]     Spin    Eout[MeV]  Sigma[mb]
  Direct  0    0.00000     -0.5   5.7950e+00 3.1072e+02
#......................................................................../  026-057Fe //   6.000000
#                                                                                      TARGET STATE
#           Excitation  Spin
  026-057Fe 0.0000e+00  0.5-
#......................................................................../  026-057Fe //   6.000000
#                                                                             COMPOUND NUCLEUS DATA
#              Z     A  MassExess    Ex(max) Separation     N-cont    N-level
  027-059Co              -62.2291    20.9788                   171         83
      gamma  027-059Co     0.0000                0.0000
    neutron  027-058Co     8.0714               10.4540
     proton  026-058Fe     7.2890                7.3637
      alpha  025-055Mn     2.4249                6.9423
   deuteron  026-057Fe    13.1358               15.1838
  027-058Co              -59.8466    10.5248                    83         52
      gamma  027-058Co     0.0000                0.0000
    neutron  027-057Co     8.0714                8.5730
     proton  026-057Fe     7.2890                6.9544
      alpha  025-054Mn     2.4249                6.7150
  026-058Fe              -62.1545    13.6151                    89         60
      gamma  026-058Fe     0.0000                0.0000
    neutron  026-057Fe     8.0714               10.0447
     proton  025-057Mn     7.2890               11.9574
      alpha  024-054Cr     2.4249                7.6457
  025-055Mn              -57.7117    14.0365                   101         92
      gamma  025-055Mn     0.0000                0.0000
    neutron  025-054Mn     8.0714               10.2266
     proton  024-054Cr     7.2890                8.0671
      alpha  023-051V      2.4249                7.9330
  026-057Fe              -60.1812     5.7950                    32         30
      gamma  026-057Fe     0.0000                0.0000
  027-057Co              -59.3449     1.9517                     0         54
      gamma  027-057Co     0.0000                0.0000
  026-057Fe              -60.1812     3.5704                    10         30
      gamma  026-057Fe     0.0000                0.0000
  025-054Mn              -55.5565     3.8098                    15         34
      gamma  025-054Mn     0.0000                0.0000
  025-057Mn              -57.4861     1.6577                     0         34
      gamma  025-057Mn     0.0000                0.0000
  024-054Cr              -56.9337     5.9694                    13         39
      gamma  024-054Cr     0.0000                0.0000
  023-051V               -52.2037     6.1035                    19         69
      gamma  023-051V      0.0000                0.0000
#......................................................................../  026-057Fe //   6.000000
#                                                                          LEVEL DENSITY PARAMETERS
#                 a       Pairing     T          E0         Em         Sigma2     Eshell
  027-059Co     7.7065     1.4438     1.5264    -2.9139    11.5997     7.7063  -2.757200
  027-058Co     7.5715     0.0000     1.6003    -4.5097    10.6265     8.1538  -3.270900
  026-058Fe     7.5715     2.6240     1.4533    -1.2878    11.9123     5.8167  -2.027200
  025-055Mn     7.1675     1.4696     1.6536    -3.6282    12.9169     6.5000  -2.554700
  026-057Fe     7.4367     1.5804     1.5737    -3.0878    12.2497     4.5917  -2.515600
  025-054Mn     7.0331     0.0000     1.5814    -3.6263     9.3214     7.3235  -2.894400
  024-054Cr     7.0331     2.6811     1.5243    -0.9696    11.7541     5.9744  -2.242300
  023-051V      6.6309     1.4973     1.7524    -3.3151    12.8516     7.3098  -2.858800
#......................................................................../  026-057Fe //   6.000000
#                                                                       GIANT DIPOLE RESONANCE DATA
#          Energy[MeV] Width[MeV] Sigma0[mb]            Profile
         E1    16.6562     3.9874  51.492284                 GL
         E1    19.4148     6.3548  52.914197                 GL
         M1    10.5317     4.0000   0.732384                 SL
         E2    16.1829     5.4020   1.361737                 SL
         M2    10.5317     4.0000   0.000586                 SL
         E3    16.1829     5.4020   0.001089                 SL
         M1     3.3291     1.5000   0.741830                 SL
#......................................................................../  026-057Fe //   6.000000
#                                                                       SUM OF PRECOMPOUND EMISSION
#            027-059Co      gamma    neutron     proton      alpha   deuteron
 SpcSum[mb]            0.0000e+00 1.0076e+02 5.9785e+01 4.1895e+00 2.1344e-02
 Emean[MeV]            0.0000e+00 5.1581e+00 6.8015e+00 8.9362e+00 2.8321e+00
#          
#           TotalPreEq   Compound   Fraction
  Sigma[mb] 1.6476e+02 8.3836e+02 1.9652e-01
#......................................................................../  026-057Fe //   6.000000
#                                                                          SUM SPECTRA FOR COMPOUND
#            027-059Co      gamma    neutron     proton      alpha   deuteron
 SpcSum[mb]            6.2409e-01 5.4782e+02 9.2392e+01 3.1203e+01 2.0636e+00
 Emean[MeV]            5.6814e+00 2.6921e+00 5.7709e+00 9.4652e+00 4.5980e+00
#......................................................................../  026-057Fe //   6.000000
#                                                                   GAMMAS FROM DISCRETE TRANSITION
#           0 0 0 0 0 0             027-059Co
#   Ex[MeV]     Jpi    FinalState  Branching Production    Egamma Production   T(1/2)[s]
 82  3.9501    3.5-                          5.9776e-04
                        0  0.0000     1.0000               3.9501 5.9709e-04
 81  3.9442    3.5+                          5.5368e-04                       6.0000e-13
                        3  1.2916     1.0000               2.6526 5.5344e-04
 80  3.9263    4.5+                          4.7832e-04
                        0  0.0000     0.0435               3.9263 2.0796e-05
                        2  1.1905     0.0435               2.7359 2.0796e-05
                        5  1.4595     0.0435               2.4668 2.0796e-05
                        7  1.7447     0.0435               2.1816 2.0796e-05
                        8  2.0618     0.0435               1.8645 2.0796e-05
                       15  2.5404     0.0435               1.3859 2.0796e-05
                       17  2.5858     0.0435               1.3405 2.0796e-05
                       24  2.8262     0.0435               1.1001 2.0796e-05
                       25  2.8291     0.0435               1.0972 2.0796e-05
                       31  2.9730     0.0435               0.9533 2.0796e-05
                       33  3.0149     0.0435               0.9114 2.0796e-05
                       34  3.0168     0.0435               0.9095 2.0796e-05
                       36  3.0816     0.0435               0.8447 2.0796e-05
                       37  3.0904     0.0435               0.8359 2.0796e-05
                       38  3.1209     0.0435               0.8054 2.0796e-05
                       40  3.1405     0.0435               0.7858 2.0796e-05
                       41  3.1410     0.0435               0.7853 2.0796e-05
                       51  3.3234     0.0435               0.6029 2.0796e-05
                       56  3.3820     0.0435               0.5443 2.0796e-05
                       57  3.4145     0.0435               0.5118 2.0796e-05
                       58  3.4261     0.0435               0.5002 2.0796e-05
                       60  3.4974     0.0435               0.4289 2.0796e-05
                       65  3.6228     0.0435               0.3035 2.0796e-05
 79  3.9152    2.5+                          6.3897e-04
                        0  0.0000     0.0312               3.9152 1.9968e-05
                        1  1.0993     0.0312               2.8159 1.9968e-05
                        3  1.2916     0.0312               2.6236 1.9968e-05
                        6  1.4817     0.0312               2.4335 1.9968e-05
                        7  1.7447     0.0312               2.1705 1.9968e-05
                        8  2.0618     0.0312               1.8534 1.9968e-05
                        9  2.0872     0.0312               1.8280 1.9968e-05
                       12  2.2048     0.0312               1.7104 1.9968e-05
                       14  2.4787     0.0312               1.4365 1.9968e-05
                       15  2.5404     0.0312               1.3748 1.9968e-05
                       16  2.5817     0.0312               1.3335 1.9968e-05
                       17  2.5858     0.0312               1.3294 1.9968e-05
                       20  2.7702     0.0312               1.1450 1.9968e-05
                       21  2.7817     0.0312               1.1335 1.9968e-05
                       24  2.8262     0.0312               1.0890 1.9968e-05
                       25  2.8291     0.0312               1.0861 1.9968e-05
                       26  2.9120     0.0312               1.0032 1.9968e-05
                       28  2.9579     0.0312               0.9573 1.9968e-05
                       30  2.9659     0.0312               0.9493 1.9968e-05
                       33  3.0149     0.0312               0.9003 1.9968e-05
                       37  3.0904     0.0312               0.8248 1.9968e-05
                       40  3.1405     0.0312               0.7747 1.9968e-05
                       41  3.1410     0.0312               0.7742 1.9968e-05
                       43  3.1637     0.0312               0.7515 1.9968e-05
                       45  3.2195     0.0312               0.6957 1.9968e-05
                       49  3.2760     0.0312               0.6392 1.9968e-05
                       51  3.3234     0.0312               0.5918 1.9968e-05
                       56  3.3820     0.0312               0.5332 1.9968e-05
                       58  3.4261     0.0312               0.4891 1.9968e-05
                       60  3.4974     0.0312               0.4178 1.9968e-05
                       66  3.6260     0.0312               0.2892 1.9968e-05
                       68  3.6672     0.0312               0.2480 1.9968e-05
 78  3.8886    4.5+                          4.9055e-04
                        0  0.0000     0.0435               3.8886 2.1328e-05
                        2  1.1905     0.0435               2.6982 2.1328e-05
                        5  1.4595     0.0435               2.4291 2.1328e-05
                        7  1.7447     0.0435               2.1439 2.1328e-05
                        8  2.0618     0.0435               1.8268 2.1328e-05
                       15  2.5404     0.0435               1.3482 2.1328e-05
                       17  2.5858     0.0435               1.3028 2.1328e-05
                       24  2.8262     0.0435               1.0624 2.1328e-05
                       25  2.8291     0.0435               1.0595 2.1328e-05
                       31  2.9730     0.0435               0.9156 2.1328e-05
                       33  3.0149     0.0435               0.8737 2.1328e-05
                       34  3.0168     0.0435               0.8718 2.1328e-05
                       36  3.0816     0.0435               0.8070 2.1328e-05
                       37  3.0904     0.0435               0.7982 2.1328e-05
                       38  3.1209     0.0435               0.7677 2.1328e-05
                       40  3.1405     0.0435               0.7481 2.1328e-05
                       41  3.1410     0.0435               0.7476 2.1328e-05
                       51  3.3234     0.0435               0.5652 2.1328e-05
                       56  3.3820     0.0435               0.5066 2.1328e-05
                       57  3.4145     0.0435               0.4741 2.1328e-05
                       58  3.4261     0.0435               0.4625 2.1328e-05
                       60  3.4974     0.0435               0.3912 2.1328e-05
                       65  3.6228     0.0435               0.2658 2.1328e-05
 77  3.8549    1.5+                          6.4251e-04
                        1  1.0993     0.0526               2.7556 3.3816e-05
                        3  1.2916     0.0526               2.5633 3.3816e-05
                        4  1.4343     0.0526               2.4206 3.3816e-05
                        6  1.4817     0.0526               2.3732 3.3816e-05
                        9  2.0872     0.0526               1.7677 3.3816e-05
                       12  2.2048     0.0526               1.6501 3.3816e-05
                       14  2.4787     0.0526               1.3762 3.3816e-05
                       16  2.5817     0.0526               1.2732 3.3816e-05
                       20  2.7702     0.0526               1.0847 3.3816e-05
                       21  2.7817     0.0526               1.0732 3.3816e-05
                       26  2.9120     0.0526               0.9429 3.3816e-05
                       28  2.9579     0.0526               0.8970 3.3816e-05
                       30  2.9659     0.0526               0.8890 3.3816e-05
                       35  3.0627     0.0526               0.7922 3.3816e-05
                       43  3.1637     0.0526               0.6912 3.3816e-05
                       45  3.2195     0.0526               0.6354 3.3816e-05
                       49  3.2760     0.0526               0.5789 3.3816e-05
                       66  3.6260     0.0526               0.2289 3.3816e-05
                       68  3.6672     0.0526               0.1877 3.3816e-05
 76  3.8427    5.5+                          3.5037e-04
                        5  1.4595     0.4709               2.3832 1.6484e-04
                        2  1.1905     0.5291               2.6522 1.8519e-04
 75  3.8321    2.5+                          6.7808e-04
                        0  0.0000     0.0312               3.8321 2.1190e-05
                        1  1.0993     0.0312               2.7328 2.1190e-05
                        3  1.2916     0.0312               2.5405 2.1190e-05
                        6  1.4817     0.0312               2.3504 2.1190e-05
                        7  1.7447     0.0312               2.0874 2.1190e-05
                        8  2.0618     0.0312               1.7703 2.1190e-05
                        9  2.0872     0.0312               1.7449 2.1190e-05
                       12  2.2048     0.0312               1.6273 2.1190e-05
                       14  2.4787     0.0312               1.3534 2.1190e-05
                       15  2.5404     0.0312               1.2917 2.1190e-05
                       16  2.5817     0.0312               1.2504 2.1190e-05
                       17  2.5858     0.0312               1.2463 2.1190e-05
                       20  2.7702     0.0312               1.0619 2.1190e-05
                       21  2.7817     0.0312               1.0504 2.1190e-05
                       24  2.8262     0.0312               1.0059 2.1190e-05
                       25  2.8291     0.0312               1.0030 2.1190e-05
                       26  2.9120     0.0312               0.9201 2.1190e-05
                       28  2.9579     0.0312               0.8742 2.1190e-05
                       30  2.9659     0.0312               0.8662 2.1190e-05
                       33  3.0149     0.0312               0.8172 2.1190e-05
                       37  3.0904     0.0312               0.7417 2.1190e-05
                       40  3.1405     0.0312               0.6916 2.1190e-05
                       41  3.1410     0.0312               0.6911 2.1190e-05
                       43  3.1637     0.0312               0.6684 2.1190e-05
                       45  3.2195     0.0312               0.6126 2.1190e-05
                       49  3.2760     0.0312               0.5561 2.1190e-05
                       51  3.3234     0.0312               0.5087 2.1190e-05
                       56  3.3820     0.0312               0.4501 2.1190e-05
                       58  3.4261     0.0312               0.4060 2.1190e-05
                       60  3.4974     0.0312               0.3347 2.1190e-05
                       66  3.6260     0.0312               0.2061 2.1190e-05
                       68  3.6672     0.0312               0.1649 2.1190e-05
 74  3.8209    1.5+                          6.5885e-04
                        1  1.0993     0.0526               2.7216 3.4676e-05
                        3  1.2916     0.0526               2.5293 3.4676e-05
                        4  1.4343     0.0526               2.3866 3.4676e-05
                        6  1.4817     0.0526               2.3392 3.4676e-05
                        9  2.0872     0.0526               1.7337 3.4676e-05
                       12  2.2048     0.0526               1.6161 3.4676e-05
                       14  2.4787     0.0526               1.3422 3.4676e-05
                       16  2.5817     0.0526               1.2392 3.4676e-05
                       20  2.7702     0.0526               1.0507 3.4676e-05
                       21  2.7817     0.0526               1.0392 3.4676e-05
                       26  2.9120     0.0526               0.9089 3.4676e-05
                       28  2.9579     0.0526               0.8630 3.4676e-05
                       30  2.9659     0.0526               0.8550 3.4676e-05
                       35  3.0627     0.0526               0.7582 3.4676e-05
                       43  3.1637     0.0526               0.6572 3.4676e-05
                       45  3.2195     0.0526               0.6014 3.4676e-05
                       49  3.2760     0.0526               0.5449 3.4676e-05
                       66  3.6260     0.0526               0.1949 3.4676e-05
                       68  3.6672     0.0526               0.1537 3.4676e-05
 73  3.8077    3.5+                          6.0903e-04
                        0  0.0000     0.0345               3.8077 2.1001e-05
                        2  1.1905     0.0345               2.6173 2.1001e-05
                        6  1.4817     0.0345               2.3260 2.1001e-05
                        7  1.7447     0.0345               2.0630 2.1001e-05
                        8  2.0618     0.0345               1.7459 2.1001e-05
                        9  2.0872     0.0345               1.7205 2.1001e-05
                       12  2.2048     0.0345               1.6029 2.1001e-05
                       14  2.4787     0.0345               1.3290 2.1001e-05
                       15  2.5404     0.0345               1.2673 2.1001e-05
                       17  2.5858     0.0345               1.2219 2.1001e-05
                       20  2.7702     0.0345               1.0375 2.1001e-05
                       21  2.7817     0.0345               1.0260 2.1001e-05
                       24  2.8262     0.0345               0.9815 2.1001e-05
                       25  2.8291     0.0345               0.9786 2.1001e-05
                       28  2.9579     0.0345               0.8498 2.1001e-05
                       33  3.0149     0.0345               0.7928 2.1001e-05
                       34  3.0168     0.0345               0.7909 2.1001e-05
                       36  3.0816     0.0345               0.7261 2.1001e-05
                       37  3.0904     0.0345               0.7173 2.1001e-05
                       40  3.1405     0.0345               0.6672 2.1001e-05
                       41  3.1410     0.0345               0.6667 2.1001e-05
                       43  3.1637     0.0345               0.6440 2.1001e-05
                       51  3.3234     0.0345               0.4843 2.1001e-05
                       56  3.3820     0.0345               0.4257 2.1001e-05
                       57  3.4145     0.0345               0.3932 2.1001e-05
                       58  3.4261     0.0345               0.3816 2.1001e-05
                       60  3.4974     0.0345               0.3103 2.1001e-05
                       66  3.6260     0.0345               0.1817 2.1001e-05
                       68  3.6672     0.0345               0.1405 2.1001e-05
 72  3.7924    1.5+                          6.7307e-04
                        1  1.0993     0.0526               2.6931 3.5425e-05
                        3  1.2916     0.0526               2.5008 3.5425e-05
                        4  1.4343     0.0526               2.3581 3.5425e-05
                        6  1.4817     0.0526               2.3107 3.5425e-05
                        9  2.0872     0.0526               1.7052 3.5425e-05
                       12  2.2048     0.0526               1.5876 3.5425e-05
                       14  2.4787     0.0526               1.3137 3.5425e-05
                       16  2.5817     0.0526               1.2107 3.5425e-05
                       20  2.7702     0.0526               1.0222 3.5425e-05
                       21  2.7817     0.0526               1.0107 3.5425e-05
                       26  2.9120     0.0526               0.8804 3.5425e-05
                       28  2.9579     0.0526               0.8345 3.5425e-05
                       30  2.9659     0.0526               0.8265 3.5425e-05
                       35  3.0627     0.0526               0.7297 3.5425e-05
                       43  3.1637     0.0526               0.6287 3.5425e-05
                       45  3.2195     0.0526               0.5729 3.5425e-05
                       49  3.2760     0.0526               0.5164 3.5425e-05
                       66  3.6260     0.0526               0.1664 3.5425e-05
                       68  3.6672     0.0526               0.1252 3.5425e-05
 71  3.7689    2.5+                          7.1049e-04
                        0  0.0000     0.0312               3.7689 2.2203e-05
                        1  1.0993     0.0312               2.6696 2.2203e-05
                        3  1.2916     0.0312               2.4773 2.2203e-05
                        6  1.4817     0.0312               2.2872 2.2203e-05
                        7  1.7447     0.0312               2.0242 2.2203e-05
                        8  2.0618     0.0312               1.7071 2.2203e-05
                        9  2.0872     0.0312               1.6817 2.2203e-05
                       12  2.2048     0.0312               1.5641 2.2203e-05
                       14  2.4787     0.0312               1.2902 2.2203e-05
                       15  2.5404     0.0312               1.2285 2.2203e-05
                       16  2.5817     0.0312               1.1872 2.2203e-05
                       17  2.5858     0.0312               1.1831 2.2203e-05
                       20  2.7702     0.0312               0.9987 2.2203e-05
                       21  2.7817     0.0312               0.9872 2.2203e-05
                       24  2.8262     0.0312               0.9427 2.2203e-05
                       25  2.8291     0.0312               0.9398 2.2203e-05
                       26  2.9120     0.0312               0.8569 2.2203e-05
                       28  2.9579     0.0312               0.8110 2.2203e-05
                       30  2.9659     0.0312               0.8030 2.2203e-05
                       33  3.0149     0.0312               0.7540 2.2203e-05
                       37  3.0904     0.0312               0.6785 2.2203e-05
                       40  3.1405     0.0312               0.6284 2.2203e-05
                       41  3.1410     0.0312               0.6279 2.2203e-05
                       43  3.1637     0.0312               0.6052 2.2203e-05
                       45  3.2195     0.0312               0.5494 2.2203e-05
                       49  3.2760     0.0312               0.4929 2.2203e-05
                       51  3.3234     0.0312               0.4455 2.2203e-05
                       56  3.3820     0.0312               0.3869 2.2203e-05
                       58  3.4261     0.0312               0.3428 2.2203e-05
                       60  3.4974     0.0312               0.2715 2.2203e-05
                       66  3.6260     0.0312               0.1429 2.2203e-05
                       68  3.6672     0.0312               0.1017 2.2203e-05
 70  3.7575    3.5+                          6.3161e-04
                        0  0.0000     0.0345               3.7575 2.1780e-05
                        2  1.1905     0.0345               2.5671 2.1780e-05
                        6  1.4817     0.0345               2.2758 2.1780e-05
                        7  1.7447     0.0345               2.0128 2.1780e-05
                        8  2.0618     0.0345               1.6957 2.1780e-05
                        9  2.0872     0.0345               1.6703 2.1780e-05
                       12  2.2048     0.0345               1.5527 2.1780e-05
                       14  2.4787     0.0345               1.2788 2.1780e-05
                       15  2.5404     0.0345               1.2171 2.1780e-05
                       17  2.5858     0.0345               1.1717 2.1780e-05
                       20  2.7702     0.0345               0.9873 2.1780e-05
                       21  2.7817     0.0345               0.9758 2.1780e-05
                       24  2.8262     0.0345               0.9313 2.1780e-05
                       25  2.8291     0.0345               0.9284 2.1780e-05
                       28  2.9579     0.0345               0.7996 2.1780e-05
                       33  3.0149     0.0345               0.7426 2.1780e-05
                       34  3.0168     0.0345               0.7407 2.1780e-05
                       36  3.0816     0.0345               0.6759 2.1780e-05
                       37  3.0904     0.0345               0.6671 2.1780e-05
                       40  3.1405     0.0345               0.6170 2.1780e-05
                       41  3.1410     0.0345               0.6165 2.1780e-05
                       43  3.1637     0.0345               0.5938 2.1780e-05
                       51  3.3234     0.0345               0.4341 2.1780e-05
                       56  3.3820     0.0345               0.3755 2.1780e-05
                       57  3.4145     0.0345               0.3430 2.1780e-05
                       58  3.4261     0.0345               0.3314 2.1780e-05
                       60  3.4974     0.0345               0.2601 2.1780e-05
                       66  3.6260     0.0345               0.1315 2.1780e-05
                       68  3.6672     0.0345               0.0903 2.1780e-05
 69  3.7373    0.5+                          4.6011e-04
                        1  1.0993     0.1111               2.6380 5.1123e-05
                        3  1.2916     0.1111               2.4457 5.1123e-05
                        4  1.4343     0.1111               2.3030 5.1123e-05
                       16  2.5817     0.1111               1.1556 5.1123e-05
                       26  2.9120     0.1111               0.8253 5.1123e-05
                       30  2.9659     0.1111               0.7714 5.1123e-05
                       35  3.0627     0.1111               0.6746 5.1123e-05
                       45  3.2195     0.1111               0.5178 5.1123e-05
                       49  3.2760     0.1111               0.4613 5.1123e-05
 68  3.6672    2.5-                          1.0065e-03
                        1  1.0993     0.5713               2.5679 5.7468e-04
                        0  0.0000     0.4287               3.6672 4.3105e-04
 67  3.6528    2.5+                          7.7692e-04
                        1  1.0993     1.0000               2.5535 7.7614e-04
 66  3.6260    2.5-                          1.0320e-03                       3.0000e-14
                        6  1.4817     1.0000               2.1443 1.0316e-03
 65  3.6228    5.5-                          4.8045e-04
                        0  0.0000     1.0000               3.6228 4.7995e-04
 64  3.5995    4.5+                          6.0312e-04
                        0  0.0000     0.0455               3.5995 2.7415e-05
                        2  1.1905     0.0455               2.4090 2.7415e-05
                        5  1.4595     0.0455               2.1400 2.7415e-05
                        7  1.7447     0.0455               1.8548 2.7415e-05
                        8  2.0618     0.0455               1.5377 2.7415e-05
                       15  2.5404     0.0455               1.0591 2.7415e-05
                       17  2.5858     0.0455               1.0137 2.7415e-05
                       24  2.8262     0.0455               0.7733 2.7415e-05
                       25  2.8291     0.0455               0.7704 2.7415e-05
                       31  2.9730     0.0455               0.6265 2.7415e-05
                       33  3.0149     0.0455               0.5846 2.7415e-05
                       34  3.0168     0.0455               0.5827 2.7415e-05
                       36  3.0816     0.0455               0.5179 2.7415e-05
                       37  3.0904     0.0455               0.5091 2.7415e-05
                       38  3.1209     0.0455               0.4786 2.7415e-05
                       40  3.1405     0.0455               0.4590 2.7415e-05
                       41  3.1410     0.0455               0.4585 2.7415e-05
                       51  3.3234     0.0455               0.2761 2.7415e-05
                       56  3.3820     0.0455               0.2175 2.7415e-05
                       57  3.4145     0.0455               0.1850 2.7415e-05
                       58  3.4261     0.0455               0.1734 2.7415e-05
                       60  3.4974     0.0455               0.1021 2.7415e-05
 63  3.5801    2.5+                          8.2368e-04
                        0  0.0000     0.0333               3.5801 2.7456e-05
                        1  1.0993     0.0333               2.4808 2.7456e-05
                        3  1.2916     0.0333               2.2885 2.7456e-05
                        6  1.4817     0.0333               2.0984 2.7456e-05
                        7  1.7447     0.0333               1.8354 2.7456e-05
                        8  2.0618     0.0333               1.5183 2.7456e-05
                        9  2.0872     0.0333               1.4929 2.7456e-05
                       12  2.2048     0.0333               1.3753 2.7456e-05
                       14  2.4787     0.0333               1.1014 2.7456e-05
                       15  2.5404     0.0333               1.0397 2.7456e-05
                       16  2.5817     0.0333               0.9984 2.7456e-05
                       17  2.5858     0.0333               0.9943 2.7456e-05
                       20  2.7702     0.0333               0.8099 2.7456e-05
                       21  2.7817     0.0333               0.7984 2.7456e-05
                       24  2.8262     0.0333               0.7539 2.7456e-05
                       25  2.8291     0.0333               0.7510 2.7456e-05
                       26  2.9120     0.0333               0.6681 2.7456e-05
                       28  2.9579     0.0333               0.6222 2.7456e-05
                       30  2.9659     0.0333               0.6142 2.7456e-05
                       33  3.0149     0.0333               0.5652 2.7456e-05
                       37  3.0904     0.0333               0.4897 2.7456e-05
                       40  3.1405     0.0333               0.4396 2.7456e-05
                       41  3.1410     0.0333               0.4391 2.7456e-05
                       43  3.1637     0.0333               0.4164 2.7456e-05
                       45  3.2195     0.0333               0.3606 2.7456e-05
                       49  3.2760     0.0333               0.3041 2.7456e-05
                       51  3.3234     0.0333               0.2567 2.7456e-05
                       56  3.3820     0.0333               0.1981 2.7456e-05
                       58  3.4261     0.0333               0.1540 2.7456e-05
                       60  3.4974     0.0333               0.0827 2.7456e-05
 62  3.5701    5.5+                          4.2929e-04
                        2  1.1905     0.1111               2.3796 4.7699e-05
                        5  1.4595     0.1111               2.1106 4.7699e-05
                       10  2.1536     0.1111               1.4165 4.7699e-05
                       31  2.9730     0.1111               0.5971 4.7699e-05
                       34  3.0168     0.1111               0.5533 4.7699e-05
                       36  3.0816     0.1111               0.4885 4.7699e-05
                       38  3.1209     0.1111               0.4492 4.7699e-05
                       46  3.2238     0.1111               0.3463 4.7699e-05
                       57  3.4145     0.1111               0.1556 4.7699e-05
 61  3.5650    0.5+                          5.2925e-04
                        9  2.0872     0.3333               1.4778 1.7642e-04
                        6  1.4817     0.3333               2.0833 1.7642e-04
                        3  1.2916     0.3333               2.2734 1.7642e-04
 60  3.4974    3.5-                          1.0186e-03
                        0  0.0000     1.0000               3.4974 1.0176e-03
 59  3.4916    0.5+                          5.6382e-04
                        6  1.4817     0.3333               2.0099 1.8794e-04
                        3  1.2916     0.3333               2.2000 1.8794e-04
                        1  1.0993     0.3333               2.3923 1.8794e-04
 58  3.4261    3.5-                          1.0632e-03                       5.5000e-14
                        5  1.4595     0.6210               1.9666 6.6005e-04
                        0  0.0000     0.3790               3.4261 4.0260e-04
 57  3.4145    4.5-                          8.6322e-04
                        6  1.4817     0.4695               1.9328 4.0515e-04
                        1  1.0993     0.3708               2.3152 3.2000e-04
                        0  0.0000     0.1597               3.4145 1.3773e-04
 56  3.3820    3.5-                          1.0926e-03                       7.6000e-14
                        7  1.7447     0.2276               1.6373 2.4863e-04
                        5  1.4595     0.6896               1.9225 7.5322e-04
                        0  0.0000     0.0828               3.3820 9.0397e-05
 55  3.3660    4.5+                          7.2541e-04
                        0  0.0000     0.0556               3.3660 4.0301e-05
                        2  1.1905     0.0556               2.1756 4.0301e-05
                        5  1.4595     0.0556               1.9065 4.0301e-05
                        7  1.7447     0.0556               1.6213 4.0301e-05
                        8  2.0618     0.0556               1.3042 4.0301e-05
                       15  2.5404     0.0556               0.8256 4.0301e-05
                       17  2.5858     0.0556               0.7802 4.0301e-05
                       24  2.8262     0.0556               0.5398 4.0301e-05
                       25  2.8291     0.0556               0.5369 4.0301e-05
                       31  2.9730     0.0556               0.3930 4.0301e-05
                       33  3.0149     0.0556               0.3511 4.0301e-05
                       34  3.0168     0.0556               0.3492 4.0301e-05
                       36  3.0816     0.0556               0.2844 4.0301e-05
                       37  3.0904     0.0556               0.2756 4.0301e-05
                       38  3.1209     0.0556               0.2451 4.0301e-05
                       40  3.1405     0.0556               0.2255 4.0301e-05
                       41  3.1410     0.0556               0.2250 4.0301e-05
                       51  3.3234     0.0556               0.0426 4.0301e-05
 54  3.3509    0.5+                          6.4042e-04
                        1  1.0993     0.1111               2.2516 7.1158e-05
                        3  1.2916     0.1111               2.0593 7.1158e-05
                        4  1.4343     0.1111               1.9166 7.1158e-05
                       16  2.5817     0.1111               0.7692 7.1158e-05
                       26  2.9120     0.1111               0.4389 7.1158e-05
                       30  2.9659     0.1111               0.3850 7.1158e-05
                       35  3.0627     0.1111               0.2882 7.1158e-05
                       45  3.2195     0.1111               0.1314 7.1158e-05
                       49  3.2760     0.1111               0.0749 7.1158e-05
 53  3.3298    2.5+                          1.0225e-03
                        0  0.0000     1.0000               3.3298 1.0210e-03
 52  3.3254    7.5+                          2.1448e-04                       3.2000e-13
                       10  2.1536     1.0000               1.1718 2.1446e-04
 51  3.3234    3.5-                          1.1742e-03
                       21  2.7817     0.0617               0.5417 7.2385e-05
                       10  2.1536     0.1234               1.1698 1.4480e-04
                        6  1.4817     0.0487               1.8417 5.7148e-05
                        4  1.4343     0.2759               1.8891 3.2385e-04
                        3  1.2916     0.1656               2.0318 1.9435e-04
                        0  0.0000     0.3248               3.3234 3.8099e-04
 50  3.3200    2.5+                          1.0316e-03
                        6  1.4817     0.5000               1.8383 5.1582e-04
                        1  1.0993     0.5000               2.2207 5.1582e-04
 49  3.2760    1.5-                          1.3454e-03
                        0  0.0000     1.0000               3.2760 1.3441e-03
 48  3.2410    3.5+                          9.6194e-04
                        1  1.0993     1.0000               2.1417 9.6168e-04
 47  3.2364    2.5+                          1.1148e-03
                        0  0.0000     0.0400               3.2364 4.4591e-05
                        1  1.0993     0.0400               2.1371 4.4591e-05
                        3  1.2916     0.0400               1.9448 4.4591e-05
                        6  1.4817     0.0400               1.7547 4.4591e-05
                        7  1.7447     0.0400               1.4917 4.4591e-05
                        8  2.0618     0.0400               1.1746 4.4591e-05
                        9  2.0872     0.0400               1.1492 4.4591e-05
                       12  2.2048     0.0400               1.0316 4.4591e-05
                       14  2.4787     0.0400               0.7577 4.4591e-05
                       15  2.5404     0.0400               0.6960 4.4591e-05
                       16  2.5817     0.0400               0.6547 4.4591e-05
                       17  2.5858     0.0400               0.6506 4.4591e-05
                       20  2.7702     0.0400               0.4662 4.4591e-05
                       21  2.7817     0.0400               0.4547 4.4591e-05
                       24  2.8262     0.0400               0.4102 4.4591e-05
                       25  2.8291     0.0400               0.4073 4.4591e-05
                       26  2.9120     0.0400               0.3244 4.4591e-05
                       28  2.9579     0.0400               0.2785 4.4591e-05
                       30  2.9659     0.0400               0.2705 4.4591e-05
                       33  3.0149     0.0400               0.2215 4.4591e-05
                       37  3.0904     0.0400               0.1460 4.4591e-05
                       40  3.1405     0.0400               0.0959 4.4591e-05
                       41  3.1410     0.0400               0.0954 4.4591e-05
                       43  3.1637     0.0400               0.0727 4.4591e-05
                       45  3.2195     0.0400               0.0169 4.4591e-05
 46  3.2238    6.5-                          4.1829e-04                       7.0000e-13
                       11  2.1835     0.5494               1.0403 2.2979e-04
                        5  1.4595     0.4506               1.7643 1.8844e-04
 45  3.2195    1.5-                          1.4430e-03
                       24  2.8262     0.2403               0.3933 3.4558e-04
                       13  2.3948     0.2694               0.8247 3.8842e-04
                        0  0.0000     0.4903               3.2195 7.0687e-04
 44  3.1938    2.5+                          1.1608e-03
                       10  2.1536     0.2986               1.0402 3.4608e-04
                        3  1.2916     0.1094               1.9022 1.2691e-04
                        2  1.1905     0.0944               2.0034 1.0959e-04
                        0  0.0000     0.4976               3.1938 5.7680e-04
 43  3.1637    2.5-                          1.4830e-03
                        1  1.0993     1.0000               2.0644 1.4825e-03
 42  3.1604    1.5+                          1.1682e-03
                        0  0.0000     1.0000               3.1604 1.1675e-03
 41  3.1410    3.5-                          1.3649e-03
                        7  1.7447     0.5000               1.3964 6.8245e-04
                        5  1.4595     0.5000               1.6815 6.8245e-04
 40  3.1405    3.5-                          1.3654e-03
                        9  2.0872     0.2926               1.0533 3.9944e-04
                        2  1.1905     0.2195               1.9500 2.9960e-04
                        0  0.0000     0.4879               3.1405 6.6562e-04
 39  3.1221    3.5+                          1.0720e-03
                        1  1.0993     1.0000               2.0228 1.0717e-03
 38  3.1209    5.5-                          8.0342e-04
                        0  0.0000     1.0000               3.1209 8.0274e-04
 37  3.0904    3.5-                          1.4108e-03                       2.1000e-13
                        9  2.0872     0.4807               1.0032 6.7808e-04
                        3  1.2916     0.2596               1.7988 3.6617e-04
                        1  1.0993     0.2596               1.9911 3.6614e-04
 36  3.0816    4.5-                          1.1215e-03                       2.1000e-13
                        2  1.1905     1.0000               1.8912 1.1212e-03
 35  3.0627    0.5-                          1.0359e-03
                       15  2.5404     1.0000               0.5223 1.0293e-03
 34  3.0168    4.5-                          1.1736e-03
                       13  2.3948     0.2010               0.6220 2.3584e-04
                        7  1.7447     0.4902               1.2721 5.7524e-04
                        5  1.4595     0.3088               1.5573 3.6236e-04
 33  3.0149    3.5-                          1.4838e-03                       2.3000e-13
                        8  2.0618     0.1759               0.9531 2.6095e-04
                        5  1.4595     0.3257               1.5554 4.8319e-04
                        3  1.2916     0.2182               1.7233 3.2369e-04
                        0  0.0000     0.2802               3.0149 4.1546e-04
 32  2.9770    1.5+                          1.4077e-03
                        1  1.0993     0.0769               1.8777 1.0829e-04
                        3  1.2916     0.0769               1.6854 1.0829e-04
                        4  1.4343     0.0769               1.5427 1.0829e-04
                        6  1.4817     0.0769               1.4953 1.0829e-04
                        9  2.0872     0.0769               0.8898 1.0829e-04
                       12  2.2048     0.0769               0.7722 1.0829e-04
                       14  2.4787     0.0769               0.4983 1.0829e-04
                       16  2.5817     0.0769               0.3953 1.0829e-04
                       20  2.7702     0.0769               0.2068 1.0829e-04
                       21  2.7817     0.0769               0.1953 1.0829e-04
                       26  2.9120     0.0769               0.0650 1.0829e-04
                       28  2.9579     0.0769               0.0191 1.0829e-04
                       30  2.9659     0.0769               0.0111 1.0829e-04
 31  2.9730    5.5-                          8.8852e-04
                        7  1.7447     1.0000               1.2283 8.8838e-04
 30  2.9659    1.5-                          1.8324e-03                       3.0000e-14
                       11  2.1835     0.2555               0.7824 4.6635e-04
                        1  1.0993     0.0914               1.8666 1.6742e-04
                        0  0.0000     0.6531               2.9659 1.1958e-03
 29  2.9631    3.5+                          1.2461e-03
                        7  1.7447     0.3333               1.2184 4.1536e-04
                        2  1.1905     0.3333               1.7726 4.1536e-04
                        0  0.0000     0.3333               2.9631 4.1536e-04
 28  2.9579    2.5-                          1.8304e-03
                       17  2.5858     0.3289               0.3721 6.0035e-04
                       12  2.2048     0.1740               0.7531 3.1837e-04
                        1  1.0993     0.4971               1.8586 9.0965e-04
 27  2.9146    2.5+                          1.5339e-03
                       13  2.3948     0.2819               0.5198 4.3186e-04
                        9  2.0872     0.2487               0.8274 3.8147e-04
                        2  1.1905     0.4693               1.7242 7.1980e-04
 26  2.9120    1.5-                          1.9023e-03                       4.3000e-14
                        8  2.0618     0.2907               0.8502 5.5280e-04
                        0  0.0000     0.7093               2.9120 1.3482e-03
 25  2.8291    3.5-                          1.6901e-03
                        1  1.0993     1.0000               1.7298 1.6897e-03
 24  2.8262    3.5-                          2.0404e-03                       8.0000e-14
                        2  1.1905     0.0621               1.6358 1.2668e-04
                        1  1.0993     0.6210               1.7269 1.2668e-03
                        0  0.0000     0.3169               2.8262 6.4616e-04
 23  2.8242    6.5+                          5.4887e-04                       5.5000e-14
                       10  2.1536     0.2009               0.6706 1.1024e-04
                        9  2.0872     0.2410               0.7370 1.3163e-04
                        0  0.0000     0.5581               2.8242 3.0617e-04
 22  2.8168    2.5+                          1.6994e-03
                        0  0.0000     1.0000               2.8168 1.6975e-03
 21  2.7817    2.5-                          2.1521e-03                       9.7000e-14
                        1  1.0993     0.1525               1.6824 3.2812e-04
                        0  0.0000     0.8475               2.7817 1.8227e-03
 20  2.7702    2.5-                          2.0975e-03
                        8  2.0618     0.5000               0.7084 1.0487e-03
                        4  1.4343     0.5000               1.3359 1.0487e-03
 19  2.7224    3.5+                          1.5810e-03
                       15  2.5404     0.2011               0.1820 3.1542e-04
                       11  2.1835     0.7989               0.5389 1.2615e-03
 18  2.7131    0.5+                          1.2439e-03
                       10  2.1536     0.1999               0.5595 2.4865e-04
                        1  1.0993     0.8001               1.6138 9.9484e-04
 17  2.5858    3.5-                          2.6277e-03                       6.8000e-14
                        2  1.1905     0.4219               1.3953 1.1085e-03
                        0  0.0000     0.5781               2.5858 1.5182e-03
 16  2.5817    1.5-                          2.4204e-03                       2.1000e-13
                        0  0.0000     1.0000               2.5817 2.4189e-03
 15  2.5404    3.5-                          3.4514e-03                       1.5000e-13
                        7  1.7447     0.7246               0.7957 2.5000e-03
                        2  1.1905     0.1377               1.3499 4.7518e-04
                        0  0.0000     0.1377               2.5404 4.7499e-04
 14  2.4787    2.5-                          2.6236e-03                       2.9000e-14
                       12  2.2048     0.1312               0.2739 3.4182e-04
                        0  0.0000     0.8688               2.4787 2.2782e-03
 13  2.3948    4.5+                          2.8468e-03                       1.3000e-13
                        8  2.0618     0.0527               0.3330 1.4975e-04
                        7  1.7447     0.4385               0.6501 1.2478e-03
                        5  1.4595     0.1754               0.9353 4.9923e-04
                        0  0.0000     0.3335               2.3948 9.4845e-04
 12  2.2048    2.5-                          3.9268e-03                       6.9000e-13
                        6  1.4817     0.3597               0.7231 1.4119e-03
                        4  1.4343     0.0935               0.7705 3.6716e-04
                        3  1.2916     0.2590               0.9132 1.0168e-03
                        2  1.1905     0.2194               1.0143 8.6136e-04
                        0  0.0000     0.0684               2.2048 2.6829e-04
 11  2.1835    5.5+                          3.4952e-03                       4.1000e-14
                        7  1.7447     0.0000               0.4388 0.0000e+00
                        3  1.2916     0.1243               0.8919 4.3338e-04
                        2  1.1905     0.7749               0.9930 2.7082e-03
                        0  0.0000     0.1008               2.1835 3.5222e-04
 10  2.1536    6.5-                          2.1097e-03                       1.4000e-14
                        5  1.4595     1.0000               0.6941 2.1087e-03
  9  2.0872    2.5-                          5.3562e-03                       1.7000e-14
                        7  1.7447     0.1581               0.3425 8.4377e-04
                        3  1.2916     0.3917               0.7956 2.0974e-03
                        0  0.0000     0.4502               2.0872 2.4105e-03
  8  2.0618    3.5-                          5.0748e-03                       1.3000e-13
                        7  1.7447     0.0374               0.3171 1.8871e-04
                        6  1.4817     0.4140               0.5800 2.0996e-03
                        2  1.1905     0.4650               0.8713 2.3591e-03
                        0  0.0000     0.0837               2.0618 4.2463e-04
  7  1.7447    3.5-                          1.1530e-02                       3.2000e-13
                        6  1.4817     0.1059               0.2630 1.2167e-03
                        2  1.1905     0.3389               0.5542 3.9049e-03
                        0  0.0000     0.5552               1.7447 6.4008e-03
  6  1.4817    2.5-                          1.2879e-02                       1.6600e-13
                        3  1.2916     0.0110               0.1901 1.3757e-04
                        1  1.0993     0.2261               0.3825 2.9076e-03
                        0  0.0000     0.7629               1.4817 9.8242e-03
  5  1.4595    5.5-                          8.6581e-03                       1.0700e-12
                        2  1.1905     0.0711               0.2691 6.1110e-04
                        0  0.0000     0.9289               1.4595 8.0407e-03
  4  1.4343    0.5-                          5.5254e-03                       2.1000e-10
                        3  1.2916     0.7929               0.1427 4.3091e-03
                        1  1.0993     0.2071               0.3350 1.1421e-03
  3  1.2916    1.5-                          1.6330e-02                       5.5100e-10
                        1  1.0993     0.0669               0.1923 1.0818e-03
                        0  0.0000     0.9331               1.2916 1.5237e-02
  2  1.1905    4.5-                          1.9700e-02                       5.2000e-14
                        0  0.0000     1.0000               1.1905 1.9698e-02
  1  1.0993    1.5-                          2.3904e-02                       3.1000e-12
                        0  0.0000     1.0000               1.0993 2.3900e-02
  0  0.0000    3.5-                          1.2091e-01
#......................................................................../  026-057Fe //   6.000000
#                                                                          SUM SPECTRA FOR COMPOUND
#            027-058Co      gamma    neutron     proton      alpha
 SpcSum[mb]            1.1447e+03 2.0737e+02 3.9910e+01 2.0718e-05
 Emean[MeV]            2.1828e+00 8.1685e-01 2.3000e+00 3.4914e+00
#......................................................................../  026-057Fe //   6.000000
#                                                                   GAMMAS FROM DISCRETE TRANSITION
#           1 0 0 0 0 0             027-058Co
#   Ex[MeV]     Jpi    FinalState  Branching Production    Egamma Production   T(1/2)[s]
 51  2.2600    3.0-                          3.4078e+00
                        0  0.0000     0.0400               2.2600 1.3631e-01
                        2  0.0532     0.0400               2.2068 1.3631e-01
                        3  0.1118     0.0400               2.1482 1.3631e-01
                        4  0.3657     0.0400               1.8943 1.3631e-01
                        6  0.4575     0.0400               1.8025 1.3631e-01
                        7  0.8856     0.0400               1.3744 1.3631e-01
                        8  1.0401     0.0400               1.2199 1.3631e-01
                        9  1.0443     0.0400               1.2157 1.3631e-01
                       14  1.2366     0.0400               1.0234 1.3631e-01
                       16  1.3535     0.0400               0.9065 1.3631e-01
                       20  1.4240     0.0400               0.8360 1.3631e-01
                       23  1.5133     0.0400               0.7467 1.3631e-01
                       24  1.5226     0.0400               0.7374 1.3631e-01
                       25  1.5244     0.0400               0.7356 1.3631e-01
                       27  1.5547     0.0400               0.7053 1.3631e-01
                       28  1.6056     0.0400               0.6544 1.3631e-01
                       29  1.6699     0.0400               0.5901 1.3631e-01
                       32  1.7493     0.0400               0.5106 1.3631e-01
                       37  1.8430     0.0400               0.4170 1.3631e-01
                       38  1.8658     0.0400               0.3942 1.3631e-01
                       40  1.9250     0.0400               0.3350 1.3631e-01
                       42  1.9788     0.0400               0.2812 1.3631e-01
                       43  2.0070     0.0400               0.2530 1.3631e-01
                       44  2.0700     0.0400               0.1900 1.3631e-01
                       47  2.1660     0.0400               0.0940 1.3631e-01
 50  2.2488    1.0+                          2.3622e+00
                        0  0.0000     1.0000               2.2488 2.3612e+00
 49  2.2250    5.0+                          1.9706e+00
                       46  2.1050     1.0000               0.1200 1.9706e+00
 48  2.1848    6.0+                          1.5794e+00
                       13  1.1846     1.0000               1.0002 1.5791e+00
 47  2.1660    3.0+                          3.4483e+00
                       46  2.1050     1.0000               0.0610 3.4483e+00
 46  2.1050    4.0-                          8.8728e+00
                        1  0.0249     0.0385               2.0800 3.4126e-01
                        2  0.0532     0.0385               2.0518 3.4126e-01
                        3  0.1118     0.0385               1.9932 3.4126e-01
                        4  0.3657     0.0385               1.7393 3.4126e-01
                        5  0.3739     0.0385               1.7311 3.4126e-01
                        6  0.4575     0.0385               1.6475 3.4126e-01
                        7  0.8856     0.0385               1.2194 3.4126e-01
                        8  1.0401     0.0385               1.0649 3.4126e-01
                        9  1.0443     0.0385               1.0607 3.4126e-01
                       13  1.1846     0.0385               0.9204 3.4126e-01
                       15  1.3515     0.0385               0.7535 3.4126e-01
                       19  1.4181     0.0385               0.6869 3.4126e-01
                       20  1.4240     0.0385               0.6810 3.4126e-01
                       23  1.5133     0.0385               0.5917 3.4126e-01
                       25  1.5244     0.0385               0.5806 3.4126e-01
                       26  1.5488     0.0385               0.5562 3.4126e-01
                       27  1.5547     0.0385               0.5503 3.4126e-01
                       28  1.6056     0.0385               0.4994 3.4126e-01
                       29  1.6699     0.0385               0.4351 3.4126e-01
                       31  1.7405     0.0385               0.3645 3.4126e-01
                       32  1.7493     0.0385               0.3557 3.4126e-01
                       34  1.7780     0.0385               0.3270 3.4126e-01
                       37  1.8430     0.0385               0.2620 3.4126e-01
                       42  1.9788     0.0385               0.1262 3.4126e-01
                       43  2.0070     0.0385               0.0980 3.4126e-01
                       44  2.0700     0.0385               0.0350 3.4126e-01
 45  2.0805    6.0+                          1.7446e+00
                       13  1.1846     1.0000               0.8959 1.7442e+00
 44  2.0700    4.0+                          3.5828e+00
                        2  0.0532     1.0000               2.0168 3.5828e+00
 43  2.0070    3.0+                          4.3352e+00
                        3  0.1118     1.0000               1.8952 4.3352e+00
 42  1.9788    3.0+                          4.4439e+00
                        9  1.0443     1.0000               0.9345 4.4428e+00
 41  1.9290    7.0+                          2.2731e+00                       2.7700e-13
                       21  1.4246     0.7296               0.5044 1.6566e+00
                        5  0.3739     0.2704               1.5551 6.1453e-01
 40  1.9250    2.0+                          4.5933e+00
                       12  1.1330     1.0000               0.7920 4.5933e+00
 39  1.8677    1.0+                          3.5815e+00
                       10  1.0502     0.0000               0.8175 0.0000e+00
                        2  0.0532     0.4012               1.8145 1.4366e+00
                        0  0.0000     0.5988               1.8677 2.1440e+00
 38  1.8658    2.0+                          4.8915e+00
                        7  0.8856     0.2500               0.9802 1.2229e+00
                        6  0.4575     0.2500               1.4083 1.2229e+00
                        2  0.0532     0.2500               1.8126 1.2229e+00
                        0  0.0000     0.2500               1.8658 1.2229e+00
 37  1.8430    3.0+                          5.0248e+00
                        3  0.1118     1.0000               1.7312 5.0248e+00
 36  1.8280    0.0-                          1.8208e+00
                       10  1.0502     0.1667               0.7778 3.0346e-01
                       17  1.3690     0.1667               0.4590 3.0346e-01
                       18  1.3769     0.1667               0.4511 3.0346e-01
                       22  1.4349     0.1667               0.3931 3.0346e-01
                       30  1.7292     0.1667               0.0988 3.0346e-01
                       33  1.7572     0.1667               0.0708 3.0346e-01
 35  1.8133    0.0+                          1.5858e+00
                        0  0.0000     1.0000               1.8133 1.5853e+00
 34  1.7780    5.0+                          3.2814e+00
                        1  0.0249     1.0000               1.7530 3.2814e+00
 33  1.7572    1.0+                          4.3884e+00
                       10  1.0502     0.4083               0.7070 1.7910e+00
                        3  0.1118     0.5917               1.6454 2.5961e+00
 32  1.7493    4.0+                          4.6979e+00
                        7  0.8856     0.4630               0.8637 2.1743e+00
                        2  0.0532     0.2454               1.6962 1.1525e+00
                        0  0.0000     0.2917               1.7493 1.3699e+00
 31  1.7405    5.0+                          3.3878e+00
                        3  0.1118     1.0000               1.6287 3.3870e+00
 30  1.7292    1.0+                          4.5295e+00
                        5  0.3739     0.1567               1.3553 7.0956e-01
                        4  0.3657     0.7463               1.3636 3.3796e+00
                        0  0.0000     0.0970               1.7292 4.3938e-01
 29  1.6699    3.0+                          5.9237e+00
                       10  1.0502     1.0000               0.6197 5.9189e+00
 28  1.6056    3.0+                          6.3096e+00
                        6  0.4575     0.0000               1.1481 0.0000e+00
                        3  0.1118     0.7407               1.4939 4.6727e+00
                        0  0.0000     0.2593               1.6056 1.6358e+00
 27  1.5547    3.0+                          6.6372e+00
                       10  1.0502     0.7197               0.5046 4.7695e+00
                        4  0.3657     0.0000               1.1891 0.0000e+00
                        0  0.0000     0.2803               1.5547 1.8601e+00
 26  1.5488    5.0+                          4.0085e+00
                       11  1.0755     0.3335               0.4733 1.3351e+00
                        7  0.8856     0.6665               0.6632 2.6699e+00
 25  1.5244    3.0+                          6.8424e+00
                        4  0.3657     0.4505               1.1587 3.0821e+00
                        0  0.0000     0.5495               1.5244 3.7593e+00
 24  1.5226    2.0+                          7.1766e+00
                        4  0.3657     0.4413               1.1569 3.1666e+00
                        3  0.1118     0.5587               1.4108 4.0090e+00
 23  1.5133    3.0+                          6.9192e+00
                        8  1.0401     0.1306               0.4732 9.0248e-01
                        5  0.3739     0.0988               1.1394 6.8351e-01
                        4  0.3657     0.3952               1.1477 2.7341e+00
                        1  0.0249     0.3754               1.4884 2.5970e+00
 22  1.4349    1.0+                          6.4244e+00                       6.0000e-13
                        0  0.0000     1.0000               1.4349 6.4234e+00
 21  1.4246    6.0+                          5.2545e+00                       7.6000e-14
                        5  0.3739     0.8961               1.0507 4.7078e+00
                        1  0.0249     0.1039               1.3997 5.4587e-01
 20  1.4240    3.0+                          7.5774e+00
                        3  0.1118     1.0000               1.3122 7.5774e+00
 19  1.4181    5.0+                          4.5153e+00
                        5  0.3739     1.0000               1.0442 4.5145e+00
 18  1.3769    1.0+                          6.9028e+00                       1.6000e-13
                       10  1.0502     0.0683               0.3267 4.6924e-01
                        9  1.0443     0.4461               0.3326 2.9831e+00
                        0  0.0000     0.4856               1.3769 3.3517e+00
 17  1.3690    1.0+                          6.9709e+00
                       12  1.1330     1.0000               0.2360 6.9709e+00
 16  1.3535    2.0+                          8.7423e+00                       6.0000e-13
                        4  0.3657     0.5650               0.9878 4.9384e+00
                        3  0.1118     0.2373               1.2417 2.0743e+00
                        0  0.0000     0.1977               1.3535 1.7281e+00
 15  1.3515    5.0+                          4.8033e+00
                        7  0.8856     0.0742               0.4659 3.5566e-01
                        6  0.4575     0.9258               0.8940 4.4458e+00
 14  1.2366    2.0+                          1.0040e+01
                        3  0.1118     0.2537               1.1248 2.5467e+00
                        0  0.0000     0.7463               1.2366 7.4917e+00
 13  1.1846    5.0+                          8.9477e+00                       9.7000e-14
                        6  0.4575     0.6897               0.7271 6.1686e+00
                        2  0.0532     0.2069               1.1315 1.8510e+00
                        1  0.0249     0.1034               1.1597 9.2505e-01
 12  1.1330    1.0-                          2.2973e+01
                        0  0.0000     0.5000               1.1330 1.1487e+01
                       10  1.0502     0.5000               0.0828 1.1487e+01
 11  1.0755    6.0+                          6.9250e+00                       6.9000e-14
                        5  0.3739     0.1327               0.7016 9.1852e-01
                        1  0.0249     0.8673               1.0505 6.0050e+00
 10  1.0502    1.0+                          3.4916e+01                       1.4000e-13
                        4  0.3657     0.0305               0.6845 1.0643e+00
                        3  0.1118     0.3598               0.9384 1.2559e+01
                        0  0.0000     0.6097               1.0502 2.1284e+01
  9  1.0443    4.0+                          1.6690e+01                       1.2000e-12
                        5  0.3739     0.0000               0.6703 0.0000e+00
                        3  0.1118     0.1803               0.9325 3.0085e+00
                        0  0.0000     0.8197               1.0443 1.3678e+01
  8  1.0401    3.0+                          1.2244e+01                       1.4000e-13
                        6  0.4575     0.4609               0.5826 5.6399e+00
                        4  0.3657     0.2350               0.6745 2.8758e+00
                        0  0.0000     0.3041               1.0401 3.7226e+00
  7  0.8856    3.0+                          1.9811e+01                       1.5000e-13
                        5  0.3739     0.1727               0.5117 3.4165e+00
                        4  0.3657     0.2036               0.5200 4.0296e+00
                        3  0.1118     0.4423               0.7739 8.7595e+00
                        2  0.0532     0.0531               0.8325 1.0513e+00
                        1  0.0249     0.1283               0.8607 2.5410e+00
  6  0.4575    4.0+                          3.4014e+01                       9.0000e-13
                        4  0.3657     0.0171               0.0918 4.1620e-01
                        3  0.1118     0.1596               0.3457 5.4099e+00
                        2  0.0532     0.0065               0.4043 2.2199e-01
                        1  0.0249     0.8167               0.4325 2.7750e+01
  5  0.3739    5.0+                          2.8126e+01                       8.0000e-13
                        2  0.0532     0.9424               0.3208 2.6450e+01
                        1  0.0249     0.0576               0.3490 1.6135e+00
  4  0.3657    3.0+                          4.9448e+01                       1.1000e-12
                        3  0.1118     0.0090               0.2539 4.4034e-01
                        2  0.0532     0.0000               0.3125 0.0000e+00
                        0  0.0000     0.9910               0.3657 4.8926e+01
  3  0.1118    3.0+                          9.7671e+01                       1.4000e-10
                        2  0.0532     0.4185               0.0586 3.4728e+01
                        0  0.0000     0.5815               0.1118 5.5115e+01
  2  0.0532    4.0+                          1.0304e+02                       1.0500e-05
                        1  0.0249     0.3332               0.0282 4.2385e+00
                        0  0.0000     0.6668               0.0532 9.8571e+00
  1  0.0249    5.0+                          9.7642e+01                       3.2760e+04
                        0  0.0000     1.0000               0.0249 3.8732e-02
  0  0.0000    2.0+                          4.0131e+02                       6.1220e+06
#......................................................................../  026-057Fe //   6.000000
#                                                                         ISOMERIC STATE PRODUCTION
#            027-058Co
#   Ex[MeV]     Jpi     T(1/2)[s]  Prod.[mb]
  1  0.0249    5.0+    3.2760e+04 9.7642e+01
#......................................................................../  026-057Fe //   6.000000
#                                                                          SUM SPECTRA FOR COMPOUND
#            026-058Fe      gamma    neutron     proton      alpha
 SpcSum[mb]            4.9554e+02 8.8220e+00 3.7627e-13 4.5511e-07
 Emean[MeV]            2.0967e+00 4.1049e-01 8.4301e-01 3.8003e+00
#......................................................................../  026-057Fe //   6.000000
#                                                                   GAMMAS FROM DISCRETE TRANSITION
#           0 1 0 0 0 0             026-058Fe
#   Ex[MeV]     Jpi    FinalState  Branching Production    Egamma Production   T(1/2)[s]
 59  4.7200    1.0-                          7.0970e-01
                        0  0.0000     0.0303               4.7200 2.1506e-02
                        1  0.8108     0.0303               3.9092 2.1506e-02
                        2  1.6747     0.0303               3.0453 2.1506e-02
                        5  2.2580     0.0303               2.4620 2.1506e-02
                        7  2.7821     0.0303               1.9379 2.1506e-02
                        9  2.8763     0.0303               1.8437 2.1506e-02
                       11  3.0837     0.0303               1.6363 2.1506e-02
                       13  3.2333     0.0303               1.4867 2.1506e-02
                       14  3.2440     0.0303               1.4760 2.1506e-02
                       15  3.3890     0.0303               1.3310 2.1506e-02
                       17  3.5380     0.0303               1.1820 2.1506e-02
                       18  3.5430     0.0303               1.1770 2.1506e-02
                       20  3.6296     0.0303               1.0904 2.1506e-02
                       23  3.8540     0.0303               0.8660 2.1506e-02
                       25  3.8801     0.0303               0.8399 2.1506e-02
                       28  4.0108     0.0303               0.7092 2.1506e-02
                       29  4.0150     0.0303               0.7050 2.1506e-02
                       31  4.1392     0.0303               0.5808 2.1506e-02
                       32  4.1580     0.0303               0.5620 2.1506e-02
                       35  4.2370     0.0303               0.4830 2.1506e-02
                       36  4.2978     0.0303               0.4222 2.1506e-02
                       37  4.3129     0.0303               0.4071 2.1506e-02
                       38  4.3225     0.0303               0.3975 2.1506e-02
                       40  4.3480     0.0303               0.3720 2.1506e-02
                       41  4.3500     0.0303               0.3700 2.1506e-02
                       42  4.3527     0.0303               0.3673 2.1506e-02
                       46  4.4443     0.0303               0.2757 2.1506e-02
                       47  4.4500     0.0303               0.2700 2.1506e-02
                       49  4.4931     0.0303               0.2269 2.1506e-02
                       51  4.5301     0.0303               0.1898 2.1506e-02
                       52  4.5504     0.0303               0.1696 2.1506e-02
                       55  4.6200     0.0303               0.1000 2.1506e-02
                       58  4.7110     0.0303               0.0090 2.1506e-02
 58  4.7110    2.0+                          8.6939e-01
                       24  3.8609     0.2000               0.8501 1.7388e-01
                       44  4.4380     0.2000               0.2730 1.7388e-01
                       48  4.4680     0.2000               0.2430 1.7388e-01
                       53  4.5900     0.2000               0.1210 1.7388e-01
                       54  4.6100     0.2000               0.1010 1.7388e-01
 57  4.6694    7.0+                          2.1964e-01                       3.8000e-13
                       33  4.2146     0.1742               0.4547 3.8188e-02
                       26  3.8864     0.5240               0.7830 1.1506e-01
                       19  3.5969     0.2515               1.0725 5.5231e-02
                       16  3.4497     0.0000               1.2197 0.0000e+00
                        8  2.8647     0.0503               1.8047 1.1046e-02
 56  4.6610    4.0-                          7.3453e-01
                        3  2.0765     0.0909               2.5845 6.6776e-02
                        4  2.1339     0.0909               2.5271 6.6776e-02
                        6  2.6004     0.0909               2.0606 6.6776e-02
                       12  3.1340     0.0909               1.5270 6.6776e-02
                       16  3.4497     0.0909               1.2113 6.6776e-02
                       21  3.7542     0.0909               0.9068 6.6776e-02
                       27  3.9016     0.0909               0.7594 6.6776e-02
                       30  4.0885     0.0909               0.5725 6.6776e-02
                       33  4.2146     0.0909               0.4464 6.6776e-02
                       39  4.3400     0.0909               0.3210 6.6776e-02
                       50  4.5140     0.0909               0.1470 6.6776e-02
 55  4.6200    2.0+                          9.4224e-01
                       24  3.8609     0.2000               0.7591 1.8845e-01
                       44  4.4380     0.2000               0.1820 1.8845e-01
                       48  4.4680     0.2000               0.1520 1.8845e-01
                       53  4.5900     0.2000               0.0300 1.8845e-01
                       54  4.6100     0.2000               0.0100 1.8845e-01
 54  4.6100    3.0-                          1.3540e+00
                        1  0.8108     0.0385               3.7992 5.2076e-02
                        2  1.6747     0.0385               2.9353 5.2076e-02
                        3  2.0765     0.0385               2.5335 5.2076e-02
                        4  2.1339     0.0385               2.4761 5.2076e-02
                        6  2.6004     0.0385               2.0096 5.2076e-02
                        9  2.8763     0.0385               1.7337 5.2076e-02
                       11  3.0837     0.0385               1.5263 5.2076e-02
                       12  3.1340     0.0385               1.4760 5.2076e-02
                       13  3.2333     0.0385               1.3767 5.2076e-02
                       15  3.3890     0.0385               1.2210 5.2076e-02
                       16  3.4497     0.0385               1.1603 5.2076e-02
                       18  3.5430     0.0385               1.0670 5.2076e-02
                       20  3.6296     0.0385               0.9804 5.2076e-02
                       21  3.7542     0.0385               0.8558 5.2076e-02
                       23  3.8540     0.0385               0.7560 5.2076e-02
                       27  3.9016     0.0385               0.7084 5.2076e-02
                       28  4.0108     0.0385               0.5992 5.2076e-02
                       30  4.0885     0.0385               0.5215 5.2076e-02
                       35  4.2370     0.0385               0.3730 5.2076e-02
                       36  4.2978     0.0385               0.3122 5.2076e-02
                       37  4.3129     0.0385               0.2971 5.2076e-02
                       39  4.3400     0.0385               0.2700 5.2076e-02
                       40  4.3480     0.0385               0.2620 5.2076e-02
                       49  4.4931     0.0385               0.1169 5.2076e-02
                       50  4.5140     0.0385               0.0960 5.2076e-02
                       51  4.5301     0.0385               0.0799 5.2076e-02
 53  4.5900    3.0-                          1.3742e+00
                        3  2.0765     0.2591               2.5135 3.5571e-01
                        1  0.8108     0.7409               3.7792 1.0165e+00
 52  4.5504    1.0+                          8.0893e-01                       2.1000e-14
                       31  4.1392     0.0075               0.4111 6.0409e-03
                       14  3.2440     0.0747               1.3064 6.0406e-02
                        9  2.8763     0.3574               1.6740 2.8907e-01
                        2  1.6747     0.5337               2.8756 4.3145e-01
                        1  0.8108     0.0267               3.7396 2.1577e-02
 51  4.5301    2.0+                          1.0734e+00
                       11  3.0837     0.4998               1.4465 5.3646e-01
                        2  1.6747     0.3200               2.8554 3.4329e-01
                        0  0.0000     0.1801               4.5301 1.9308e-01
 50  4.5140    3.0+                          1.1966e+00
                       24  3.8609     0.1667               0.6531 1.9943e-01
                       34  4.2300     0.1667               0.2840 1.9943e-01
                       43  4.3980     0.1667               0.1160 1.9943e-01
                       44  4.4380     0.1667               0.0760 1.9943e-01
                       45  4.4400     0.1667               0.0740 1.9943e-01
                       48  4.4680     0.1667               0.0460 1.9943e-01
 49  4.4931    2.0+                          1.1083e+00
                        2  1.6747     0.9233               2.8184 1.0226e+00
                        1  0.8108     0.0767               3.6823 8.4878e-02
 48  4.4680    3.0-                          1.7081e+00
                        1  0.8108     0.0435               3.6572 7.4265e-02
                        2  1.6747     0.0435               2.7933 7.4265e-02
                        3  2.0765     0.0435               2.3915 7.4265e-02
                        4  2.1339     0.0435               2.3341 7.4265e-02
                        6  2.6004     0.0435               1.8676 7.4265e-02
                        9  2.8763     0.0435               1.5917 7.4265e-02
                       11  3.0837     0.0435               1.3843 7.4265e-02
                       12  3.1340     0.0435               1.3340 7.4265e-02
                       13  3.2333     0.0435               1.2347 7.4265e-02
                       15  3.3890     0.0435               1.0790 7.4265e-02
                       16  3.4497     0.0435               1.0183 7.4265e-02
                       18  3.5430     0.0435               0.9250 7.4265e-02
                       20  3.6296     0.0435               0.8384 7.4265e-02
                       21  3.7542     0.0435               0.7138 7.4265e-02
                       23  3.8540     0.0435               0.6140 7.4265e-02
                       27  3.9016     0.0435               0.5664 7.4265e-02
                       28  4.0108     0.0435               0.4572 7.4265e-02
                       30  4.0885     0.0435               0.3795 7.4265e-02
                       35  4.2370     0.0435               0.2310 7.4265e-02
                       36  4.2978     0.0435               0.1702 7.4265e-02
                       37  4.3129     0.0435               0.1551 7.4265e-02
                       39  4.3400     0.0435               0.1280 7.4265e-02
                       40  4.3480     0.0435               0.1200 7.4265e-02
 47  4.4500    0.0+                          2.9469e-01
                        7  2.7821     1.0000               1.6679 2.9469e-01
 46  4.4443    1.0+                          8.9556e-01                       6.0000e-15
                        7  2.7821     0.5615               1.6622 5.0276e-01
                        0  0.0000     0.4385               4.4443 3.9223e-01
 45  4.4400    4.0-                          1.1047e+00
                        3  2.0765     0.1000               2.3635 1.1047e-01
                        4  2.1339     0.1000               2.3061 1.1047e-01
                        6  2.6004     0.1000               1.8396 1.1047e-01
                       12  3.1340     0.1000               1.3060 1.1047e-01
                       16  3.4497     0.1000               0.9903 1.1047e-01
                       21  3.7542     0.1000               0.6858 1.1047e-01
                       27  3.9016     0.1000               0.5384 1.1047e-01
                       30  4.0885     0.1000               0.3515 1.1047e-01
                       33  4.2146     0.1000               0.2254 1.1047e-01
                       39  4.3400     0.1000               0.1000 1.1047e-01
 44  4.4380    2.0-                          1.7141e+00
                        1  0.8108     0.0435               3.6272 7.4528e-02
                        2  1.6747     0.0435               2.7633 7.4528e-02
                        4  2.1339     0.0435               2.3041 7.4528e-02
                        7  2.7821     0.0435               1.6559 7.4528e-02
                        9  2.8763     0.0435               1.5617 7.4528e-02
                       11  3.0837     0.0435               1.3543 7.4528e-02
                       13  3.2333     0.0435               1.2047 7.4528e-02
                       15  3.3890     0.0435               1.0490 7.4528e-02
                       17  3.5380     0.0435               0.9000 7.4528e-02
                       18  3.5430     0.0435               0.8950 7.4528e-02
                       20  3.6296     0.0435               0.8084 7.4528e-02
                       23  3.8540     0.0435               0.5840 7.4528e-02
                       25  3.8801     0.0435               0.5579 7.4528e-02
                       27  3.9016     0.0435               0.5364 7.4528e-02
                       28  4.0108     0.0435               0.4272 7.4528e-02
                       29  4.0150     0.0435               0.4230 7.4528e-02
                       31  4.1392     0.0435               0.2988 7.4528e-02
                       35  4.2370     0.0435               0.2010 7.4528e-02
                       36  4.2978     0.0435               0.1402 7.4528e-02
                       37  4.3129     0.0435               0.1251 7.4528e-02
                       38  4.3225     0.0435               0.1155 7.4528e-02
                       40  4.3480     0.0435               0.0900 7.4528e-02
                       42  4.3527     0.0435               0.0853 7.4528e-02
 43  4.3980    4.0-                          1.1422e+00
                        3  2.0765     0.1000               2.3215 1.1422e-01
                        4  2.1339     0.1000               2.2641 1.1422e-01
                        6  2.6004     0.1000               1.7976 1.1422e-01
                       12  3.1340     0.1000               1.2640 1.1422e-01
                       16  3.4497     0.1000               0.9483 1.1422e-01
                       21  3.7542     0.1000               0.6438 1.1422e-01
                       27  3.9016     0.1000               0.4964 1.1422e-01
                       30  4.0885     0.1000               0.3095 1.1422e-01
                       33  4.2146     0.1000               0.1834 1.1422e-01
                       39  4.3400     0.1000               0.0580 1.1422e-01
 42  4.3527    1.0+                          1.0542e+00
                        7  2.7821     1.0000               1.5706 1.0542e+00
 41  4.3500    0.0+                          3.2020e-01
                        7  2.7821     1.0000               1.5679 3.2020e-01
 40  4.3480    2.0+                          1.4078e+00
                       24  3.8609     1.0000               0.4871 1.4078e+00
 39  4.3400    4.0+                          1.4165e+00
                        8  2.8647     0.2000               1.4753 2.8331e-01
                       10  2.9700     0.2000               1.3700 2.8331e-01
                       22  3.7895     0.2000               0.5505 2.8331e-01
                       24  3.8609     0.2000               0.4791 2.8331e-01
                       34  4.2300     0.2000               0.1100 2.8331e-01
 38  4.3225    1.0+                          1.0840e+00
                       11  3.0837     0.0344               1.2388 3.7274e-02
                        9  2.8763     0.6033               1.4462 6.5389e-01
                        0  0.0000     0.3623               4.3225 3.9227e-01
 37  4.3129    2.0+                          1.4480e+00                       1.1000e-14
                        9  2.8763     0.0151               1.4366 2.1816e-02
                        6  2.6004     0.0307               1.7125 4.4468e-02
                        4  2.1339     0.2087               2.1790 3.0205e-01
                        3  2.0765     0.1507               2.2364 2.1809e-01
                        2  1.6747     0.5798               2.6382 8.3897e-01
                        1  0.8108     0.0075               3.5022 1.0905e-02
                        0  0.0000     0.0075               4.3129 1.0906e-02
 36  4.2978    2.0+                          1.4658e+00                       2.8000e-15
                        1  0.8108     0.4999               3.4870 7.3204e-01
                        0  0.0000     0.5001               4.2978 7.3208e-01
 35  4.2370    2.0+                          1.5403e+00
                       24  3.8609     1.0000               0.3761 1.5403e+00
 34  4.2300    4.0-                          1.5955e+00
                        3  2.0765     0.1111               2.1535 1.7728e-01
                        4  2.1339     0.1111               2.0961 1.7728e-01
                        6  2.6004     0.1111               1.6296 1.7728e-01
                       12  3.1340     0.1111               1.0960 1.7728e-01
                       16  3.4497     0.1111               0.7803 1.7728e-01
                       21  3.7542     0.1111               0.4758 1.7728e-01
                       27  3.9016     0.1111               0.3284 1.7728e-01
                       30  4.0885     0.1111               0.1415 1.7728e-01
                       33  4.2146     0.1111               0.0154 1.7728e-01
 33  4.2146    5.0+                          1.3136e+00                       4.5000e-13
                        6  2.6004     0.8130               1.6142 1.0678e+00
                        3  2.0765     0.1870               2.1381 2.4555e-01
 32  4.1580    0.0+                          3.7753e-01
                        7  2.7821     1.0000               1.3759 3.7753e-01
 31  4.1392    1.0+                          1.2959e+00                       2.8000e-15
                        0  0.0000     1.0000               4.1392 1.2945e+00
 30  4.0885    4.0+                          1.8526e+00                       6.0000e-14
                       20  3.6296     0.0000               0.4589 0.0000e+00
                        6  2.6004     0.5000               1.4881 9.2615e-01
                        3  2.0765     0.5000               2.0120 9.2599e-01
 29  4.0150    1.0+                          1.4573e+00                       8.0000e-15
                        1  0.8108     1.0000               3.2042 1.4560e+00
 28  4.0108    2.0+                          1.8649e+00
                       24  3.8609     1.0000               0.1499 1.8649e+00
 27  3.9016    3.0+                          2.6211e+00                       3.1000e-14
                        6  2.6004     0.1615               1.3012 4.2326e-01
                        4  2.1339     0.7342               1.7677 1.9240e+00
                        3  2.0765     0.0081               1.8251 2.1163e-02
                        2  1.6747     0.0690               2.2269 1.8086e-01
                        1  0.8108     0.0228               3.0909 5.9636e-02
                        0  0.0000     0.0044               3.9016 1.1544e-02
 26  3.8864    6.0+                          7.7564e-01                       4.8000e-13
                       19  3.5969     0.3165               0.2895 2.4488e-01
                       16  3.4497     0.0518               0.4367 4.0076e-02
                        6  2.6004     0.0574               1.2860 4.4531e-02
                        3  2.0765     0.5743               1.8099 4.4533e-01
 25  3.8801    1.0+                          1.6691e+00                       4.0000e-15
                        7  2.7821     0.1173               1.0980 1.9576e-01
                        1  0.8108     0.4695               3.0693 7.8309e-01
                        0  0.0000     0.4132               3.8801 6.8898e-01
 24  3.8609    3.0-                          7.8614e+00                       9.0000e-14
                        2  1.6747     1.0000               2.1862 7.8553e+00
                        0  0.0000     0.0000               3.8609 0.0000e+00
 23  3.8540    2.0+                          2.1409e+00
                        1  0.8108     1.0000               3.0432 2.1409e+00
 22  3.7895    5.0-                          1.4995e+00                       2.6000e-14
                        3  2.0765     1.0000               1.7130 1.4988e+00
 21  3.7542    4.0+                          2.3170e+00                       1.3000e-14
                        3  2.0765     1.0000               1.6777 2.3165e+00
 20  3.6296    2.0+                          2.6241e+00                       8.0000e-15
                        1  0.8108     0.9233               2.8188 2.4213e+00
                        0  0.0000     0.0767               3.6296 2.0099e-01
 19  3.5969    6.0+                          1.2060e+00                       2.0000e-13
                        3  2.0765     1.0000               1.5204 1.2058e+00
 18  3.5430    2.0+                          2.8425e+00
                        1  0.8108     1.0000               2.7322 2.8425e+00
 17  3.5380    1.0+                          2.3805e+00                       8.0000e-15
                        2  1.6747     0.1496               1.8632 3.5603e-01
                        1  0.8108     0.6803               2.7272 1.6184e+00
                        0  0.0000     0.1701               3.5380 4.0455e-01
 16  3.4497    4.0+                          2.9368e+00                       3.6000e-13
                        6  2.6004     0.6897               0.8493 2.0250e+00
                        4  2.1339     0.3103               1.3158 9.1118e-01
                        3  2.0765     0.0000               1.3732 0.0000e+00
 15  3.3890    2.0+                          3.2807e+00
                        1  0.8108     1.0000               2.5782 3.2807e+00
 14  3.2440    0.0+                          9.4385e-01                       3.1000e-14
                        1  0.8108     1.0000               2.4332 9.4332e-01
 13  3.2333    2.0+                          3.7954e+00                       2.2000e-13
                        6  2.6004     0.1711               0.6329 6.4893e-01
                        3  2.0765     0.3214               1.1567 1.2196e+00
                        2  1.6747     0.1573               1.5585 5.9690e-01
                        1  0.8108     0.3420               2.4225 1.2973e+00
                        0  0.0000     0.0082               3.2333 3.1139e-02
 12  3.1340    4.0+                          3.6997e+00
                        8  2.8647     0.5000               0.2693 1.8498e+00
                       10  2.9700     0.5000               0.1640 1.8498e+00
 11  3.0837    2.0+                          4.9383e+00                       3.1000e-14
                        1  0.8108     0.7518               2.2729 3.7111e+00
                        0  0.0000     0.2482               3.0837 1.2246e+00
 10  2.9700    5.0-                          4.9966e+00
                        3  2.0765     0.5000               0.8935 2.4983e+00
                        6  2.6004     0.5000               0.3696 2.4983e+00
  9  2.8763    2.0+                          6.2499e+00                       9.5000e-14
                        1  0.8108     0.8546               2.0656 5.3394e+00
                        0  0.0000     0.1454               2.8763 9.0805e-01
  8  2.8647    5.0-                          5.3599e+00                       3.1000e-12
                        6  2.6004     1.0000               0.2643 5.3472e+00
  7  2.7821    1.0+                          8.0299e+00                       1.8000e-13
                        5  2.2580     0.0780               0.5242 6.2573e-01
                        2  1.6747     0.2233               1.1074 1.7929e+00
                        1  0.8108     0.4753               1.9714 3.8156e+00
                        0  0.0000     0.2234               2.7821 1.7928e+00
  6  2.6004    4.0+                          1.8690e+01                       5.5000e-13
                        4  2.1339     0.1334               0.4665 2.4903e+00
                        3  2.0765     0.3888               0.5239 7.2623e+00
                        2  1.6747     0.1769               0.9257 3.3055e+00
                        1  0.8108     0.3009               1.7896 5.6225e+00
  5  2.2580    0.0+                          2.7532e+00                       2.5000e-12
                        1  0.8108     1.0000               1.4472 2.7527e+00
  4  2.1339    3.0+                          1.6432e+01                       2.2000e-12
                        2  1.6747     0.2649               0.4592 4.3471e+00
                        1  0.8108     0.7351               1.3231 1.2078e+01
  3  2.0765    4.0+                          2.6589e+01                       2.8000e-13
                        1  0.8108     1.0000               1.2658 2.6585e+01
  2  1.6747    2.0+                          3.3827e+01                       1.6000e-12
                        1  0.8108     0.5669               0.8640 1.9172e+01
                        0  0.0000     0.4331               1.6747 1.4647e+01
  1  0.8108    2.0+                          1.1478e+02                       6.5400e-12
                        0  0.0000     1.0000               0.8108 1.1474e+02
  0  0.0000    0.0+                          1.4336e+02
#......................................................................../  026-057Fe //   6.000000
#                                                                          SUM SPECTRA FOR COMPOUND
#            025-055Mn      gamma    neutron     proton      alpha
 SpcSum[mb]            8.8825e+01 3.7664e-05 1.9180e-04 1.4791e-12
 Emean[MeV]            1.8422e+00 1.5816e-01 1.6032e+00 2.2959e+00
#......................................................................../  026-057Fe //   6.000000
#                                                                   GAMMAS FROM DISCRETE TRANSITION
#           0 0 1 0 0 0             025-055Mn
#   Ex[MeV]     Jpi    FinalState  Branching Production    Egamma Production   T(1/2)[s]
 91  4.0030    4.5+                          1.4916e-01                       3.0000e-15
                        2  0.9843     0.1228               3.0187 1.8295e-02
                        0  0.0000     0.8772               4.0030 1.3073e-01
 90  3.9980    0.5-                          7.1031e-02
                       13  2.2810     0.0667               1.7170 4.7354e-03
                       18  2.4265     0.0667               1.5715 4.7354e-03
                       20  2.5820     0.0667               1.4160 4.7354e-03
                       21  2.6217     0.0667               1.3763 4.7354e-03
                       33  2.9840     0.0667               1.0140 4.7354e-03
                       44  3.0700     0.0667               0.9280 4.7354e-03
                       50  3.1953     0.0667               0.8027 4.7354e-03
                       53  3.2681     0.0667               0.7299 4.7354e-03
                       57  3.3790     0.0667               0.6190 4.7354e-03
                       59  3.4241     0.0667               0.5739 4.7354e-03
                       61  3.4800     0.0667               0.5180 4.7354e-03
                       68  3.6040     0.0667               0.3940 4.7354e-03
                       70  3.6108     0.0667               0.3872 4.7354e-03
                       74  3.6730     0.0667               0.3250 4.7354e-03
                       75  3.6820     0.0667               0.3160 4.7354e-03
 89  3.9832    4.5+                          1.5119e-01
                        1  0.1259     1.0000               3.8573 1.5095e-01
 88  3.9460    3.5+                          1.6645e-01
                        6  1.5284     1.0000               2.4177 1.6640e-01
 87  3.9320    5.5+                          1.2344e-01
                        2  0.9843     0.0909               2.9477 1.1222e-02
                        4  1.2921     0.0909               2.6399 1.1222e-02
                       14  2.3114     0.0909               1.6206 1.1222e-02
                       17  2.3984     0.0909               1.5336 1.1222e-02
                       26  2.8221     0.0909               1.1099 1.1222e-02
                       27  2.8237     0.0909               1.1083 1.1222e-02
                       37  3.0359     0.0909               0.8961 1.1222e-02
                       46  3.1261     0.0909               0.8059 1.1222e-02
                       54  3.3420     0.0909               0.5900 1.1222e-02
                       81  3.8131     0.0909               0.1189 1.1222e-02
                       83  3.8449     0.0909               0.0871 1.1222e-02
 86  3.9174    1.5-                          1.3469e-01
                       15  2.3658     1.0000               1.5516 1.3467e-01
 85  3.8829    1.5-                          1.3805e-01
                       15  2.3658     0.3226               1.5171 4.4525e-02
                        6  1.5284     0.3546               2.3546 4.8925e-02
                        0  0.0000     0.3229               3.8829 4.4524e-02
 84  3.8600    2.5+                          1.7411e-01
                        0  0.0000     0.0294               3.8600 5.1209e-03
                        1  0.1259     0.0294               3.7341 5.1209e-03
                        6  1.5284     0.0294               2.3316 5.1209e-03
                        7  1.8841     0.0294               1.9759 5.1209e-03
                        8  2.0152     0.0294               1.8448 5.1209e-03
                        9  2.1984     0.0294               1.6616 5.1209e-03
                       10  2.2150     0.0294               1.6450 5.1209e-03
                       11  2.2525     0.0294               1.6075 5.1209e-03
                       12  2.2668     0.0294               1.5932 5.1209e-03
                       15  2.3658     0.0294               1.4942 5.1209e-03
                       16  2.3800     0.0294               1.4800 5.1209e-03
                       19  2.5632     0.0294               1.2968 5.1209e-03
                       23  2.7273     0.0294               1.1327 5.1209e-03
                       25  2.7527     0.0294               1.1073 5.1209e-03
                       28  2.8284     0.0294               1.0316 5.1209e-03
                       30  2.9250     0.0294               0.9350 5.1209e-03
                       31  2.9534     0.0294               0.9066 5.1209e-03
                       32  2.9762     0.0294               0.8838 5.1209e-03
                       34  2.9918     0.0294               0.8682 5.1209e-03
                       35  3.0058     0.0294               0.8542 5.1209e-03
                       36  3.0280     0.0294               0.8320 5.1209e-03
                       40  3.0460     0.0294               0.8140 5.1209e-03
                       43  3.0600     0.0294               0.8000 5.1209e-03
                       45  3.0803     0.0294               0.7797 5.1209e-03
                       47  3.1360     0.0294               0.7240 5.1209e-03
                       48  3.1470     0.0294               0.7130 5.1209e-03
                       49  3.1584     0.0294               0.7016 5.1209e-03
                       51  3.2608     0.0294               0.5992 5.1209e-03
                       52  3.2632     0.0294               0.5968 5.1209e-03
                       55  3.3510     0.0294               0.5090 5.1209e-03
                       64  3.5281     0.0294               0.3319 5.1209e-03
                       67  3.6000     0.0294               0.2600 5.1209e-03
                       69  3.6080     0.0294               0.2520 5.1209e-03
                       76  3.7035     0.0294               0.1565 5.1209e-03
 83  3.8449    5.5-                          1.4553e-01                       2.0000e-13
                       14  2.3114     1.0000               1.5335 1.4551e-01
 82  3.8315    3.5+                          1.8092e-01
                        9  2.1984     0.4997               1.6331 9.0371e-02
                        1  0.1259     0.5003               3.7056 9.0374e-02
 81  3.8131    6.5-                          1.0987e-01                       8.3000e-14
                       42  3.0547     1.0000               0.7584 1.0984e-01
 80  3.8000    4.5+                          1.7202e-01
                        1  0.1259     0.0625               3.6741 1.0751e-02
                        2  0.9843     0.0625               2.8157 1.0751e-02
                        4  1.2921     0.0625               2.5079 1.0751e-02
                        7  1.8841     0.0625               1.9159 1.0751e-02
                        8  2.0152     0.0625               1.7848 1.0751e-02
                        9  2.1984     0.0625               1.6016 1.0751e-02
                       17  2.3984     0.0625               1.4016 1.0751e-02
                       23  2.7273     0.0625               1.0727 1.0751e-02
                       26  2.8221     0.0625               0.9779 1.0751e-02
                       27  2.8237     0.0625               0.9763 1.0751e-02
                       28  2.8284     0.0625               0.9716 1.0751e-02
                       34  2.9918     0.0625               0.8082 1.0751e-02
                       37  3.0359     0.0625               0.7641 1.0751e-02
                       43  3.0600     0.0625               0.7400 1.0751e-02
                       48  3.1470     0.0625               0.6530 1.0751e-02
                       76  3.7035     0.0625               0.0965 1.0751e-02
 79  3.7910    2.5+                          1.8345e-01
                        0  0.0000     0.0294               3.7910 5.3957e-03
                        1  0.1259     0.0294               3.6651 5.3957e-03
                        6  1.5284     0.0294               2.2626 5.3957e-03
                        7  1.8841     0.0294               1.9069 5.3957e-03
                        8  2.0152     0.0294               1.7758 5.3957e-03
                        9  2.1984     0.0294               1.5926 5.3957e-03
                       10  2.2150     0.0294               1.5760 5.3957e-03
                       11  2.2525     0.0294               1.5385 5.3957e-03
                       12  2.2668     0.0294               1.5242 5.3957e-03
                       15  2.3658     0.0294               1.4252 5.3957e-03
                       16  2.3800     0.0294               1.4110 5.3957e-03
                       19  2.5632     0.0294               1.2278 5.3957e-03
                       23  2.7273     0.0294               1.0637 5.3957e-03
                       25  2.7527     0.0294               1.0383 5.3957e-03
                       28  2.8284     0.0294               0.9626 5.3957e-03
                       30  2.9250     0.0294               0.8660 5.3957e-03
                       31  2.9534     0.0294               0.8376 5.3957e-03
                       32  2.9762     0.0294               0.8148 5.3957e-03
                       34  2.9918     0.0294               0.7992 5.3957e-03
                       35  3.0058     0.0294               0.7852 5.3957e-03
                       36  3.0280     0.0294               0.7630 5.3957e-03
                       40  3.0460     0.0294               0.7450 5.3957e-03
                       43  3.0600     0.0294               0.7310 5.3957e-03
                       45  3.0803     0.0294               0.7107 5.3957e-03
                       47  3.1360     0.0294               0.6550 5.3957e-03
                       48  3.1470     0.0294               0.6440 5.3957e-03
                       49  3.1584     0.0294               0.6326 5.3957e-03
                       51  3.2608     0.0294               0.5302 5.3957e-03
                       52  3.2632     0.0294               0.5278 5.3957e-03
                       55  3.3510     0.0294               0.4400 5.3957e-03
                       64  3.5281     0.0294               0.2629 5.3957e-03
                       67  3.6000     0.0294               0.1910 5.3957e-03
                       69  3.6080     0.0294               0.1830 5.3957e-03
                       76  3.7035     0.0294               0.0875 5.3957e-03
 78  3.7718    2.5+                          1.8620e-01
                       12  2.2668     0.1979               1.5050 3.6834e-02
                       11  2.2525     0.1979               1.5193 3.6834e-02
                        9  2.1984     0.1979               1.5734 3.6832e-02
                        7  1.8841     0.2083               1.8877 3.8759e-02
                        0  0.0000     0.1981               3.7718 3.6824e-02
 77  3.7535    0.5-                          8.4867e-02
                        0  0.0000     1.0000               3.7535 8.4774e-02
 76  3.7035    3.5-                          2.2578e-01                       1.3000e-14
                        9  2.1984     0.5100               1.5050 1.1513e-01
                        0  0.0000     0.4900               3.7035 1.1052e-01
 75  3.6820    0.5+                          9.5291e-02
                        5  1.2930     0.0500               2.3890 4.7645e-03
                        6  1.5284     0.0500               2.1536 4.7645e-03
                       11  2.2525     0.0500               1.4295 4.7645e-03
                       16  2.3800     0.0500               1.3020 4.7645e-03
                       19  2.5632     0.0500               1.1188 4.7645e-03
                       29  2.8733     0.0500               0.8087 4.7645e-03
                       30  2.9250     0.0500               0.7570 4.7645e-03
                       31  2.9534     0.0500               0.7286 4.7645e-03
                       32  2.9762     0.0500               0.7058 4.7645e-03
                       35  3.0058     0.0500               0.6762 4.7645e-03
                       36  3.0280     0.0500               0.6540 4.7645e-03
                       38  3.0374     0.0500               0.6446 4.7645e-03
                       45  3.0803     0.0500               0.6017 4.7645e-03
                       49  3.1584     0.0500               0.5236 4.7645e-03
                       52  3.2632     0.0500               0.4188 4.7645e-03
                       55  3.3510     0.0500               0.3310 4.7645e-03
                       58  3.3830     0.0500               0.2990 4.7645e-03
                       60  3.4318     0.0500               0.2502 4.7645e-03
                       63  3.5230     0.0500               0.1590 4.7645e-03
                       64  3.5281     0.0500               0.1539 4.7645e-03
 74  3.6730    0.5+                          9.5947e-02
                        5  1.2930     0.0500               2.3800 4.7973e-03
                        6  1.5284     0.0500               2.1446 4.7973e-03
                       11  2.2525     0.0500               1.4205 4.7973e-03
                       16  2.3800     0.0500               1.2930 4.7973e-03
                       19  2.5632     0.0500               1.1098 4.7973e-03
                       29  2.8733     0.0500               0.7997 4.7973e-03
                       30  2.9250     0.0500               0.7480 4.7973e-03
                       31  2.9534     0.0500               0.7196 4.7973e-03
                       32  2.9762     0.0500               0.6968 4.7973e-03
                       35  3.0058     0.0500               0.6672 4.7973e-03
                       36  3.0280     0.0500               0.6450 4.7973e-03
                       38  3.0374     0.0500               0.6356 4.7973e-03
                       45  3.0803     0.0500               0.5927 4.7973e-03
                       49  3.1584     0.0500               0.5146 4.7973e-03
                       52  3.2632     0.0500               0.4098 4.7973e-03
                       55  3.3510     0.0500               0.3220 4.7973e-03
                       58  3.3830     0.0500               0.2900 4.7973e-03
                       60  3.4318     0.0500               0.2412 4.7973e-03
                       63  3.5230     0.0500               0.1500 4.7973e-03
                       64  3.5281     0.0500               0.1449 4.7973e-03
 73  3.6609    2.5+                          2.0343e-01
                       15  2.3658     0.0000               1.2951 0.0000e+00
                        9  2.1984     0.7998               1.4625 1.6266e-01
                        0  0.0000     0.2002               3.6609 4.0664e-02
 72  3.6420    3.5+                          2.0957e-01
                        0  0.0000     0.0435               3.6420 9.1119e-03
                        1  0.1259     0.0435               3.5161 9.1119e-03
                        2  0.9843     0.0435               2.6577 9.1119e-03
                        7  1.8841     0.0435               1.7579 9.1119e-03
                        8  2.0152     0.0435               1.6268 9.1119e-03
                        9  2.1984     0.0435               1.4436 9.1119e-03
                       10  2.2150     0.0435               1.4270 9.1119e-03
                       12  2.2668     0.0435               1.3752 9.1119e-03
                       15  2.3658     0.0435               1.2762 9.1119e-03
                       17  2.3984     0.0435               1.2436 9.1119e-03
                       23  2.7273     0.0435               0.9147 9.1119e-03
                       25  2.7527     0.0435               0.8893 9.1119e-03
                       26  2.8221     0.0435               0.8199 9.1119e-03
                       27  2.8237     0.0435               0.8183 9.1119e-03
                       28  2.8284     0.0435               0.8136 9.1119e-03
                       34  2.9918     0.0435               0.6502 9.1119e-03
                       40  3.0460     0.0435               0.5960 9.1119e-03
                       43  3.0600     0.0435               0.5820 9.1119e-03
                       47  3.1360     0.0435               0.5060 9.1119e-03
                       48  3.1470     0.0435               0.4950 9.1119e-03
                       51  3.2608     0.0435               0.3812 9.1119e-03
                       67  3.6000     0.0435               0.0420 9.1119e-03
                       69  3.6080     0.0435               0.0340 9.1119e-03
 71  3.6310    5.5+                          1.5283e-01
                        2  0.9843     0.1111               2.6467 1.6981e-02
                        4  1.2921     0.1111               2.3389 1.6981e-02
                       14  2.3114     0.1111               1.3196 1.6981e-02
                       17  2.3984     0.1111               1.2326 1.6981e-02
                       26  2.8221     0.1111               0.8089 1.6981e-02
                       27  2.8237     0.1111               0.8073 1.6981e-02
                       37  3.0359     0.1111               0.5951 1.6981e-02
                       46  3.1261     0.1111               0.5049 1.6981e-02
                       54  3.3420     0.1111               0.2890 1.6981e-02
 70  3.6108    1.5+                          1.7182e-01
                        1  0.1259     1.0000               3.4849 1.7170e-01
 69  3.6080    2.5-                          2.3087e-01
                       22  2.6946     0.0667               0.9134 1.5391e-02
                       24  2.7410     0.0667               0.8670 1.5391e-02
                       33  2.9840     0.0667               0.6240 1.5391e-02
                       39  3.0399     0.0667               0.5681 1.5391e-02
                       41  3.0508     0.0667               0.5572 1.5391e-02
                       44  3.0700     0.0667               0.5380 1.5391e-02
                       50  3.1953     0.0667               0.4127 1.5391e-02
                       53  3.2681     0.0667               0.3399 1.5391e-02
                       57  3.3790     0.0667               0.2290 1.5391e-02
                       59  3.4241     0.0667               0.1839 1.5391e-02
                       61  3.4800     0.0667               0.1280 1.5391e-02
                       62  3.5050     0.0667               0.1030 1.5391e-02
                       65  3.5320     0.0667               0.0760 1.5391e-02
                       66  3.5800     0.0667               0.0280 1.5391e-02
                       68  3.6040     0.0667               0.0040 1.5391e-02
 68  3.6040    1.5+                          1.8818e-01
                        0  0.0000     0.0345               3.6040 6.4890e-03
                        5  1.2930     0.0345               2.3110 6.4890e-03
                        6  1.5284     0.0345               2.0756 6.4890e-03
                       10  2.2150     0.0345               1.3890 6.4890e-03
                       11  2.2525     0.0345               1.3515 6.4890e-03
                       12  2.2668     0.0345               1.3372 6.4890e-03
                       15  2.3658     0.0345               1.2382 6.4890e-03
                       16  2.3800     0.0345               1.2240 6.4890e-03
                       19  2.5632     0.0345               1.0408 6.4890e-03
                       25  2.7527     0.0345               0.8513 6.4890e-03
                       29  2.8733     0.0345               0.7307 6.4890e-03
                       30  2.9250     0.0345               0.6790 6.4890e-03
                       31  2.9534     0.0345               0.6506 6.4890e-03
                       32  2.9762     0.0345               0.6278 6.4890e-03
                       35  3.0058     0.0345               0.5982 6.4890e-03
                       36  3.0280     0.0345               0.5760 6.4890e-03
                       38  3.0374     0.0345               0.5666 6.4890e-03
                       40  3.0460     0.0345               0.5580 6.4890e-03
                       45  3.0803     0.0345               0.5237 6.4890e-03
                       47  3.1360     0.0345               0.4680 6.4890e-03
                       49  3.1584     0.0345               0.4456 6.4890e-03
                       51  3.2608     0.0345               0.3432 6.4890e-03
                       52  3.2632     0.0345               0.3408 6.4890e-03
                       55  3.3510     0.0345               0.2530 6.4890e-03
                       58  3.3830     0.0345               0.2210 6.4890e-03
                       60  3.4318     0.0345               0.1722 6.4890e-03
                       63  3.5230     0.0345               0.0810 6.4890e-03
                       64  3.5281     0.0345               0.0759 6.4890e-03
                       67  3.6000     0.0345               0.0040 6.4890e-03
 67  3.6000    2.5-                          2.3873e-01
                       22  2.6946     0.0714               0.9054 1.7052e-02
                       24  2.7410     0.0714               0.8590 1.7052e-02
                       33  2.9840     0.0714               0.6160 1.7052e-02
                       39  3.0399     0.0714               0.5601 1.7052e-02
                       41  3.0508     0.0714               0.5492 1.7052e-02
                       44  3.0700     0.0714               0.5300 1.7052e-02
                       50  3.1953     0.0714               0.4047 1.7052e-02
                       53  3.2681     0.0714               0.3319 1.7052e-02
                       57  3.3790     0.0714               0.2210 1.7052e-02
                       59  3.4241     0.0714               0.1759 1.7052e-02
                       61  3.4800     0.0714               0.1200 1.7052e-02
                       62  3.5050     0.0714               0.0950 1.7052e-02
                       65  3.5320     0.0714               0.0680 1.7052e-02
                       66  3.5800     0.0714               0.0200 1.7052e-02
 66  3.5800    3.5+                          2.5292e-01
                        0  0.0000     0.0476               3.5800 1.2044e-02
                        1  0.1259     0.0476               3.4541 1.2044e-02
                        2  0.9843     0.0476               2.5957 1.2044e-02
                        7  1.8841     0.0476               1.6959 1.2044e-02
                        8  2.0152     0.0476               1.5648 1.2044e-02
                        9  2.1984     0.0476               1.3816 1.2044e-02
                       10  2.2150     0.0476               1.3650 1.2044e-02
                       12  2.2668     0.0476               1.3132 1.2044e-02
                       15  2.3658     0.0476               1.2142 1.2044e-02
                       17  2.3984     0.0476               1.1816 1.2044e-02
                       23  2.7273     0.0476               0.8527 1.2044e-02
                       25  2.7527     0.0476               0.8273 1.2044e-02
                       26  2.8221     0.0476               0.7579 1.2044e-02
                       27  2.8237     0.0476               0.7563 1.2044e-02
                       28  2.8284     0.0476               0.7516 1.2044e-02
                       34  2.9918     0.0476               0.5882 1.2044e-02
                       40  3.0460     0.0476               0.5340 1.2044e-02
                       43  3.0600     0.0476               0.5200 1.2044e-02
                       47  3.1360     0.0476               0.4440 1.2044e-02
                       48  3.1470     0.0476               0.4330 1.2044e-02
                       51  3.2608     0.0476               0.3192 1.2044e-02
 65  3.5320    2.5+                          2.5927e-01
                        0  0.0000     1.0000               3.5320 2.5888e-01
 64  3.5281    1.5-                          2.0836e-01
                        0  0.0000     1.0000               3.5281 2.0816e-01
 63  3.5230    0.5-                          1.1836e-01
                       13  2.2810     0.0909               1.2420 1.0760e-02
                       18  2.4265     0.0909               1.0965 1.0760e-02
                       20  2.5820     0.0909               0.9410 1.0760e-02
                       21  2.6217     0.0909               0.9013 1.0760e-02
                       33  2.9840     0.0909               0.5390 1.0760e-02
                       44  3.0700     0.0909               0.4530 1.0760e-02
                       50  3.1953     0.0909               0.3277 1.0760e-02
                       53  3.2681     0.0909               0.2549 1.0760e-02
                       57  3.3790     0.0909               0.1440 1.0760e-02
                       59  3.4241     0.0909               0.0989 1.0760e-02
                       61  3.4800     0.0909               0.0430 1.0760e-02
 62  3.5050    2.5+                          2.6469e-01
                        0  0.0000     0.0333               3.5050 8.8229e-03
                        1  0.1259     0.0333               3.3791 8.8229e-03
                        6  1.5284     0.0333               1.9766 8.8229e-03
                        7  1.8841     0.0333               1.6209 8.8229e-03
                        8  2.0152     0.0333               1.4898 8.8229e-03
                        9  2.1984     0.0333               1.3066 8.8229e-03
                       10  2.2150     0.0333               1.2900 8.8229e-03
                       11  2.2525     0.0333               1.2525 8.8229e-03
                       12  2.2668     0.0333               1.2382 8.8229e-03
                       15  2.3658     0.0333               1.1392 8.8229e-03
                       16  2.3800     0.0333               1.1250 8.8229e-03
                       19  2.5632     0.0333               0.9418 8.8229e-03
                       23  2.7273     0.0333               0.7777 8.8229e-03
                       25  2.7527     0.0333               0.7523 8.8229e-03
                       28  2.8284     0.0333               0.6766 8.8229e-03
                       30  2.9250     0.0333               0.5800 8.8229e-03
                       31  2.9534     0.0333               0.5516 8.8229e-03
                       32  2.9762     0.0333               0.5288 8.8229e-03
                       34  2.9918     0.0333               0.5132 8.8229e-03
                       35  3.0058     0.0333               0.4992 8.8229e-03
                       36  3.0280     0.0333               0.4770 8.8229e-03
                       40  3.0460     0.0333               0.4590 8.8229e-03
                       43  3.0600     0.0333               0.4450 8.8229e-03
                       45  3.0803     0.0333               0.4247 8.8229e-03
                       47  3.1360     0.0333               0.3690 8.8229e-03
                       48  3.1470     0.0333               0.3580 8.8229e-03
                       49  3.1584     0.0333               0.3466 8.8229e-03
                       51  3.2608     0.0333               0.2442 8.8229e-03
                       52  3.2632     0.0333               0.2418 8.8229e-03
                       55  3.3510     0.0333               0.1540 8.8229e-03
 61  3.4800    1.5+                          2.3526e-01
                        0  0.0000     0.0385               3.4800 9.0484e-03
                        5  1.2930     0.0385               2.1870 9.0484e-03
                        6  1.5284     0.0385               1.9516 9.0484e-03
                       10  2.2150     0.0385               1.2650 9.0484e-03
                       11  2.2525     0.0385               1.2275 9.0484e-03
                       12  2.2668     0.0385               1.2132 9.0484e-03
                       15  2.3658     0.0385               1.1142 9.0484e-03
                       16  2.3800     0.0385               1.1000 9.0484e-03
                       19  2.5632     0.0385               0.9168 9.0484e-03
                       25  2.7527     0.0385               0.7273 9.0484e-03
                       29  2.8733     0.0385               0.6067 9.0484e-03
                       30  2.9250     0.0385               0.5550 9.0484e-03
                       31  2.9534     0.0385               0.5266 9.0484e-03
                       32  2.9762     0.0385               0.5038 9.0484e-03
                       35  3.0058     0.0385               0.4742 9.0484e-03
                       36  3.0280     0.0385               0.4520 9.0484e-03
                       38  3.0374     0.0385               0.4426 9.0484e-03
                       40  3.0460     0.0385               0.4340 9.0484e-03
                       45  3.0803     0.0385               0.3997 9.0484e-03
                       47  3.1360     0.0385               0.3440 9.0484e-03
                       49  3.1584     0.0385               0.3216 9.0484e-03
                       51  3.2608     0.0385               0.2192 9.0484e-03
                       52  3.2632     0.0385               0.2168 9.0484e-03
                       55  3.3510     0.0385               0.1290 9.0484e-03
                       58  3.3830     0.0385               0.0970 9.0484e-03
                       60  3.4318     0.0385               0.0482 9.0484e-03
 60  3.4318    0.5-                          1.3582e-01                       2.2000e-14
                        0  0.0000     1.0000               3.4318 1.3569e-01
 59  3.4241    1.5+                          2.4506e-01                       1.1100e-13
                       23  2.7273     0.5292               0.6968 1.2956e-01
                        1  0.1259     0.4708               3.2982 1.1530e-01
 58  3.3830    0.5-                          1.4073e-01
                        0  0.0000     1.0000               3.3830 1.4060e-01
 57  3.3790    1.5+                          2.5353e-01
                        0  0.0000     0.0417               3.3790 1.0564e-02
                        5  1.2930     0.0417               2.0860 1.0564e-02
                        6  1.5284     0.0417               1.8506 1.0564e-02
                       10  2.2150     0.0417               1.1640 1.0564e-02
                       11  2.2525     0.0417               1.1265 1.0564e-02
                       12  2.2668     0.0417               1.1122 1.0564e-02
                       15  2.3658     0.0417               1.0132 1.0564e-02
                       16  2.3800     0.0417               0.9990 1.0564e-02
                       19  2.5632     0.0417               0.8158 1.0564e-02
                       25  2.7527     0.0417               0.6263 1.0564e-02
                       29  2.8733     0.0417               0.5057 1.0564e-02
                       30  2.9250     0.0417               0.4540 1.0564e-02
                       31  2.9534     0.0417               0.4256 1.0564e-02
                       32  2.9762     0.0417               0.4028 1.0564e-02
                       35  3.0058     0.0417               0.3732 1.0564e-02
                       36  3.0280     0.0417               0.3510 1.0564e-02
                       38  3.0374     0.0417               0.3416 1.0564e-02
                       40  3.0460     0.0417               0.3330 1.0564e-02
                       45  3.0803     0.0417               0.2987 1.0564e-02
                       47  3.1360     0.0417               0.2430 1.0564e-02
                       49  3.1584     0.0417               0.2206 1.0564e-02
                       51  3.2608     0.0417               0.1182 1.0564e-02
                       52  3.2632     0.0417               0.1158 1.0564e-02
                       55  3.3510     0.0417               0.0280 1.0564e-02
 56  3.3732    5.5+                          1.8608e-01
                        4  1.2921     1.0000               2.0811 1.8594e-01
 55  3.3510    1.5-                          2.6663e-01
                        1  0.1259     0.6494               3.2251 1.7299e-01
                        0  0.0000     0.3506               3.3510 9.3397e-02
 54  3.3420    6.5-                          1.6465e-01                       5.0000e-15
                        4  1.2921     1.0000               2.0498 1.6459e-01
 53  3.2681    1.5+                          2.7671e-01
                        9  2.1984     0.2500               1.0697 6.9158e-02
                        7  1.8841     0.3401               1.3840 9.4094e-02
                        6  1.5284     0.4099               1.7397 1.1337e-01
 52  3.2632    1.5-                          2.8394e-01
                       15  2.3658     0.4010               0.8974 1.1384e-01
                        0  0.0000     0.5990               3.2632 1.6994e-01
 51  3.2608    2.5-                          3.5055e-01                       3.5000e-14
                        1  0.1259     1.0000               3.1349 3.5027e-01
 50  3.1953    1.5+                          2.9395e-01                       1.7000e-14
                        0  0.0000     1.0000               3.1953 2.9356e-01
 49  3.1584    1.5-                          3.0713e-01                       4.6000e-14
                        6  1.5284     0.7298               1.6301 2.2411e-01
                        0  0.0000     0.2702               3.1584 8.2921e-02
 48  3.1470    3.5-                          3.6975e-01
                       22  2.6946     0.2500               0.4524 9.2436e-02
                       24  2.7410     0.2500               0.4060 9.2436e-02
                       39  3.0399     0.2500               0.1071 9.2436e-02
                       41  3.0508     0.2500               0.0962 9.2436e-02
 47  3.1360    2.5-                          3.8453e-01
                       22  2.6946     0.1667               0.4414 6.4088e-02
                       24  2.7410     0.1667               0.3950 6.4088e-02
                       33  2.9840     0.1667               0.1520 6.4088e-02
                       39  3.0399     0.1667               0.0961 6.4088e-02
                       41  3.0508     0.1667               0.0852 6.4088e-02
                       44  3.0700     0.1667               0.0660 6.4088e-02
 46  3.1261    6.5-                          1.8795e-01                       1.7000e-14
                       14  2.3114     0.1379               0.8147 2.5911e-02
                        2  0.9843     0.8621               2.1419 1.6196e-01
 45  3.0803    1.5-                          3.2640e-01                       3.0000e-14
                       15  2.3658     0.2500               0.7145 8.1573e-02
                        6  1.5284     0.6410               1.5519 2.0919e-01
                        0  0.0000     0.1090               3.0803 3.5550e-02
 44  3.0700    1.5+                          3.9202e-01                       2.4000e-14
                        0  0.0000     1.0000               3.0700 3.9152e-01
 43  3.0600    3.5-                          3.9430e-01
                       22  2.6946     0.2500               0.3654 9.8576e-02
                       24  2.7410     0.2500               0.3190 9.8576e-02
                       39  3.0399     0.2500               0.0201 9.8576e-02
                       41  3.0508     0.2500               0.0092 9.8576e-02
 42  3.0547    7.5-                          2.3799e-01                       1.8000e-13
                       14  2.3114     0.4792               0.7432 1.1402e-01
                        4  1.2921     0.5208               1.7626 1.2392e-01
 41  3.0508    2.5+                          6.4712e-01                       1.7000e-12
                        6  1.5284     0.6991               1.5225 4.5226e-01
                        1  0.1259     0.3009               2.9249 1.9448e-01
 40  3.0460    2.5-                          4.1217e-01                       1.4000e-13
                        7  1.8841     1.0000               1.1619 4.1212e-01
 39  3.0399    2.5+                          6.5123e-01                       1.7000e-13
                        1  0.1259     1.0000               2.9140 6.5045e-01
 38  3.0374    0.5-                          1.9606e-01
                       12  2.2668     1.0000               0.7706 1.9599e-01
 37  3.0359    5.5-                          2.7432e-01                       5.0000e-14
                        1  0.1259     1.0000               2.9100 2.7411e-01
 36  3.0280    1.5-                          3.4033e-01
                       13  2.2810     0.2000               0.7470 6.8067e-02
                       18  2.4265     0.2000               0.6015 6.8067e-02
                       20  2.5820     0.2000               0.4460 6.8067e-02
                       21  2.6217     0.2000               0.4063 6.8067e-02
                       33  2.9840     0.2000               0.0440 6.8067e-02
 35  3.0058    1.5-                          3.4651e-01                       1.7000e-14
                        0  0.0000     1.0000               3.0058 3.4625e-01
 34  2.9918    3.5-                          4.1517e-01                       1.2000e-14
                        2  0.9843     0.2307               2.0075 9.5749e-02
                        1  0.1259     0.7693               2.8658 3.1917e-01
 33  2.9840    1.5+                          4.8697e-01
                        0  0.0000     0.0714               2.9840 3.4783e-02
                        5  1.2930     0.0714               1.6910 3.4783e-02
                        6  1.5284     0.0714               1.4556 3.4783e-02
                       10  2.2150     0.0714               0.7690 3.4783e-02
                       11  2.2525     0.0714               0.7315 3.4783e-02
                       12  2.2668     0.0714               0.7172 3.4783e-02
                       15  2.3658     0.0714               0.6182 3.4783e-02
                       16  2.3800     0.0714               0.6040 3.4783e-02
                       19  2.5632     0.0714               0.4208 3.4783e-02
                       25  2.7527     0.0714               0.2313 3.4783e-02
                       29  2.8733     0.0714               0.1107 3.4783e-02
                       30  2.9250     0.0714               0.0590 3.4783e-02
                       31  2.9534     0.0714               0.0306 3.4783e-02
                       32  2.9762     0.0714               0.0078 3.4783e-02
 32  2.9762    1.5-                          3.8979e-01                       1.2500e-13
                        6  1.5284     0.2307               1.4478 8.9913e-02
                        0  0.0000     0.7693               2.9762 2.9966e-01
 31  2.9534    1.5-                          3.9652e-01                       1.3000e-14
                        1  0.1259     0.8475               2.8275 3.3581e-01
                        0  0.0000     0.1525               2.9534 6.0425e-02
 30  2.9250    1.5-                          4.0518e-01
                        1  0.1259     1.0000               2.7991 4.0489e-01
 29  2.8733    0.5-                          2.5963e-01                       8.3000e-14
                        6  1.5284     0.7691               1.3449 1.9966e-01
                        0  0.0000     0.2309               2.8733 5.9904e-02
 28  2.8284    3.5-                          4.7152e-01
                        4  1.2921     1.0000               1.5363 4.7144e-01
 27  2.8237    4.5-                          4.2484e-01                       1.1000e-14
                        7  1.8841     0.3006               0.9396 1.2769e-01
                        1  0.1259     0.6994               2.6977 2.9695e-01
 26  2.8221    4.5-                          4.2532e-01                       9.4000e-14
                        7  1.8841     0.3590               0.9380 1.5267e-01
                        4  1.2921     0.6410               1.5300 2.7259e-01
 25  2.7527    2.5-                          5.5889e-01                       2.5000e-14
                        7  1.8841     0.3304               0.8686 1.8462e-01
                        1  0.1259     0.4292               2.6268 2.3974e-01
                        0  0.0000     0.2404               2.7527 1.3427e-01
 24  2.7410    3.5+                          7.7839e-01
                        0  0.0000     0.0909               2.7410 7.0762e-02
                        1  0.1259     0.0909               2.6151 7.0762e-02
                        2  0.9843     0.0909               1.7567 7.0762e-02
                        7  1.8841     0.0909               0.8569 7.0762e-02
                        8  2.0152     0.0909               0.7258 7.0762e-02
                        9  2.1984     0.0909               0.5426 7.0762e-02
                       10  2.2150     0.0909               0.5260 7.0762e-02
                       12  2.2668     0.0909               0.4742 7.0762e-02
                       15  2.3658     0.0909               0.3752 7.0762e-02
                       17  2.3984     0.0909               0.3426 7.0762e-02
                       23  2.7273     0.0909               0.0137 7.0762e-02
 23  2.7273    3.5-                          7.1188e-01                       9.8000e-13
                        4  1.2921     0.1917               1.4352 1.3645e-01
                        2  0.9843     0.2901               1.7431 2.0647e-01
                        0  0.0000     0.5182               2.7273 3.6868e-01
 22  2.6946    3.5+                          8.0288e-01
                        0  0.0000     1.0000               2.6946 8.0201e-01
 21  2.6217    0.5+                          3.4438e-01
                        0  0.0000     1.0000               2.6217 3.4424e-01
 20  2.5820    0.5+                          3.5661e-01
                        5  1.2930     0.2000               1.2890 7.1322e-02
                        6  1.5284     0.2000               1.0536 7.1322e-02
                       11  2.2525     0.2000               0.3295 7.1322e-02
                       16  2.3800     0.2000               0.2020 7.1322e-02
                       19  2.5632     0.2000               0.0188 7.1322e-02
 19  2.5632    1.5-                          6.1517e-01                       7.7000e-15
                        0  0.0000     1.0000               2.5632 6.1485e-01
 18  2.4265    0.5+                          4.1104e-01                       1.4000e-12
                        6  1.5284     1.0000               0.8982 4.1100e-01
 17  2.3984    4.5-                          6.5483e-01                       1.7000e-14
                        2  0.9843     0.2592               1.4141 1.6971e-01
                        1  0.1259     0.7408               2.2725 4.8489e-01
 16  2.3800    1.5-                          7.0947e-01
                       13  2.2810     1.0000               0.0990 7.0947e-01
 15  2.3658    2.5-                          1.2181e+00                       2.3000e-14
                        1  0.1259     0.7407               2.2399 9.0185e-01
                        0  0.0000     0.2593               2.3658 3.1570e-01
 14  2.3114    6.5-                          6.2159e-01                       1.5000e-13
                        4  1.2921     0.9009               1.0193 5.5992e-01
                        2  0.9843     0.0991               1.3272 6.1592e-02
 13  2.2810    0.5+                          1.1821e+00
                        5  1.2930     0.3333               0.9880 3.9404e-01
                        6  1.5284     0.3333               0.7527 3.9404e-01
                       11  2.2525     0.3333               0.0285 3.9404e-01
 12  2.2668    2.5-                          1.1462e+00                       1.2500e-13
                        6  1.5284     0.2700               0.7385 3.0938e-01
                        0  0.0000     0.7300               2.2668 8.3633e-01
 11  2.2525    1.5-                          1.2176e+00                       2.3000e-14
                        0  0.0000     1.0000               2.2525 1.2171e+00
 10  2.2150    2.5-                          9.5261e-01                       3.8000e-13
                        0  0.0000     1.0000               2.2150 9.5222e-01
  9  2.1984    3.5-                          1.3446e+00                       1.8000e-14
                        2  0.9843     0.3292               1.2142 4.4262e-01
                        1  0.1259     0.0610               2.0725 8.1969e-02
                        0  0.0000     0.6098               2.1984 8.1967e-01
  8  2.0152    3.5-                          1.0080e+00                       5.1000e-16
                        2  0.9843     0.5681               1.0309 5.7254e-01
                        0  0.0000     0.4319               2.0152 4.3521e-01
  7  1.8841    3.5-                          2.1300e+00                       1.2000e-14
                        1  0.1259     0.3590               1.7581 7.6451e-01
                        0  0.0000     0.6410               1.8841 1.3650e+00
  6  1.5284    1.5-                          4.0587e+00                       6.2000e-14
                        1  0.1259     0.0338               1.4024 1.3724e-01
                        0  0.0000     0.9662               1.5284 3.9209e+00
  5  1.2930    0.5-                          1.4492e+00
                        0  0.0000     1.0000               1.2930 1.4491e+00
  4  1.2921    5.5-                          2.8090e+00                       1.1000e-12
                        2  0.9843     0.2484               0.3079 6.9647e-01
                        1  0.1259     0.7516               1.1662 2.1109e+00
  3  1.2891    5.5+                          9.8204e-01
                        2  0.9843     0.9010               0.3048 8.8357e-01
                        1  0.1259     0.0990               1.1632 9.7191e-02
  2  0.9843    4.5-                          4.9296e+00                       2.8000e-13
                        1  0.1259     0.9524               0.8583 4.6940e+00
                        0  0.0000     0.0476               0.9843 2.3470e-01
  1  0.1259    3.5-                          1.5575e+01                       2.5900e-10
                        0  0.0000     1.0000               0.1259 1.5308e+01
  0  0.0000    2.5-                          3.5392e+01
#......................................................................../  026-057Fe //   6.000000
#                                                                          SUM SPECTRA FOR COMPOUND
#            026-057Fe      gamma
 SpcSum[mb]            3.0497e+00
 Emean[MeV]            8.3057e-01
#......................................................................../  026-057Fe //   6.000000
#                                                                   GAMMAS FROM DISCRETE TRANSITION
#           0 0 0 1 0 0             026-057Fe
#   Ex[MeV]     Jpi    FinalState  Branching Production    Egamma Production   T(1/2)[s]
 29  2.5994    1.5+                          1.5376e-02
                        2  0.1365     0.6993               2.4629 1.0742e-02
                        0  0.0000     0.3007               2.5994 4.6187e-03
 28  2.5936    1.5-                          1.5540e-02                       3.7000e-14
                        5  1.0071     0.4100               1.5865 6.3699e-03
                        4  0.7064     0.5000               1.8872 7.7675e-03
                        0  0.0000     0.0900               2.5936 1.3982e-03
 27  2.5745    0.5-                          9.6625e-03                       1.8000e-14
                        3  0.3668     0.2753               2.2077 2.6590e-03
                        0  0.0000     0.7247               2.5745 6.9987e-03
 26  2.5642    1.5-                          1.6556e-02
                       11  1.7254     0.6369               0.8388 1.0542e-02
                        0  0.0000     0.3631               2.5642 6.0082e-03
 25  2.5053    2.5+                          2.1683e-02                       7.8000e-14
                       11  1.7254     0.0278               0.7799 6.0189e-04
                        4  0.7064     0.0555               1.7989 1.2038e-03
                        3  0.3668     0.5556               2.1385 1.2037e-02
                        2  0.1365     0.2611               2.3688 5.6569e-03
                        1  0.0144     0.1000               2.4909 2.1664e-03
 24  2.4560    3.5+                          2.3606e-02
                        2  0.1365     0.1000               2.3195 2.3606e-03
                        4  0.7064     0.1000               1.7496 2.3606e-03
                        5  1.0071     0.1000               1.4489 2.3606e-03
                        7  1.1978     0.1000               1.2582 2.3606e-03
                        9  1.3568     0.1000               1.0992 2.3606e-03
                       13  1.9897     0.1000               0.4663 2.3606e-03
                       15  2.1131     0.1000               0.3429 2.3606e-03
                       16  2.1186     0.1000               0.3374 2.3606e-03
                       17  2.2069     0.1000               0.2491 2.3606e-03
                       19  2.2202     0.1000               0.2358 2.3606e-03
 23  2.4556    4.5+                          1.9672e-02                       1.4000e-12
                        5  1.0071     1.0000               1.4484 1.9667e-02
 22  2.3580    1.5-                          2.4874e-02
                        6  1.1399     0.3333               1.2181 8.2913e-03
                       18  2.2177     0.3333               0.1403 8.2913e-03
                       20  2.3304     0.3333               0.0276 8.2913e-03
 21  2.3560    5.5-                          1.8174e-02                       6.0000e-14
                        7  1.1978     0.2908               1.1582 5.2845e-03
                        5  1.0071     0.7092               1.3488 1.2887e-02
 20  2.3304    1.5+                          3.4480e-02
                       10  1.6273     1.0000               0.7032 3.4474e-02
 19  2.2202    3.5-                          3.8241e-02                       3.0000e-13
                        3  0.3668     0.0490               1.8534 1.8736e-03
                        2  0.1365     0.4608               2.0837 1.7615e-02
                        1  0.0144     0.4902               2.2058 1.8737e-02
 18  2.2177    2.5+                          4.5193e-02
                        3  0.3668     0.2062               1.8509 9.3136e-03
                        2  0.1365     0.3453               2.0812 1.5594e-02
                        1  0.0144     0.4485               2.2032 2.0253e-02
 17  2.2069    2.5-                          4.0428e-02                       1.0000e-14
                        8  1.2655     0.0342               0.9414 1.3815e-03
                        5  1.0071     0.1794               1.1997 7.2520e-03
                        3  0.3668     0.0000               1.8401 0.0000e+00
                        1  0.0144     0.4274               2.1925 1.7272e-02
                        0  0.0000     0.3590               2.2069 1.4507e-02
 16  2.1186    2.5-                          4.6182e-02                       4.6000e-14
                        5  1.0071     0.1465               1.1115 6.7647e-03
                        4  0.7064     0.5050               1.4122 2.3319e-02
                        1  0.0144     0.3485               2.1042 1.6088e-02
 15  2.1131    2.5-                          4.6554e-02
                        8  1.2655     0.2126               0.8476 9.8943e-03
                        0  0.0000     0.7874               2.1131 3.6641e-02
 14  1.9910    0.5-                          2.6275e-02
                        6  1.1399     1.0000               0.8511 2.6275e-02
 13  1.9897    4.5-                          4.7215e-02                       1.8000e-13
                        7  1.1978     0.2705               0.7918 1.2768e-02
                        5  1.0071     0.3197               0.9825 1.5092e-02
                        4  0.7064     0.4098               1.2832 1.9346e-02
 12  1.9766    0.5-                          2.6789e-02
                       11  1.7254     0.1690               0.2513 4.4869e-03
                        2  0.1365     0.6702               1.8402 1.7949e-02
                        0  0.0000     0.1608               1.9766 4.3064e-03
 11  1.7254    1.5-                          7.7751e-02                       3.1000e-14
                        8  1.2655     0.0033               0.4599 2.5493e-04
                        4  0.7064     0.1885               1.0190 1.4654e-02
                        3  0.3668     0.0977               1.3586 7.5938e-03
                        1  0.0144     0.0273               1.7110 2.1245e-03
                        0  0.0000     0.6832               1.7254 5.3109e-02
 10  1.6273    1.5-                          1.0356e-01                       5.6000e-14
                        4  0.7064     0.0860               0.9208 8.9017e-03
                        3  0.3668     0.2805               1.2605 2.9043e-02
                        1  0.0144     0.6098               1.6128 6.3136e-02
                        0  0.0000     0.0238               1.6273 2.4620e-03
  9  1.3568    3.5-                          1.0929e-01                       1.8000e-13
                        4  0.7064     0.5466               0.6504 5.9700e-02
                        3  0.3668     0.2349               0.9901 2.5668e-02
                        1  0.0144     0.2185               1.3424 2.3878e-02
  8  1.2655    0.5-                          6.7717e-02                       8.2000e-14
                        3  0.3668     0.9302               0.8988 6.2979e-02
                        1  0.0144     0.0447               1.2511 3.0233e-03
                        0  0.0000     0.0251               1.2655 1.7003e-03
  7  1.1978    4.5-                          1.3094e-01                       2.9000e-12
                        2  0.1365     1.0000               1.0613 1.3091e-01
  6  1.1399    1.5+                          1.4280e-01
                        0  0.0000     0.2000               1.1399 2.8559e-02
                        1  0.0144     0.2000               1.1255 2.8559e-02
                        2  0.1365     0.2000               1.0034 2.8559e-02
                        3  0.3668     0.2000               0.7731 2.8559e-02
                        4  0.7064     0.2000               0.4335 2.8559e-02
  5  1.0071    3.5-                          2.1492e-01                       1.3000e-13
                        3  0.3668     0.0301               0.6404 6.4606e-03
                        2  0.1365     0.6398               0.8707 1.3748e-01
                        1  0.0144     0.3301               0.9927 7.0932e-02
  4  0.7064    2.5-                          3.4227e-01                       4.1000e-12
                        3  0.3668     0.0144               0.3397 4.9134e-03
                        2  0.1365     0.0929               0.5699 3.1786e-02
                        1  0.0144     0.8446               0.6920 2.8896e-01
                        0  0.0000     0.0481               0.7064 1.6471e-02
  3  0.3668    1.5-                          3.6620e-01                       1.0500e-11
                        2  0.1365     0.0727               0.2303 2.6503e-02
                        1  0.0144     0.7878               0.3523 2.8807e-01
                        0  0.0000     0.1395               0.3668 5.0996e-02
  2  0.1365    2.5-                          6.7451e-01                       8.7000e-09
                        1  0.0144     0.8824               0.1221 5.8124e-01
                        0  0.0000     0.1176               0.1365 6.9765e-02
  1  0.0144    1.5-                          1.6509e+00                       9.8300e-08
                        0  0.0000     1.0000               0.0144 1.7269e-01
  0  0.0000    0.5-                          2.0849e+00
#......................................................................../  026-057Fe //   6.000000
#                                                                          SUM SPECTRA FOR COMPOUND
#            027-057Co      gamma
 SpcSum[mb]            1.4823e+01
 Emean[MeV]            1.1784e+00
#......................................................................../  026-057Fe //   6.000000
#                                                                   GAMMAS FROM DISCRETE TRANSITION
#           2 0 0 0 0 0             027-057Co
#   Ex[MeV]     Jpi    FinalState  Branching Production    Egamma Production   T(1/2)[s]
  7  1.9195    2.5-                          1.9817e-02                       2.2000e-14
                        5  1.7576     0.0020               0.1619 3.9524e-05
                        2  1.3777     0.0003               0.5418 5.9299e-06
                        1  1.2240     0.0001               0.6955 1.9764e-06
                        0  0.0000     0.9976               1.9195 1.9764e-02
  6  1.8974    3.5-                          2.1801e-02                       1.1000e-13
                        1  1.2240     0.5348               0.6734 1.1654e-02
                        0  0.0000     0.4652               1.8974 1.0139e-02
  5  1.7576    1.5-                          2.8630e-01                       2.7000e-13
                        3  1.5048     0.0050               0.2528 1.4099e-03
                        2  1.3777     0.0099               0.3799 2.8198e-03
                        0  0.0000     0.9852               1.7576 2.8198e-01
  4  1.6896    5.5-                          3.1198e-01                       2.4000e-13
                        1  1.2240     0.5407               0.4656 1.6853e-01
                        0  0.0000     0.4593               1.6896 1.4326e-01
  3  1.5048    0.5-                          1.6451e+00                       2.1000e-10
                        2  1.3777     1.0000               0.1272 1.6095e+00
  2  1.3777    1.5-                          6.5775e+00                       1.9000e-11
                        0  0.0000     1.0000               1.3777 6.5765e+00
  1  1.2240    4.5-                          5.9983e+00                       5.4000e-14
                        0  0.0000     1.0000               1.2240 5.9975e+00
  0  0.0000    3.5-                          2.0737e+02                       2.3480e+07
#......................................................................../  026-057Fe //   6.000000
#                                                                          SUM SPECTRA FOR COMPOUND
#            026-057Fe      gamma
 SpcSum[mb]            2.0189e+01
 Emean[MeV]            2.1096e-01
#......................................................................../  026-057Fe //   6.000000
#                                                                   GAMMAS FROM DISCRETE TRANSITION
#           1 1 0 0 0 0             026-057Fe
#   Ex[MeV]     Jpi    FinalState  Branching Production    Egamma Production   T(1/2)[s]
 29  2.5994    1.5+                          1.6556e-06
                        2  0.1365     0.6993               2.4629 1.1566e-06
                        0  0.0000     0.3007               2.5994 4.9731e-07
 28  2.5936    1.5-                          1.3671e-06                       3.7000e-14
                        5  1.0071     0.4100               1.5865 5.6038e-07
                        4  0.7064     0.5000               1.8872 6.8334e-07
                        0  0.0000     0.0900               2.5936 1.2300e-07
 27  2.5745    0.5-                          1.1306e-06                       1.8000e-14
                        3  0.3668     0.2753               2.2077 3.1113e-07
                        0  0.0000     0.7247               2.5745 8.1894e-07
 26  2.5642    1.5-                          2.2430e-06
                       11  1.7254     0.6369               0.8388 1.4282e-06
                        0  0.0000     0.3631               2.5642 8.1396e-07
 25  2.5053    2.5+                          7.0885e-06                       7.8000e-14
                       11  1.7254     0.0278               0.7799 1.9677e-07
                        4  0.7064     0.0555               1.7989 3.9353e-07
                        3  0.3668     0.5556               2.1385 3.9351e-06
                        2  0.1365     0.2611               2.3688 1.8493e-06
                        1  0.0144     0.1000               2.4909 7.0823e-07
 24  2.4560    3.5+                          1.3331e-05
                        2  0.1365     0.1000               2.3195 1.3331e-06
                        4  0.7064     0.1000               1.7496 1.3331e-06
                        5  1.0071     0.1000               1.4489 1.3331e-06
                        7  1.1978     0.1000               1.2582 1.3331e-06
                        9  1.3568     0.1000               1.0992 1.3331e-06
                       13  1.9897     0.1000               0.4663 1.3331e-06
                       15  2.1131     0.1000               0.3429 1.3331e-06
                       16  2.1186     0.1000               0.3374 1.3331e-06
                       17  2.2069     0.1000               0.2491 1.3331e-06
                       19  2.2202     0.1000               0.2358 1.3331e-06
 23  2.4556    4.5+                          1.1213e-05                       1.4000e-12
                        5  1.0071     1.0000               1.4484 1.1210e-05
 22  2.3580    1.5-                          3.2685e-05
                        6  1.1399     0.3333               1.2181 1.0895e-05
                       18  2.2177     0.3333               0.1403 1.0895e-05
                       20  2.3304     0.3333               0.0276 1.0895e-05
 21  2.3560    5.5-                          2.1729e-05                       6.0000e-14
                        7  1.1978     0.2908               1.1582 6.3180e-06
                        5  1.0071     0.7092               1.3488 1.5408e-05
 20  2.3304    1.5+                          7.3420e-05
                       10  1.6273     1.0000               0.7032 7.3407e-05
 19  2.2202    3.5-                          1.2833e-04                       3.0000e-13
                        3  0.3668     0.0490               1.8534 6.2874e-06
                        2  0.1365     0.4608               2.0837 5.9112e-05
                        1  0.0144     0.4902               2.2058 6.2877e-05
 18  2.2177    2.5+                          2.2198e-04
                        3  0.3668     0.2062               1.8509 4.5748e-05
                        2  0.1365     0.3453               2.0812 7.6597e-05
                        1  0.0144     0.4485               2.2032 9.9481e-05
 17  2.2069    2.5-                          1.6839e-04                       1.0000e-14
                        8  1.2655     0.0342               0.9414 5.7542e-06
                        5  1.0071     0.1794               1.1997 3.0205e-05
                        3  0.3668     0.0000               1.8401 0.0000e+00
                        1  0.0144     0.4274               2.1925 7.1940e-05
                        0  0.0000     0.3590               2.2069 6.0425e-05
 16  2.1186    2.5-                          3.8353e-04                       4.6000e-14
                        5  1.0071     0.1465               1.1115 5.6180e-05
                        4  0.7064     0.5050               1.4122 1.9366e-04
                        1  0.0144     0.3485               2.1042 1.3361e-04
 15  2.1131    2.5-                          4.0109e-04
                        8  1.2655     0.2126               0.8476 8.5247e-05
                        0  0.0000     0.7874               2.1131 3.1569e-04
 14  1.9910    0.5-                          6.7916e-04
                        6  1.1399     1.0000               0.8511 6.7916e-04
 13  1.9897    4.5-                          7.4228e-04                       1.8000e-13
                        7  1.1978     0.2705               0.7918 2.0073e-04
                        5  1.0071     0.3197               0.9825 2.3726e-04
                        4  0.7064     0.4098               1.2832 3.0414e-04
 12  1.9766    0.5-                          7.5693e-04
                       11  1.7254     0.1690               0.2513 1.2678e-04
                        2  0.1365     0.6702               1.8402 5.0715e-04
                        0  0.0000     0.1608               1.9766 1.2168e-04
 11  1.7254    1.5-                          7.3050e-03                       3.1000e-14
                        8  1.2655     0.0033               0.4599 2.3951e-05
                        4  0.7064     0.1885               1.0190 1.3768e-03
                        3  0.3668     0.0977               1.3586 7.1347e-04
                        1  0.0144     0.0273               1.7110 1.9960e-04
                        0  0.0000     0.6832               1.7254 4.9898e-03
 10  1.6273    1.5-                          1.3424e-02                       5.6000e-14
                        4  0.7064     0.0860               0.9208 1.1539e-03
                        3  0.3668     0.2805               1.2605 3.7647e-03
                        1  0.0144     0.6098               1.6128 8.1840e-03
                        0  0.0000     0.0238               1.6273 3.1914e-04
  9  1.3568    3.5-                          4.8676e-02                       1.8000e-13
                        4  0.7064     0.5466               0.6504 2.6591e-02
                        3  0.3668     0.2349               0.9901 1.1433e-02
                        1  0.0144     0.2185               1.3424 1.0635e-02
  8  1.2655    0.5-                          7.0981e-02                       8.2000e-14
                        3  0.3668     0.9302               0.8988 6.6015e-02
                        1  0.0144     0.0447               1.2511 3.1690e-03
                        0  0.0000     0.0251               1.2655 1.7822e-03
  7  1.1978    4.5-                          1.0579e-01                       2.9000e-12
                        2  0.1365     1.0000               1.0613 1.0578e-01
  6  1.1399    1.5+                          2.9930e-01
                        0  0.0000     0.2000               1.1399 5.9859e-02
                        1  0.0144     0.2000               1.1255 5.9859e-02
                        2  0.1365     0.2000               1.0034 5.9859e-02
                        3  0.3668     0.2000               0.7731 5.9859e-02
                        4  0.7064     0.2000               0.4335 5.9859e-02
  5  1.0071    3.5-                          2.6088e-01                       1.3000e-13
                        3  0.3668     0.0301               0.6404 7.8421e-03
                        2  0.1365     0.6398               0.8707 1.6687e-01
                        1  0.0144     0.3301               0.9927 8.6099e-02
  4  0.7064    2.5-                          1.1058e+00                       4.1000e-12
                        3  0.3668     0.0144               0.3397 1.5874e-02
                        2  0.1365     0.0929               0.5699 1.0269e-01
                        1  0.0144     0.8446               0.6920 9.3354e-01
                        0  0.0000     0.0481               0.7064 5.3213e-02
  3  0.3668    1.5-                          4.3714e+00                       1.0500e-11
                        2  0.1365     0.0727               0.2303 3.1636e-01
                        1  0.0144     0.7878               0.3523 3.4387e+00
                        0  0.0000     0.1395               0.3668 6.0875e-01
  2  0.1365    2.5-                          1.0914e+01                       8.7000e-09
                        1  0.0144     0.8824               0.1221 9.4052e+00
                        0  0.0000     0.1176               0.1365 1.1289e+00
  1  0.0144    1.5-                          3.2277e+01                       9.8300e-08
                        0  0.0000     1.0000               0.0144 3.3763e+00
  0  0.0000    0.5-                          4.8732e+01
#......................................................................../  026-057Fe //   6.000000
#                                                                          SUM SPECTRA FOR COMPOUND
#            025-054Mn      gamma
 SpcSum[mb]            2.4298e-05
 Emean[MeV]            1.4393e-01
#......................................................................../  026-057Fe //   6.000000
#                                                                   GAMMAS FROM DISCRETE TRANSITION
#           1 0 1 0 0 0             025-054Mn
#   Ex[MeV]     Jpi    FinalState  Branching Production    Egamma Production   T(1/2)[s]
 27  2.1361    1.0+                          2.5959e-17                       7.0000e-14
                        1  0.0549     0.6579               2.0813 1.7072e-17
                        0  0.0000     0.3421               2.1361 8.8769e-18
 26  2.1339    1.0+                          2.5959e-17                       2.4000e-14
                       11  1.4544     0.0661               0.6795 1.7158e-18
                       10  1.3910     0.0496               0.7429 1.2867e-18
                        9  1.3750     0.0579               0.7589 1.5013e-18
                        1  0.0549     0.8264               2.0790 2.1446e-17
 24  2.1098    1.0+                          5.0297e-17                       4.1600e-13
                       10  1.3910     0.5988               0.7188 3.0108e-17
                        1  0.0549     0.4012               2.0549 2.0172e-17
 23  2.0560    2.0+                          3.2141e-16
                        1  0.0549     1.0000               2.0011 3.2141e-16
 22  1.9253    7.0+                          9.5450e-15                       7.3000e-13
                        7  1.0733     0.9434               0.8520 9.0029e-15
                        3  0.3683     0.0566               1.5570 5.4015e-16
 21  1.9223    1.0+                          5.1017e-15                       2.9000e-14
                       10  1.3910     0.0400               0.5313 2.0401e-16
                        9  1.3750     0.0298               0.5473 1.5183e-16
                        1  0.0549     0.9302               1.8674 4.7443e-15
 20  1.8530    3.0+                          2.3496e-14                       9.5000e-14
                       13  1.5084     0.3794               0.3446 8.8887e-15
                        9  1.3750     0.0606               0.4780 1.4221e-15
                        2  0.1563     0.2195               1.6967 5.1558e-15
                        1  0.0549     0.3406               1.7981 8.0001e-15
 19  1.7845    1.0+                          7.3078e-14                       1.6000e-14
                        6  1.0096     0.0798               0.7749 5.8295e-15
                        4  0.4076     0.3564               1.3769 2.6041e-14
                        1  0.0549     0.0319               1.7296 2.3314e-15
                        0  0.0000     0.5319               1.7845 3.8860e-14
 18  1.7834    7.0+                          1.5082e-13                       7.7000e-13
                        7  1.0733     0.0403               0.7101 6.0790e-15
                        3  0.3683     0.9597               1.4151 1.4472e-13
 17  1.6790    0.0+                          1.5606e-13
                       10  1.3910     1.0000               0.2880 1.5606e-13
 16  1.6511    1.0+                          6.1809e-13                       3.3000e-13
                        1  0.0549     1.0000               1.5962 6.1799e-13
 15  1.6342    2.0+                          9.6411e-13                       1.5000e-14
                        4  0.4076     0.4118               1.2267 3.9696e-13
                        2  0.1563     0.0980               1.4779 9.4503e-14
                        1  0.0549     0.4902               1.5793 4.7251e-13
 14  1.5440    2.0+                          3.9052e-12                       1.3000e-14
                        0  0.0000     1.0000               1.5440 3.9046e-12
 13  1.5084    2.0+                          6.6829e-12                       1.2000e-13
                        5  0.8389     0.0806               0.6695 5.3818e-13
                        1  0.0549     0.2483               1.4535 1.6592e-12
                        0  0.0000     0.6711               1.5084 4.4845e-12
 12  1.4608    4.0+                          1.0568e-11                       2.8000e-13
                        7  1.0733     1.0000               0.3875 1.0537e-11
 11  1.4544    1.0+                          1.2170e-11                       8.0000e-11
                        1  0.0549     0.9497               1.3995 1.1556e-11
                        0  0.0000     0.0503               1.4544 6.1240e-13
 10  1.3910    1.0+                          3.2850e-11                       3.8000e-13
                        1  0.0549     1.0000               1.3361 3.2847e-11
  9  1.3750    3.0+                          4.0717e-11                       1.1200e-14
                        4  0.4076     0.2013               0.9674 8.1951e-12
                        1  0.0549     0.1698               1.3201 6.9130e-12
                        0  0.0000     0.6289               1.3750 2.5604e-11
  8  1.1367    5.0+                          5.2472e-10                       6.0000e-13
                        5  0.8389     0.0709               0.2978 3.7017e-11
                        3  0.3683     0.5881               0.7685 3.0850e-10
                        2  0.1563     0.3410               0.9804 1.7890e-10
  7  1.0733    6.0+                          1.8313e-09                       2.2000e-10
                        3  0.3683     0.9900               0.7050 1.8125e-09
                        2  0.1563     0.0100               0.9170 1.8305e-11
  6  1.0096    3.0+                          2.8183e-09                       4.4000e-14
                        2  0.1563     0.4414               0.8533 1.2437e-09
                        1  0.0549     0.5586               0.9547 1.5740e-09
  5  0.8389    4.0+                          1.4360e-08                       4.1000e-13
                        3  0.3683     0.3613               0.4706 5.1844e-09
                        2  0.1563     0.0997               0.6826 1.4315e-09
                        0  0.0000     0.5390               0.8389 7.7378e-09
  4  0.4076    3.0+                          8.1588e-07                       1.8000e-12
                        2  0.1563     0.6223               0.2513 5.0623e-07
                        1  0.0549     0.0920               0.3527 7.4925e-08
                        0  0.0000     0.2857               0.4076 2.3289e-07
  3  0.3683    5.0+                          9.7948e-07                       6.9000e-12
                        2  0.1563     0.9911               0.2120 9.6635e-07
                        0  0.0000     0.0089               0.3683 8.6974e-09
  2  0.1563    4.0+                          7.6980e-06                       1.8600e-10
                        0  0.0000     1.0000               0.1563 7.6233e-06
  1  0.0549    2.0+                          1.8012e-05                       4.9000e-11
                        0  0.0000     1.0000               0.0549 1.4866e-05
  0  0.0000    3.0+                          5.8381e-05                       2.6960e+07
#......................................................................../  026-057Fe //   6.000000
#                                                                          SUM SPECTRA FOR COMPOUND
#            025-057Mn      gamma
 SpcSum[mb]            6.8195e-14
 Emean[MeV]            1.0000e-01
#......................................................................../  026-057Fe //   6.000000
#                                                                   GAMMAS FROM DISCRETE TRANSITION
#           0 2 0 0 0 0             025-057Mn
#   Ex[MeV]     Jpi    FinalState  Branching Production    Egamma Production   T(1/2)[s]
  4  1.0729    3.5-                          4.2662e-30
                        1  0.0832     0.9434               0.9897 4.0241e-30
                        0  0.0000     0.0566               1.0729 2.4144e-31
  3  1.0558    2.5-                          1.4671e-29
                        2  0.8501     0.8027               0.2058 1.1580e-29
                        0  0.0000     0.1973               1.0558 2.8942e-30
  2  0.8501    1.5-                          4.4506e-24
                        1  0.0832     0.0412               0.7669 1.8343e-25
                        0  0.0000     0.9588               0.8501 4.2661e-24
  1  0.0832    3.5-                          7.1659e-14
                        0  0.0000     1.0000               0.0832 6.8195e-14
  0  0.0000    2.5-                          3.7627e-13                       8.5400e+01
#......................................................................../  026-057Fe //   6.000000
#                                                                          SUM SPECTRA FOR COMPOUND
#            024-054Cr      gamma
 SpcSum[mb]            2.6442e-06
 Emean[MeV]            8.0000e-01
#......................................................................../  026-057Fe //   6.000000
#                                                                   GAMMAS FROM DISCRETE TRANSITION
#           0 1 1 0 0 0             024-054Cr
#   Ex[MeV]     Jpi    FinalState  Branching Production    Egamma Production   T(1/2)[s]
 23  4.0832    2.0+                          8.9282e-29
                        9  3.4369     0.0339               0.6464 3.0261e-30
                        6  3.1596     0.1225               0.9237 1.0934e-29
                        5  3.0741     0.0208               1.0092 1.8531e-30
                        3  2.6197     0.1308               1.4636 1.1676e-29
                        2  1.8239     0.6921               2.2593 6.1759e-29
 22  4.0433    5.0+                          3.0176e-31                       2.8000e-14
                        7  3.2224     0.8439               0.8209 2.5460e-31
                        2  1.8239     0.1561               2.2194 4.7086e-32
 21  4.0129    0.0+                          5.1106e-31                       1.4000e-15
                        3  2.6197     0.0000               1.3932 0.0000e+00
                        1  0.8349     1.0000               3.1780 5.1062e-31
 20  3.9874    1.0+                          7.0086e-29
                        8  3.3934     1.0000               0.5940 7.0071e-29
 19  3.9277    2.0+                          7.2609e-28
                        0  0.0000     1.0000               3.9277 7.2525e-28
 18  3.9255    2.0-                          1.2200e-27
                       13  3.7200     0.1456               0.2055 1.7691e-28
                        4  2.8296     0.0000               1.0959 0.0000e+00
                        2  1.8239     0.0000               2.1016 0.0000e+00
                        1  0.8349     0.8544               3.0907 1.0410e-27
 17  3.8704    4.0-                          5.4759e-26
                        3  2.6197     1.0000               1.2507 5.4750e-26
                        1  0.8349     0.0000               3.0355 0.0000e+00
 16  3.8610    2.0+                          4.9504e-26
                        3  2.6197     0.6248               1.2413 3.0927e-26
                        1  0.8349     0.3752               3.0262 1.8560e-26
 15  3.7985    4.0+                          3.3613e-25                       5.1000e-14
                        6  3.1596     0.3101               0.6390 1.0419e-25
                        2  1.8239     0.3875               1.9746 1.3021e-25
                        1  0.8349     0.3024               2.9637 1.0157e-25
 14  3.7857    5.0+                          2.3824e-24
                        7  3.2224     0.2819               0.5633 6.7124e-25
                        6  3.1596     0.0470               0.6261 1.1188e-25
                        2  1.8239     0.6711               1.9618 1.5984e-24
 13  3.7200    2.0+                          3.0372e-24                       1.6600e-14
                        4  2.8296     0.0866               0.8904 2.6283e-25
                        3  2.6197     0.1259               1.1004 3.8232e-25
                        0  0.0000     0.7876               3.7200 2.3894e-24
 12  3.6552    4.0+                          2.7757e-23                       6.0000e-15
                        2  1.8239     1.0000               1.8313 2.7750e-23
 11  3.5140    3.0-                          8.7674e-22
                        1  0.8349     0.1667               2.6791 1.4612e-22
                        2  1.8239     0.1667               1.6901 1.4612e-22
                        3  2.6197     0.1667               0.8943 1.4612e-22
                        5  3.0741     0.1667               0.4399 1.4612e-22
                        6  3.1596     0.1667               0.3544 1.4612e-22
                        9  3.4369     0.1667               0.0771 1.4612e-22
 10  3.4680    3.0-                          2.9087e-21
                        1  0.8349     0.1667               2.6331 4.8479e-22
                        2  1.8239     0.1667               1.6441 4.8479e-22
                        3  2.6197     0.1667               0.8483 4.8479e-22
                        5  3.0741     0.1667               0.3939 4.8479e-22
                        6  3.1596     0.1667               0.3084 4.8479e-22
                        9  3.4369     0.1667               0.0311 4.8479e-22
  9  3.4369    2.0+                          4.7999e-21                       8.0000e-15
                        3  2.6197     0.0291               0.8172 1.3974e-22
                        1  0.8349     0.9709               2.6020 4.6577e-21
  8  3.3934    2.0-                          1.1941e-20                       1.5000e-14
                        1  0.8349     0.6330               2.5586 7.5509e-21
                        0  0.0000     0.3670               3.3934 4.3795e-21
  7  3.2224    6.0+                          2.1199e-19                       4.9000e-13
                        2  1.8239     1.0000               1.3985 2.1196e-19
  6  3.1596    4.0+                          7.1961e-19                       2.4000e-13
                        2  1.8239     0.5318               1.3356 3.8265e-19
                        1  0.8349     0.4682               2.3247 3.3675e-19
  5  3.0741    2.0+                          3.6077e-18                       7.1000e-15
                        1  0.8349     0.9892               2.2392 3.5675e-18
                        0  0.0000     0.0108               3.0741 3.8896e-20
  4  2.8296    0.0+                          5.9935e-17                       1.5000e-13
                        1  0.8349     1.0000               1.9948 5.9914e-17
  3  2.6197    2.0+                          2.9366e-15                       7.8000e-14
                        1  0.8349     0.9588               1.7848 2.8149e-15
                        0  0.0000     0.0412               2.6197 1.2102e-16
  2  1.8239    4.0+                          1.7302e-11                       1.7000e-12
                        1  0.8349     1.0000               0.9891 1.7299e-11
  1  0.8349    2.0+                          2.6449e-06                       7.9000e-12
                        0  0.0000     1.0000               0.8349 2.6442e-06
  0  0.0000    0.0+                          1.9226e-04
#......................................................................../  026-057Fe //   6.000000
#                                                                          SUM SPECTRA FOR COMPOUND
#            023-051V       gamma
 SpcSum[mb]            3.0019e-14
 Emean[MeV]            2.7025e-01
#......................................................................../  026-057Fe //   6.000000
#                                                                   GAMMAS FROM DISCRETE TRANSITION
#           0 0 2 0 0 0             023-051V 
#   Ex[MeV]     Jpi    FinalState  Branching Production    Egamma Production   T(1/2)[s]
 15  2.8700    1.5+                          1.7360e-31
                        1  0.3201     0.3333               2.5499 5.7865e-32
                        3  0.9286     0.3333               1.9414 5.7865e-32
                        9  2.4108     0.3333               0.4592 5.7865e-32
 14  2.7900    2.5+                          1.4482e-30
                        0  0.0000     0.2500               2.7900 3.6204e-31
                        1  0.3201     0.2500               2.4699 3.6204e-31
                        3  0.9286     0.2500               1.8614 3.6204e-31
                        9  2.4108     0.2500               0.3792 3.6204e-31
 13  2.6996    7.5-                          4.6829e-30                       5.5000e-12
                        6  1.6092     1.0000               1.0904 4.6823e-30
 12  2.6775    1.5+                          3.3748e-29                       5.8000e-13
                        3  0.9286     1.0000               1.7488 3.3732e-29
 11  2.6000    2.5+                          2.2358e-28
                        0  0.0000     0.2500               2.6000 5.5896e-29
                        1  0.3201     0.2500               2.2799 5.5896e-29
                        3  0.9286     0.2500               1.6714 5.5896e-29
                        9  2.4108     0.2500               0.1892 5.5896e-29
 10  2.5464    0.5+                          6.4626e-28                       7.0000e-13
                        3  0.9286     1.0000               1.6178 6.4601e-28
  9  2.4108    1.5-                          1.1730e-26                       1.3900e-14
                        3  0.9286     0.0863               1.4821 1.0123e-27
                        1  0.3201     0.7194               2.0907 8.4358e-27
                        0  0.0000     0.1943               2.4108 2.2779e-27
  8  1.9100    4.5+                          4.0941e-23
                        0  0.0000     0.3333               1.9100 1.3647e-23
                        6  1.6092     0.3333               0.3008 1.3647e-23
                        7  1.8132     0.3333               0.0968 1.3647e-23
  7  1.8132    4.5-                          1.4460e-22                       5.8000e-13
                        6  1.6092     0.0106               0.2040 1.5144e-24
                        1  0.3201     0.2410               1.4932 3.4843e-23
                        0  0.0000     0.7484               1.8132 1.0819e-22
  6  1.6092    5.5-                          2.3453e-21                       5.5000e-13
                        0  0.0000     1.0000               1.6092 2.3449e-21
  5  1.1900    0.5+                          9.8957e-19
                        3  0.9286     1.0000               0.2614 9.8957e-19
  4  1.0100    3.5+                          8.1087e-18
                        0  0.0000     0.5000               1.0100 4.0544e-18
                        1  0.3201     0.5000               0.6899 4.0544e-18
  3  0.9286    1.5-                          1.9567e-17                       8.3000e-12
                        1  0.3201     0.1402               0.6086 2.7418e-18
                        0  0.0000     0.8598               0.9286 1.6821e-17
  2  0.4700    1.5+                          4.5416e-15
                        1  0.3201     1.0000               0.1499 4.5416e-15
  1  0.3201    2.5-                          2.5497e-14                       1.8400e-10
                        0  0.0000     1.0000               0.3201 2.5449e-14
  0  0.0000    3.5-                          1.4791e-12
#......................................................................../  026-057Fe //   6.000000
#                                                                INDIVIDUAL GROUND STATE PRODUCTION
#             Residual  Prod.[mb]  Qval[MeV]   Particles
#                                              n p a d t h
 Production  027-059Co 1.2091e-01   15.18378   0 0 0 0 0 0
 Production  027-058Co 4.0131e+02    4.72979   1 0 0 0 0 0
 Production  026-058Fe 1.4336e+02    7.82010   0 1 0 0 0 0
 Production  025-055Mn 3.5392e+01    8.24146   0 0 1 0 0 0
 Production  026-057Fe 2.0849e+00    0.00000   0 0 0 1 0 0
 Production  027-057Co 2.0737e+02   -3.84325   2 0 0 0 0 0
 Production  026-057Fe 4.8732e+01   -2.22463   1 1 0 0 0 0
 Production  025-054Mn 5.8381e-05   -1.98517   1 0 1 0 0 0
 Production  025-057Mn 3.7627e-13   -4.13728   0 2 0 0 0 0
 Production  024-054Cr 1.9226e-04    0.17440   0 1 1 0 0 0
 Production  023-051V  1.4791e-12    0.30851   0 0 2 0 0 0
                   sum 8.3836e+02
#......................................................................../  026-057Fe //   6.000000
#                                                           STABLE AND LONG-LIVED STATE PRODUCTIONS
#       Residual    Ex[MeV]     Jpi     T(1/2)[s]  Prod.[mb] Meta
    1  023-051V     0.00000    3.5-    ---------- 1.4791e-12
    2  024-054Cr    0.00000    0.0+    ---------- 1.9226e-04
    3  025-054Mn    0.00000    3.0+    2.6960e+07 5.8381e-05
    4  025-055Mn    0.00000    2.5-    ---------- 3.5392e+01
    5  025-057Mn    0.00000    2.5-    8.5400e+01 3.7627e-13
    6  026-057Fe    0.00000    0.5-    ---------- 5.0817e+01
    7  026-058Fe    0.00000    0.0+    ---------- 1.4336e+02
    8  027-057Co    0.00000    3.5-    2.3480e+07 2.0737e+02
    9  027-058Co    0.00000    2.0+    6.1220e+06 4.0131e+02
   10  027-058Co    0.02495    5.0+    3.2760e+04 9.7642e+01    1
   11  027-059Co    0.00000    3.5-    ---------- 1.2091e-01
#                                         g.s.sum 8.3836e+02


#......................................................................../  026-057Fe //   6.000000
#                                                                                   ISOMERIC RATIOS
#       Residual    Ex[MeV]     Jpi     T(1/2)[s] Ratio      m/(g-m)
    1  027-058Co    0.02495    5.0+    3.2760e+04 2.4331e-01 3.2154e-01


#......................................................................../  026-057Fe //   6.000000
#                                                                               PARTICLE PRODUCTION
#             Particle  Prod.[mb] Multiplic. Emean[MeV]
 ParticlPrd      gamma 1.7677e+03 2.1086e+00 2.1095e+00
 ParticlPrd    neutron 8.6477e+02 1.0315e+00 2.5065e+00
 ParticlPrd     proton 1.9209e+02 2.2912e-01 5.3705e+00
 ParticlPrd      alpha 3.5393e+01 4.2217e-02 9.4026e+00
 ParticlPrd   deuteron 2.0849e+00 2.4869e-03 4.5799e+00


