###################################################################################################
#                                                                                    3.6.0-Cordelia
#
#                                                      .oooooo.             ooooo   ooooo        
#     Clair de Lune                                   d8P    Y8b             888     888         
#     =============                                  888           .ooooo.   888     888         
#                                                    888          d88   88b  888ooooo888         
# Votre ame est un paysage choisi                    888          888   888  888     888  dP^Y8b 
# Que vont charmant masques et bergamasques           88b    ooo  888   888  888     888      8P 
# Jouant du luth et dansant et quasi                   Y8bood8P    Y8bod8P' o888o   o888o   <8B  
# Tristes sous leurs deguisements fantasques.                                           8b    8b 
#                                                                                        Y8oo8P  
#
# Tout en chantant sur le mode mineur            Au calme clair de lune triste et beau,
# L'amour vainqueur et la vie opportune          Qui fait rever les oiseaux dans les arbres
# Ils n'ont pas l'air de croire a leur bonheur   Et sangloter d'extase les jets d'eau,
# Et leur chanson se mele au clair de lune,      Les grands jets d'eau sveltes parmi les marbres.
# 
#                                                                                   Paul Verlaine
#
######################################################################################## Moonage 11
###################################################################################################
#                                                                                    3.6.0-Cordelia
#          
#......................................................................../  026-057Fe //  26.000000
#                                                                                 SYSTEM PARAMETERS
#            AtomicNum    MassNum
#    Target         26         57
#  Incident          1          2
#            Ecms[MeV]  Elab[MeV] ReduceMass WaveNumber
     Energy 2.5112e+01 2.6000e+01 1.9453e+00 1.5288e+00
#......................................................................../  026-057Fe //  26.000000
#                                                                             ROTATIONAL STATE DATA
#             Energy       Spin   WaveNum Eout[MeV]   Coulomb   Sig0   
      Level   0.00000      -0.5   1.52879  25.11167   1.13964  -0.28085
#......................................................................../  026-057Fe //  26.000000
#                                                                            DEFORMATION PARAMETERS
#              Lambda     Beta
#......................................................................../  026-057Fe //  26.000000
#                                                                           OPTICAL MODEL POTENTIAL
# OMP  0      V         Vs        Wv        Ws        Vso       Wso       Coul
      r[fm]   1.14998   0.00000   1.33091   1.37350   0.97200   0.00000      1.30
      a[fm]   0.76749   0.00000   0.47015   0.76961   1.01100   0.00000
 Depth[MeV]  90.00762   0.00000   2.66595  10.06158   7.11400   0.00000
#......................................................................../  026-057Fe //  26.000000
#                                                                      TOTAL REACTION CROSS SECTION
  Sigma[mb] 1.7286e+03
#......................................................................../  026-057Fe //  26.000000
#                                                                     DISCRETE DIRECT CROSS SECTION
#              Ex[MeV]     Spin    Eout[MeV]  Sigma[mb]
  Direct  0    0.00000     -0.5   2.5112e+01 1.2525e+03
#......................................................................../  026-057Fe //  26.000000
#                                                                                      TARGET STATE
#           Excitation  Spin
  026-057Fe 0.0000e+00  0.5-
#......................................................................../  026-057Fe //  26.000000
#                                                                             COMPOUND NUCLEUS DATA
#              Z     A  MassExess    Ex(max) Separation     N-cont    N-level
  027-059Co              -62.2291    40.2954                   182         83
      gamma  027-059Co     0.0000                0.0000
    neutron  027-058Co     8.0714               10.4540
     proton  026-058Fe     7.2890                7.3637
      alpha  025-055Mn     2.4249                6.9423
   deuteron  026-057Fe    13.1358               15.1838
  027-058Co              -59.8466    29.8415                   138         52
      gamma  027-058Co     0.0000                0.0000
    neutron  027-057Co     8.0714                8.5730
     proton  026-057Fe     7.2890                6.9544
      alpha  025-054Mn     2.4249                6.7150
   deuteron  026-056Fe    13.1358               12.3760
  026-058Fe              -62.1545    32.9318                   142         60
      gamma  026-058Fe     0.0000                0.0000
    neutron  026-057Fe     8.0714               10.0447
     proton  025-057Mn     7.2890               11.9574
      alpha  024-054Cr     2.4249                7.6457
   deuteron  025-056Mn    13.1358               18.3795
  025-055Mn              -57.7117    33.3531                   147         92
      gamma  025-055Mn     0.0000                0.0000
    neutron  025-054Mn     8.0714               10.2266
     proton  024-054Cr     7.2890                8.0671
      alpha  023-051V      2.4249                7.9330
   deuteron  024-053Cr    13.1358               15.5617
  026-057Fe              -60.1812    25.1117                   113         30
      gamma  026-057Fe     0.0000                0.0000
    neutron  026-056Fe     8.0714                7.6462
     proton  025-056Mn     7.2890               10.5594
      alpha  024-053Cr     2.4249                7.3202
   deuteron  025-055Mn    13.1358               15.6053
  027-057Co              -59.3449    21.2684                    88         54
      gamma  027-057Co     0.0000                0.0000
    neutron  027-056Co     8.0714               11.3766
     proton  026-056Fe     7.2890                6.0276
      alpha  025-053Mn     2.4249                7.0808
   deuteron  026-055Fe    13.1358               15.0002
  026-057Fe              -60.1812    22.8870                   102         30
      gamma  026-057Fe     0.0000                0.0000
    neutron  026-056Fe     8.0714                7.6462
     proton  025-056Mn     7.2890               10.5594
      alpha  024-053Cr     2.4249                7.3202
   deuteron  025-055Mn    13.1358               15.6053
  025-054Mn              -55.5565    23.1265                   104         34
      gamma  025-054Mn     0.0000                0.0000
    neutron  025-053Mn     8.0714                8.9389
     proton  024-053Cr     7.2890                7.5597
      alpha  023-050V      2.4249                8.7576
   deuteron  024-052Cr    13.1358               13.2743
  026-056Fe              -60.6064    17.4655                    61         77
      gamma  026-056Fe     0.0000                0.0000
    neutron  026-055Fe     8.0714               11.1972
     proton  025-055Mn     7.2890               10.1837
      alpha  024-052Cr     2.4249                7.6133
  025-057Mn              -57.4861    20.9744                    92         34
      gamma  025-057Mn     0.0000                0.0000
    neutron  025-056Mn     8.0714                8.6467
     proton  024-056Cr     7.2890                9.4939
      alpha  023-053V      2.4249                8.0611
   deuteron  024-055Cr    13.1358               15.5133
  024-054Cr              -56.9337    25.2861                   103         39
      gamma  024-054Cr     0.0000                0.0000
    neutron  024-053Cr     8.0714                9.7192
     proton  023-053V      7.2890               12.3727
      alpha  022-050Ti     2.4249                7.9279
   deuteron  023-052V     13.1358               18.6259
  025-056Mn              -56.9108    14.5523                    63         46
      gamma  025-056Mn     0.0000                0.0000
    neutron  025-055Mn     8.0714                7.2706
     proton  024-055Cr     7.2890                9.0912
      alpha  023-052V      2.4249                7.8922
   deuteron  024-054Cr    13.1358               13.1130
  023-051V               -52.2037    25.4202                   106         69
      gamma  023-051V      0.0000                0.0000
    neutron  023-050V      8.0714               11.0513
     proton  022-050Ti     7.2890                8.0620
      alpha  021-047Sc     2.4249               10.2930
   deuteron  022-049Ti    13.1358               16.7767
  024-053Cr              -55.2859    17.7915                    71         34
      gamma  024-053Cr     0.0000                0.0000
    neutron  024-052Cr     8.0714                7.9392
     proton  023-052V      7.2890               11.1313
      alpha  022-049Ti     2.4249                9.1480
   deuteron  023-051V     13.1358               16.2180
  025-055Mn              -57.7117     9.5064                    28         92
      gamma  025-055Mn     0.0000                0.0000
     proton  024-054Cr     7.2890                8.0671
      alpha  023-051V      2.4249                7.9330
  027-056Co              -56.0398     9.8918                    35         32
      gamma  027-056Co     0.0000                0.0000
     proton  026-055Fe     7.2890                5.8482
      alpha  025-052Mn     2.4249                7.7579
  026-056Fe              -60.6064    15.2409                    50         77
      gamma  026-056Fe     0.0000                0.0000
    neutron  026-055Fe     8.0714               11.1972
     proton  025-055Mn     7.2890               10.1837
      alpha  024-052Cr     2.4249                7.6133
  025-053Mn              -54.6890    14.1876                    52         44
      gamma  025-053Mn     0.0000                0.0000
    neutron  025-052Mn     8.0714               12.0536
     proton  024-052Cr     7.2890                6.5600
      alpha  023-049V      2.4249                9.1530
  026-055Fe              -57.4806     6.2683                    15         31
      gamma  026-055Fe     0.0000                0.0000
  025-056Mn              -56.9108    12.3277                    52         46
      gamma  025-056Mn     0.0000                0.0000
    neutron  025-055Mn     8.0714                7.2706
     proton  024-055Cr     7.2890                9.0912
      alpha  023-052V      2.4249                7.8922
  024-053Cr              -55.2859    15.5668                    59         34
      gamma  024-053Cr     0.0000                0.0000
    neutron  024-052Cr     8.0714                7.9392
     proton  023-052V      7.2890               11.1313
      alpha  022-049Ti     2.4249                9.1480
  025-055Mn              -57.7117     7.2817                    17         92
      gamma  025-055Mn     0.0000                0.0000
  023-050V               -49.2239    14.3689                    60         43
      gamma  023-050V      0.0000                0.0000
    neutron  023-049V      8.0714                9.3343
     proton  022-049Ti     7.2890                7.9501
      alpha  021-046Sc     2.4249                9.8883
   deuteron  022-048Ti    13.1358               13.8680
  024-052Cr              -55.4181     9.8522                    29         17
      gamma  024-052Cr     0.0000                0.0000
      alpha  022-048Ti     2.4249                9.3513
  024-056Cr              -55.2812    11.4805                    36         23
      gamma  024-056Cr     0.0000                0.0000
    neutron  024-055Cr     8.0714                8.2440
      alpha  022-052Ti     2.4249                8.2373
  023-053V               -51.8500    12.9133                    50         24
      gamma  023-053V      0.0000                0.0000
    neutron  023-052V      8.0714                8.4778
     proton  022-052Ti     7.2890                9.6702
      alpha  021-049Sc     2.4249                7.7138
  024-055Cr              -55.1086     5.4611                    11         36
      gamma  024-055Cr     0.0000                0.0000
  022-050Ti              -51.4307    17.3581                    58         40
      gamma  022-050Ti     0.0000                0.0000
    neutron  022-049Ti     8.0714               10.9393
     proton  021-049Sc     7.2890               12.1586
      alpha  020-046Ca     2.4249               10.7172
  023-052V               -51.4436     6.6601                    21         32
      gamma  023-052V      0.0000                0.0000
  024-054Cr              -56.9337     1.4393                     0         39
      gamma  024-054Cr     0.0000                0.0000
  021-047Sc              -44.3356    15.1272                    63         28
      gamma  021-047Sc     0.0000                0.0000
    neutron  021-046Sc     8.0714               10.6466
     proton  020-046Ca     7.2890                8.4863
      alpha  019-043K      2.4249               10.1852
  022-049Ti              -48.5628     8.6435                    24         41
      gamma  022-049Ti     0.0000                0.0000
    neutron  022-048Ti     8.0714                8.1425
  023-051V               -52.2037     1.5734                     0         69
      gamma  023-051V      0.0000                0.0000
  026-055Fe              -57.4806     4.0436                     3         31
      gamma  026-055Fe     0.0000                0.0000
  025-052Mn              -50.7069     2.1340                     0         47
      gamma  025-052Mn     0.0000                0.0000
  025-055Mn              -57.7117     5.0571                     6         92
      gamma  025-055Mn     0.0000                0.0000
  024-052Cr              -55.4181     7.6276                    18         17
      gamma  024-052Cr     0.0000                0.0000
  023-049V               -47.9610     5.0346                    11         36
      gamma  023-049V      0.0000                0.0000
  024-055Cr              -55.1086     3.2364                     0         36
      gamma  024-055Cr     0.0000                0.0000
  023-052V               -51.4436     4.4355                    10         32
      gamma  023-052V      0.0000                0.0000
  022-049Ti              -48.5628     6.4188                    13         41
      gamma  022-049Ti     0.0000                0.0000
  021-046Sc              -41.7605     4.4806                    10         67
      gamma  021-046Sc     0.0000                0.0000
  022-048Ti              -48.4917     0.5010                     0         63
      gamma  022-048Ti     0.0000                0.0000
  022-052Ti              -49.4688     3.2432                     0         20
      gamma  022-052Ti     0.0000                0.0000
  021-049Sc              -46.5611     5.1995                     4         25
      gamma  021-049Sc     0.0000                0.0000
  020-046Ca              -43.1384     6.6409                     2         54
      gamma  020-046Ca     0.0000                0.0000
  019-043K               -36.5754     4.9420                     8         37
      gamma  019-043K      0.0000                0.0000
#......................................................................../  026-057Fe //  26.000000
#                                                                          LEVEL DENSITY PARAMETERS
#                 a       Pairing     T          E0         Em         Sigma2     Eshell
  027-059Co     7.7065     1.4438     1.5264    -2.9139    11.5997     7.7063  -2.757200
  027-058Co     7.5715     0.0000     1.6003    -4.5097    10.6265     8.1538  -3.270900
  026-058Fe     7.5715     2.6240     1.4533    -1.2878    11.9123     5.8167  -2.027200
  025-055Mn     7.1675     1.4696     1.6536    -3.6282    12.9169     6.5000  -2.554700
  026-057Fe     7.4367     1.5804     1.5737    -3.0878    12.2497     4.5917  -2.515600
  027-057Co     7.4367     1.4927     1.6583    -3.0254    12.2736     6.8935  -3.742600
  025-054Mn     7.0331     0.0000     1.5814    -3.6263     9.3214     7.3235  -2.894400
  026-056Fe     7.3020     2.6593     1.6240    -1.8095    13.2217     6.4286  -3.111000
  025-057Mn     7.4367     1.4198     1.4373    -2.5221    10.6638     3.7426  -1.494100
  024-054Cr     7.0331     2.6811     1.5243    -0.9696    11.7541     5.9744  -2.242300
  025-056Mn     7.3020     0.0000     1.5287    -4.3615    10.0833     4.8043  -1.982200
  023-051V      6.6309     1.4973     1.7524    -3.3151    12.8516     7.3098  -2.858800
  024-053Cr     6.8989     1.6273     1.5780    -1.9343    10.9467     8.0074  -2.552300
  027-056Co     7.3020     0.0000     1.5491    -2.5217     7.6611     6.6250  -4.263500
  025-053Mn     6.8989     1.5243     1.7121    -2.8200    12.2660     8.0568  -3.371000
  026-055Fe     7.1675     1.5728     1.6603    -2.4655    11.9733     9.7944  -3.480400
  023-050V      6.4971     0.0000     1.6684    -4.1537    10.6092    10.1163  -1.868700
  024-052Cr     6.7648     2.7206     1.6036    -0.5728    11.6175     7.0000  -2.974400
  024-056Cr     7.3020     2.6418     1.2771     0.2342     9.2497     4.8460  -1.224700
  023-053V      6.8989     1.4418     1.5365    -2.1568    10.4543     5.9167  -2.189000
  024-055Cr     7.1675     1.6306     1.4907    -2.1573    11.0288     8.3889  -1.681300
  022-050Ti     6.4971     2.7448     1.6364    -0.2460    11.3754     7.3250  -3.035900
  023-052V      6.7648     0.0000     1.5348    -3.0418     8.3249     6.7187  -2.479300
  021-047Sc     6.0967     1.5269     1.8071    -3.8457    13.7991     7.5893  -1.529900
  022-049Ti     6.3635     1.6809     1.6900    -2.4532    12.0931     8.1189  -2.028000
  023-049V      6.3635     1.5589     1.7451    -3.7685    13.8085     9.3056  -1.306600
  021-046Sc     5.9635     0.0000     1.7802    -5.3686    12.2084     7.7463  -0.759200
  021-049Sc     6.3635     1.4646     1.6449    -0.9119     9.1717     6.7350  -3.534200
  020-046Ca     5.9635     2.8164     1.6803    -0.4335    11.8074     6.6296  -2.073300
  019-043K      5.5649     1.5585     1.7709    -3.2835    12.7020     5.5946  -0.369500
#......................................................................../  026-057Fe //  26.000000
#                                                                       GIANT DIPOLE RESONANCE DATA
#          Energy[MeV] Width[MeV] Sigma0[mb]            Profile
         E1    16.6562     3.9874  51.492284                 GL
         E1    19.4148     6.3548  52.914197                 GL
         M1    10.5317     4.0000   0.732384                 SL
         E2    16.1829     5.4020   1.361737                 SL
         M2    10.5317     4.0000   0.000586                 SL
         E3    16.1829     5.4020   0.001089                 SL
         M1     3.3291     1.5000   0.741830                 SL
#......................................................................../  026-057Fe //  26.000000
#                                                                       SUM OF PRECOMPOUND EMISSION
#            027-059Co      gamma    neutron     proton      alpha   deuteron
 SpcSum[mb]            0.0000e+00 4.5614e+02 5.7437e+02 2.4418e+01 2.9841e+01
 Emean[MeV]            0.0000e+00 1.6651e+01 1.8398e+01 1.9136e+01 1.2308e+01
#          
#           TotalPreEq   Compound   Fraction
  Sigma[mb] 1.0848e+03 1.7286e+03 6.2756e-01
#......................................................................../  026-057Fe //  26.000000
#                                                                          SUM SPECTRA FOR COMPOUND
#            027-059Co      gamma    neutron     proton      alpha   deuteron
 SpcSum[mb]            1.8845e-01 4.5007e+02 1.3100e+02 5.3156e+01 9.5532e+00
 Emean[MeV]            1.3078e+01 3.6531e+00 6.9562e+00 1.1492e+01 6.8238e+00
#......................................................................../  026-057Fe //  26.000000
#                                                                   GAMMAS FROM DISCRETE TRANSITION
#           0 0 0 0 0 0             027-059Co
#   Ex[MeV]     Jpi    FinalState  Branching Production    Egamma Production   T(1/2)[s]
 82  3.9501    3.5-                          4.6240e-08
                        0  0.0000     1.0000               3.9501 4.6188e-08
 81  3.9442    3.5+                          4.5526e-08                       6.0000e-13
                        3  1.2916     1.0000               2.6526 4.5506e-08
 80  3.9263    4.5+                          7.0224e-08
                        0  0.0000     0.0435               3.9263 3.0532e-09
                        2  1.1905     0.0435               2.7359 3.0532e-09
                        5  1.4595     0.0435               2.4668 3.0532e-09
                        7  1.7447     0.0435               2.1816 3.0532e-09
                        8  2.0618     0.0435               1.8645 3.0532e-09
                       15  2.5404     0.0435               1.3859 3.0532e-09
                       17  2.5858     0.0435               1.3405 3.0532e-09
                       24  2.8262     0.0435               1.1001 3.0532e-09
                       25  2.8291     0.0435               1.0972 3.0532e-09
                       31  2.9730     0.0435               0.9533 3.0532e-09
                       33  3.0149     0.0435               0.9114 3.0532e-09
                       34  3.0168     0.0435               0.9095 3.0532e-09
                       36  3.0816     0.0435               0.8447 3.0532e-09
                       37  3.0904     0.0435               0.8359 3.0532e-09
                       38  3.1209     0.0435               0.8054 3.0532e-09
                       40  3.1405     0.0435               0.7858 3.0532e-09
                       41  3.1410     0.0435               0.7853 3.0532e-09
                       51  3.3234     0.0435               0.6029 3.0532e-09
                       56  3.3820     0.0435               0.5443 3.0532e-09
                       57  3.4145     0.0435               0.5118 3.0532e-09
                       58  3.4261     0.0435               0.5002 3.0532e-09
                       60  3.4974     0.0435               0.4289 3.0532e-09
                       65  3.6228     0.0435               0.3035 3.0532e-09
 79  3.9152    2.5+                          3.3937e-08
                        0  0.0000     0.0312               3.9152 1.0605e-09
                        1  1.0993     0.0312               2.8159 1.0605e-09
                        3  1.2916     0.0312               2.6236 1.0605e-09
                        6  1.4817     0.0312               2.4335 1.0605e-09
                        7  1.7447     0.0312               2.1705 1.0605e-09
                        8  2.0618     0.0312               1.8534 1.0605e-09
                        9  2.0872     0.0312               1.8280 1.0605e-09
                       12  2.2048     0.0312               1.7104 1.0605e-09
                       14  2.4787     0.0312               1.4365 1.0605e-09
                       15  2.5404     0.0312               1.3748 1.0605e-09
                       16  2.5817     0.0312               1.3335 1.0605e-09
                       17  2.5858     0.0312               1.3294 1.0605e-09
                       20  2.7702     0.0312               1.1450 1.0605e-09
                       21  2.7817     0.0312               1.1335 1.0605e-09
                       24  2.8262     0.0312               1.0890 1.0605e-09
                       25  2.8291     0.0312               1.0861 1.0605e-09
                       26  2.9120     0.0312               1.0032 1.0605e-09
                       28  2.9579     0.0312               0.9573 1.0605e-09
                       30  2.9659     0.0312               0.9493 1.0605e-09
                       33  3.0149     0.0312               0.9003 1.0605e-09
                       37  3.0904     0.0312               0.8248 1.0605e-09
                       40  3.1405     0.0312               0.7747 1.0605e-09
                       41  3.1410     0.0312               0.7742 1.0605e-09
                       43  3.1637     0.0312               0.7515 1.0605e-09
                       45  3.2195     0.0312               0.6957 1.0605e-09
                       49  3.2760     0.0312               0.6392 1.0605e-09
                       51  3.3234     0.0312               0.5918 1.0605e-09
                       56  3.3820     0.0312               0.5332 1.0605e-09
                       58  3.4261     0.0312               0.4891 1.0605e-09
                       60  3.4974     0.0312               0.4178 1.0605e-09
                       66  3.6260     0.0312               0.2892 1.0605e-09
                       68  3.6672     0.0312               0.2480 1.0605e-09
 78  3.8886    4.5+                          7.2408e-08
                        0  0.0000     0.0435               3.8886 3.1482e-09
                        2  1.1905     0.0435               2.6982 3.1482e-09
                        5  1.4595     0.0435               2.4291 3.1482e-09
                        7  1.7447     0.0435               2.1439 3.1482e-09
                        8  2.0618     0.0435               1.8268 3.1482e-09
                       15  2.5404     0.0435               1.3482 3.1482e-09
                       17  2.5858     0.0435               1.3028 3.1482e-09
                       24  2.8262     0.0435               1.0624 3.1482e-09
                       25  2.8291     0.0435               1.0595 3.1482e-09
                       31  2.9730     0.0435               0.9156 3.1482e-09
                       33  3.0149     0.0435               0.8737 3.1482e-09
                       34  3.0168     0.0435               0.8718 3.1482e-09
                       36  3.0816     0.0435               0.8070 3.1482e-09
                       37  3.0904     0.0435               0.7982 3.1482e-09
                       38  3.1209     0.0435               0.7677 3.1482e-09
                       40  3.1405     0.0435               0.7481 3.1482e-09
                       41  3.1410     0.0435               0.7476 3.1482e-09
                       51  3.3234     0.0435               0.5652 3.1482e-09
                       56  3.3820     0.0435               0.5066 3.1482e-09
                       57  3.4145     0.0435               0.4741 3.1482e-09
                       58  3.4261     0.0435               0.4625 3.1482e-09
                       60  3.4974     0.0435               0.3912 3.1482e-09
                       65  3.6228     0.0435               0.2658 3.1482e-09
 77  3.8549    1.5+                          2.5272e-08
                        1  1.0993     0.0526               2.7556 1.3301e-09
                        3  1.2916     0.0526               2.5633 1.3301e-09
                        4  1.4343     0.0526               2.4206 1.3301e-09
                        6  1.4817     0.0526               2.3732 1.3301e-09
                        9  2.0872     0.0526               1.7677 1.3301e-09
                       12  2.2048     0.0526               1.6501 1.3301e-09
                       14  2.4787     0.0526               1.3762 1.3301e-09
                       16  2.5817     0.0526               1.2732 1.3301e-09
                       20  2.7702     0.0526               1.0847 1.3301e-09
                       21  2.7817     0.0526               1.0732 1.3301e-09
                       26  2.9120     0.0526               0.9429 1.3301e-09
                       28  2.9579     0.0526               0.8970 1.3301e-09
                       30  2.9659     0.0526               0.8890 1.3301e-09
                       35  3.0627     0.0526               0.7922 1.3301e-09
                       43  3.1637     0.0526               0.6912 1.3301e-09
                       45  3.2195     0.0526               0.6354 1.3301e-09
                       49  3.2760     0.0526               0.5789 1.3301e-09
                       66  3.6260     0.0526               0.2289 1.3301e-09
                       68  3.6672     0.0526               0.1877 1.3301e-09
 76  3.8427    5.5+                          1.1659e-07
                        5  1.4595     0.4709               2.3832 5.4852e-08
                        2  1.1905     0.5291               2.6522 6.1622e-08
 75  3.8321    2.5+                          3.6283e-08
                        0  0.0000     0.0312               3.8321 1.1338e-09
                        1  1.0993     0.0312               2.7328 1.1338e-09
                        3  1.2916     0.0312               2.5405 1.1338e-09
                        6  1.4817     0.0312               2.3504 1.1338e-09
                        7  1.7447     0.0312               2.0874 1.1338e-09
                        8  2.0618     0.0312               1.7703 1.1338e-09
                        9  2.0872     0.0312               1.7449 1.1338e-09
                       12  2.2048     0.0312               1.6273 1.1338e-09
                       14  2.4787     0.0312               1.3534 1.1338e-09
                       15  2.5404     0.0312               1.2917 1.1338e-09
                       16  2.5817     0.0312               1.2504 1.1338e-09
                       17  2.5858     0.0312               1.2463 1.1338e-09
                       20  2.7702     0.0312               1.0619 1.1338e-09
                       21  2.7817     0.0312               1.0504 1.1338e-09
                       24  2.8262     0.0312               1.0059 1.1338e-09
                       25  2.8291     0.0312               1.0030 1.1338e-09
                       26  2.9120     0.0312               0.9201 1.1338e-09
                       28  2.9579     0.0312               0.8742 1.1338e-09
                       30  2.9659     0.0312               0.8662 1.1338e-09
                       33  3.0149     0.0312               0.8172 1.1338e-09
                       37  3.0904     0.0312               0.7417 1.1338e-09
                       40  3.1405     0.0312               0.6916 1.1338e-09
                       41  3.1410     0.0312               0.6911 1.1338e-09
                       43  3.1637     0.0312               0.6684 1.1338e-09
                       45  3.2195     0.0312               0.6126 1.1338e-09
                       49  3.2760     0.0312               0.5561 1.1338e-09
                       51  3.3234     0.0312               0.5087 1.1338e-09
                       56  3.3820     0.0312               0.4501 1.1338e-09
                       58  3.4261     0.0312               0.4060 1.1338e-09
                       60  3.4974     0.0312               0.3347 1.1338e-09
                       66  3.6260     0.0312               0.2061 1.1338e-09
                       68  3.6672     0.0312               0.1649 1.1338e-09
 74  3.8209    1.5+                          2.5991e-08
                        1  1.0993     0.0526               2.7216 1.3679e-09
                        3  1.2916     0.0526               2.5293 1.3679e-09
                        4  1.4343     0.0526               2.3866 1.3679e-09
                        6  1.4817     0.0526               2.3392 1.3679e-09
                        9  2.0872     0.0526               1.7337 1.3679e-09
                       12  2.2048     0.0526               1.6161 1.3679e-09
                       14  2.4787     0.0526               1.3422 1.3679e-09
                       16  2.5817     0.0526               1.2392 1.3679e-09
                       20  2.7702     0.0526               1.0507 1.3679e-09
                       21  2.7817     0.0526               1.0392 1.3679e-09
                       26  2.9120     0.0526               0.9089 1.3679e-09
                       28  2.9579     0.0526               0.8630 1.3679e-09
                       30  2.9659     0.0526               0.8550 1.3679e-09
                       35  3.0627     0.0526               0.7582 1.3679e-09
                       43  3.1637     0.0526               0.6572 1.3679e-09
                       45  3.2195     0.0526               0.6014 1.3679e-09
                       49  3.2760     0.0526               0.5449 1.3679e-09
                       66  3.6260     0.0526               0.1949 1.3679e-09
                       68  3.6672     0.0526               0.1537 1.3679e-09
 73  3.8077    3.5+                          5.0791e-08
                        0  0.0000     0.0345               3.8077 1.7514e-09
                        2  1.1905     0.0345               2.6173 1.7514e-09
                        6  1.4817     0.0345               2.3260 1.7514e-09
                        7  1.7447     0.0345               2.0630 1.7514e-09
                        8  2.0618     0.0345               1.7459 1.7514e-09
                        9  2.0872     0.0345               1.7205 1.7514e-09
                       12  2.2048     0.0345               1.6029 1.7514e-09
                       14  2.4787     0.0345               1.3290 1.7514e-09
                       15  2.5404     0.0345               1.2673 1.7514e-09
                       17  2.5858     0.0345               1.2219 1.7514e-09
                       20  2.7702     0.0345               1.0375 1.7514e-09
                       21  2.7817     0.0345               1.0260 1.7514e-09
                       24  2.8262     0.0345               0.9815 1.7514e-09
                       25  2.8291     0.0345               0.9786 1.7514e-09
                       28  2.9579     0.0345               0.8498 1.7514e-09
                       33  3.0149     0.0345               0.7928 1.7514e-09
                       34  3.0168     0.0345               0.7909 1.7514e-09
                       36  3.0816     0.0345               0.7261 1.7514e-09
                       37  3.0904     0.0345               0.7173 1.7514e-09
                       40  3.1405     0.0345               0.6672 1.7514e-09
                       41  3.1410     0.0345               0.6667 1.7514e-09
                       43  3.1637     0.0345               0.6440 1.7514e-09
                       51  3.3234     0.0345               0.4843 1.7514e-09
                       56  3.3820     0.0345               0.4257 1.7514e-09
                       57  3.4145     0.0345               0.3932 1.7514e-09
                       58  3.4261     0.0345               0.3816 1.7514e-09
                       60  3.4974     0.0345               0.3103 1.7514e-09
                       66  3.6260     0.0345               0.1817 1.7514e-09
                       68  3.6672     0.0345               0.1405 1.7514e-09
 72  3.7924    1.5+                          2.6615e-08
                        1  1.0993     0.0526               2.6931 1.4008e-09
                        3  1.2916     0.0526               2.5008 1.4008e-09
                        4  1.4343     0.0526               2.3581 1.4008e-09
                        6  1.4817     0.0526               2.3107 1.4008e-09
                        9  2.0872     0.0526               1.7052 1.4008e-09
                       12  2.2048     0.0526               1.5876 1.4008e-09
                       14  2.4787     0.0526               1.3137 1.4008e-09
                       16  2.5817     0.0526               1.2107 1.4008e-09
                       20  2.7702     0.0526               1.0222 1.4008e-09
                       21  2.7817     0.0526               1.0107 1.4008e-09
                       26  2.9120     0.0526               0.8804 1.4008e-09
                       28  2.9579     0.0526               0.8345 1.4008e-09
                       30  2.9659     0.0526               0.8265 1.4008e-09
                       35  3.0627     0.0526               0.7297 1.4008e-09
                       43  3.1637     0.0526               0.6287 1.4008e-09
                       45  3.2195     0.0526               0.5729 1.4008e-09
                       49  3.2760     0.0526               0.5164 1.4008e-09
                       66  3.6260     0.0526               0.1664 1.4008e-09
                       68  3.6672     0.0526               0.1252 1.4008e-09
 71  3.7689    2.5+                          3.8216e-08
                        0  0.0000     0.0312               3.7689 1.1943e-09
                        1  1.0993     0.0312               2.6696 1.1943e-09
                        3  1.2916     0.0312               2.4773 1.1943e-09
                        6  1.4817     0.0312               2.2872 1.1943e-09
                        7  1.7447     0.0312               2.0242 1.1943e-09
                        8  2.0618     0.0312               1.7071 1.1943e-09
                        9  2.0872     0.0312               1.6817 1.1943e-09
                       12  2.2048     0.0312               1.5641 1.1943e-09
                       14  2.4787     0.0312               1.2902 1.1943e-09
                       15  2.5404     0.0312               1.2285 1.1943e-09
                       16  2.5817     0.0312               1.1872 1.1943e-09
                       17  2.5858     0.0312               1.1831 1.1943e-09
                       20  2.7702     0.0312               0.9987 1.1943e-09
                       21  2.7817     0.0312               0.9872 1.1943e-09
                       24  2.8262     0.0312               0.9427 1.1943e-09
                       25  2.8291     0.0312               0.9398 1.1943e-09
                       26  2.9120     0.0312               0.8569 1.1943e-09
                       28  2.9579     0.0312               0.8110 1.1943e-09
                       30  2.9659     0.0312               0.8030 1.1943e-09
                       33  3.0149     0.0312               0.7540 1.1943e-09
                       37  3.0904     0.0312               0.6785 1.1943e-09
                       40  3.1405     0.0312               0.6284 1.1943e-09
                       41  3.1410     0.0312               0.6279 1.1943e-09
                       43  3.1637     0.0312               0.6052 1.1943e-09
                       45  3.2195     0.0312               0.5494 1.1943e-09
                       49  3.2760     0.0312               0.4929 1.1943e-09
                       51  3.3234     0.0312               0.4455 1.1943e-09
                       56  3.3820     0.0312               0.3869 1.1943e-09
                       58  3.4261     0.0312               0.3428 1.1943e-09
                       60  3.4974     0.0312               0.2715 1.1943e-09
                       66  3.6260     0.0312               0.1429 1.1943e-09
                       68  3.6672     0.0312               0.1017 1.1943e-09
 70  3.7575    3.5+                          5.2925e-08
                        0  0.0000     0.0345               3.7575 1.8250e-09
                        2  1.1905     0.0345               2.5671 1.8250e-09
                        6  1.4817     0.0345               2.2758 1.8250e-09
                        7  1.7447     0.0345               2.0128 1.8250e-09
                        8  2.0618     0.0345               1.6957 1.8250e-09
                        9  2.0872     0.0345               1.6703 1.8250e-09
                       12  2.2048     0.0345               1.5527 1.8250e-09
                       14  2.4787     0.0345               1.2788 1.8250e-09
                       15  2.5404     0.0345               1.2171 1.8250e-09
                       17  2.5858     0.0345               1.1717 1.8250e-09
                       20  2.7702     0.0345               0.9873 1.8250e-09
                       21  2.7817     0.0345               0.9758 1.8250e-09
                       24  2.8262     0.0345               0.9313 1.8250e-09
                       25  2.8291     0.0345               0.9284 1.8250e-09
                       28  2.9579     0.0345               0.7996 1.8250e-09
                       33  3.0149     0.0345               0.7426 1.8250e-09
                       34  3.0168     0.0345               0.7407 1.8250e-09
                       36  3.0816     0.0345               0.6759 1.8250e-09
                       37  3.0904     0.0345               0.6671 1.8250e-09
                       40  3.1405     0.0345               0.6170 1.8250e-09
                       41  3.1410     0.0345               0.6165 1.8250e-09
                       43  3.1637     0.0345               0.5938 1.8250e-09
                       51  3.3234     0.0345               0.4341 1.8250e-09
                       56  3.3820     0.0345               0.3755 1.8250e-09
                       57  3.4145     0.0345               0.3430 1.8250e-09
                       58  3.4261     0.0345               0.3314 1.8250e-09
                       60  3.4974     0.0345               0.2601 1.8250e-09
                       66  3.6260     0.0345               0.1315 1.8250e-09
                       68  3.6672     0.0345               0.0903 1.8250e-09
 69  3.7373    0.5+                          1.5495e-08
                        1  1.0993     0.1111               2.6380 1.7216e-09
                        3  1.2916     0.1111               2.4457 1.7216e-09
                        4  1.4343     0.1111               2.3030 1.7216e-09
                       16  2.5817     0.1111               1.1556 1.7216e-09
                       26  2.9120     0.1111               0.8253 1.7216e-09
                       30  2.9659     0.1111               0.7714 1.7216e-09
                       35  3.0627     0.1111               0.6746 1.7216e-09
                       45  3.2195     0.1111               0.5178 1.7216e-09
                       49  3.2760     0.1111               0.4613 1.7216e-09
 68  3.6672    2.5-                          5.4408e-08
                        1  1.0993     0.5713               2.5679 3.1065e-08
                        0  0.0000     0.4287               3.6672 2.3301e-08
 67  3.6528    2.5+                          4.2145e-08
                        1  1.0993     1.0000               2.5535 4.2103e-08
 66  3.6260    2.5-                          5.5888e-08                       3.0000e-14
                        6  1.4817     1.0000               2.1443 5.5866e-08
 65  3.6228    5.5-                          1.4844e-07
                        0  0.0000     1.0000               3.6228 1.4828e-07
 64  3.5995    4.5+                          9.2273e-08
                        0  0.0000     0.0455               3.5995 4.1942e-09
                        2  1.1905     0.0455               2.4090 4.1942e-09
                        5  1.4595     0.0455               2.1400 4.1942e-09
                        7  1.7447     0.0455               1.8548 4.1942e-09
                        8  2.0618     0.0455               1.5377 4.1942e-09
                       15  2.5404     0.0455               1.0591 4.1942e-09
                       17  2.5858     0.0455               1.0137 4.1942e-09
                       24  2.8262     0.0455               0.7733 4.1942e-09
                       25  2.8291     0.0455               0.7704 4.1942e-09
                       31  2.9730     0.0455               0.6265 4.1942e-09
                       33  3.0149     0.0455               0.5846 4.1942e-09
                       34  3.0168     0.0455               0.5827 4.1942e-09
                       36  3.0816     0.0455               0.5179 4.1942e-09
                       37  3.0904     0.0455               0.5091 4.1942e-09
                       38  3.1209     0.0455               0.4786 4.1942e-09
                       40  3.1405     0.0455               0.4590 4.1942e-09
                       41  3.1410     0.0455               0.4585 4.1942e-09
                       51  3.3234     0.0455               0.2761 4.1942e-09
                       56  3.3820     0.0455               0.2175 4.1942e-09
                       57  3.4145     0.0455               0.1850 4.1942e-09
                       58  3.4261     0.0455               0.1734 4.1942e-09
                       60  3.4974     0.0455               0.1021 4.1942e-09
 63  3.5801    2.5+                          4.4883e-08
                        0  0.0000     0.0333               3.5801 1.4961e-09
                        1  1.0993     0.0333               2.4808 1.4961e-09
                        3  1.2916     0.0333               2.2885 1.4961e-09
                        6  1.4817     0.0333               2.0984 1.4961e-09
                        7  1.7447     0.0333               1.8354 1.4961e-09
                        8  2.0618     0.0333               1.5183 1.4961e-09
                        9  2.0872     0.0333               1.4929 1.4961e-09
                       12  2.2048     0.0333               1.3753 1.4961e-09
                       14  2.4787     0.0333               1.1014 1.4961e-09
                       15  2.5404     0.0333               1.0397 1.4961e-09
                       16  2.5817     0.0333               0.9984 1.4961e-09
                       17  2.5858     0.0333               0.9943 1.4961e-09
                       20  2.7702     0.0333               0.8099 1.4961e-09
                       21  2.7817     0.0333               0.7984 1.4961e-09
                       24  2.8262     0.0333               0.7539 1.4961e-09
                       25  2.8291     0.0333               0.7510 1.4961e-09
                       26  2.9120     0.0333               0.6681 1.4961e-09
                       28  2.9579     0.0333               0.6222 1.4961e-09
                       30  2.9659     0.0333               0.6142 1.4961e-09
                       33  3.0149     0.0333               0.5652 1.4961e-09
                       37  3.0904     0.0333               0.4897 1.4961e-09
                       40  3.1405     0.0333               0.4396 1.4961e-09
                       41  3.1410     0.0333               0.4391 1.4961e-09
                       43  3.1637     0.0333               0.4164 1.4961e-09
                       45  3.2195     0.0333               0.3606 1.4961e-09
                       49  3.2760     0.0333               0.3041 1.4961e-09
                       51  3.3234     0.0333               0.2567 1.4961e-09
                       56  3.3820     0.0333               0.1981 1.4961e-09
                       58  3.4261     0.0333               0.1540 1.4961e-09
                       60  3.4974     0.0333               0.0827 1.4961e-09
 62  3.5701    5.5+                          1.4652e-07
                        2  1.1905     0.1111               2.3796 1.6280e-08
                        5  1.4595     0.1111               2.1106 1.6280e-08
                       10  2.1536     0.1111               1.4165 1.6280e-08
                       31  2.9730     0.1111               0.5971 1.6280e-08
                       34  3.0168     0.1111               0.5533 1.6280e-08
                       36  3.0816     0.1111               0.4885 1.6280e-08
                       38  3.1209     0.1111               0.4492 1.6280e-08
                       46  3.2238     0.1111               0.3463 1.6280e-08
                       57  3.4145     0.1111               0.1556 1.6280e-08
 61  3.5650    0.5+                          1.8010e-08
                        9  2.0872     0.3333               1.4778 6.0032e-09
                        6  1.4817     0.3333               2.0833 6.0032e-09
                        3  1.2916     0.3333               2.2734 6.0032e-09
 60  3.4974    3.5-                          8.4872e-08
                        0  0.0000     1.0000               3.4974 8.4792e-08
 59  3.4916    0.5+                          1.9254e-08
                        6  1.4817     0.3333               2.0099 6.4181e-09
                        3  1.2916     0.3333               2.2000 6.4181e-09
                        1  1.0993     0.3333               2.3923 6.4181e-09
 58  3.4261    3.5-                          8.8843e-08                       5.5000e-14
                        5  1.4595     0.6210               1.9666 5.5152e-08
                        0  0.0000     0.3790               3.4261 3.3641e-08
 57  3.4145    4.5-                          1.3901e-07
                        6  1.4817     0.4695               1.9328 6.5244e-08
                        1  1.0993     0.3708               2.3152 5.1532e-08
                        0  0.0000     0.1597               3.4145 2.2180e-08
 56  3.3820    3.5-                          9.1440e-08                       7.6000e-14
                        7  1.7447     0.2276               1.6373 2.0807e-08
                        5  1.4595     0.6896               1.9225 6.3036e-08
                        0  0.0000     0.0828               3.3820 7.5652e-09
 55  3.3660    4.5+                          1.1323e-07
                        0  0.0000     0.0556               3.3660 6.2903e-09
                        2  1.1905     0.0556               2.1756 6.2903e-09
                        5  1.4595     0.0556               1.9065 6.2903e-09
                        7  1.7447     0.0556               1.6213 6.2903e-09
                        8  2.0618     0.0556               1.3042 6.2903e-09
                       15  2.5404     0.0556               0.8256 6.2903e-09
                       17  2.5858     0.0556               0.7802 6.2903e-09
                       24  2.8262     0.0556               0.5398 6.2903e-09
                       25  2.8291     0.0556               0.5369 6.2903e-09
                       31  2.9730     0.0556               0.3930 6.2903e-09
                       33  3.0149     0.0556               0.3511 6.2903e-09
                       34  3.0168     0.0556               0.3492 6.2903e-09
                       36  3.0816     0.0556               0.2844 6.2903e-09
                       37  3.0904     0.0556               0.2756 6.2903e-09
                       38  3.1209     0.0556               0.2451 6.2903e-09
                       40  3.1405     0.0556               0.2255 6.2903e-09
                       41  3.1410     0.0556               0.2250 6.2903e-09
                       51  3.3234     0.0556               0.0426 6.2903e-09
 54  3.3509    0.5+                          2.1987e-08
                        1  1.0993     0.1111               2.2516 2.4430e-09
                        3  1.2916     0.1111               2.0593 2.4430e-09
                        4  1.4343     0.1111               1.9166 2.4430e-09
                       16  2.5817     0.1111               0.7692 2.4430e-09
                       26  2.9120     0.1111               0.4389 2.4430e-09
                       30  2.9659     0.1111               0.3850 2.4430e-09
                       35  3.0627     0.1111               0.2882 2.4430e-09
                       45  3.2195     0.1111               0.1314 2.4430e-09
                       49  3.2760     0.1111               0.0749 2.4430e-09
 53  3.3298    2.5+                          5.6287e-08
                        0  0.0000     1.0000               3.3298 5.6208e-08
 52  3.3254    7.5+                          1.4198e-06                       3.2000e-13
                       10  2.1536     1.0000               1.1718 1.4197e-06
 51  3.3234    3.5-                          1.0136e-07
                       21  2.7817     0.0617               0.5417 6.2485e-09
                       10  2.1536     0.1234               1.1698 1.2500e-08
                        6  1.4817     0.0487               1.8417 4.9333e-09
                        4  1.4343     0.2759               1.8891 2.7956e-08
                        3  1.2916     0.1656               2.0318 1.6777e-08
                        0  0.0000     0.3248               3.3234 3.2888e-08
 50  3.3200    2.5+                          5.6806e-08
                        6  1.4817     0.5000               1.8383 2.8403e-08
                        1  1.0993     0.5000               2.2207 2.8403e-08
 49  3.2760    1.5-                          5.6665e-08
                        0  0.0000     1.0000               3.2760 5.6613e-08
 48  3.2410    3.5+                          8.3012e-08
                        1  1.0993     1.0000               2.1417 8.2989e-08
 47  3.2364    2.5+                          6.1477e-08
                        0  0.0000     0.0400               3.2364 2.4591e-09
                        1  1.0993     0.0400               2.1371 2.4591e-09
                        3  1.2916     0.0400               1.9448 2.4591e-09
                        6  1.4817     0.0400               1.7547 2.4591e-09
                        7  1.7447     0.0400               1.4917 2.4591e-09
                        8  2.0618     0.0400               1.1746 2.4591e-09
                        9  2.0872     0.0400               1.1492 2.4591e-09
                       12  2.2048     0.0400               1.0316 2.4591e-09
                       14  2.4787     0.0400               0.7577 2.4591e-09
                       15  2.5404     0.0400               0.6960 2.4591e-09
                       16  2.5817     0.0400               0.6547 2.4591e-09
                       17  2.5858     0.0400               0.6506 2.4591e-09
                       20  2.7702     0.0400               0.4662 2.4591e-09
                       21  2.7817     0.0400               0.4547 2.4591e-09
                       24  2.8262     0.0400               0.4102 2.4591e-09
                       25  2.8291     0.0400               0.4073 2.4591e-09
                       26  2.9120     0.0400               0.3244 2.4591e-09
                       28  2.9579     0.0400               0.2785 2.4591e-09
                       30  2.9659     0.0400               0.2705 2.4591e-09
                       33  3.0149     0.0400               0.2215 2.4591e-09
                       37  3.0904     0.0400               0.1460 2.4591e-09
                       40  3.1405     0.0400               0.0959 2.4591e-09
                       41  3.1410     0.0400               0.0954 2.4591e-09
                       43  3.1637     0.0400               0.0727 2.4591e-09
                       45  3.2195     0.0400               0.0169 2.4591e-09
 46  3.2238    6.5-                          3.8218e-07                       7.0000e-13
                       11  2.1835     0.5494               1.0403 2.0995e-07
                        5  1.4595     0.4506               1.7643 1.7217e-07
 45  3.2195    1.5-                          6.1343e-08
                       24  2.8262     0.2403               0.3933 1.4691e-08
                       13  2.3948     0.2694               0.8247 1.6512e-08
                        0  0.0000     0.4903               3.2195 3.0050e-08
 44  3.1938    2.5+                          6.4042e-08
                       10  2.1536     0.2986               1.0402 1.9094e-08
                        3  1.2916     0.1094               1.9022 7.0017e-09
                        2  1.1905     0.0944               2.0034 6.0464e-09
                        0  0.0000     0.4976               3.1938 3.1823e-08
 43  3.1637    2.5-                          8.1261e-08
                        1  1.0993     1.0000               2.0644 8.1232e-08
 42  3.1604    1.5+                          4.7557e-08
                        0  0.0000     1.0000               3.1604 4.7529e-08
 41  3.1410    3.5-                          1.1653e-07
                        7  1.7447     0.5000               1.3964 5.8266e-08
                        5  1.4595     0.5000               1.6815 5.8266e-08
 40  3.1405    3.5-                          1.1657e-07
                        9  2.0872     0.2926               1.0533 3.4103e-08
                        2  1.1905     0.2195               1.9500 2.5579e-08
                        0  0.0000     0.4879               3.1405 5.6829e-08
 39  3.1221    3.5+                          9.2651e-08
                        1  1.0993     1.0000               2.0228 9.2628e-08
 38  3.1209    5.5-                          2.5040e-07
                        0  0.0000     1.0000               3.1209 2.5019e-07
 37  3.0904    3.5-                          1.2048e-07                       2.1000e-13
                        9  2.0872     0.4807               1.0032 5.7910e-08
                        3  1.2916     0.2596               1.7988 3.1272e-08
                        1  1.0993     0.2596               1.9911 3.1269e-08
 36  3.0816    4.5-                          1.8137e-07                       2.1000e-13
                        2  1.1905     1.0000               1.8912 1.8131e-07
 35  3.0627    0.5-                          3.8759e-08
                       15  2.5404     1.0000               0.5223 3.8513e-08
 34  3.0168    4.5-                          1.8983e-07
                       13  2.3948     0.2010               0.6220 3.8146e-08
                        7  1.7447     0.4902               1.2721 9.3042e-08
                        5  1.4595     0.3088               1.5573 5.8609e-08
 33  3.0149    3.5-                          1.2675e-07                       2.3000e-13
                        8  2.0618     0.1759               0.9531 2.2290e-08
                        5  1.4595     0.3257               1.5554 4.1274e-08
                        3  1.2916     0.2182               1.7233 2.7650e-08
                        0  0.0000     0.2802               3.0149 3.5488e-08
 32  2.9770    1.5+                          5.7319e-08
                        1  1.0993     0.0769               1.8777 4.4092e-09
                        3  1.2916     0.0769               1.6854 4.4092e-09
                        4  1.4343     0.0769               1.5427 4.4092e-09
                        6  1.4817     0.0769               1.4953 4.4092e-09
                        9  2.0872     0.0769               0.8898 4.4092e-09
                       12  2.2048     0.0769               0.7722 4.4092e-09
                       14  2.4787     0.0769               0.4983 4.4092e-09
                       16  2.5817     0.0769               0.3953 4.4092e-09
                       20  2.7702     0.0769               0.2068 4.4092e-09
                       21  2.7817     0.0769               0.1953 4.4092e-09
                       26  2.9120     0.0769               0.0650 4.4092e-09
                       28  2.9579     0.0769               0.0191 4.4092e-09
                       30  2.9659     0.0769               0.0111 4.4092e-09
 31  2.9730    5.5-                          2.8031e-07
                        7  1.7447     1.0000               1.2283 2.8027e-07
 30  2.9659    1.5-                          7.7385e-08                       3.0000e-14
                       11  2.1835     0.2555               0.7824 1.9694e-08
                        1  1.0993     0.0914               1.8666 7.0703e-09
                        0  0.0000     0.6531               2.9659 5.0501e-08
 29  2.9631    3.5+                          1.0764e-07
                        7  1.7447     0.3333               1.2184 3.5879e-08
                        2  1.1905     0.3333               1.7726 3.5879e-08
                        0  0.0000     0.3333               2.9631 3.5879e-08
 28  2.9579    2.5-                          9.8799e-08
                       17  2.5858     0.3289               0.3721 3.2404e-08
                       12  2.2048     0.1740               0.7531 1.7184e-08
                        1  1.0993     0.4971               1.8586 4.9099e-08
 27  2.9146    2.5+                          8.4467e-08
                       13  2.3948     0.2819               0.5198 2.3781e-08
                        9  2.0872     0.2487               0.8274 2.1006e-08
                        2  1.1905     0.4693               1.7242 3.9637e-08
 26  2.9120    1.5-                          8.0250e-08                       4.3000e-14
                        8  2.0618     0.2907               0.8502 2.3321e-08
                        0  0.0000     0.7093               2.9120 5.6878e-08
 25  2.8291    3.5-                          1.4427e-07
                        1  1.0993     1.0000               1.7298 1.4424e-07
 24  2.8262    3.5-                          1.5931e-07                       8.0000e-14
                        2  1.1905     0.0621               1.6358 9.8914e-09
                        1  1.0993     0.6210               1.7269 9.8909e-08
                        0  0.0000     0.3169               2.8262 5.0452e-08
 23  2.8242    6.5+                          6.1861e-07                       5.5000e-14
                       10  2.1536     0.2009               0.6706 1.2425e-07
                        9  2.0872     0.2410               0.7370 1.4836e-07
                        0  0.0000     0.5581               2.8242 3.4507e-07
 22  2.8168    2.5+                          9.3365e-08
                        0  0.0000     1.0000               2.8168 9.3257e-08
 21  2.7817    2.5-                          1.1857e-07                       9.7000e-14
                        1  1.0993     0.1525               1.6824 1.8079e-08
                        0  0.0000     0.8475               2.7817 1.0042e-07
 20  2.7702    2.5-                          1.1328e-07
                        8  2.0618     0.5000               0.7084 5.6642e-08
                        4  1.4343     0.5000               1.3359 5.6642e-08
 19  2.7224    3.5+                          1.3583e-07
                       15  2.5404     0.2011               0.1820 2.7099e-08
                       11  2.1835     0.7989               0.5389 1.0838e-07
 18  2.7131    0.5+                          4.2841e-08
                       10  2.1536     0.1999               0.5595 8.5640e-09
                        1  1.0993     0.8001               1.6138 3.4264e-08
 17  2.5858    3.5-                          2.0493e-07                       6.8000e-14
                        2  1.1905     0.4219               1.3953 8.6446e-08
                        0  0.0000     0.5781               2.5858 1.1840e-07
 16  2.5817    1.5-                          1.0136e-07                       2.1000e-13
                        0  0.0000     1.0000               2.5817 1.0129e-07
 15  2.5404    3.5-                          2.4450e-07                       1.5000e-13
                        7  1.7447     0.7246               0.7957 1.7710e-07
                        2  1.1905     0.1377               1.3499 3.3663e-08
                        0  0.0000     0.1377               2.5404 3.3648e-08
 14  2.4787    2.5-                          1.4153e-07                       2.9000e-14
                       12  2.2048     0.1312               0.2739 1.8440e-08
                        0  0.0000     0.8688               2.4787 1.2290e-07
 13  2.3948    4.5+                          3.6029e-07                       1.3000e-13
                        8  2.0618     0.0527               0.3330 1.8953e-08
                        7  1.7447     0.4385               0.6501 1.5793e-07
                        5  1.4595     0.1754               0.9353 6.3184e-08
                        0  0.0000     0.3335               2.3948 1.2004e-07
 12  2.2048    2.5-                          2.1149e-07                       6.9000e-13
                        6  1.4817     0.3597               0.7231 7.6042e-08
                        4  1.4343     0.0935               0.7705 1.9775e-08
                        3  1.2916     0.2590               0.9132 5.4765e-08
                        2  1.1905     0.2194               1.0143 4.6392e-08
                        0  0.0000     0.0684               2.2048 1.4450e-08
 11  2.1835    5.5+                          8.7011e-07                       4.1000e-14
                        7  1.7447     0.0000               0.4388 0.0000e+00
                        3  1.2916     0.1243               0.8919 1.0789e-07
                        2  1.1905     0.7749               0.9930 6.7418e-07
                        0  0.0000     0.1008               2.1835 8.7683e-08
 10  2.1536    6.5-                          2.6587e-06                       1.4000e-14
                        5  1.4595     1.0000               0.6941 2.6575e-06
  9  2.0872    2.5-                          4.6115e-07                       1.7000e-14
                        7  1.7447     0.1581               0.3425 7.2646e-08
                        3  1.2916     0.3917               0.7956 1.8058e-07
                        0  0.0000     0.4502               2.0872 2.0754e-07
  8  2.0618    3.5-                          3.7939e-07                       1.3000e-13
                        7  1.7447     0.0374               0.3171 1.4108e-08
                        6  1.4817     0.4140               0.5800 1.5697e-07
                        2  1.1905     0.4650               0.8713 1.7636e-07
                        0  0.0000     0.0837               2.0618 3.1745e-08
  7  1.7447    3.5-                          1.2403e-06                       3.2000e-13
                        6  1.4817     0.1059               0.2630 1.3087e-07
                        2  1.1905     0.3389               0.5542 4.2004e-07
                        0  0.0000     0.5552               1.7447 6.8852e-07
  6  1.4817    2.5-                          8.4059e-07                       1.6600e-13
                        3  1.2916     0.0110               0.1901 8.9792e-09
                        1  1.0993     0.2261               0.3825 1.8978e-07
                        0  0.0000     0.7629               1.4817 6.4122e-07
  5  1.4595    5.5-                          4.1545e-06                       1.0700e-12
                        2  1.1905     0.0711               0.2691 2.9323e-07
                        0  0.0000     0.9289               1.4595 3.8583e-06
  4  1.4343    0.5-                          2.4029e-07                       2.1000e-10
                        3  1.2916     0.7929               0.1427 1.8740e-07
                        1  1.0993     0.2071               0.3350 4.9665e-08
  3  1.2916    1.5-                          9.4307e-07                       5.5100e-10
                        1  1.0993     0.0669               0.1923 6.2473e-08
                        0  0.0000     0.9331               1.2916 8.7992e-07
  2  1.1905    4.5-                          2.8195e-06                       5.2000e-14
                        0  0.0000     1.0000               1.1905 2.8192e-06
  1  1.0993    1.5-                          1.3932e-06                       3.1000e-12
                        0  0.0000     1.0000               1.0993 1.3929e-06
  0  0.0000    3.5-                          1.3594e-05
#......................................................................../  026-057Fe //  26.000000
#                                                                          SUM SPECTRA FOR COMPOUND
#            027-058Co      gamma    neutron     proton      alpha   deuteron
 SpcSum[mb]            4.0432e+02 5.2315e+02 1.6303e+02 6.5056e+01 6.3033e+00
 Emean[MeV]            2.0076e+00 2.5766e+00 5.9248e+00 1.0566e+01 6.3003e+00
#......................................................................../  026-057Fe //  26.000000
#                                                                   GAMMAS FROM DISCRETE TRANSITION
#           1 0 0 0 0 0             027-058Co
#   Ex[MeV]     Jpi    FinalState  Branching Production    Egamma Production   T(1/2)[s]
 51  2.2600    3.0-                          9.2831e-01
                        0  0.0000     0.0400               2.2600 3.7132e-02
                        2  0.0532     0.0400               2.2068 3.7132e-02
                        3  0.1118     0.0400               2.1482 3.7132e-02
                        4  0.3657     0.0400               1.8943 3.7132e-02
                        6  0.4575     0.0400               1.8025 3.7132e-02
                        7  0.8856     0.0400               1.3744 3.7132e-02
                        8  1.0401     0.0400               1.2199 3.7132e-02
                        9  1.0443     0.0400               1.2157 3.7132e-02
                       14  1.2366     0.0400               1.0234 3.7132e-02
                       16  1.3535     0.0400               0.9065 3.7132e-02
                       20  1.4240     0.0400               0.8360 3.7132e-02
                       23  1.5133     0.0400               0.7467 3.7132e-02
                       24  1.5226     0.0400               0.7374 3.7132e-02
                       25  1.5244     0.0400               0.7356 3.7132e-02
                       27  1.5547     0.0400               0.7053 3.7132e-02
                       28  1.6056     0.0400               0.6544 3.7132e-02
                       29  1.6699     0.0400               0.5901 3.7132e-02
                       32  1.7493     0.0400               0.5106 3.7132e-02
                       37  1.8430     0.0400               0.4170 3.7132e-02
                       38  1.8658     0.0400               0.3942 3.7132e-02
                       40  1.9250     0.0400               0.3350 3.7132e-02
                       42  1.9788     0.0400               0.2812 3.7132e-02
                       43  2.0070     0.0400               0.2530 3.7132e-02
                       44  2.0700     0.0400               0.1900 3.7132e-02
                       47  2.1660     0.0400               0.0940 3.7132e-02
 50  2.2488    1.0+                          4.4678e-01
                        0  0.0000     1.0000               2.2488 4.4658e-01
 49  2.2250    5.0+                          9.7088e-01
                       46  2.1050     1.0000               0.1200 9.7088e-01
 48  2.1848    6.0+                          1.2611e+00
                       13  1.1846     1.0000               1.0002 1.2608e+00
 47  2.1660    3.0+                          9.3221e-01
                       46  2.1050     1.0000               0.0610 9.3221e-01
 46  2.1050    4.0-                          3.1795e+00
                        1  0.0249     0.0385               2.0800 1.2229e-01
                        2  0.0532     0.0385               2.0518 1.2229e-01
                        3  0.1118     0.0385               1.9932 1.2229e-01
                        4  0.3657     0.0385               1.7393 1.2229e-01
                        5  0.3739     0.0385               1.7311 1.2229e-01
                        6  0.4575     0.0385               1.6475 1.2229e-01
                        7  0.8856     0.0385               1.2194 1.2229e-01
                        8  1.0401     0.0385               1.0649 1.2229e-01
                        9  1.0443     0.0385               1.0607 1.2229e-01
                       13  1.1846     0.0385               0.9204 1.2229e-01
                       15  1.3515     0.0385               0.7535 1.2229e-01
                       19  1.4181     0.0385               0.6869 1.2229e-01
                       20  1.4240     0.0385               0.6810 1.2229e-01
                       23  1.5133     0.0385               0.5917 1.2229e-01
                       25  1.5244     0.0385               0.5806 1.2229e-01
                       26  1.5488     0.0385               0.5562 1.2229e-01
                       27  1.5547     0.0385               0.5503 1.2229e-01
                       28  1.6056     0.0385               0.4994 1.2229e-01
                       29  1.6699     0.0385               0.4351 1.2229e-01
                       31  1.7405     0.0385               0.3645 1.2229e-01
                       32  1.7493     0.0385               0.3557 1.2229e-01
                       34  1.7780     0.0385               0.3270 1.2229e-01
                       37  1.8430     0.0385               0.2620 1.2229e-01
                       42  1.9788     0.0385               0.1262 1.2229e-01
                       43  2.0070     0.0385               0.0980 1.2229e-01
                       44  2.0700     0.0385               0.0350 1.2229e-01
 45  2.0805    6.0+                          1.4346e+00
                       13  1.1846     1.0000               0.8959 1.4343e+00
 44  2.0700    4.0+                          1.2815e+00
                        2  0.0532     1.0000               2.0168 1.2815e+00
 43  2.0070    3.0+                          1.2288e+00
                        3  0.1118     1.0000               1.8952 1.2288e+00
 42  1.9788    3.0+                          1.2636e+00
                        9  1.0443     1.0000               0.9345 1.2633e+00
 41  1.9290    7.0+                          4.6440e+00                       2.7700e-13
                       21  1.4246     0.7296               0.5044 3.3845e+00
                        5  0.3739     0.2704               1.5551 1.2555e+00
 40  1.9250    2.0+                          1.0667e+00
                       12  1.1330     1.0000               0.7920 1.0667e+00
 39  1.8677    1.0+                          7.2437e-01
                       10  1.0502     0.0000               0.8175 0.0000e+00
                        2  0.0532     0.4012               1.8145 2.9056e-01
                        0  0.0000     0.5988               1.8677 4.3363e-01
 38  1.8658    2.0+                          1.1451e+00
                        7  0.8856     0.2500               0.9802 2.8628e-01
                        6  0.4575     0.2500               1.4083 2.8628e-01
                        2  0.0532     0.2500               1.8126 2.8628e-01
                        0  0.0000     0.2500               1.8658 2.8628e-01
 37  1.8430    3.0+                          1.4504e+00
                        3  0.1118     1.0000               1.7312 1.4504e+00
 36  1.8280    0.0-                          3.5707e-01
                       10  1.0502     0.1667               0.7778 5.9511e-02
                       17  1.3690     0.1667               0.4590 5.9511e-02
                       18  1.3769     0.1667               0.4511 5.9511e-02
                       22  1.4349     0.1667               0.3931 5.9511e-02
                       30  1.7292     0.1667               0.0988 5.9511e-02
                       33  1.7572     0.1667               0.0708 5.9511e-02
 35  1.8133    0.0+                          3.0821e-01
                        0  0.0000     1.0000               1.8133 3.0812e-01
 34  1.7780    5.0+                          1.6866e+00
                        1  0.0249     1.0000               1.7530 1.6866e+00
 33  1.7572    1.0+                          8.9973e-01
                       10  1.0502     0.4083               0.7070 3.6720e-01
                        3  0.1118     0.5917               1.6454 5.3225e-01
 32  1.7493    4.0+                          1.7571e+00
                        7  0.8856     0.4630               0.8637 8.1323e-01
                        2  0.0532     0.2454               1.6962 4.3106e-01
                        0  0.0000     0.2917               1.7493 5.1236e-01
 31  1.7405    5.0+                          1.7527e+00
                        3  0.1118     1.0000               1.6287 1.7523e+00
 30  1.7292    1.0+                          9.3226e-01
                        5  0.3739     0.1567               1.3553 1.4604e-01
                        4  0.3657     0.7463               1.3636 6.9560e-01
                        0  0.0000     0.0970               1.7292 9.0435e-02
 29  1.6699    3.0+                          1.7410e+00
                       10  1.0502     1.0000               0.6197 1.7396e+00
 28  1.6056    3.0+                          1.8662e+00
                        6  0.4575     0.0000               1.1481 0.0000e+00
                        3  0.1118     0.7407               1.4939 1.3821e+00
                        0  0.0000     0.2593               1.6056 4.8382e-01
 27  1.5547    3.0+                          1.9727e+00
                       10  1.0502     0.7197               0.5046 1.4176e+00
                        4  0.3657     0.0000               1.1891 0.0000e+00
                        0  0.0000     0.2803               1.5547 5.5286e-01
 26  1.5488    5.0+                          2.1417e+00
                       11  1.0755     0.3335               0.4733 7.1332e-01
                        7  0.8856     0.6665               0.6632 1.4265e+00
 25  1.5244    3.0+                          2.0395e+00
                        4  0.3657     0.4505               1.1587 9.1866e-01
                        0  0.0000     0.5495               1.5244 1.1205e+00
 24  1.5226    2.0+                          1.7493e+00
                        4  0.3657     0.4413               1.1569 7.7186e-01
                        3  0.1118     0.5587               1.4108 9.7720e-01
 23  1.5133    3.0+                          2.0645e+00
                        8  1.0401     0.1306               0.4732 2.6928e-01
                        5  0.3739     0.0988               1.1394 2.0394e-01
                        4  0.3657     0.3952               1.1477 8.1578e-01
                        1  0.0249     0.3754               1.4884 7.7489e-01
 22  1.4349    1.0+                          1.3716e+00                       6.0000e-13
                        0  0.0000     1.0000               1.4349 1.3713e+00
 21  1.4246    6.0+                          7.0091e+00                       7.6000e-14
                        5  0.3739     0.8961               1.0507 6.2797e+00
                        1  0.0249     0.1039               1.3997 7.2814e-01
 20  1.4240    3.0+                          2.2791e+00
                        3  0.1118     1.0000               1.3122 2.2791e+00
 19  1.4181    5.0+                          2.4625e+00
                        5  0.3739     1.0000               1.0442 2.4621e+00
 18  1.3769    1.0+                          1.4830e+00                       1.6000e-13
                       10  1.0502     0.0683               0.3267 1.0081e-01
                        9  1.0443     0.4461               0.3326 6.4087e-01
                        0  0.0000     0.4856               1.3769 7.2005e-01
 17  1.3690    1.0+                          1.4988e+00
                       12  1.1330     1.0000               0.2360 1.4988e+00
 16  1.3535    2.0+                          2.1658e+00                       6.0000e-13
                        4  0.3657     0.5650               0.9878 1.2234e+00
                        3  0.1118     0.2373               1.2417 5.1388e-01
                        0  0.0000     0.1977               1.3535 4.2812e-01
 15  1.3515    5.0+                          2.6459e+00
                        7  0.8856     0.0742               0.4659 1.9592e-01
                        6  0.4575     0.9258               0.8940 2.4490e+00
 14  1.2366    2.0+                          2.5121e+00
                        3  0.1118     0.2537               1.1248 6.3722e-01
                        0  0.0000     0.7463               1.2366 1.8745e+00
 13  1.1846    5.0+                          5.8679e+00                       9.7000e-14
                        6  0.4575     0.6897               0.7271 4.0454e+00
                        2  0.0532     0.2069               1.1315 1.2139e+00
                        1  0.0249     0.1034               1.1597 6.0665e-01
 12  1.1330    1.0-                          5.1283e+00
                        0  0.0000     0.5000               1.1330 2.5641e+00
                       10  1.0502     0.5000               0.0828 2.5641e+00
 11  1.0755    6.0+                          6.9511e+00                       6.9000e-14
                        5  0.3739     0.1327               0.7016 9.2199e-01
                        1  0.0249     0.8673               1.0505 6.0276e+00
 10  1.0502    1.0+                          8.5098e+00                       1.4000e-13
                        4  0.3657     0.0305               0.6845 2.5939e-01
                        3  0.1118     0.3598               0.9384 3.0610e+00
                        0  0.0000     0.6097               1.0502 5.1875e+00
  9  1.0443    4.0+                          5.6321e+00                       1.2000e-12
                        5  0.3739     0.0000               0.6703 0.0000e+00
                        3  0.1118     0.1803               0.9325 1.0152e+00
                        0  0.0000     0.8197               1.0443 4.6157e+00
  8  1.0401    3.0+                          3.7836e+00                       1.4000e-13
                        6  0.4575     0.4609               0.5826 1.7429e+00
                        4  0.3657     0.2350               0.6745 8.8868e-01
                        0  0.0000     0.3041               1.0401 1.1504e+00
  7  0.8856    3.0+                          6.9126e+00                       1.5000e-13
                        5  0.3739     0.1727               0.5117 1.1921e+00
                        4  0.3657     0.2036               0.5200 1.4060e+00
                        3  0.1118     0.4423               0.7739 3.0564e+00
                        2  0.0532     0.0531               0.8325 3.6682e-01
                        1  0.0249     0.1283               0.8607 8.8661e-01
  6  0.4575    4.0+                          1.5511e+01                       9.0000e-13
                        4  0.3657     0.0171               0.0918 1.8979e-01
                        3  0.1118     0.1596               0.3457 2.4670e+00
                        2  0.0532     0.0065               0.4043 1.0123e-01
                        1  0.0249     0.8167               0.4325 1.2654e+01
  5  0.3739    5.0+                          2.0189e+01                       8.0000e-13
                        2  0.0532     0.9424               0.3208 1.8986e+01
                        1  0.0249     0.0576               0.3490 1.1582e+00
  4  0.3657    3.0+                          1.4819e+01                       1.1000e-12
                        3  0.1118     0.0090               0.2539 1.3197e-01
                        2  0.0532     0.0000               0.3125 0.0000e+00
                        0  0.0000     0.9910               0.3657 1.4663e+01
  3  0.1118    3.0+                          3.0600e+01                       1.4000e-10
                        2  0.0532     0.4185               0.0586 1.0880e+01
                        0  0.0000     0.5815               0.1118 1.7268e+01
  2  0.0532    4.0+                          4.6626e+01                       1.0500e-05
                        1  0.0249     0.3332               0.0282 1.9180e+00
                        0  0.0000     0.6668               0.0532 4.4606e+00
  1  0.0249    5.0+                          5.1409e+01                       3.2760e+04
                        0  0.0000     1.0000               0.0249 2.0392e-02
  0  0.0000    2.0+                          1.4867e+02                       6.1220e+06
#......................................................................../  026-057Fe //  26.000000
#                                                                         ISOMERIC STATE PRODUCTION
#            027-058Co
#   Ex[MeV]     Jpi     T(1/2)[s]  Prod.[mb]
  1  0.0249    5.0+    3.2760e+04 5.1409e+01
#......................................................................../  026-057Fe //  26.000000
#                                                                          SUM SPECTRA FOR COMPOUND
#            026-058Fe      gamma    neutron     proton      alpha   deuteron
 SpcSum[mb]            6.7462e+02 5.0702e+02 8.4049e+00 9.0601e+00 5.4652e-01
 Emean[MeV]            1.9650e+00 2.2602e+00 5.4321e+00 9.7177e+00 5.3683e+00
#......................................................................../  026-057Fe //  26.000000
#                                                                   GAMMAS FROM DISCRETE TRANSITION
#           0 1 0 0 0 0             026-058Fe
#   Ex[MeV]     Jpi    FinalState  Branching Production    Egamma Production   T(1/2)[s]
 59  4.7200    1.0-                          4.4209e-01
                        0  0.0000     0.0303               4.7200 1.3397e-02
                        1  0.8108     0.0303               3.9092 1.3397e-02
                        2  1.6747     0.0303               3.0453 1.3397e-02
                        5  2.2580     0.0303               2.4620 1.3397e-02
                        7  2.7821     0.0303               1.9379 1.3397e-02
                        9  2.8763     0.0303               1.8437 1.3397e-02
                       11  3.0837     0.0303               1.6363 1.3397e-02
                       13  3.2333     0.0303               1.4867 1.3397e-02
                       14  3.2440     0.0303               1.4760 1.3397e-02
                       15  3.3890     0.0303               1.3310 1.3397e-02
                       17  3.5380     0.0303               1.1820 1.3397e-02
                       18  3.5430     0.0303               1.1770 1.3397e-02
                       20  3.6296     0.0303               1.0904 1.3397e-02
                       23  3.8540     0.0303               0.8660 1.3397e-02
                       25  3.8801     0.0303               0.8399 1.3397e-02
                       28  4.0108     0.0303               0.7092 1.3397e-02
                       29  4.0150     0.0303               0.7050 1.3397e-02
                       31  4.1392     0.0303               0.5808 1.3397e-02
                       32  4.1580     0.0303               0.5620 1.3397e-02
                       35  4.2370     0.0303               0.4830 1.3397e-02
                       36  4.2978     0.0303               0.4222 1.3397e-02
                       37  4.3129     0.0303               0.4071 1.3397e-02
                       38  4.3225     0.0303               0.3975 1.3397e-02
                       40  4.3480     0.0303               0.3720 1.3397e-02
                       41  4.3500     0.0303               0.3700 1.3397e-02
                       42  4.3527     0.0303               0.3673 1.3397e-02
                       46  4.4443     0.0303               0.2757 1.3397e-02
                       47  4.4500     0.0303               0.2700 1.3397e-02
                       49  4.4931     0.0303               0.2269 1.3397e-02
                       51  4.5301     0.0303               0.1898 1.3397e-02
                       52  4.5504     0.0303               0.1696 1.3397e-02
                       55  4.6200     0.0303               0.1000 1.3397e-02
                       58  4.7110     0.0303               0.0090 1.3397e-02
 58  4.7110    2.0+                          6.5496e-01
                       24  3.8609     0.2000               0.8501 1.3099e-01
                       44  4.4380     0.2000               0.2730 1.3099e-01
                       48  4.4680     0.2000               0.2430 1.3099e-01
                       53  4.5900     0.2000               0.1210 1.3099e-01
                       54  4.6100     0.2000               0.1010 1.3099e-01
 57  4.6694    7.0+                          1.9594e+00                       3.8000e-13
                       33  4.2146     0.1742               0.4547 3.4067e-01
                       26  3.8864     0.5240               0.7830 1.0264e+00
                       19  3.5969     0.2515               1.0725 4.9271e-01
                       16  3.4497     0.0000               1.2197 0.0000e+00
                        8  2.8647     0.0503               1.8047 9.8537e-02
 56  4.6610    4.0-                          1.0026e+00
                        3  2.0765     0.0909               2.5845 9.1144e-02
                        4  2.1339     0.0909               2.5271 9.1144e-02
                        6  2.6004     0.0909               2.0606 9.1144e-02
                       12  3.1340     0.0909               1.5270 9.1144e-02
                       16  3.4497     0.0909               1.2113 9.1144e-02
                       21  3.7542     0.0909               0.9068 9.1144e-02
                       27  3.9016     0.0909               0.7594 9.1144e-02
                       30  4.0885     0.0909               0.5725 9.1144e-02
                       33  4.2146     0.0909               0.4464 9.1144e-02
                       39  4.3400     0.0909               0.3210 9.1144e-02
                       50  4.5140     0.0909               0.1470 9.1144e-02
 55  4.6200    2.0+                          7.2086e-01
                       24  3.8609     0.2000               0.7591 1.4417e-01
                       44  4.4380     0.2000               0.1820 1.4417e-01
                       48  4.4680     0.2000               0.1520 1.4417e-01
                       53  4.5900     0.2000               0.0300 1.4417e-01
                       54  4.6100     0.2000               0.0100 1.4417e-01
 54  4.6100    3.0-                          1.2591e+00
                        1  0.8108     0.0385               3.7992 4.8426e-02
                        2  1.6747     0.0385               2.9353 4.8426e-02
                        3  2.0765     0.0385               2.5335 4.8426e-02
                        4  2.1339     0.0385               2.4761 4.8426e-02
                        6  2.6004     0.0385               2.0096 4.8426e-02
                        9  2.8763     0.0385               1.7337 4.8426e-02
                       11  3.0837     0.0385               1.5263 4.8426e-02
                       12  3.1340     0.0385               1.4760 4.8426e-02
                       13  3.2333     0.0385               1.3767 4.8426e-02
                       15  3.3890     0.0385               1.2210 4.8426e-02
                       16  3.4497     0.0385               1.1603 4.8426e-02
                       18  3.5430     0.0385               1.0670 4.8426e-02
                       20  3.6296     0.0385               0.9804 4.8426e-02
                       21  3.7542     0.0385               0.8558 4.8426e-02
                       23  3.8540     0.0385               0.7560 4.8426e-02
                       27  3.9016     0.0385               0.7084 4.8426e-02
                       28  4.0108     0.0385               0.5992 4.8426e-02
                       30  4.0885     0.0385               0.5215 4.8426e-02
                       35  4.2370     0.0385               0.3730 4.8426e-02
                       36  4.2978     0.0385               0.3122 4.8426e-02
                       37  4.3129     0.0385               0.2971 4.8426e-02
                       39  4.3400     0.0385               0.2700 4.8426e-02
                       40  4.3480     0.0385               0.2620 4.8426e-02
                       49  4.4931     0.0385               0.1169 4.8426e-02
                       50  4.5140     0.0385               0.0960 4.8426e-02
                       51  4.5301     0.0385               0.0799 4.8426e-02
 53  4.5900    3.0-                          1.2824e+00
                        3  2.0765     0.2591               2.5135 3.3195e-01
                        1  0.8108     0.7409               3.7792 9.4863e-01
 52  4.5504    1.0+                          5.2455e-01                       2.1000e-14
                       31  4.1392     0.0075               0.4111 3.9172e-03
                       14  3.2440     0.0747               1.3064 3.9170e-02
                        9  2.8763     0.3574               1.6740 1.8745e-01
                        2  1.6747     0.5337               2.8756 2.7978e-01
                        1  0.8108     0.0267               3.7396 1.3991e-02
 51  4.5301    2.0+                          8.4182e-01
                       11  3.0837     0.4998               1.4465 4.2072e-01
                        2  1.6747     0.3200               2.8554 2.6922e-01
                        0  0.0000     0.1801               4.5301 1.5142e-01
 50  4.5140    3.0+                          1.2386e+00
                       24  3.8609     0.1667               0.6531 2.0644e-01
                       34  4.2300     0.1667               0.2840 2.0644e-01
                       43  4.3980     0.1667               0.1160 2.0644e-01
                       44  4.4380     0.1667               0.0760 2.0644e-01
                       45  4.4400     0.1667               0.0740 2.0644e-01
                       48  4.4680     0.1667               0.0460 2.0644e-01
 49  4.4931    2.0+                          8.7411e-01
                        2  1.6747     0.9233               2.8184 8.0655e-01
                        1  0.8108     0.0767               3.6823 6.6944e-02
 48  4.4680    3.0-                          1.6454e+00
                        1  0.8108     0.0435               3.6572 7.1540e-02
                        2  1.6747     0.0435               2.7933 7.1540e-02
                        3  2.0765     0.0435               2.3915 7.1540e-02
                        4  2.1339     0.0435               2.3341 7.1540e-02
                        6  2.6004     0.0435               1.8676 7.1540e-02
                        9  2.8763     0.0435               1.5917 7.1540e-02
                       11  3.0837     0.0435               1.3843 7.1540e-02
                       12  3.1340     0.0435               1.3340 7.1540e-02
                       13  3.2333     0.0435               1.2347 7.1540e-02
                       15  3.3890     0.0435               1.0790 7.1540e-02
                       16  3.4497     0.0435               1.0183 7.1540e-02
                       18  3.5430     0.0435               0.9250 7.1540e-02
                       20  3.6296     0.0435               0.8384 7.1540e-02
                       21  3.7542     0.0435               0.7138 7.1540e-02
                       23  3.8540     0.0435               0.6140 7.1540e-02
                       27  3.9016     0.0435               0.5664 7.1540e-02
                       28  4.0108     0.0435               0.4572 7.1540e-02
                       30  4.0885     0.0435               0.3795 7.1540e-02
                       35  4.2370     0.0435               0.2310 7.1540e-02
                       36  4.2978     0.0435               0.1702 7.1540e-02
                       37  4.3129     0.0435               0.1551 7.1540e-02
                       39  4.3400     0.0435               0.1280 7.1540e-02
                       40  4.3480     0.0435               0.1200 7.1540e-02
 47  4.4500    0.0+                          1.7403e-01
                        7  2.7821     1.0000               1.6679 1.7403e-01
 46  4.4443    1.0+                          5.9106e-01                       6.0000e-15
                        7  2.7821     0.5615               1.6622 3.3181e-01
                        0  0.0000     0.4385               4.4443 2.5887e-01
 45  4.4400    4.0-                          1.4887e+00
                        3  2.0765     0.1000               2.3635 1.4887e-01
                        4  2.1339     0.1000               2.3061 1.4887e-01
                        6  2.6004     0.1000               1.8396 1.4887e-01
                       12  3.1340     0.1000               1.3060 1.4887e-01
                       16  3.4497     0.1000               0.9903 1.4887e-01
                       21  3.7542     0.1000               0.6858 1.4887e-01
                       27  3.9016     0.1000               0.5384 1.4887e-01
                       30  4.0885     0.1000               0.3515 1.4887e-01
                       33  4.2146     0.1000               0.2254 1.4887e-01
                       39  4.3400     0.1000               0.1000 1.4887e-01
 44  4.4380    2.0-                          1.3878e+00
                        1  0.8108     0.0435               3.6272 6.0340e-02
                        2  1.6747     0.0435               2.7633 6.0340e-02
                        4  2.1339     0.0435               2.3041 6.0340e-02
                        7  2.7821     0.0435               1.6559 6.0340e-02
                        9  2.8763     0.0435               1.5617 6.0340e-02
                       11  3.0837     0.0435               1.3543 6.0340e-02
                       13  3.2333     0.0435               1.2047 6.0340e-02
                       15  3.3890     0.0435               1.0490 6.0340e-02
                       17  3.5380     0.0435               0.9000 6.0340e-02
                       18  3.5430     0.0435               0.8950 6.0340e-02
                       20  3.6296     0.0435               0.8084 6.0340e-02
                       23  3.8540     0.0435               0.5840 6.0340e-02
                       25  3.8801     0.0435               0.5579 6.0340e-02
                       27  3.9016     0.0435               0.5364 6.0340e-02
                       28  4.0108     0.0435               0.4272 6.0340e-02
                       29  4.0150     0.0435               0.4230 6.0340e-02
                       31  4.1392     0.0435               0.2988 6.0340e-02
                       35  4.2370     0.0435               0.2010 6.0340e-02
                       36  4.2978     0.0435               0.1402 6.0340e-02
                       37  4.3129     0.0435               0.1251 6.0340e-02
                       38  4.3225     0.0435               0.1155 6.0340e-02
                       40  4.3480     0.0435               0.0900 6.0340e-02
                       42  4.3527     0.0435               0.0853 6.0340e-02
 43  4.3980    4.0-                          1.5513e+00
                        3  2.0765     0.1000               2.3215 1.5513e-01
                        4  2.1339     0.1000               2.2641 1.5513e-01
                        6  2.6004     0.1000               1.7976 1.5513e-01
                       12  3.1340     0.1000               1.2640 1.5513e-01
                       16  3.4497     0.1000               0.9483 1.5513e-01
                       21  3.7542     0.1000               0.6438 1.5513e-01
                       27  3.9016     0.1000               0.4964 1.5513e-01
                       30  4.0885     0.1000               0.3095 1.5513e-01
                       33  4.2146     0.1000               0.1834 1.5513e-01
                       39  4.3400     0.1000               0.0580 1.5513e-01
 42  4.3527    1.0+                          7.1692e-01
                        7  2.7821     1.0000               1.5706 7.1692e-01
 41  4.3500    0.0+                          1.9207e-01
                        7  2.7821     1.0000               1.5679 1.9207e-01
 40  4.3480    2.0+                          1.1475e+00
                       24  3.8609     1.0000               0.4871 1.1475e+00
 39  4.3400    4.0+                          1.9484e+00
                        8  2.8647     0.2000               1.4753 3.8969e-01
                       10  2.9700     0.2000               1.3700 3.8969e-01
                       22  3.7895     0.2000               0.5505 3.8969e-01
                       24  3.8609     0.2000               0.4791 3.8969e-01
                       34  4.2300     0.2000               0.1100 3.8969e-01
 38  4.3225    1.0+                          7.4035e-01
                       11  3.0837     0.0344               1.2388 2.5458e-02
                        9  2.8763     0.6033               1.4462 4.4659e-01
                        0  0.0000     0.3623               4.3225 2.6792e-01
 37  4.3129    2.0+                          1.1857e+00                       1.1000e-14
                        9  2.8763     0.0151               1.4366 1.7864e-02
                        6  2.6004     0.0307               1.7125 3.6412e-02
                        4  2.1339     0.2087               2.1790 2.4733e-01
                        3  2.0765     0.1507               2.2364 1.7858e-01
                        2  1.6747     0.5798               2.6382 6.8698e-01
                        1  0.8108     0.0075               3.5022 8.9296e-03
                        0  0.0000     0.0075               4.3129 8.9301e-03
 36  4.2978    2.0+                          1.2026e+00                       2.8000e-15
                        1  0.8108     0.4999               3.4870 6.0062e-01
                        0  0.0000     0.5001               4.2978 6.0066e-01
 35  4.2370    2.0+                          1.2740e+00
                       24  3.8609     1.0000               0.3761 1.2740e+00
 34  4.2300    4.0-                          2.2281e+00
                        3  2.0765     0.1111               2.1535 2.4757e-01
                        4  2.1339     0.1111               2.0961 2.4757e-01
                        6  2.6004     0.1111               1.6296 2.4757e-01
                       12  3.1340     0.1111               1.0960 2.4757e-01
                       16  3.4497     0.1111               0.7803 2.4757e-01
                       21  3.7542     0.1111               0.4758 2.4757e-01
                       27  3.9016     0.1111               0.3284 2.4757e-01
                       30  4.0885     0.1111               0.1415 2.4757e-01
                       33  4.2146     0.1111               0.0154 2.4757e-01
 33  4.2146    5.0+                          2.7874e+00                       4.5000e-13
                        6  2.6004     0.8130               1.6142 2.2658e+00
                        3  2.0765     0.1870               2.1381 5.2105e-01
 32  4.1580    0.0+                          2.3343e-01
                        7  2.7821     1.0000               1.3759 2.3343e-01
 31  4.1392    1.0+                          9.0847e-01                       2.8000e-15
                        0  0.0000     1.0000               4.1392 9.0746e-01
 30  4.0885    4.0+                          2.6496e+00                       6.0000e-14
                       20  3.6296     0.0000               0.4589 0.0000e+00
                        6  2.6004     0.5000               1.4881 1.3246e+00
                        3  2.0765     0.5000               2.0120 1.3244e+00
 29  4.0150    1.0+                          1.0406e+00                       8.0000e-15
                        1  0.8108     1.0000               3.2042 1.0397e+00
 28  4.0108    2.0+                          1.5907e+00
                       24  3.8609     1.0000               0.1499 1.5907e+00
 27  3.9016    3.0+                          3.0270e+00                       3.1000e-14
                        6  2.6004     0.1615               1.3012 4.8880e-01
                        4  2.1339     0.7342               1.7677 2.2219e+00
                        3  2.0765     0.0081               1.8251 2.4440e-02
                        2  1.6747     0.0690               2.2269 2.0887e-01
                        1  0.8108     0.0228               3.0909 6.8870e-02
                        0  0.0000     0.0044               3.9016 1.3332e-02
 26  3.8864    6.0+                          4.1387e+00                       4.8000e-13
                       19  3.5969     0.3165               0.2895 1.3066e+00
                       16  3.4497     0.0518               0.4367 2.1384e-01
                        6  2.6004     0.0574               1.2860 2.3761e-01
                        3  2.0765     0.5743               1.8099 2.3762e+00
 25  3.8801    1.0+                          1.2152e+00                       4.0000e-15
                        7  2.7821     0.1173               1.0980 1.4253e-01
                        1  0.8108     0.4695               3.0693 5.7014e-01
                        0  0.0000     0.4132               3.8801 5.0162e-01
 24  3.8609    3.0-                          7.3434e+00                       9.0000e-14
                        2  1.6747     1.0000               2.1862 7.3377e+00
                        0  0.0000     0.0000               3.8609 0.0000e+00
 23  3.8540    2.0+                          1.8653e+00
                        1  0.8108     1.0000               3.0432 1.8653e+00
 22  3.7895    5.0-                          3.3652e+00                       2.6000e-14
                        3  2.0765     1.0000               1.7130 3.3636e+00
 21  3.7542    4.0+                          3.4952e+00                       1.3000e-14
                        3  2.0765     1.0000               1.6777 3.4945e+00
 20  3.6296    2.0+                          2.3538e+00                       8.0000e-15
                        1  0.8108     0.9233               2.8188 2.1718e+00
                        0  0.0000     0.0767               3.6296 1.8028e-01
 19  3.5969    6.0+                          6.5946e+00                       2.0000e-13
                        3  2.0765     1.0000               1.5204 6.5934e+00
 18  3.5430    2.0+                          2.5768e+00
                        1  0.8108     1.0000               2.7322 2.5768e+00
 17  3.5380    1.0+                          1.8143e+00                       8.0000e-15
                        2  1.6747     0.1496               1.8632 2.7135e-01
                        1  0.8108     0.6803               2.7272 1.2335e+00
                        0  0.0000     0.1701               3.5380 3.0834e-01
 16  3.4497    4.0+                          4.7975e+00                       3.6000e-13
                        6  2.6004     0.6897               0.8493 3.3080e+00
                        4  2.1339     0.3103               1.3158 1.4885e+00
                        3  2.0765     0.0000               1.3732 0.0000e+00
 15  3.3890    2.0+                          3.0274e+00
                        1  0.8108     1.0000               2.5782 3.0274e+00
 14  3.2440    0.0+                          6.6027e-01                       3.1000e-14
                        1  0.8108     1.0000               2.4332 6.5990e-01
 13  3.2333    2.0+                          3.5609e+00                       2.2000e-13
                        6  2.6004     0.1711               0.6329 6.0884e-01
                        3  2.0765     0.3214               1.1567 1.1443e+00
                        2  1.6747     0.1573               1.5585 5.6002e-01
                        1  0.8108     0.3420               2.4225 1.2172e+00
                        0  0.0000     0.0082               3.2333 2.9215e-02
 12  3.1340    4.0+                          6.1251e+00
                        8  2.8647     0.5000               0.2693 3.0626e+00
                       10  2.9700     0.5000               0.1640 3.0626e+00
 11  3.0837    2.0+                          4.6009e+00                       3.1000e-14
                        1  0.8108     0.7518               2.2729 3.4576e+00
                        0  0.0000     0.2482               3.0837 1.1410e+00
 10  2.9700    5.0-                          1.1266e+01
                        3  2.0765     0.5000               0.8935 5.6332e+00
                        6  2.6004     0.5000               0.3696 5.6332e+00
  9  2.8763    2.0+                          5.7750e+00                       9.5000e-14
                        1  0.8108     0.8546               2.0656 4.9337e+00
                        0  0.0000     0.1454               2.8763 8.3906e-01
  8  2.8647    5.0-                          1.2437e+01                       3.1000e-12
                        6  2.6004     1.0000               0.2643 1.2408e+01
  7  2.7821    1.0+                          6.1372e+00                       1.8000e-13
                        5  2.2580     0.0780               0.5242 4.7824e-01
                        2  1.6747     0.2233               1.1074 1.3703e+00
                        1  0.8108     0.4753               1.9714 2.9163e+00
                        0  0.0000     0.2234               2.7821 1.3703e+00
  6  2.6004    4.0+                          3.6346e+01                       5.5000e-13
                        4  2.1339     0.1334               0.4665 4.8427e+00
                        3  2.0765     0.3888               0.5239 1.4123e+01
                        2  1.6747     0.1769               0.9257 6.4280e+00
                        1  0.8108     0.3009               1.7896 1.0934e+01
  5  2.2580    0.0+                          2.1106e+00                       2.5000e-12
                        1  0.8108     1.0000               1.4472 2.1103e+00
  4  2.1339    3.0+                          2.3345e+01                       2.2000e-12
                        2  1.6747     0.2649               0.4592 6.1761e+00
                        1  0.8108     0.7351               1.3231 1.7159e+01
  3  2.0765    4.0+                          5.4965e+01                       2.8000e-13
                        1  0.8108     1.0000               1.2658 5.4958e+01
  2  1.6747    2.0+                          3.8086e+01                       1.6000e-12
                        1  0.8108     0.5669               0.8640 2.1586e+01
                        0  0.0000     0.4331               1.6747 1.6491e+01
  1  0.8108    2.0+                          1.5276e+02                       6.5400e-12
                        0  0.0000     1.0000               0.8108 1.5270e+02
  0  0.0000    0.0+                          1.8034e+02
#......................................................................../  026-057Fe //  26.000000
#                                                                          SUM SPECTRA FOR COMPOUND
#            025-055Mn      gamma    neutron     proton      alpha   deuteron
 SpcSum[mb]            2.2414e+01 6.3906e+01 4.1674e+00 2.5420e+00 1.4638e-01
 Emean[MeV]            2.2904e+00 2.5772e+00 5.6162e+00 9.6512e+00 5.0317e+00
#......................................................................../  026-057Fe //  26.000000
#                                                                   GAMMAS FROM DISCRETE TRANSITION
#           0 0 1 0 0 0             025-055Mn
#   Ex[MeV]     Jpi    FinalState  Branching Production    Egamma Production   T(1/2)[s]
 91  4.0030    4.5+                          3.1902e-02                       3.0000e-15
                        2  0.9843     0.1228               3.0187 3.9127e-03
                        0  0.0000     0.8772               4.0030 2.7960e-02
 90  3.9980    0.5-                          6.2356e-03
                       13  2.2810     0.0667               1.7170 4.1571e-04
                       18  2.4265     0.0667               1.5715 4.1571e-04
                       20  2.5820     0.0667               1.4160 4.1571e-04
                       21  2.6217     0.0667               1.3763 4.1571e-04
                       33  2.9840     0.0667               1.0140 4.1571e-04
                       44  3.0700     0.0667               0.9280 4.1571e-04
                       50  3.1953     0.0667               0.8027 4.1571e-04
                       53  3.2681     0.0667               0.7299 4.1571e-04
                       57  3.3790     0.0667               0.6190 4.1571e-04
                       59  3.4241     0.0667               0.5739 4.1571e-04
                       61  3.4800     0.0667               0.5180 4.1571e-04
                       68  3.6040     0.0667               0.3940 4.1571e-04
                       70  3.6108     0.0667               0.3872 4.1571e-04
                       74  3.6730     0.0667               0.3250 4.1571e-04
                       75  3.6820     0.0667               0.3160 4.1571e-04
 89  3.9832    4.5+                          3.2525e-02
                        1  0.1259     1.0000               3.8573 3.2472e-02
 88  3.9460    3.5+                          2.9140e-02
                        6  1.5284     1.0000               2.4177 2.9130e-02
 87  3.9320    5.5+                          3.4226e-02
                        2  0.9843     0.0909               2.9477 3.1115e-03
                        4  1.2921     0.0909               2.6399 3.1115e-03
                       14  2.3114     0.0909               1.6206 3.1115e-03
                       17  2.3984     0.0909               1.5336 3.1115e-03
                       26  2.8221     0.0909               1.1099 3.1115e-03
                       27  2.8237     0.0909               1.1083 3.1115e-03
                       37  3.0359     0.0909               0.8961 3.1115e-03
                       46  3.1261     0.0909               0.8059 3.1115e-03
                       54  3.3420     0.0909               0.5900 3.1115e-03
                       81  3.8131     0.0909               0.1189 3.1115e-03
                       83  3.8449     0.0909               0.0871 3.1115e-03
 86  3.9174    1.5-                          1.4808e-02
                       15  2.3658     1.0000               1.5516 1.4806e-02
 85  3.8829    1.5-                          1.5304e-02
                       15  2.3658     0.3226               1.5171 4.9360e-03
                        6  1.5284     0.3546               2.3546 5.4238e-03
                        0  0.0000     0.3229               3.8829 4.9360e-03
 84  3.8600    2.5+                          2.4851e-02
                        0  0.0000     0.0294               3.8600 7.3090e-04
                        1  0.1259     0.0294               3.7341 7.3090e-04
                        6  1.5284     0.0294               2.3316 7.3090e-04
                        7  1.8841     0.0294               1.9759 7.3090e-04
                        8  2.0152     0.0294               1.8448 7.3090e-04
                        9  2.1984     0.0294               1.6616 7.3090e-04
                       10  2.2150     0.0294               1.6450 7.3090e-04
                       11  2.2525     0.0294               1.6075 7.3090e-04
                       12  2.2668     0.0294               1.5932 7.3090e-04
                       15  2.3658     0.0294               1.4942 7.3090e-04
                       16  2.3800     0.0294               1.4800 7.3090e-04
                       19  2.5632     0.0294               1.2968 7.3090e-04
                       23  2.7273     0.0294               1.1327 7.3090e-04
                       25  2.7527     0.0294               1.1073 7.3090e-04
                       28  2.8284     0.0294               1.0316 7.3090e-04
                       30  2.9250     0.0294               0.9350 7.3090e-04
                       31  2.9534     0.0294               0.9066 7.3090e-04
                       32  2.9762     0.0294               0.8838 7.3090e-04
                       34  2.9918     0.0294               0.8682 7.3090e-04
                       35  3.0058     0.0294               0.8542 7.3090e-04
                       36  3.0280     0.0294               0.8320 7.3090e-04
                       40  3.0460     0.0294               0.8140 7.3090e-04
                       43  3.0600     0.0294               0.8000 7.3090e-04
                       45  3.0803     0.0294               0.7797 7.3090e-04
                       47  3.1360     0.0294               0.7240 7.3090e-04
                       48  3.1470     0.0294               0.7130 7.3090e-04
                       49  3.1584     0.0294               0.7016 7.3090e-04
                       51  3.2608     0.0294               0.5992 7.3090e-04
                       52  3.2632     0.0294               0.5968 7.3090e-04
                       55  3.3510     0.0294               0.5090 7.3090e-04
                       64  3.5281     0.0294               0.3319 7.3090e-04
                       67  3.6000     0.0294               0.2600 7.3090e-04
                       69  3.6080     0.0294               0.2520 7.3090e-04
                       76  3.7035     0.0294               0.1565 7.3090e-04
 83  3.8449    5.5-                          4.0276e-02                       2.0000e-13
                       14  2.3114     1.0000               1.5335 4.0270e-02
 82  3.8315    3.5+                          3.2659e-02
                        9  2.1984     0.4997               1.6331 1.6313e-02
                        1  0.1259     0.5003               3.7056 1.6314e-02
 81  3.8131    6.5-                          3.9903e-02                       8.3000e-14
                       42  3.0547     1.0000               0.7584 3.9891e-02
 80  3.8000    4.5+                          3.8994e-02
                        1  0.1259     0.0625               3.6741 2.4371e-03
                        2  0.9843     0.0625               2.8157 2.4371e-03
                        4  1.2921     0.0625               2.5079 2.4371e-03
                        7  1.8841     0.0625               1.9159 2.4371e-03
                        8  2.0152     0.0625               1.7848 2.4371e-03
                        9  2.1984     0.0625               1.6016 2.4371e-03
                       17  2.3984     0.0625               1.4016 2.4371e-03
                       23  2.7273     0.0625               1.0727 2.4371e-03
                       26  2.8221     0.0625               0.9779 2.4371e-03
                       27  2.8237     0.0625               0.9763 2.4371e-03
                       28  2.8284     0.0625               0.9716 2.4371e-03
                       34  2.9918     0.0625               0.8082 2.4371e-03
                       37  3.0359     0.0625               0.7641 2.4371e-03
                       43  3.0600     0.0625               0.7400 2.4371e-03
                       48  3.1470     0.0625               0.6530 2.4371e-03
                       76  3.7035     0.0625               0.0965 2.4371e-03
 79  3.7910    2.5+                          2.6661e-02
                        0  0.0000     0.0294               3.7910 7.8415e-04
                        1  0.1259     0.0294               3.6651 7.8415e-04
                        6  1.5284     0.0294               2.2626 7.8415e-04
                        7  1.8841     0.0294               1.9069 7.8415e-04
                        8  2.0152     0.0294               1.7758 7.8415e-04
                        9  2.1984     0.0294               1.5926 7.8415e-04
                       10  2.2150     0.0294               1.5760 7.8415e-04
                       11  2.2525     0.0294               1.5385 7.8415e-04
                       12  2.2668     0.0294               1.5242 7.8415e-04
                       15  2.3658     0.0294               1.4252 7.8415e-04
                       16  2.3800     0.0294               1.4110 7.8415e-04
                       19  2.5632     0.0294               1.2278 7.8415e-04
                       23  2.7273     0.0294               1.0637 7.8415e-04
                       25  2.7527     0.0294               1.0383 7.8415e-04
                       28  2.8284     0.0294               0.9626 7.8415e-04
                       30  2.9250     0.0294               0.8660 7.8415e-04
                       31  2.9534     0.0294               0.8376 7.8415e-04
                       32  2.9762     0.0294               0.8148 7.8415e-04
                       34  2.9918     0.0294               0.7992 7.8415e-04
                       35  3.0058     0.0294               0.7852 7.8415e-04
                       36  3.0280     0.0294               0.7630 7.8415e-04
                       40  3.0460     0.0294               0.7450 7.8415e-04
                       43  3.0600     0.0294               0.7310 7.8415e-04
                       45  3.0803     0.0294               0.7107 7.8415e-04
                       47  3.1360     0.0294               0.6550 7.8415e-04
                       48  3.1470     0.0294               0.6440 7.8415e-04
                       49  3.1584     0.0294               0.6326 7.8415e-04
                       51  3.2608     0.0294               0.5302 7.8415e-04
                       52  3.2632     0.0294               0.5278 7.8415e-04
                       55  3.3510     0.0294               0.4400 7.8415e-04
                       64  3.5281     0.0294               0.2629 7.8415e-04
                       67  3.6000     0.0294               0.1910 7.8415e-04
                       69  3.6080     0.0294               0.1830 7.8415e-04
                       76  3.7035     0.0294               0.0875 7.8415e-04
 78  3.7718    2.5+                          2.7192e-02
                       12  2.2668     0.1979               1.5050 5.3792e-03
                       11  2.2525     0.1979               1.5193 5.3791e-03
                        9  2.1984     0.1979               1.5734 5.3789e-03
                        7  1.8841     0.2083               1.8877 5.6603e-03
                        0  0.0000     0.1981               3.7718 5.3777e-03
 77  3.7535    0.5-                          7.9252e-03
                        0  0.0000     1.0000               3.7535 7.9165e-03
 76  3.7035    3.5-                          4.2296e-02                       1.3000e-14
                        9  2.1984     0.5100               1.5050 2.1568e-02
                        0  0.0000     0.4900               3.7035 2.0704e-02
 75  3.6820    0.5+                          8.8942e-03
                        5  1.2930     0.0500               2.3890 4.4471e-04
                        6  1.5284     0.0500               2.1536 4.4471e-04
                       11  2.2525     0.0500               1.4295 4.4471e-04
                       16  2.3800     0.0500               1.3020 4.4471e-04
                       19  2.5632     0.0500               1.1188 4.4471e-04
                       29  2.8733     0.0500               0.8087 4.4471e-04
                       30  2.9250     0.0500               0.7570 4.4471e-04
                       31  2.9534     0.0500               0.7286 4.4471e-04
                       32  2.9762     0.0500               0.7058 4.4471e-04
                       35  3.0058     0.0500               0.6762 4.4471e-04
                       36  3.0280     0.0500               0.6540 4.4471e-04
                       38  3.0374     0.0500               0.6446 4.4471e-04
                       45  3.0803     0.0500               0.6017 4.4471e-04
                       49  3.1584     0.0500               0.5236 4.4471e-04
                       52  3.2632     0.0500               0.4188 4.4471e-04
                       55  3.3510     0.0500               0.3310 4.4471e-04
                       58  3.3830     0.0500               0.2990 4.4471e-04
                       60  3.4318     0.0500               0.2502 4.4471e-04
                       63  3.5230     0.0500               0.1590 4.4471e-04
                       64  3.5281     0.0500               0.1539 4.4471e-04
 74  3.6730    0.5+                          8.9748e-03
                        5  1.2930     0.0500               2.3800 4.4874e-04
                        6  1.5284     0.0500               2.1446 4.4874e-04
                       11  2.2525     0.0500               1.4205 4.4874e-04
                       16  2.3800     0.0500               1.2930 4.4874e-04
                       19  2.5632     0.0500               1.1098 4.4874e-04
                       29  2.8733     0.0500               0.7997 4.4874e-04
                       30  2.9250     0.0500               0.7480 4.4874e-04
                       31  2.9534     0.0500               0.7196 4.4874e-04
                       32  2.9762     0.0500               0.6968 4.4874e-04
                       35  3.0058     0.0500               0.6672 4.4874e-04
                       36  3.0280     0.0500               0.6450 4.4874e-04
                       38  3.0374     0.0500               0.6356 4.4874e-04
                       45  3.0803     0.0500               0.5927 4.4874e-04
                       49  3.1584     0.0500               0.5146 4.4874e-04
                       52  3.2632     0.0500               0.4098 4.4874e-04
                       55  3.3510     0.0500               0.3220 4.4874e-04
                       58  3.3830     0.0500               0.2900 4.4874e-04
                       60  3.4318     0.0500               0.2412 4.4874e-04
                       63  3.5230     0.0500               0.1500 4.4874e-04
                       64  3.5281     0.0500               0.1449 4.4874e-04
 73  3.6609    2.5+                          3.0514e-02
                       15  2.3658     0.0000               1.2951 0.0000e+00
                        9  2.1984     0.7998               1.4625 2.4398e-02
                        0  0.0000     0.2002               3.6609 6.0994e-03
 72  3.6420    3.5+                          3.9613e-02
                        0  0.0000     0.0435               3.6420 1.7223e-03
                        1  0.1259     0.0435               3.5161 1.7223e-03
                        2  0.9843     0.0435               2.6577 1.7223e-03
                        7  1.8841     0.0435               1.7579 1.7223e-03
                        8  2.0152     0.0435               1.6268 1.7223e-03
                        9  2.1984     0.0435               1.4436 1.7223e-03
                       10  2.2150     0.0435               1.4270 1.7223e-03
                       12  2.2668     0.0435               1.3752 1.7223e-03
                       15  2.3658     0.0435               1.2762 1.7223e-03
                       17  2.3984     0.0435               1.2436 1.7223e-03
                       23  2.7273     0.0435               0.9147 1.7223e-03
                       25  2.7527     0.0435               0.8893 1.7223e-03
                       26  2.8221     0.0435               0.8199 1.7223e-03
                       27  2.8237     0.0435               0.8183 1.7223e-03
                       28  2.8284     0.0435               0.8136 1.7223e-03
                       34  2.9918     0.0435               0.6502 1.7223e-03
                       40  3.0460     0.0435               0.5960 1.7223e-03
                       43  3.0600     0.0435               0.5820 1.7223e-03
                       47  3.1360     0.0435               0.5060 1.7223e-03
                       48  3.1470     0.0435               0.4950 1.7223e-03
                       51  3.2608     0.0435               0.3812 1.7223e-03
                       67  3.6000     0.0435               0.0420 1.7223e-03
                       69  3.6080     0.0435               0.0340 1.7223e-03
 71  3.6310    5.5+                          4.5831e-02
                        2  0.9843     0.1111               2.6467 5.0923e-03
                        4  1.2921     0.1111               2.3389 5.0923e-03
                       14  2.3114     0.1111               1.3196 5.0923e-03
                       17  2.3984     0.1111               1.2326 5.0923e-03
                       26  2.8221     0.1111               0.8089 5.0923e-03
                       27  2.8237     0.1111               0.8073 5.0923e-03
                       37  3.0359     0.1111               0.5951 5.0923e-03
                       46  3.1261     0.1111               0.5049 5.0923e-03
                       54  3.3420     0.1111               0.2890 5.0923e-03
 70  3.6108    1.5+                          2.0284e-02
                        1  0.1259     1.0000               3.4849 2.0270e-02
 69  3.6080    2.5-                          3.6066e-02
                       22  2.6946     0.0667               0.9134 2.4044e-03
                       24  2.7410     0.0667               0.8670 2.4044e-03
                       33  2.9840     0.0667               0.6240 2.4044e-03
                       39  3.0399     0.0667               0.5681 2.4044e-03
                       41  3.0508     0.0667               0.5572 2.4044e-03
                       44  3.0700     0.0667               0.5380 2.4044e-03
                       50  3.1953     0.0667               0.4127 2.4044e-03
                       53  3.2681     0.0667               0.3399 2.4044e-03
                       57  3.3790     0.0667               0.2290 2.4044e-03
                       59  3.4241     0.0667               0.1839 2.4044e-03
                       61  3.4800     0.0667               0.1280 2.4044e-03
                       62  3.5050     0.0667               0.1030 2.4044e-03
                       65  3.5320     0.0667               0.0760 2.4044e-03
                       66  3.5800     0.0667               0.0280 2.4044e-03
                       68  3.6040     0.0667               0.0040 2.4044e-03
 68  3.6040    1.5+                          2.2833e-02
                        0  0.0000     0.0345               3.6040 7.8735e-04
                        5  1.2930     0.0345               2.3110 7.8735e-04
                        6  1.5284     0.0345               2.0756 7.8735e-04
                       10  2.2150     0.0345               1.3890 7.8735e-04
                       11  2.2525     0.0345               1.3515 7.8735e-04
                       12  2.2668     0.0345               1.3372 7.8735e-04
                       15  2.3658     0.0345               1.2382 7.8735e-04
                       16  2.3800     0.0345               1.2240 7.8735e-04
                       19  2.5632     0.0345               1.0408 7.8735e-04
                       25  2.7527     0.0345               0.8513 7.8735e-04
                       29  2.8733     0.0345               0.7307 7.8735e-04
                       30  2.9250     0.0345               0.6790 7.8735e-04
                       31  2.9534     0.0345               0.6506 7.8735e-04
                       32  2.9762     0.0345               0.6278 7.8735e-04
                       35  3.0058     0.0345               0.5982 7.8735e-04
                       36  3.0280     0.0345               0.5760 7.8735e-04
                       38  3.0374     0.0345               0.5666 7.8735e-04
                       40  3.0460     0.0345               0.5580 7.8735e-04
                       45  3.0803     0.0345               0.5237 7.8735e-04
                       47  3.1360     0.0345               0.4680 7.8735e-04
                       49  3.1584     0.0345               0.4456 7.8735e-04
                       51  3.2608     0.0345               0.3432 7.8735e-04
                       52  3.2632     0.0345               0.3408 7.8735e-04
                       55  3.3510     0.0345               0.2530 7.8735e-04
                       58  3.3830     0.0345               0.2210 7.8735e-04
                       60  3.4318     0.0345               0.1722 7.8735e-04
                       63  3.5230     0.0345               0.0810 7.8735e-04
                       64  3.5281     0.0345               0.0759 7.8735e-04
                       67  3.6000     0.0345               0.0040 7.8735e-04
 67  3.6000    2.5-                          3.7107e-02
                       22  2.6946     0.0714               0.9054 2.6505e-03
                       24  2.7410     0.0714               0.8590 2.6505e-03
                       33  2.9840     0.0714               0.6160 2.6505e-03
                       39  3.0399     0.0714               0.5601 2.6505e-03
                       41  3.0508     0.0714               0.5492 2.6505e-03
                       44  3.0700     0.0714               0.5300 2.6505e-03
                       50  3.1953     0.0714               0.4047 2.6505e-03
                       53  3.2681     0.0714               0.3319 2.6505e-03
                       57  3.3790     0.0714               0.2210 2.6505e-03
                       59  3.4241     0.0714               0.1759 2.6505e-03
                       61  3.4800     0.0714               0.1200 2.6505e-03
                       62  3.5050     0.0714               0.0950 2.6505e-03
                       65  3.5320     0.0714               0.0680 2.6505e-03
                       66  3.5800     0.0714               0.0200 2.6505e-03
 66  3.5800    3.5+                          4.7296e-02
                        0  0.0000     0.0476               3.5800 2.2522e-03
                        1  0.1259     0.0476               3.4541 2.2522e-03
                        2  0.9843     0.0476               2.5957 2.2522e-03
                        7  1.8841     0.0476               1.6959 2.2522e-03
                        8  2.0152     0.0476               1.5648 2.2522e-03
                        9  2.1984     0.0476               1.3816 2.2522e-03
                       10  2.2150     0.0476               1.3650 2.2522e-03
                       12  2.2668     0.0476               1.3132 2.2522e-03
                       15  2.3658     0.0476               1.2142 2.2522e-03
                       17  2.3984     0.0476               1.1816 2.2522e-03
                       23  2.7273     0.0476               0.8527 2.2522e-03
                       25  2.7527     0.0476               0.8273 2.2522e-03
                       26  2.8221     0.0476               0.7579 2.2522e-03
                       27  2.8237     0.0476               0.7563 2.2522e-03
                       28  2.8284     0.0476               0.7516 2.2522e-03
                       34  2.9918     0.0476               0.5882 2.2522e-03
                       40  3.0460     0.0476               0.5340 2.2522e-03
                       43  3.0600     0.0476               0.5200 2.2522e-03
                       47  3.1360     0.0476               0.4440 2.2522e-03
                       48  3.1470     0.0476               0.4330 2.2522e-03
                       51  3.2608     0.0476               0.3192 2.2522e-03
 65  3.5320    2.5+                          4.0035e-02
                        0  0.0000     1.0000               3.5320 3.9976e-02
 64  3.5281    1.5-                          2.4874e-02
                        0  0.0000     1.0000               3.5281 2.4850e-02
 63  3.5230    0.5-                          1.1711e-02
                       13  2.2810     0.0909               1.2420 1.0647e-03
                       18  2.4265     0.0909               1.0965 1.0647e-03
                       20  2.5820     0.0909               0.9410 1.0647e-03
                       21  2.6217     0.0909               0.9013 1.0647e-03
                       33  2.9840     0.0909               0.5390 1.0647e-03
                       44  3.0700     0.0909               0.4530 1.0647e-03
                       50  3.1953     0.0909               0.3277 1.0647e-03
                       53  3.2681     0.0909               0.2549 1.0647e-03
                       57  3.3790     0.0909               0.1440 1.0647e-03
                       59  3.4241     0.0909               0.0989 1.0647e-03
                       61  3.4800     0.0909               0.0430 1.0647e-03
 62  3.5050    2.5+                          4.1063e-02
                        0  0.0000     0.0333               3.5050 1.3688e-03
                        1  0.1259     0.0333               3.3791 1.3688e-03
                        6  1.5284     0.0333               1.9766 1.3688e-03
                        7  1.8841     0.0333               1.6209 1.3688e-03
                        8  2.0152     0.0333               1.4898 1.3688e-03
                        9  2.1984     0.0333               1.3066 1.3688e-03
                       10  2.2150     0.0333               1.2900 1.3688e-03
                       11  2.2525     0.0333               1.2525 1.3688e-03
                       12  2.2668     0.0333               1.2382 1.3688e-03
                       15  2.3658     0.0333               1.1392 1.3688e-03
                       16  2.3800     0.0333               1.1250 1.3688e-03
                       19  2.5632     0.0333               0.9418 1.3688e-03
                       23  2.7273     0.0333               0.7777 1.3688e-03
                       25  2.7527     0.0333               0.7523 1.3688e-03
                       28  2.8284     0.0333               0.6766 1.3688e-03
                       30  2.9250     0.0333               0.5800 1.3688e-03
                       31  2.9534     0.0333               0.5516 1.3688e-03
                       32  2.9762     0.0333               0.5288 1.3688e-03
                       34  2.9918     0.0333               0.5132 1.3688e-03
                       35  3.0058     0.0333               0.4992 1.3688e-03
                       36  3.0280     0.0333               0.4770 1.3688e-03
                       40  3.0460     0.0333               0.4590 1.3688e-03
                       43  3.0600     0.0333               0.4450 1.3688e-03
                       45  3.0803     0.0333               0.4247 1.3688e-03
                       47  3.1360     0.0333               0.3690 1.3688e-03
                       48  3.1470     0.0333               0.3580 1.3688e-03
                       49  3.1584     0.0333               0.3466 1.3688e-03
                       51  3.2608     0.0333               0.2442 1.3688e-03
                       52  3.2632     0.0333               0.2418 1.3688e-03
                       55  3.3510     0.0333               0.1540 1.3688e-03
 61  3.4800    1.5+                          2.9410e-02
                        0  0.0000     0.0385               3.4800 1.1312e-03
                        5  1.2930     0.0385               2.1870 1.1312e-03
                        6  1.5284     0.0385               1.9516 1.1312e-03
                       10  2.2150     0.0385               1.2650 1.1312e-03
                       11  2.2525     0.0385               1.2275 1.1312e-03
                       12  2.2668     0.0385               1.2132 1.1312e-03
                       15  2.3658     0.0385               1.1142 1.1312e-03
                       16  2.3800     0.0385               1.1000 1.1312e-03
                       19  2.5632     0.0385               0.9168 1.1312e-03
                       25  2.7527     0.0385               0.7273 1.1312e-03
                       29  2.8733     0.0385               0.6067 1.1312e-03
                       30  2.9250     0.0385               0.5550 1.1312e-03
                       31  2.9534     0.0385               0.5266 1.1312e-03
                       32  2.9762     0.0385               0.5038 1.1312e-03
                       35  3.0058     0.0385               0.4742 1.1312e-03
                       36  3.0280     0.0385               0.4520 1.1312e-03
                       38  3.0374     0.0385               0.4426 1.1312e-03
                       40  3.0460     0.0385               0.4340 1.1312e-03
                       45  3.0803     0.0385               0.3997 1.1312e-03
                       47  3.1360     0.0385               0.3440 1.1312e-03
                       49  3.1584     0.0385               0.3216 1.1312e-03
                       51  3.2608     0.0385               0.2192 1.1312e-03
                       52  3.2632     0.0385               0.2168 1.1312e-03
                       55  3.3510     0.0385               0.1290 1.1312e-03
                       58  3.3830     0.0385               0.0970 1.1312e-03
                       60  3.4318     0.0385               0.0482 1.1312e-03
 60  3.4318    0.5-                          1.3848e-02                       2.2000e-14
                        0  0.0000     1.0000               3.4318 1.3835e-02
 59  3.4241    1.5+                          3.0854e-02                       1.1100e-13
                       23  2.7273     0.5292               0.6968 1.6313e-02
                        1  0.1259     0.4708               3.2982 1.4517e-02
 58  3.3830    0.5-                          1.4433e-02
                        0  0.0000     1.0000               3.3830 1.4419e-02
 57  3.3790    1.5+                          3.2096e-02
                        0  0.0000     0.0417               3.3790 1.3373e-03
                        5  1.2930     0.0417               2.0860 1.3373e-03
                        6  1.5284     0.0417               1.8506 1.3373e-03
                       10  2.2150     0.0417               1.1640 1.3373e-03
                       11  2.2525     0.0417               1.1265 1.3373e-03
                       12  2.2668     0.0417               1.1122 1.3373e-03
                       15  2.3658     0.0417               1.0132 1.3373e-03
                       16  2.3800     0.0417               0.9990 1.3373e-03
                       19  2.5632     0.0417               0.8158 1.3373e-03
                       25  2.7527     0.0417               0.6263 1.3373e-03
                       29  2.8733     0.0417               0.5057 1.3373e-03
                       30  2.9250     0.0417               0.4540 1.3373e-03
                       31  2.9534     0.0417               0.4256 1.3373e-03
                       32  2.9762     0.0417               0.4028 1.3373e-03
                       35  3.0058     0.0417               0.3732 1.3373e-03
                       36  3.0280     0.0417               0.3510 1.3373e-03
                       38  3.0374     0.0417               0.3416 1.3373e-03
                       40  3.0460     0.0417               0.3330 1.3373e-03
                       45  3.0803     0.0417               0.2987 1.3373e-03
                       47  3.1360     0.0417               0.2430 1.3373e-03
                       49  3.1584     0.0417               0.2206 1.3373e-03
                       51  3.2608     0.0417               0.1182 1.3373e-03
                       52  3.2632     0.0417               0.1158 1.3373e-03
                       55  3.3510     0.0417               0.0280 1.3373e-03
 56  3.3732    5.5+                          5.9162e-02
                        4  1.2921     1.0000               2.0811 5.9119e-02
 55  3.3510    1.5-                          3.2973e-02
                        1  0.1259     0.6494               3.2251 2.1394e-02
                        0  0.0000     0.3506               3.3510 1.1550e-02
 54  3.3420    6.5-                          6.3934e-02                       5.0000e-15
                        4  1.2921     1.0000               2.0498 6.3913e-02
 53  3.2681    1.5+                          3.5469e-02
                        9  2.1984     0.2500               1.0697 8.8647e-03
                        7  1.8841     0.3401               1.3840 1.2061e-02
                        6  1.5284     0.4099               1.7397 1.4532e-02
 52  3.2632    1.5-                          3.5423e-02
                       15  2.3658     0.4010               0.8974 1.4202e-02
                        0  0.0000     0.5990               3.2632 2.1200e-02
 51  3.2608    2.5-                          5.6123e-02                       3.5000e-14
                        1  0.1259     1.0000               3.1349 5.6078e-02
 50  3.1953    1.5+                          3.7954e-02                       1.7000e-14
                        0  0.0000     1.0000               3.1953 3.7904e-02
 49  3.1584    1.5-                          3.8681e-02                       4.6000e-14
                        6  1.5284     0.7298               1.6301 2.8224e-02
                        0  0.0000     0.2702               3.1584 1.0443e-02
 48  3.1470    3.5-                          7.3545e-02
                       22  2.6946     0.2500               0.4524 1.8386e-02
                       24  2.7410     0.2500               0.4060 1.8386e-02
                       39  3.0399     0.2500               0.1071 1.8386e-02
                       41  3.0508     0.2500               0.0962 1.8386e-02
 47  3.1360    2.5-                          6.2138e-02
                       22  2.6946     0.1667               0.4414 1.0356e-02
                       24  2.7410     0.1667               0.3950 1.0356e-02
                       33  2.9840     0.1667               0.1520 1.0356e-02
                       39  3.0399     0.1667               0.0961 1.0356e-02
                       41  3.0508     0.1667               0.0852 1.0356e-02
                       44  3.0700     0.1667               0.0660 1.0356e-02
 46  3.1261    6.5-                          7.6205e-02                       1.7000e-14
                       14  2.3114     0.1379               0.8147 1.0506e-02
                        2  0.9843     0.8621               2.1419 6.5669e-02
 45  3.0803    1.5-                          4.1372e-02                       3.0000e-14
                       15  2.3658     0.2500               0.7145 1.0339e-02
                        6  1.5284     0.6410               1.5519 2.6516e-02
                        0  0.0000     0.1090               3.0803 4.5061e-03
 44  3.0700    1.5+                          5.3160e-02                       2.4000e-14
                        0  0.0000     1.0000               3.0700 5.3093e-02
 43  3.0600    3.5-                          7.8971e-02
                       22  2.6946     0.2500               0.3654 1.9743e-02
                       24  2.7410     0.2500               0.3190 1.9743e-02
                       39  3.0399     0.2500               0.0201 1.9743e-02
                       41  3.0508     0.2500               0.0092 1.9743e-02
 42  3.0547    7.5-                          1.3784e-01                       1.8000e-13
                       14  2.3114     0.4792               0.7432 6.6035e-02
                        4  1.2921     0.5208               1.7626 7.1768e-02
 41  3.0508    2.5+                          1.1296e-01                       1.7000e-12
                        6  1.5284     0.6991               1.5225 7.8947e-02
                        1  0.1259     0.3009               2.9249 3.3949e-02
 40  3.0460    2.5-                          6.6985e-02                       1.4000e-13
                        7  1.8841     1.0000               1.1619 6.6977e-02
 39  3.0399    2.5+                          1.1370e-01                       1.7000e-13
                        1  0.1259     1.0000               2.9140 1.1356e-01
 38  3.0374    0.5-                          2.1035e-02
                       12  2.2668     1.0000               0.7706 2.1028e-02
 37  3.0359    5.5-                          8.5542e-02                       5.0000e-14
                        1  0.1259     1.0000               2.9100 8.5477e-02
 36  3.0280    1.5-                          4.3310e-02
                       13  2.2810     0.2000               0.7470 8.6620e-03
                       18  2.4265     0.2000               0.6015 8.6620e-03
                       20  2.5820     0.2000               0.4460 8.6620e-03
                       21  2.6217     0.2000               0.4063 8.6620e-03
                       33  2.9840     0.2000               0.0440 8.6620e-03
 35  3.0058    1.5-                          4.4167e-02                       1.7000e-14
                        0  0.0000     1.0000               3.0058 4.4134e-02
 34  2.9918    3.5-                          8.3552e-02                       1.2000e-14
                        2  0.9843     0.2307               2.0075 1.9269e-02
                        1  0.1259     0.7693               2.8658 6.4232e-02
 33  2.9840    1.5+                          6.5620e-02
                        0  0.0000     0.0714               2.9840 4.6871e-03
                        5  1.2930     0.0714               1.6910 4.6871e-03
                        6  1.5284     0.0714               1.4556 4.6871e-03
                       10  2.2150     0.0714               0.7690 4.6871e-03
                       11  2.2525     0.0714               0.7315 4.6871e-03
                       12  2.2668     0.0714               0.7172 4.6871e-03
                       15  2.3658     0.0714               0.6182 4.6871e-03
                       16  2.3800     0.0714               0.6040 4.6871e-03
                       19  2.5632     0.0714               0.4208 4.6871e-03
                       25  2.7527     0.0714               0.2313 4.6871e-03
                       29  2.8733     0.0714               0.1107 4.6871e-03
                       30  2.9250     0.0714               0.0590 4.6871e-03
                       31  2.9534     0.0714               0.0306 4.6871e-03
                       32  2.9762     0.0714               0.0078 4.6871e-03
 32  2.9762    1.5-                          5.0032e-02                       1.2500e-13
                        6  1.5284     0.2307               1.4478 1.1541e-02
                        0  0.0000     0.7693               2.9762 3.8463e-02
 31  2.9534    1.5-                          5.0964e-02                       1.3000e-14
                        1  0.1259     0.8475               2.8275 4.3161e-02
                        0  0.0000     0.1525               2.9534 7.7663e-03
 30  2.9250    1.5-                          5.2161e-02
                        1  0.1259     1.0000               2.7991 5.2124e-02
 29  2.8733    0.5-                          2.9068e-02                       8.3000e-14
                        6  1.5284     0.7691               1.3449 2.2354e-02
                        0  0.0000     0.2309               2.8733 6.7068e-03
 28  2.8284    3.5-                          9.5816e-02
                        4  1.2921     1.0000               1.5363 9.5800e-02
 27  2.8237    4.5-                          1.1057e-01                       1.1000e-14
                        7  1.8841     0.3006               0.9396 3.3232e-02
                        1  0.1259     0.6994               2.6977 7.7286e-02
 26  2.8221    4.5-                          1.1071e-01                       9.4000e-14
                        7  1.8841     0.3590               0.9380 3.9737e-02
                        4  1.2921     0.6410               1.5300 7.0951e-02
 25  2.7527    2.5-                          9.1006e-02                       2.5000e-14
                        7  1.8841     0.3304               0.8686 3.0062e-02
                        1  0.1259     0.4292               2.6268 3.9037e-02
                        0  0.0000     0.2404               2.7527 2.1864e-02
 24  2.7410    3.5+                          1.5701e-01
                        0  0.0000     0.0909               2.7410 1.4274e-02
                        1  0.1259     0.0909               2.6151 1.4274e-02
                        2  0.9843     0.0909               1.7567 1.4274e-02
                        7  1.8841     0.0909               0.8569 1.4274e-02
                        8  2.0152     0.0909               0.7258 1.4274e-02
                        9  2.1984     0.0909               0.5426 1.4274e-02
                       10  2.2150     0.0909               0.5260 1.4274e-02
                       12  2.2668     0.0909               0.4742 1.4274e-02
                       15  2.3658     0.0909               0.3752 1.4274e-02
                       17  2.3984     0.0909               0.3426 1.4274e-02
                       23  2.7273     0.0909               0.0137 1.4274e-02
 23  2.7273    3.5-                          1.3503e-01                       9.8000e-13
                        4  1.2921     0.1917               1.4352 2.5882e-02
                        2  0.9843     0.2901               1.7431 3.9164e-02
                        0  0.0000     0.5182               2.7273 6.9932e-02
 22  2.6946    3.5+                          1.6228e-01
                        0  0.0000     1.0000               2.6946 1.6211e-01
 21  2.6217    0.5+                          3.8599e-02
                        0  0.0000     1.0000               2.6217 3.8583e-02
 20  2.5820    0.5+                          3.9995e-02
                        5  1.2930     0.2000               1.2890 7.9990e-03
                        6  1.5284     0.2000               1.0536 7.9990e-03
                       11  2.2525     0.2000               0.3295 7.9990e-03
                       16  2.3800     0.2000               0.2020 7.9990e-03
                       19  2.5632     0.2000               0.0188 7.9990e-03
 19  2.5632    1.5-                          7.9162e-02                       7.7000e-15
                        0  0.0000     1.0000               2.5632 7.9120e-02
 18  2.4265    0.5+                          4.6178e-02                       1.4000e-12
                        6  1.5284     1.0000               0.8982 4.6173e-02
 17  2.3984    4.5-                          1.6897e-01                       1.7000e-14
                        2  0.9843     0.2592               1.4141 4.3792e-02
                        1  0.1259     0.7408               2.2725 1.2512e-01
 16  2.3800    1.5-                          9.1984e-02
                       13  2.2810     1.0000               0.0990 9.1984e-02
 15  2.3658    2.5-                          1.8581e-01                       2.3000e-14
                        1  0.1259     0.7407               2.2399 1.3757e-01
                        0  0.0000     0.2593               2.3658 4.8158e-02
 14  2.3114    6.5-                          2.7575e-01                       1.5000e-13
                        4  1.2921     0.9009               1.0193 2.4839e-01
                        2  0.9843     0.0991               1.3272 2.7323e-02
 13  2.2810    0.5+                          1.4512e-01
                        5  1.2930     0.3333               0.9880 4.8373e-02
                        6  1.5284     0.3333               0.7527 4.8373e-02
                       11  2.2525     0.3333               0.0285 4.8373e-02
 12  2.2668    2.5-                          1.7969e-01                       1.2500e-13
                        6  1.5284     0.2700               0.7385 4.8503e-02
                        0  0.0000     0.7300               2.2668 1.3111e-01
 11  2.2525    1.5-                          1.5621e-01                       2.3000e-14
                        0  0.0000     1.0000               2.2525 1.5614e-01
 10  2.2150    2.5-                          1.5988e-01                       3.8000e-13
                        0  0.0000     1.0000               2.2150 1.5981e-01
  9  2.1984    3.5-                          2.5643e-01                       1.8000e-14
                        2  0.9843     0.3292               1.2142 8.4409e-02
                        1  0.1259     0.0610               2.0725 1.5632e-02
                        0  0.0000     0.6098               2.1984 1.5632e-01
  8  2.0152    3.5-                          2.0875e-01                       5.1000e-16
                        2  0.9843     0.5681               1.0309 1.1857e-01
                        0  0.0000     0.4319               2.0152 9.0133e-02
  7  1.8841    3.5-                          4.1990e-01                       1.2000e-14
                        1  0.1259     0.3590               1.7581 1.5071e-01
                        0  0.0000     0.6410               1.8841 2.6909e-01
  6  1.5284    1.5-                          5.5041e-01                       6.2000e-14
                        1  0.1259     0.0338               1.4024 1.8612e-02
                        0  0.0000     0.9662               1.5284 5.3173e-01
  5  1.2930    0.5-                          1.6771e-01
                        0  0.0000     1.0000               1.2930 1.6769e-01
  4  1.2921    5.5-                          9.5158e-01                       1.1000e-12
                        2  0.9843     0.2484               0.3079 2.3594e-01
                        1  0.1259     0.7516               1.1662 7.1512e-01
  3  1.2891    5.5+                          3.4415e-01
                        2  0.9843     0.9010               0.3048 3.0964e-01
                        1  0.1259     0.0990               1.1632 3.4060e-02
  2  0.9843    4.5-                          1.3808e+00                       2.8000e-13
                        1  0.1259     0.9524               0.8583 1.3148e+00
                        0  0.0000     0.0476               0.9843 6.5740e-02
  1  0.1259    3.5-                          3.7385e+00                       2.5900e-10
                        0  0.0000     1.0000               0.1259 3.6745e+00
  0  0.0000    2.5-                          6.8127e+00
#......................................................................../  026-057Fe //  26.000000
#                                                                          SUM SPECTRA FOR COMPOUND
#            026-057Fe      gamma    neutron     proton      alpha   deuteron
 SpcSum[mb]            1.8970e+01 3.1461e+01 1.1965e+00 4.9906e-01 9.6732e-03
 Emean[MeV]            1.9764e+00 2.1581e+00 5.1771e+00 8.8809e+00 4.0929e+00
#......................................................................../  026-057Fe //  26.000000
#                                                                   GAMMAS FROM DISCRETE TRANSITION
#           0 0 0 1 0 0             026-057Fe
#   Ex[MeV]     Jpi    FinalState  Branching Production    Egamma Production   T(1/2)[s]
 29  2.5994    1.5+                          4.2395e-02
                        2  0.1365     0.6993               2.4629 2.9618e-02
                        0  0.0000     0.3007               2.5994 1.2735e-02
 28  2.5936    1.5-                          3.8920e-02                       3.7000e-14
                        5  1.0071     0.4100               1.5865 1.5954e-02
                        4  0.7064     0.5000               1.8872 1.9454e-02
                        0  0.0000     0.0900               2.5936 3.5018e-03
 27  2.5745    0.5-                          1.7730e-02                       1.8000e-14
                        3  0.3668     0.2753               2.2077 4.8789e-03
                        0  0.0000     0.7247               2.5745 1.2842e-02
 26  2.5642    1.5-                          4.0086e-02
                       11  1.7254     0.6369               0.8388 2.5524e-02
                        0  0.0000     0.3631               2.5642 1.4547e-02
 25  2.5053    2.5+                          7.9890e-02                       7.8000e-14
                       11  1.7254     0.0278               0.7799 2.2176e-03
                        4  0.7064     0.0555               1.7989 4.4352e-03
                        3  0.3668     0.5556               2.1385 4.4350e-02
                        2  0.1365     0.2611               2.3688 2.0843e-02
                        1  0.0144     0.1000               2.4909 7.9821e-03
 24  2.4560    3.5+                          1.2409e-01
                        2  0.1365     0.1000               2.3195 1.2409e-02
                        4  0.7064     0.1000               1.7496 1.2409e-02
                        5  1.0071     0.1000               1.4489 1.2409e-02
                        7  1.1978     0.1000               1.2582 1.2409e-02
                        9  1.3568     0.1000               1.0992 1.2409e-02
                       13  1.9897     0.1000               0.4663 1.2409e-02
                       15  2.1131     0.1000               0.3429 1.2409e-02
                       16  2.1186     0.1000               0.3374 1.2409e-02
                       17  2.2069     0.1000               0.2491 1.2409e-02
                       19  2.2202     0.1000               0.2358 1.2409e-02
 23  2.4556    4.5+                          1.6370e-01                       1.4000e-12
                        5  1.0071     1.0000               1.4484 1.6366e-01
 22  2.3580    1.5-                          4.9464e-02
                        6  1.1399     0.3333               1.2181 1.6488e-02
                       18  2.2177     0.3333               0.1403 1.6488e-02
                       20  2.3304     0.3333               0.0276 1.6488e-02
 21  2.3560    5.5-                          3.2188e-01                       6.0000e-14
                        7  1.1978     0.2908               1.1582 9.3592e-02
                        5  1.0071     0.7092               1.3488 2.2825e-01
 20  2.3304    1.5+                          7.4508e-02
                       10  1.6273     1.0000               0.7032 7.4495e-02
 19  2.2202    3.5-                          1.5163e-01                       3.0000e-13
                        3  0.3668     0.0490               1.8534 7.4292e-03
                        2  0.1365     0.4608               2.0837 6.9846e-02
                        1  0.0144     0.4902               2.2058 7.4295e-02
 18  2.2177    2.5+                          1.3008e-01
                        3  0.3668     0.2062               1.8509 2.6807e-02
                        2  0.1365     0.3453               2.0812 4.4883e-02
                        1  0.0144     0.4485               2.2032 5.8293e-02
 17  2.2069    2.5-                          1.1147e-01                       1.0000e-14
                        8  1.2655     0.0342               0.9414 3.8092e-03
                        5  1.0071     0.1794               1.1997 1.9995e-02
                        3  0.3668     0.0000               1.8401 0.0000e+00
                        1  0.0144     0.4274               2.1925 4.7623e-02
                        0  0.0000     0.3590               2.2069 4.0000e-02
 16  2.1186    2.5-                          1.2103e-01                       4.6000e-14
                        5  1.0071     0.1465               1.1115 1.7728e-02
                        4  0.7064     0.5050               1.4122 6.1112e-02
                        1  0.0144     0.3485               2.1042 4.2163e-02
 15  2.1131    2.5-                          1.2166e-01
                        8  1.2655     0.2126               0.8476 2.5856e-02
                        0  0.0000     0.7874               2.1131 9.5753e-02
 14  1.9910    0.5-                          3.2714e-02
                        6  1.1399     1.0000               0.8511 3.2714e-02
 13  1.9897    4.5-                          2.5255e-01                       1.8000e-13
                        7  1.1978     0.2705               0.7918 6.8294e-02
                        5  1.0071     0.3197               0.9825 8.0723e-02
                        4  0.7064     0.4098               1.2832 1.0348e-01
 12  1.9766    0.5-                          3.3218e-02
                       11  1.7254     0.1690               0.2513 5.5637e-03
                        2  0.1365     0.6702               1.8402 2.2256e-02
                        0  0.0000     0.1608               1.9766 5.3399e-03
 11  1.7254    1.5-                          1.2939e-01                       3.1000e-14
                        8  1.2655     0.0033               0.4599 4.2425e-04
                        4  0.7064     0.1885               1.0190 2.4386e-02
                        3  0.3668     0.0977               1.3586 1.2637e-02
                        1  0.0144     0.0273               1.7110 3.5355e-03
                        0  0.0000     0.6832               1.7254 8.8384e-02
 10  1.6273    1.5-                          1.8088e-01                       5.6000e-14
                        4  0.7064     0.0860               0.9208 1.5548e-02
                        3  0.3668     0.2805               1.2605 5.0729e-02
                        1  0.0144     0.6098               1.6128 1.1028e-01
                        0  0.0000     0.0238               1.6273 4.3004e-03
  9  1.3568    3.5-                          3.7839e-01                       1.8000e-13
                        4  0.7064     0.5466               0.6504 2.0671e-01
                        3  0.3668     0.2349               0.9901 8.8875e-02
                        1  0.0144     0.2185               1.3424 8.2676e-02
  8  1.2655    0.5-                          9.9546e-02                       8.2000e-14
                        3  0.3668     0.9302               0.8988 9.2581e-02
                        1  0.0144     0.0447               1.2511 4.4443e-03
                        0  0.0000     0.0251               1.2655 2.4994e-03
  7  1.1978    4.5-                          8.4479e-01                       2.9000e-12
                        2  0.1365     1.0000               1.0613 8.4464e-01
  6  1.1399    1.5+                          3.0212e-01
                        0  0.0000     0.2000               1.1399 6.0425e-02
                        1  0.0144     0.2000               1.1255 6.0425e-02
                        2  0.1365     0.2000               1.0034 6.0425e-02
                        3  0.3668     0.2000               0.7731 6.0425e-02
                        4  0.7064     0.2000               0.4335 6.0425e-02
  5  1.0071    3.5-                          1.0908e+00                       1.3000e-13
                        3  0.3668     0.0301               0.6404 3.2789e-02
                        2  0.1365     0.6398               0.8707 6.9774e-01
                        1  0.0144     0.3301               0.9927 3.6000e-01
  4  0.7064    2.5-                          9.6943e-01                       4.1000e-12
                        3  0.3668     0.0144               0.3397 1.3917e-02
                        2  0.1365     0.0929               0.5699 9.0029e-02
                        1  0.0144     0.8446               0.6920 8.1844e-01
                        0  0.0000     0.0481               0.7064 4.6653e-02
  3  0.3668    1.5-                          7.8984e-01                       1.0500e-11
                        2  0.1365     0.0727               0.2303 5.7161e-02
                        1  0.0144     0.7878               0.3523 6.2132e-01
                        0  0.0000     0.1395               0.3668 1.0999e-01
  2  0.1365    2.5-                          2.7452e+00                       8.7000e-09
                        1  0.0144     0.8824               0.1221 2.3656e+00
                        0  0.0000     0.1176               0.1365 2.8394e-01
  1  0.0144    1.5-                          5.1945e+00                       9.8300e-08
                        0  0.0000     1.0000               0.0144 5.4336e-01
  0  0.0000    0.5-                          6.2272e+00
#......................................................................../  026-057Fe //  26.000000
#                                                                          SUM SPECTRA FOR COMPOUND
#            027-057Co      gamma    neutron     proton      alpha   deuteron
 SpcSum[mb]            3.9860e+02 1.3021e+02 1.7532e+02 1.0390e+01 2.5333e-02
 Emean[MeV]            1.9982e+00 1.8954e+00 4.5528e+00 8.6130e+00 3.6219e+00
#......................................................................../  026-057Fe //  26.000000
#                                                                   GAMMAS FROM DISCRETE TRANSITION
#           2 0 0 0 0 0             027-057Co
#   Ex[MeV]     Jpi    FinalState  Branching Production    Egamma Production   T(1/2)[s]
 53  3.7696    4.5+                          1.4162e+00
                        0  0.0000     0.1000               3.7696 1.4162e-01
                        1  1.2240     0.1000               2.5456 1.4162e-01
                        4  1.6896     0.1000               2.0800 1.4162e-01
                        6  1.8974     0.1000               1.8722 1.4162e-01
                       10  2.3114     0.1000               1.4582 1.4162e-01
                       12  2.4861     0.1000               1.2835 1.4162e-01
                       15  2.5598     0.1000               1.2098 1.4162e-01
                       16  2.6112     0.1000               1.1584 1.4162e-01
                       32  3.2722     0.1000               0.4974 1.4162e-01
                       48  3.7011     0.1000               0.0685 1.4162e-01
 52  3.7620    3.5+                          1.0741e+00
                        0  0.0000     0.0667               3.7620 7.1604e-02
                        1  1.2240     0.0667               2.5380 7.1604e-02
                        6  1.8974     0.0667               1.8646 7.1604e-02
                        7  1.9195     0.0667               1.8425 7.1604e-02
                        9  2.1331     0.0667               1.6289 7.1604e-02
                       10  2.3114     0.0667               1.4506 7.1604e-02
                       12  2.4861     0.0667               1.2759 7.1604e-02
                       15  2.5598     0.0667               1.2022 7.1604e-02
                       16  2.6112     0.0667               1.1508 7.1604e-02
                       21  2.8043     0.0667               0.9577 7.1604e-02
                       28  3.1774     0.0667               0.5846 7.1604e-02
                       30  3.2463     0.0667               0.5157 7.1604e-02
                       32  3.2722     0.0667               0.4898 7.1604e-02
                       47  3.6813     0.0667               0.0807 7.1604e-02
                       48  3.7011     0.0667               0.0609 7.1604e-02
 51  3.7280    3.5+                          1.1043e+00
                        0  0.0000     0.0667               3.7280 7.3623e-02
                        1  1.2240     0.0667               2.5040 7.3623e-02
                        6  1.8974     0.0667               1.8306 7.3623e-02
                        7  1.9195     0.0667               1.8085 7.3623e-02
                        9  2.1331     0.0667               1.5949 7.3623e-02
                       10  2.3114     0.0667               1.4166 7.3623e-02
                       12  2.4861     0.0667               1.2419 7.3623e-02
                       15  2.5598     0.0667               1.1682 7.3623e-02
                       16  2.6112     0.0667               1.1168 7.3623e-02
                       21  2.8043     0.0667               0.9237 7.3623e-02
                       28  3.1774     0.0667               0.5506 7.3623e-02
                       30  3.2463     0.0667               0.4817 7.3623e-02
                       32  3.2722     0.0667               0.4558 7.3623e-02
                       47  3.6813     0.0667               0.0467 7.3623e-02
                       48  3.7011     0.0667               0.0269 7.3623e-02
 50  3.7220    0.5+                          2.6768e-01
                        2  1.3777     0.0833               2.3443 2.2306e-02
                        3  1.5048     0.0833               2.2172 2.2306e-02
                        5  1.7576     0.0833               1.9644 2.2306e-02
                       19  2.7310     0.0833               0.9910 2.2306e-02
                       22  2.8792     0.0833               0.8428 2.2306e-02
                       25  3.1082     0.0833               0.6138 2.2306e-02
                       27  3.1649     0.0833               0.5571 2.2306e-02
                       35  3.3567     0.0833               0.3653 2.2306e-02
                       36  3.3650     0.0833               0.3570 2.2306e-02
                       39  3.4606     0.0833               0.2614 2.2306e-02
                       40  3.4686     0.0833               0.2534 2.2306e-02
                       42  3.5404     0.0833               0.1816 2.2306e-02
 49  3.7197    2.5+                          8.1069e-01
                        0  0.0000     1.0000               3.7197 8.0942e-01
 48  3.7011    3.5-                          1.4202e+00
                        0  0.0000     1.0000               3.7011 1.4188e+00
 47  3.6813    2.5-                          9.7849e-01
                        8  2.1330     0.0833               1.5483 8.1541e-02
                       13  2.5140     0.0833               1.1673 8.1541e-02
                       17  2.6145     0.0833               1.0668 8.1541e-02
                       24  2.9821     0.0833               0.6992 8.1541e-02
                       26  3.1214     0.0833               0.5599 8.1541e-02
                       29  3.1842     0.0833               0.4971 8.1541e-02
                       31  3.2627     0.0833               0.4186 8.1541e-02
                       34  3.3430     0.0833               0.3383 8.1541e-02
                       37  3.3937     0.0833               0.2876 8.1541e-02
                       43  3.5539     0.0833               0.1274 8.1541e-02
                       44  3.6223     0.0833               0.0590 8.1541e-02
                       46  3.6716     0.0833               0.0097 8.1541e-02
 46  3.6716    2.5+                          9.2596e-01
                        6  1.8974     0.5000               1.7742 4.6298e-01
                        0  0.0000     0.5000               3.6716 4.6298e-01
 45  3.6650    4.5+                          1.5444e+00
                        0  0.0000     0.1111               3.6650 1.7160e-01
                        1  1.2240     0.1111               2.4410 1.7160e-01
                        4  1.6896     0.1111               1.9754 1.7160e-01
                        6  1.8974     0.1111               1.7676 1.7160e-01
                       10  2.3114     0.1111               1.3536 1.7160e-01
                       12  2.4861     0.1111               1.1789 1.7160e-01
                       15  2.5598     0.1111               1.1052 1.7160e-01
                       16  2.6112     0.1111               1.0538 1.7160e-01
                       32  3.2722     0.1111               0.3928 1.7160e-01
 44  3.6223    2.5+                          9.7671e-01
                        0  0.0000     0.0476               3.6223 4.6510e-02
                        2  1.3777     0.0476               2.2446 4.6510e-02
                        5  1.7576     0.0476               1.8647 4.6510e-02
                        6  1.8974     0.0476               1.7249 4.6510e-02
                        7  1.9195     0.0476               1.7028 4.6510e-02
                        9  2.1331     0.0476               1.4892 4.6510e-02
                       10  2.3114     0.0476               1.3109 4.6510e-02
                       16  2.6112     0.0476               1.0111 4.6510e-02
                       19  2.7310     0.0476               0.8913 4.6510e-02
                       21  2.8043     0.0476               0.8180 4.6510e-02
                       22  2.8792     0.0476               0.7431 4.6510e-02
                       25  3.1082     0.0476               0.5141 4.6510e-02
                       27  3.1649     0.0476               0.4574 4.6510e-02
                       28  3.1774     0.0476               0.4449 4.6510e-02
                       30  3.2463     0.0476               0.3760 4.6510e-02
                       32  3.2722     0.0476               0.3501 4.6510e-02
                       35  3.3567     0.0476               0.2656 4.6510e-02
                       36  3.3650     0.0476               0.2573 4.6510e-02
                       39  3.4606     0.0476               0.1617 4.6510e-02
                       40  3.4686     0.0476               0.1537 4.6510e-02
                       42  3.5404     0.0476               0.0819 4.6510e-02
 43  3.5539    2.5+                          1.0348e+00
                        5  1.7576     0.4594               1.7963 4.7513e-01
                        2  1.3777     0.5406               2.1762 5.5897e-01
 42  3.5404    1.5-                          6.8091e-01
                       23  2.9809     1.0000               0.5595 6.8068e-01
 41  3.5221    6.5-                          3.4561e+00
                       12  2.4861     1.0000               1.0360 3.4554e+00
 40  3.4686    1.5-                          7.2225e-01
                        7  1.9195     0.5000               1.5491 3.6112e-01
                        2  1.3777     0.5000               2.0909 3.6112e-01
 39  3.4606    1.5-                          7.3077e-01
                        7  1.9195     0.3333               1.5411 2.4359e-01
                        2  1.3777     0.3333               2.0829 2.4359e-01
                        0  0.0000     0.3333               3.4606 2.4359e-01
 38  3.4310    5.5+                          2.5889e+00
                        1  1.2240     0.2000               2.2070 5.1778e-01
                        4  1.6896     0.2000               1.7414 5.1778e-01
                       12  2.4861     0.2000               0.9449 5.1778e-01
                       14  2.5241     0.2000               0.9069 5.1778e-01
                       15  2.5598     0.2000               0.8712 5.1778e-01
 37  3.3937    1.5+                          8.2627e-01
                        2  1.3777     0.0714               2.0160 5.9019e-02
                        3  1.5048     0.0714               1.8889 5.9019e-02
                        5  1.7576     0.0714               1.6361 5.9019e-02
                        7  1.9195     0.0714               1.4742 5.9019e-02
                        9  2.1331     0.0714               1.2606 5.9019e-02
                       19  2.7310     0.0714               0.6627 5.9019e-02
                       21  2.8043     0.0714               0.5894 5.9019e-02
                       22  2.8792     0.0714               0.5145 5.9019e-02
                       25  3.1082     0.0714               0.2855 5.9019e-02
                       27  3.1649     0.0714               0.2288 5.9019e-02
                       28  3.1774     0.0714               0.2163 5.9019e-02
                       30  3.2463     0.0714               0.1474 5.9019e-02
                       35  3.3567     0.0714               0.0370 5.9019e-02
                       36  3.3650     0.0714               0.0287 5.9019e-02
 36  3.3650    1.5-                          8.5658e-01
                        8  2.1330     0.1667               1.2320 1.4276e-01
                       17  2.6145     0.1667               0.7505 1.4276e-01
                       23  2.9809     0.1667               0.3841 1.4276e-01
                       24  2.9821     0.1667               0.3830 1.4276e-01
                       29  3.1842     0.1667               0.1808 1.4276e-01
                       31  3.2627     0.1667               0.1023 1.4276e-01
 35  3.3567    1.5-                          8.6235e-01
                        2  1.3777     0.5000               1.9790 4.3118e-01
                        0  0.0000     0.5000               3.3567 4.3118e-01
 34  3.3430    3.5+                          1.6613e+00
                        0  0.0000     0.0769               3.3430 1.2780e-01
                        1  1.2240     0.0769               2.1190 1.2780e-01
                        6  1.8974     0.0769               1.4456 1.2780e-01
                        7  1.9195     0.0769               1.4235 1.2780e-01
                        9  2.1331     0.0769               1.2099 1.2780e-01
                       10  2.3114     0.0769               1.0316 1.2780e-01
                       12  2.4861     0.0769               0.8569 1.2780e-01
                       15  2.5598     0.0769               0.7832 1.2780e-01
                       16  2.6112     0.0769               0.7318 1.2780e-01
                       21  2.8043     0.0769               0.5387 1.2780e-01
                       28  3.1774     0.0769               0.1656 1.2780e-01
                       30  3.2463     0.0769               0.0967 1.2780e-01
                       32  3.2722     0.0769               0.0708 1.2780e-01
 33  3.2960    4.5+                          2.1447e+00
                        0  0.0000     0.1111               3.2960 2.3830e-01
                        1  1.2240     0.1111               2.0720 2.3830e-01
                        4  1.6896     0.1111               1.6064 2.3830e-01
                        6  1.8974     0.1111               1.3986 2.3830e-01
                       10  2.3114     0.1111               0.9846 2.3830e-01
                       12  2.4861     0.1111               0.8099 2.3830e-01
                       15  2.5598     0.1111               0.7362 2.3830e-01
                       16  2.6112     0.1111               0.6848 2.3830e-01
                       32  3.2722     0.1111               0.0238 2.3830e-01
 32  3.2722    3.5-                          2.5279e+00
                       13  2.5140     0.1429               0.7582 3.6113e-01
                       17  2.6145     0.1429               0.6577 3.6113e-01
                       18  2.7230     0.1429               0.5492 3.6113e-01
                       20  2.7435     0.1429               0.5287 3.6113e-01
                       26  3.1214     0.1429               0.1508 3.6113e-01
                       29  3.1842     0.1429               0.0880 3.6113e-01
                       31  3.2627     0.1429               0.0095 3.6113e-01
 31  3.2627    2.5+                          1.8627e+00
                        5  1.7576     0.5206               1.5051 9.6940e-01
                        0  0.0000     0.4794               3.2627 8.9174e-01
 30  3.2463    2.5-                          1.6433e+00
                        1  1.2240     1.0000               2.0223 1.6427e+00
 29  3.1842    2.5+                          1.9786e+00
                        2  1.3777     0.5000               1.8065 9.8931e-01
                        0  0.0000     0.5000               3.1842 9.8931e-01
 28  3.1774    2.5-                          1.7315e+00                       1.5200e-13
                        6  1.8974     0.4651               1.2800 8.0519e-01
                        0  0.0000     0.5349               3.1774 9.2539e-01
 27  3.1649    1.5-                          1.0210e+00
                        6  1.8974     0.5000               1.2675 5.1049e-01
                        0  0.0000     0.5000               3.1649 5.1049e-01
 26  3.1214    3.5+                          2.4048e+00
                       10  2.3114     0.5000               0.8100 1.2024e+00
                        1  1.2240     0.5000               1.8974 1.2024e+00
 25  3.1082    1.5-                          1.0717e+00                       5.4000e-14
                       21  2.8043     0.0346               0.3039 3.6939e-02
                        5  1.7576     0.0345               1.3506 3.6937e-02
                        3  1.5048     0.0690               1.6033 7.3880e-02
                        2  1.3777     0.8619               1.7305 9.2349e-01
                        0  0.0000     0.0000               3.1082 0.0000e+00
 24  2.9821    1.5+                          1.3935e+00
                        2  1.3777     0.1250               1.6044 1.7418e-01
                        3  1.5048     0.1250               1.4772 1.7418e-01
                        5  1.7576     0.1250               1.2244 1.7418e-01
                        7  1.9195     0.1250               1.0626 1.7418e-01
                        9  2.1331     0.1250               0.8490 1.7418e-01
                       19  2.7310     0.1250               0.2511 1.7418e-01
                       21  2.8043     0.1250               0.1778 1.7418e-01
                       22  2.8792     0.1250               0.1029 1.7418e-01
 23  2.9809    0.5+                          1.4264e+00
                        9  2.1331     0.3333               0.8478 4.7547e-01
                        5  1.7576     0.3333               1.2233 4.7547e-01
                        2  1.3777     0.3333               1.6032 4.7547e-01
 22  2.8792    1.5-                          1.5011e+00                       1.1100e-13
                        7  1.9195     0.3999               0.9597 6.0022e-01
                        5  1.7576     0.1999               1.1216 3.0005e-01
                        0  0.0000     0.4001               2.8792 6.0019e-01
 21  2.8043    2.5-                          2.5630e+00                       3.7000e-14
                        6  1.8974     0.2100               0.9069 5.3815e-01
                        5  1.7576     0.4565               1.0467 1.1699e+00
                        0  0.0000     0.3334               2.8043 8.5401e-01
 20  2.7435    4.5+                          4.0814e+00                       4.7000e-14
                        4  1.6896     1.0000               1.0539 4.0810e+00
 19  2.7310    1.5-                          1.7146e+00                       9.1000e-14
                        0  0.0000     1.0000               2.7310 1.7134e+00
 18  2.7230    4.5+                          4.1549e+00
                        1  1.2240     1.0000               1.4990 4.1536e+00
 17  2.6145    2.5+                          3.2431e+00
                        0  0.0000     0.1250               2.6145 4.0538e-01
                        2  1.3777     0.1250               1.2368 4.0538e-01
                        5  1.7576     0.1250               0.8569 4.0538e-01
                        6  1.8974     0.1250               0.7171 4.0538e-01
                        7  1.9195     0.1250               0.6950 4.0538e-01
                        9  2.1331     0.1250               0.4814 4.0538e-01
                       10  2.3114     0.1250               0.3031 4.0538e-01
                       16  2.6112     0.1250               0.0033 4.0538e-01
 16  2.6112    3.5-                          4.3917e+00                       8.5000e-14
                        7  1.9195     0.0000               0.6917 0.0000e+00
                        0  0.0000     1.0000               2.6112 4.3890e+00
 15  2.5598    4.5-                          5.5748e+00                       4.5000e-13
                        4  1.6896     0.1597               0.8702 8.8996e-01
                        1  1.2240     0.4201               1.3358 2.3414e+00
                        0  0.0000     0.4203               2.5598 2.3415e+00
 14  2.5241    6.5-                          1.2280e+01                       2.6000e-13
                        4  1.6896     1.0000               0.8345 1.2277e+01
 13  2.5140    3.5+                          4.2154e+00
                        0  0.0000     0.1429               2.5140 6.0220e-01
                        1  1.2240     0.1429               1.2900 6.0220e-01
                        6  1.8974     0.1429               0.6166 6.0220e-01
                        7  1.9195     0.1429               0.5945 6.0220e-01
                        9  2.1331     0.1429               0.3809 6.0220e-01
                       10  2.3114     0.1429               0.2026 6.0220e-01
                       12  2.4861     0.1429               0.0279 6.0220e-01
 12  2.4861    4.5-                          9.9193e+00                       5.9000e-14
                        6  1.8974     0.1111               0.5887 1.1014e+00
                        4  1.6896     0.1176               0.7965 1.1662e+00
                        1  1.2240     0.1176               1.2621 1.1665e+00
                        0  0.0000     0.6537               2.4861 6.4804e+00
 11  2.4790    5.5+                          6.6299e+00
                        1  1.2240     0.5000               1.2550 3.3149e+00
                        4  1.6896     0.5000               0.7894 3.3149e+00
 10  2.3114    3.5-                          7.2700e+00                       2.1000e-13
                        2  1.3777     0.0979               0.9337 7.1161e-01
                        1  1.2240     0.6993               1.0874 5.0831e+00
                        0  0.0000     0.2028               2.3114 1.4737e+00
  9  2.1331    2.5-                          6.0616e+00                       3.4000e-13
                        3  1.5048     0.0331               0.6282 2.0031e-01
                        2  1.3777     0.1405               0.7554 8.5141e-01
                        0  0.0000     0.8264               2.1331 5.0075e+00
  8  2.1330    1.5+                          3.4976e+00
                        2  1.3777     0.2500               0.7553 8.7439e-01
                        3  1.5048     0.2500               0.6282 8.7439e-01
                        5  1.7576     0.2500               0.3754 8.7439e-01
                        7  1.9195     0.2500               0.2135 8.7439e-01
  7  1.9195    2.5-                          8.7533e+00                       2.2000e-14
                        5  1.7576     0.0020               0.1619 1.7458e-02
                        2  1.3777     0.0003               0.5418 2.6192e-03
                        1  1.2240     0.0001               0.6955 8.7297e-04
                        0  0.0000     0.9976               1.9195 8.7297e+00
  6  1.8974    3.5-                          1.1781e+01                       1.1000e-13
                        1  1.2240     0.5348               0.6734 6.2982e+00
                        0  0.0000     0.4652               1.8974 5.4793e+00
  5  1.7576    1.5-                          9.2657e+00                       2.7000e-13
                        3  1.5048     0.0050               0.2528 4.5629e-02
                        2  1.3777     0.0099               0.3799 9.1257e-02
                        0  0.0000     0.9852               1.7576 9.1257e+00
  4  1.6896    5.5-                          3.7094e+01                       2.4000e-13
                        1  1.2240     0.5407               0.4656 2.0038e+01
                        0  0.0000     0.4593               1.6896 1.7033e+01
  3  1.5048    0.5-                          4.4971e+00                       2.1000e-10
                        2  1.3777     1.0000               0.1272 4.3999e+00
  2  1.3777    1.5-                          1.8528e+01                       1.9000e-11
                        0  0.0000     1.0000               1.3777 1.8525e+01
  1  1.2240    4.5-                          6.4567e+01                       5.4000e-14
                        0  0.0000     1.0000               1.2240 6.4558e+01
  0  0.0000    3.5-                          2.0721e+02                       2.3480e+07
#......................................................................../  026-057Fe //  26.000000
#                                                                          SUM SPECTRA FOR COMPOUND
#            026-057Fe      gamma    neutron     proton      alpha   deuteron
 SpcSum[mb]            7.8551e+02 3.2216e+02 4.0704e+00 1.1081e+00 1.3513e-03
 Emean[MeV]            1.5136e+00 1.6954e+00 4.4428e+00 7.8729e+00 3.1339e+00
#......................................................................../  026-057Fe //  26.000000
#                                                                   GAMMAS FROM DISCRETE TRANSITION
#           1 1 0 0 0 0             026-057Fe
#   Ex[MeV]     Jpi    FinalState  Branching Production    Egamma Production   T(1/2)[s]
 29  2.5994    1.5+                          2.1588e+00
                        2  0.1365     0.6993               2.4629 1.5082e+00
                        0  0.0000     0.3007               2.5994 6.4848e-01
 28  2.5936    1.5-                          1.9506e+00                       3.7000e-14
                        5  1.0071     0.4100               1.5865 7.9958e-01
                        4  0.7064     0.5000               1.8872 9.7502e-01
                        0  0.0000     0.0900               2.5936 1.7551e-01
 27  2.5745    0.5-                          9.5675e-01                       1.8000e-14
                        3  0.3668     0.2753               2.2077 2.6328e-01
                        0  0.0000     0.7247               2.5745 6.9299e-01
 26  2.5642    1.5-                          2.0032e+00
                       11  1.7254     0.6369               0.8388 1.2755e+00
                        0  0.0000     0.3631               2.5642 7.2694e-01
 25  2.5053    2.5+                          3.8357e+00                       7.8000e-14
                       11  1.7254     0.0278               0.7799 1.0647e-01
                        4  0.7064     0.0555               1.7989 2.1294e-01
                        3  0.3668     0.5556               2.1385 2.1293e+00
                        2  0.1365     0.2611               2.3688 1.0007e+00
                        1  0.0144     0.1000               2.4909 3.8323e-01
 24  2.4560    3.5+                          6.1603e+00
                        2  0.1365     0.1000               2.3195 6.1603e-01
                        4  0.7064     0.1000               1.7496 6.1603e-01
                        5  1.0071     0.1000               1.4489 6.1603e-01
                        7  1.1978     0.1000               1.2582 6.1603e-01
                        9  1.3568     0.1000               1.0992 6.1603e-01
                       13  1.9897     0.1000               0.4663 6.1603e-01
                       15  2.1131     0.1000               0.3429 6.1603e-01
                       16  2.1186     0.1000               0.3374 6.1603e-01
                       17  2.2069     0.1000               0.2491 6.1603e-01
                       19  2.2202     0.1000               0.2358 6.1603e-01
 23  2.4556    4.5+                          8.9179e+00                       1.4000e-12
                        5  1.0071     1.0000               1.4484 8.9155e+00
 22  2.3580    1.5-                          2.4423e+00
                        6  1.1399     0.3333               1.2181 8.1411e-01
                       18  2.2177     0.3333               0.1403 8.1411e-01
                       20  2.3304     0.3333               0.0276 8.1411e-01
 21  2.3560    5.5-                          1.8881e+01                       6.0000e-14
                        7  1.1978     0.2908               1.1582 5.4901e+00
                        5  1.0071     0.7092               1.3488 1.3389e+01
 20  2.3304    1.5+                          3.6942e+00
                       10  1.6273     1.0000               0.7032 3.6936e+00
 19  2.2202    3.5-                          7.3784e+00                       3.0000e-13
                        3  0.3668     0.0490               1.8534 3.6151e-01
                        2  0.1365     0.4608               2.0837 3.3987e+00
                        1  0.0144     0.4902               2.2058 3.6152e+00
 18  2.2177    2.5+                          6.2081e+00
                        3  0.3668     0.2062               1.8509 1.2794e+00
                        2  0.1365     0.3453               2.0812 2.1421e+00
                        1  0.0144     0.4485               2.2032 2.7821e+00
 17  2.2069    2.5-                          5.2461e+00                       1.0000e-14
                        8  1.2655     0.0342               0.9414 1.7927e-01
                        5  1.0071     0.1794               1.1997 9.4105e-01
                        3  0.3668     0.0000               1.8401 0.0000e+00
                        1  0.0144     0.4274               2.1925 2.2413e+00
                        0  0.0000     0.3590               2.2069 1.8825e+00
 16  2.1186    2.5-                          5.6601e+00                       4.6000e-14
                        5  1.0071     0.1465               1.1115 8.2909e-01
                        4  0.7064     0.5050               1.4122 2.8580e+00
                        1  0.0144     0.3485               2.1042 1.9718e+00
 15  2.1131    2.5-                          5.6869e+00
                        8  1.2655     0.2126               0.8476 1.2087e+00
                        0  0.0000     0.7874               2.1131 4.4761e+00
 14  1.9910    0.5-                          1.7015e+00
                        6  1.1399     1.0000               0.8511 1.7015e+00
 13  1.9897    4.5-                          1.3354e+01                       1.8000e-13
                        7  1.1978     0.2705               0.7918 3.6113e+00
                        5  1.0071     0.3197               0.9825 4.2685e+00
                        4  0.7064     0.4098               1.2832 5.4719e+00
 12  1.9766    0.5-                          1.7258e+00
                       11  1.7254     0.1690               0.2513 2.8905e-01
                        2  0.1365     0.6702               1.8402 1.1563e+00
                        0  0.0000     0.1608               1.9766 2.7742e-01
 11  1.7254    1.5-                          6.3090e+00                       3.1000e-14
                        8  1.2655     0.0033               0.4599 2.0686e-02
                        4  0.7064     0.1885               1.0190 1.1891e+00
                        3  0.3668     0.0977               1.3586 6.1619e-01
                        1  0.0144     0.0273               1.7110 1.7239e-01
                        0  0.0000     0.6832               1.7254 4.3095e+00
 10  1.6273    1.5-                          8.8450e+00                       5.6000e-14
                        4  0.7064     0.0860               0.9208 7.6029e-01
                        3  0.3668     0.2805               1.2605 2.4806e+00
                        1  0.0144     0.6098               1.6128 5.3924e+00
                        0  0.0000     0.0238               1.6273 2.1028e-01
  9  1.3568    3.5-                          1.8369e+01                       1.8000e-13
                        4  0.7064     0.5466               0.6504 1.0034e+01
                        3  0.3668     0.2349               0.9901 4.3144e+00
                        1  0.0144     0.2185               1.3424 4.0134e+00
  8  1.2655    0.5-                          4.9928e+00                       8.2000e-14
                        3  0.3668     0.9302               0.8988 4.6435e+00
                        1  0.0144     0.0447               1.2511 2.2291e-01
                        0  0.0000     0.0251               1.2655 1.2536e-01
  7  1.1978    4.5-                          4.7316e+01                       2.9000e-12
                        2  0.1365     1.0000               1.0613 4.7307e+01
  6  1.1399    1.5+                          1.4771e+01
                        0  0.0000     0.2000               1.1399 2.9541e+00
                        1  0.0144     0.2000               1.1255 2.9541e+00
                        2  0.1365     0.2000               1.0034 2.9541e+00
                        3  0.3668     0.2000               0.7731 2.9541e+00
                        4  0.7064     0.2000               0.4335 2.9541e+00
  5  1.0071    3.5-                          5.8048e+01                       1.3000e-13
                        3  0.3668     0.0301               0.6404 1.7450e+00
                        2  0.1365     0.6398               0.8707 3.7131e+01
                        1  0.0144     0.3301               0.9927 1.9158e+01
  4  0.7064    2.5-                          4.7897e+01                       4.1000e-12
                        3  0.3668     0.0144               0.3397 6.8758e-01
                        2  0.1365     0.0929               0.5699 4.4481e+00
                        1  0.0144     0.8446               0.6920 4.0437e+01
                        0  0.0000     0.0481               0.7064 2.3050e+00
  3  0.3668    1.5-                          4.0804e+01                       1.0500e-11
                        2  0.1365     0.0727               0.2303 2.9530e+00
                        1  0.0144     0.7878               0.3523 3.2098e+01
                        0  0.0000     0.1395               0.3668 5.6822e+00
  2  0.1365    2.5-                          1.5459e+02                       8.7000e-09
                        1  0.0144     0.8824               0.1221 1.3321e+02
                        0  0.0000     0.1176               0.1365 1.5989e+01
  1  0.0144    1.5-                          2.8531e+02                       9.8300e-08
                        0  0.0000     1.0000               0.0144 2.9844e+01
  0  0.0000    0.5-                          3.4271e+02
#......................................................................../  026-057Fe //  26.000000
#                                                                          SUM SPECTRA FOR COMPOUND
#            025-054Mn      gamma    neutron     proton      alpha   deuteron
 SpcSum[mb]            2.4051e+02 5.0762e+01 2.2835e+00 8.8406e-03 2.1883e-05
 Emean[MeV]            1.6767e+00 1.3078e+00 3.5500e+00 6.2772e+00 2.8300e+00
#......................................................................../  026-057Fe //  26.000000
#                                                                   GAMMAS FROM DISCRETE TRANSITION
#           1 0 1 0 0 0             025-054Mn
#   Ex[MeV]     Jpi    FinalState  Branching Production    Egamma Production   T(1/2)[s]
 33  2.3545    2.0+                          4.8470e-01                       9.0000e-15
                        6  1.0096     0.0000               1.3449 0.0000e+00
                        2  0.1563     0.6370               2.1982 3.0860e-01
                        1  0.0549     0.2420               2.2997 1.1726e-01
                        0  0.0000     0.1210               2.3545 5.8626e-02
 32  2.3200    5.0+                          1.2567e+00
                        3  0.3683     1.0000               1.9517 1.2567e+00
 31  2.2916    2.0+                          5.1496e-01                       1.2000e-14
                        2  0.1563     0.5102               2.1353 2.6262e-01
                        1  0.0549     0.2602               2.2367 1.3394e-01
                        0  0.0000     0.2296               2.2916 1.1818e-01
 30  2.2800    5.0+                          1.3002e+00
                        3  0.3683     1.0000               1.9117 1.3002e+00
 29  2.2676    2.0+                          5.2685e-01                       1.2500e-14
                       11  1.4544     0.0800               0.8132 4.2133e-02
                        4  0.4076     0.3600               1.8600 1.8962e-01
                        1  0.0549     0.4000               2.2127 2.1066e-01
                        0  0.0000     0.1600               2.2676 8.4260e-02
 28  2.2340    4.0+                          1.0624e+00
                        2  0.1563     1.0000               2.0777 1.0624e+00
 27  2.1361    1.0+                          3.5117e-01                       7.0000e-14
                        1  0.0549     0.6579               2.0813 2.3095e-01
                        0  0.0000     0.3421               2.1361 1.2008e-01
 26  2.1339    1.0+                          3.5200e-01                       2.4000e-14
                       11  1.4544     0.0661               0.6795 2.3266e-02
                       10  1.3910     0.0496               0.7429 1.7447e-02
                        9  1.3750     0.0579               0.7589 2.0357e-02
                        1  0.0549     0.8264               2.0790 2.9080e-01
 25  2.1130    4.0+                          1.1816e+00                       1.1000e-14
                        4  0.4076     0.8928               1.7054 1.0547e+00
                        0  0.0000     0.1072               2.1130 1.2662e-01
 24  2.1098    1.0+                          3.6159e-01                       4.1600e-13
                       10  1.3910     0.5988               0.7188 2.1645e-01
                        1  0.0549     0.4012               2.0549 1.4502e-01
 23  2.0560    2.0+                          6.4789e-01
                        1  0.0549     1.0000               2.0011 6.4789e-01
 22  1.9253    7.0+                          3.5599e+00                       7.3000e-13
                        7  1.0733     0.9434               0.8520 3.3578e+00
                        3  0.3683     0.0566               1.5570 2.0146e-01
 21  1.9223    1.0+                          4.4418e-01                       2.9000e-14
                       10  1.3910     0.0400               0.5313 1.7762e-02
                        9  1.3750     0.0298               0.5473 1.3219e-02
                        1  0.0549     0.9302               1.8674 4.1306e-01
 20  1.8530    3.0+                          1.1173e+00                       9.5000e-14
                       13  1.5084     0.3794               0.3446 4.2268e-01
                        9  1.3750     0.0606               0.4780 6.7623e-02
                        2  0.1563     0.2195               1.6967 2.4517e-01
                        1  0.0549     0.3406               1.7981 3.8042e-01
 19  1.7845    1.0+                          5.2039e-01                       1.6000e-14
                        6  1.0096     0.0798               0.7749 4.1513e-02
                        4  0.4076     0.3564               1.3769 1.8544e-01
                        1  0.0549     0.0319               1.7296 1.6602e-02
                        0  0.0000     0.5319               1.7845 2.7672e-01
 18  1.7834    7.0+                          4.4841e+00                       7.7000e-13
                        7  1.0733     0.0403               0.7101 1.8073e-01
                        3  0.3683     0.9597               1.4151 4.3027e+00
 17  1.6790    0.0+                          2.0671e-01
                       10  1.3910     1.0000               0.2880 2.0671e-01
 16  1.6511    1.0+                          6.0991e-01                       3.3000e-13
                        1  0.0549     1.0000               1.5962 6.0981e-01
 15  1.6342    2.0+                          1.0014e+00                       1.5000e-14
                        4  0.4076     0.4118               1.2267 4.1232e-01
                        2  0.1563     0.0980               1.4779 9.8159e-02
                        1  0.0549     0.4902               1.5793 4.9079e-01
 14  1.5440    2.0+                          1.1008e+00                       1.3000e-14
                        0  0.0000     1.0000               1.5440 1.1006e+00
 13  1.5084    2.0+                          1.5691e+00                       1.2000e-13
                        5  0.8389     0.0806               0.6695 1.2636e-01
                        1  0.0549     0.2483               1.4535 3.8957e-01
                        0  0.0000     0.6711               1.5084 1.0529e+00
 12  1.4608    4.0+                          2.1303e+00                       2.8000e-13
                        7  1.0733     1.0000               0.3875 2.1240e+00
 11  1.4544    1.0+                          8.4103e-01                       8.0000e-11
                        1  0.0549     0.9497               1.3995 7.9861e-01
                        0  0.0000     0.0503               1.4544 4.2322e-02
 10  1.3910    1.0+                          1.2970e+00                       3.8000e-13
                        1  0.0549     1.0000               1.3361 1.2969e+00
  9  1.3750    3.0+                          1.8635e+00                       1.1200e-14
                        4  0.4076     0.2013               0.9674 3.7507e-01
                        1  0.0549     0.1698               1.3201 3.1639e-01
                        0  0.0000     0.6289               1.3750 1.1718e+00
  8  1.1367    5.0+                          3.6477e+00                       6.0000e-13
                        5  0.8389     0.0709               0.2978 2.5734e-01
                        3  0.3683     0.5881               0.7685 2.1446e+00
                        2  0.1563     0.3410               0.9804 1.2437e+00
  7  1.0733    6.0+                          1.1674e+01                       2.2000e-10
                        3  0.3683     0.9900               0.7050 1.1554e+01
                        2  0.1563     0.0100               0.9170 1.1669e-01
  6  1.0096    3.0+                          2.5492e+00                       4.4000e-14
                        2  0.1563     0.4414               0.8533 1.1250e+00
                        1  0.0549     0.5586               0.9547 1.4238e+00
  5  0.8389    4.0+                          4.1683e+00                       4.1000e-13
                        3  0.3683     0.3613               0.4706 1.5049e+00
                        2  0.1563     0.0997               0.6826 4.1553e-01
                        0  0.0000     0.5390               0.8389 2.2461e+00
  4  0.4076    3.0+                          6.7221e+00                       1.8000e-12
                        2  0.1563     0.6223               0.2513 4.1709e+00
                        1  0.0549     0.0920               0.3527 6.1732e-01
                        0  0.0000     0.2857               0.4076 1.9188e+00
  3  0.3683    5.0+                          3.0165e+01                       6.9000e-12
                        2  0.1563     0.9911               0.2120 2.9761e+01
                        0  0.0000     0.0089               0.3683 2.6785e-01
  2  0.1563    4.0+                          4.6361e+01                       1.8600e-10
                        0  0.0000     1.0000               0.1563 4.5911e+01
  1  0.0549    2.0+                          1.4028e+01                       4.9000e-11
                        0  0.0000     1.0000               0.0549 1.1578e+01
  0  0.0000    3.0+                          7.5908e+01                       2.6960e+07
#......................................................................../  026-057Fe //  26.000000
#                                                                          SUM SPECTRA FOR COMPOUND
#            026-056Fe      gamma    neutron     proton      alpha
 SpcSum[mb]            1.1231e+02 1.3074e+00 1.0493e-01 5.1792e-04
 Emean[MeV]            1.8317e+00 6.2386e-01 2.0628e+00 5.0802e+00
#......................................................................../  026-057Fe //  26.000000
#                                                                   GAMMAS FROM DISCRETE TRANSITION
#           1 0 0 1 0 0             026-056Fe
#   Ex[MeV]     Jpi    FinalState  Branching Production    Egamma Production   T(1/2)[s]
 76  5.3078    5.0-                          3.2543e-01
                       24  4.2981     0.3333               1.0097 1.0848e-01
                        9  3.3885     0.3333               1.9193 1.0848e-01
                        2  2.0851     0.3333               3.2227 1.0848e-01
 75  5.3029    4.0+                          2.0019e-01                       2.8000e-14
                       33  4.5395     0.1106               0.7634 2.2134e-02
                       24  4.2981     0.0711               1.0048 1.4234e-02
                        9  3.3885     0.1580               1.9144 3.1623e-02
                        7  3.1230     0.1067               2.1800 2.1354e-02
                        2  2.0851     0.3953               3.2178 7.9075e-02
                        1  0.8468     0.1582               4.4562 3.1631e-02
 74  5.2960    0.0+                          1.5042e-02
                       17  3.7596     0.5000               1.5364 7.5209e-03
                       30  4.4477     0.5000               0.8483 7.5209e-03
 73  5.2839    4.0-                          2.1765e-01
                        2  2.0851     0.0476               3.1988 1.0364e-02
                        7  3.1230     0.0476               2.1609 1.0364e-02
                       10  3.4453     0.0476               1.8386 1.0364e-02
                       19  3.8565     0.0476               1.4274 1.0364e-02
                       20  4.0489     0.0476               1.2350 1.0364e-02
                       22  4.1004     0.0476               1.1835 1.0364e-02
                       23  4.1199     0.0476               1.1640 1.0364e-02
                       24  4.2981     0.0476               0.9858 1.0364e-02
                       28  4.3949     0.0476               0.8890 1.0364e-02
                       31  4.4585     0.0476               0.8254 1.0364e-02
                       34  4.5548     0.0476               0.7291 1.0364e-02
                       36  4.6108     0.0476               0.6731 1.0364e-02
                       40  4.6830     0.0476               0.6009 1.0364e-02
                       41  4.6923     0.0476               0.5916 1.0364e-02
                       48  4.8127     0.0476               0.4712 1.0364e-02
                       57  5.0330     0.0476               0.2509 1.0364e-02
                       58  5.0385     0.0476               0.2454 1.0364e-02
                       59  5.0559     0.0476               0.2280 1.0364e-02
                       68  5.2326     0.0476               0.0513 1.0364e-02
                       69  5.2359     0.0476               0.0480 1.0364e-02
                       70  5.2490     0.0476               0.0349 1.0364e-02
 72  5.2569    2.0+                          9.0075e-02                       2.0000e-14
                        1  0.8468     0.4999               4.4101 4.4972e-02
                        0  0.0000     0.5001               5.2569 4.4976e-02
 71  5.2557    8.0+                          5.7620e-01                       3.5000e-13
                       16  3.7556     0.2805               1.5001 1.6160e-01
                        9  3.3885     0.7195               1.8672 4.1445e-01
 70  5.2490    4.0+                          2.2058e-01
                       27  4.3681     0.1667               0.8809 3.6764e-02
                       32  4.5096     0.1667               0.7394 3.6764e-02
                       37  4.6200     0.1667               0.6290 3.6764e-02
                       47  4.8020     0.1667               0.4470 3.6764e-02
                       53  4.8817     0.1667               0.3673 3.6764e-02
                       60  5.1221     0.1667               0.1269 3.6764e-02
 69  5.2359    4.0+                          2.2311e-01                       1.0400e-13
                       41  4.6923     0.0590               0.5436 1.3162e-02
                       31  4.4585     0.0798               0.7774 1.7809e-02
                       24  4.2981     0.0555               0.9378 1.2389e-02
                       22  4.1004     0.1180               1.1355 2.6323e-02
                       20  4.0489     0.0208               1.1870 4.6467e-03
                       16  3.7556     0.0174               1.4803 3.8725e-03
                       10  3.4453     0.0590               1.7905 1.3162e-02
                        9  3.3885     0.1146               1.8473 2.5560e-02
                        5  2.9600     0.0417               2.2759 9.2923e-03
                        3  2.6576     0.0868               2.5783 1.9358e-02
                        2  2.0851     0.3473               3.1508 7.7421e-02
 68  5.2326    3.0+                          1.5925e-01                       8.0000e-15
                       22  4.1004     0.0478               1.1322 7.6164e-03
                       20  4.0489     0.1542               1.1837 2.4550e-02
                       11  3.4484     0.0319               1.7842 5.0780e-03
                       10  3.4453     0.1489               1.7872 2.3703e-02
                        2  2.0851     0.0851               3.1475 1.3541e-02
                        1  0.8468     0.5321               4.3858 8.4635e-02
 67  5.2273    1.0+                          5.3943e-02                       1.2300e-14
                        0  0.0000     1.0000               5.2273 5.3866e-02
 66  5.2190    0.0-                          1.7269e-02
                        6  3.1201     0.1667               2.0989 2.8781e-03
                       11  3.4484     0.1667               1.7706 2.8781e-03
                       46  4.7841     0.1667               0.4349 2.8781e-03
                       51  4.8665     0.1667               0.3525 2.8781e-03
                       54  4.8871     0.1667               0.3319 2.8781e-03
                       55  5.0235     0.1667               0.1955 2.8781e-03
 65  5.1948    2.0+                          9.5021e-02
                       14  3.6102     0.0898               1.5846 8.5303e-03
                        6  3.1201     0.0898               2.0747 8.5307e-03
                        4  2.9415     0.1796               2.2533 1.7058e-02
                        3  2.6576     0.2500               2.5372 2.3742e-02
                        1  0.8468     0.3908               4.3480 3.7088e-02
 64  5.1868    2.0+                          9.5649e-02
                       20  4.0489     0.5000               1.1379 4.7825e-02
                        2  2.0851     0.5000               3.1017 4.7825e-02
 63  5.1843    8.0+                          6.3674e-01
                       16  3.7556     1.0000               1.4287 6.3664e-01
 62  5.1495    2.0+                          9.8620e-02
                        7  3.1230     0.2125               2.0266 2.0949e-02
                        2  2.0851     0.7875               3.0644 7.7599e-02
 61  5.1317    2.0+                          1.0007e-01                       7.3000e-14
                       31  4.4585     0.1191               0.6731 1.1911e-02
                       20  4.0489     0.0912               1.0828 9.1285e-03
                       10  3.4453     0.3967               1.6863 3.9687e-02
                        7  3.1230     0.2381               2.0087 2.3817e-02
                        1  0.8468     0.1549               4.2849 1.5481e-02
 60  5.1221    5.0-                          4.3080e-01
                        2  2.0851     1.0000               3.0370 4.3026e-01
 59  5.0559    4.0+                          2.5982e-01                       6.6000e-14
                       24  4.2981     0.5951               0.7578 1.5457e-01
                        2  2.0851     0.4049               2.9708 1.0512e-01
 58  5.0385    4.0+                          2.6402e-01                       7.8000e-14
                        7  3.1230     1.0000               1.9155 2.6395e-01
 57  5.0330    4.0+                          2.6532e-01                       1.0000e-14
                       16  3.7556     0.1674               1.2774 4.4410e-02
                        9  3.3885     0.0890               1.6445 2.3598e-02
                        2  2.0851     0.5236               2.9479 1.3882e-01
                        1  0.8468     0.2200               4.1862 5.8299e-02
 56  5.0267    2.0-                          1.2053e-01
                        1  0.8468     0.0333               4.1799 4.0177e-03
                        3  2.6576     0.0333               2.3691 4.0177e-03
                        5  2.9600     0.0333               2.0667 4.0177e-03
                        6  3.1201     0.0333               1.9066 4.0177e-03
                        8  3.3699     0.0333               1.6568 4.0177e-03
                       10  3.4453     0.0333               1.5814 4.0177e-03
                       11  3.4484     0.0333               1.5783 4.0177e-03
                       12  3.6002     0.0333               1.4265 4.0177e-03
                       13  3.6057     0.0333               1.4210 4.0177e-03
                       15  3.7441     0.0333               1.2826 4.0177e-03
                       18  3.8298     0.0333               1.1969 4.0177e-03
                       19  3.8565     0.0333               1.1702 4.0177e-03
                       20  4.0489     0.0333               0.9778 4.0177e-03
                       21  4.0859     0.0333               0.9408 4.0177e-03
                       23  4.1199     0.0333               0.9068 4.0177e-03
                       26  4.3200     0.0333               0.7067 4.0177e-03
                       28  4.3949     0.0333               0.6318 4.0177e-03
                       29  4.4013     0.0333               0.6254 4.0177e-03
                       33  4.5395     0.0333               0.4872 4.0177e-03
                       35  4.6086     0.0333               0.4181 4.0177e-03
                       38  4.6583     0.0333               0.3684 4.0177e-03
                       40  4.6830     0.0333               0.3437 4.0177e-03
                       43  4.7281     0.0333               0.2986 4.0177e-03
                       45  4.7373     0.0333               0.2894 4.0177e-03
                       46  4.7841     0.0333               0.2426 4.0177e-03
                       50  4.8479     0.0333               0.1788 4.0177e-03
                       51  4.8665     0.0333               0.1602 4.0177e-03
                       52  4.8780     0.0333               0.1487 4.0177e-03
                       54  4.8871     0.0333               0.1396 4.0177e-03
                       55  5.0235     0.0333               0.0032 4.0177e-03
 55  5.0235    1.0+                          7.1427e-02                       6.0000e-15
                       23  4.1199     0.0294               0.9036 2.0982e-03
                       18  3.8298     0.0000               1.1937 0.0000e+00
                       11  3.4484     0.2361               1.5751 1.6862e-02
                        8  3.3699     0.2454               1.6535 1.7526e-02
                        6  3.1201     0.0099               1.9034 7.0377e-04
                        5  2.9600     0.3719               2.0635 2.6557e-02
                        3  2.6576     0.0079               2.3659 5.6305e-04
                        1  0.8468     0.0264               4.1767 1.8857e-03
                        0  0.0000     0.0730               5.0235 5.2053e-03
 54  4.8871    1.0+                          7.9599e-02
                       18  3.8298     1.0000               1.0573 7.9586e-02
 53  4.8817    4.0-                          3.6060e-01
                        2  2.0851     0.0667               2.7966 2.4040e-02
                        7  3.1230     0.0667               1.7587 2.4040e-02
                       10  3.4453     0.0667               1.4364 2.4040e-02
                       19  3.8565     0.0667               1.0252 2.4040e-02
                       20  4.0489     0.0667               0.8328 2.4040e-02
                       22  4.1004     0.0667               0.7813 2.4040e-02
                       23  4.1199     0.0667               0.7618 2.4040e-02
                       24  4.2981     0.0667               0.5836 2.4040e-02
                       28  4.3949     0.0667               0.4868 2.4040e-02
                       31  4.4585     0.0667               0.4232 2.4040e-02
                       34  4.5548     0.0667               0.3269 2.4040e-02
                       36  4.6108     0.0667               0.2709 2.4040e-02
                       40  4.6830     0.0667               0.1987 2.4040e-02
                       41  4.6923     0.0667               0.1894 2.4040e-02
                       48  4.8127     0.0667               0.0690 2.4040e-02
 52  4.8780    2.0+                          1.2836e-01
                        5  2.9600     0.1958               1.9180 2.5126e-02
                        2  2.0851     0.2736               2.7929 3.5094e-02
                        1  0.8468     0.3379               4.0312 4.3323e-02
                        0  0.0000     0.1927               4.8780 2.4699e-02
 51  4.8665    1.0+                          8.0906e-02                       9.7000e-15
                       12  3.6002     0.0051               1.2663 4.1362e-04
                       11  3.4484     0.0818               1.4181 6.6171e-03
                       10  3.4453     0.0092               1.4212 7.4446e-04
                        8  3.3699     0.0399               1.4966 3.2260e-03
                        6  3.1201     0.0112               1.7464 9.0998e-04
                        5  2.9600     0.2807               1.9065 2.2704e-02
                        3  2.6576     0.0307               2.2089 2.4811e-03
                        2  2.0851     0.0040               2.7814 3.2262e-04
                        1  0.8468     0.5118               4.0197 4.1361e-02
                        0  0.0000     0.0256               4.8665 2.0676e-03
 50  4.8479    2.0+                          1.3215e-01                       6.4000e-14
                        3  2.6576     0.3333               2.1903 4.4050e-02
                        2  2.0851     0.3333               2.7628 4.4050e-02
                        0  0.0000     0.3333               4.8479 4.4050e-02
 49  4.8200    2.0-                          1.4682e-01
                        1  0.8468     0.0400               3.9732 5.8730e-03
                        3  2.6576     0.0400               2.1624 5.8730e-03
                        5  2.9600     0.0400               1.8600 5.8730e-03
                        6  3.1201     0.0400               1.6999 5.8730e-03
                        8  3.3699     0.0400               1.4501 5.8730e-03
                       10  3.4453     0.0400               1.3747 5.8730e-03
                       11  3.4484     0.0400               1.3716 5.8730e-03
                       12  3.6002     0.0400               1.2198 5.8730e-03
                       13  3.6057     0.0400               1.2143 5.8730e-03
                       15  3.7441     0.0400               1.0759 5.8730e-03
                       18  3.8298     0.0400               0.9902 5.8730e-03
                       19  3.8565     0.0400               0.9635 5.8730e-03
                       20  4.0489     0.0400               0.7711 5.8730e-03
                       21  4.0859     0.0400               0.7341 5.8730e-03
                       23  4.1199     0.0400               0.7001 5.8730e-03
                       26  4.3200     0.0400               0.5000 5.8730e-03
                       28  4.3949     0.0400               0.4251 5.8730e-03
                       29  4.4013     0.0400               0.4187 5.8730e-03
                       33  4.5395     0.0400               0.2805 5.8730e-03
                       35  4.6086     0.0400               0.2114 5.8730e-03
                       38  4.6583     0.0400               0.1617 5.8730e-03
                       40  4.6830     0.0400               0.1370 5.8730e-03
                       43  4.7281     0.0400               0.0919 5.8730e-03
                       45  4.7373     0.0400               0.0827 5.8730e-03
                       46  4.7841     0.0400               0.0359 5.8730e-03
 48  4.8127    4.0+                          3.4705e-01
                       23  4.1199     0.3333               0.6927 1.1568e-01
                       16  3.7556     0.3333               1.0571 1.1568e-01
                       10  3.4453     0.3333               1.3673 1.1568e-01
 47  4.8020    3.0-                          2.8075e-01
                        1  0.8468     0.0333               3.9552 9.3584e-03
                        2  2.0851     0.0333               2.7169 9.3584e-03
                        3  2.6576     0.0333               2.1444 9.3584e-03
                        5  2.9600     0.0333               1.8420 9.3584e-03
                        7  3.1230     0.0333               1.6790 9.3584e-03
                        8  3.3699     0.0333               1.4320 9.3584e-03
                       10  3.4453     0.0333               1.3567 9.3584e-03
                       12  3.6002     0.0333               1.2018 9.3584e-03
                       13  3.6057     0.0333               1.1963 9.3584e-03
                       15  3.7441     0.0333               1.0579 9.3584e-03
                       18  3.8298     0.0333               0.9722 9.3584e-03
                       19  3.8565     0.0333               0.9455 9.3584e-03
                       20  4.0489     0.0333               0.7531 9.3584e-03
                       21  4.0859     0.0333               0.7161 9.3584e-03
                       22  4.1004     0.0333               0.7016 9.3584e-03
                       23  4.1199     0.0333               0.6821 9.3584e-03
                       24  4.2981     0.0333               0.5039 9.3584e-03
                       26  4.3200     0.0333               0.4820 9.3584e-03
                       28  4.3949     0.0333               0.4071 9.3584e-03
                       29  4.4013     0.0333               0.4007 9.3584e-03
                       31  4.4585     0.0333               0.3435 9.3584e-03
                       33  4.5395     0.0333               0.2625 9.3584e-03
                       34  4.5548     0.0333               0.2472 9.3584e-03
                       35  4.6086     0.0333               0.1934 9.3584e-03
                       36  4.6108     0.0333               0.1912 9.3584e-03
                       38  4.6583     0.0333               0.1437 9.3584e-03
                       40  4.6830     0.0333               0.1190 9.3584e-03
                       41  4.6923     0.0333               0.1097 9.3584e-03
                       43  4.7281     0.0333               0.0739 9.3584e-03
                       45  4.7373     0.0333               0.0647 9.3584e-03
 46  4.7841    1.0+                          9.2883e-02
                        6  3.1201     0.1008               1.6640 9.3608e-03
                        1  0.8468     0.4587               3.9373 4.2558e-02
                        0  0.0000     0.4405               4.7841 4.0861e-02
 45  4.7373    2.0+                          1.6045e-01                       3.2000e-14
                       23  4.1199     0.0857               0.6174 1.3744e-02
                        6  3.1201     0.1190               1.6172 1.9090e-02
                        3  2.6576     0.4761               2.0797 7.6362e-02
                        1  0.8468     0.1286               3.8906 2.0611e-02
                        0  0.0000     0.1906               4.7373 3.0538e-02
 44  4.7300    0.0+                          2.4267e-02
                        1  0.8468     1.0000               3.8832 2.4240e-02
 43  4.7281    2.0+                          1.6157e-01                       6.3000e-14
                        1  0.8468     0.9009               3.8814 1.4539e-01
                        0  0.0000     0.0991               4.7281 1.5993e-02
 42  4.7006    7.0+                          9.3125e-01                       8.3000e-14
                       16  3.7556     0.1597               0.9451 1.4869e-01
                        9  3.3885     0.8403               1.3121 7.8244e-01
 41  4.6923    4.0+                          4.0636e-01                       3.3000e-14
                       16  3.7556     0.1179               0.9367 4.7901e-02
                       15  3.7441     0.0142               0.9482 5.7490e-03
                        7  3.1230     0.0755               1.5693 3.0656e-02
                        3  2.6576     0.2405               2.0347 9.7699e-02
                        2  2.0851     0.4717               2.6072 1.9158e-01
                        1  0.8468     0.0802               3.8455 3.2571e-02
 40  4.6830    3.0+                          2.9968e-01                       6.6000e-14
                        8  3.3699     0.1927               1.3131 5.7740e-02
                        7  3.1230     0.0963               1.5601 2.8866e-02
                        5  2.9600     0.0000               1.7231 0.0000e+00
                        2  2.0851     0.3092               2.5979 9.2608e-02
                        1  0.8468     0.4018               3.8363 1.2028e-01
 39  4.6734    2.0-                          1.6787e-01
                        1  0.8468     0.0476               3.8266 7.9937e-03
                        3  2.6576     0.0476               2.0158 7.9937e-03
                        5  2.9600     0.0476               1.7134 7.9937e-03
                        6  3.1201     0.0476               1.5533 7.9937e-03
                        8  3.3699     0.0476               1.3035 7.9937e-03
                       10  3.4453     0.0476               1.2281 7.9937e-03
                       11  3.4484     0.0476               1.2250 7.9937e-03
                       12  3.6002     0.0476               1.0732 7.9937e-03
                       13  3.6057     0.0476               1.0677 7.9937e-03
                       15  3.7441     0.0476               0.9293 7.9937e-03
                       18  3.8298     0.0476               0.8436 7.9937e-03
                       19  3.8565     0.0476               0.8169 7.9937e-03
                       20  4.0489     0.0476               0.6245 7.9937e-03
                       21  4.0859     0.0476               0.5875 7.9937e-03
                       23  4.1199     0.0476               0.5535 7.9937e-03
                       26  4.3200     0.0476               0.3534 7.9937e-03
                       28  4.3949     0.0476               0.2785 7.9937e-03
                       29  4.4013     0.0476               0.2721 7.9937e-03
                       33  4.5395     0.0476               0.1339 7.9937e-03
                       35  4.6086     0.0476               0.0648 7.9937e-03
                       38  4.6583     0.0476               0.0151 7.9937e-03
 38  4.6583    2.0+                          1.7886e-01                       4.9000e-14
                       10  3.4453     0.0178               1.2129 3.1849e-03
                        8  3.3699     0.0178               1.2883 3.1849e-03
                        5  2.9600     0.0270               1.6983 4.8243e-03
                        3  2.6576     0.0178               2.0007 3.1842e-03
                        2  2.0851     0.5399               2.5732 9.6501e-02
                        1  0.8468     0.3619               3.8115 6.4657e-02
                        0  0.0000     0.0178               4.6583 3.1844e-03
 37  4.6200    3.0-                          3.3177e-01
                        1  0.8468     0.0400               3.7732 1.3271e-02
                        2  2.0851     0.0400               2.5349 1.3271e-02
                        3  2.6576     0.0400               1.9624 1.3271e-02
                        5  2.9600     0.0400               1.6600 1.3271e-02
                        7  3.1230     0.0400               1.4970 1.3271e-02
                        8  3.3699     0.0400               1.2501 1.3271e-02
                       10  3.4453     0.0400               1.1747 1.3271e-02
                       12  3.6002     0.0400               1.0198 1.3271e-02
                       13  3.6057     0.0400               1.0143 1.3271e-02
                       15  3.7441     0.0400               0.8759 1.3271e-02
                       18  3.8298     0.0400               0.7902 1.3271e-02
                       19  3.8565     0.0400               0.7635 1.3271e-02
                       20  4.0489     0.0400               0.5711 1.3271e-02
                       21  4.0859     0.0400               0.5341 1.3271e-02
                       22  4.1004     0.0400               0.5196 1.3271e-02
                       23  4.1199     0.0400               0.5001 1.3271e-02
                       24  4.2981     0.0400               0.3219 1.3271e-02
                       26  4.3200     0.0400               0.3000 1.3271e-02
                       28  4.3949     0.0400               0.2251 1.3271e-02
                       29  4.4013     0.0400               0.2187 1.3271e-02
                       31  4.4585     0.0400               0.1615 1.3271e-02
                       33  4.5395     0.0400               0.0805 1.3271e-02
                       34  4.5548     0.0400               0.0652 1.3271e-02
                       35  4.6086     0.0400               0.0114 1.3271e-02
                       36  4.6108     0.0400               0.0092 1.3271e-02
 36  4.6108    4.0+                          4.3626e-01                       2.7000e-14
                       19  3.8565     0.0262               0.7543 1.1430e-02
                       18  3.8298     0.1310               0.7811 5.7125e-02
                        5  2.9600     0.0561               1.6508 2.4489e-02
                        3  2.6576     0.1236               1.9532 5.3901e-02
                        2  2.0851     0.2884               2.5257 1.2574e-01
                        1  0.8468     0.3747               3.7640 1.6328e-01
 35  4.6086    2.0+                          1.9938e-01                       4.7000e-14
                        7  3.1230     0.1027               1.4856 2.0472e-02
                        4  2.9415     0.0540               1.6671 1.0770e-02
                        3  2.6576     0.0486               1.9510 9.6925e-03
                        2  2.0851     0.5405               2.5235 1.0770e-01
                        1  0.8468     0.2542               3.7618 5.0628e-02
 34  4.5548    4.0+                          4.5710e-01                       9.4000e-14
                       16  3.7556     0.0693               0.7992 3.1665e-02
                       15  3.7441     0.0495               0.8106 2.2618e-02
                       10  3.4453     0.0495               1.1094 2.2618e-02
                        9  3.3885     0.0792               1.1662 3.6192e-02
                        7  3.1230     0.1683               1.4318 7.6918e-02
                        3  2.6576     0.0544               1.8972 2.4881e-02
                        2  2.0851     0.4951               2.4697 2.2619e-01
                        1  0.8468     0.0347               3.7080 1.5835e-02
 33  4.5395    2.0+                          2.3157e-01                       2.5000e-14
                        5  2.9600     0.5700               1.5795 1.3197e-01
                        3  2.6576     0.2999               1.8819 6.9428e-02
                        0  0.0000     0.1301               4.5395 3.0086e-02
 32  4.5096    3.0-                          3.6653e-01                       8.3000e-14
                       16  3.7556     0.0673               0.7540 2.4651e-02
                       10  3.4453     0.0192               1.0642 7.0445e-03
                        8  3.3699     0.1249               1.1396 4.5778e-02
                        7  3.1230     0.0897               1.3866 3.2868e-02
                        3  2.6576     0.3204               1.8520 1.1738e-01
                        2  2.0851     0.0641               2.4245 2.3478e-02
                        1  0.8468     0.3143               3.6628 1.1503e-01
 31  4.4585    4.0+                          5.2625e-01                       2.6000e-14
                        7  3.1230     0.5854               1.3356 3.0801e-01
                        2  2.0851     0.3748               2.3734 1.9713e-01
                        1  0.8468     0.0398               3.6118 2.0943e-02
 30  4.4477    1.0-                          1.3205e-01
                        1  0.8468     1.0000               3.6009 1.3185e-01
 29  4.4013    2.0+                          2.3270e-01                       5.6000e-14
                       10  3.4453     0.2647               0.9559 6.1584e-02
                        8  3.3699     0.0115               1.0313 2.6780e-03
                        5  2.9600     0.0673               1.4413 1.5663e-02
                        4  2.9415     0.0443               1.4598 1.0309e-02
                        2  2.0851     0.0363               2.3162 8.4336e-03
                        1  0.8468     0.5759               3.5545 1.3388e-01
 28  4.3949    3.0+                          4.0204e-01                       3.5000e-14
                        7  3.1230     0.0933               1.2720 3.7509e-02
                        1  0.8468     0.9067               3.5482 3.6419e-01
 27  4.3681    3.0-                          4.2378e-01
                        1  0.8468     0.0556               3.5214 2.3543e-02
                        2  2.0851     0.0556               2.2830 2.3543e-02
                        3  2.6576     0.0556               1.7105 2.3543e-02
                        5  2.9600     0.0556               1.4082 2.3543e-02
                        7  3.1230     0.0556               1.2452 2.3543e-02
                        8  3.3699     0.0556               0.9982 2.3543e-02
                       10  3.4453     0.0556               0.9228 2.3543e-02
                       12  3.6002     0.0556               0.7679 2.3543e-02
                       13  3.6057     0.0556               0.7624 2.3543e-02
                       15  3.7441     0.0556               0.6240 2.3543e-02
                       18  3.8298     0.0556               0.5384 2.3543e-02
                       19  3.8565     0.0556               0.5116 2.3543e-02
                       20  4.0489     0.0556               0.3192 2.3543e-02
                       21  4.0859     0.0556               0.2822 2.3543e-02
                       22  4.1004     0.0556               0.2678 2.3543e-02
                       23  4.1199     0.0556               0.2482 2.3543e-02
                       24  4.2981     0.0556               0.0700 2.3543e-02
                       26  4.3200     0.0556               0.0481 2.3543e-02
 26  4.3200    2.0+                          2.7088e-01
                       17  3.7596     1.0000               0.5604 2.7088e-01
 25  4.3020    0.0+                          3.5374e-02
                        1  0.8468     1.0000               3.4552 3.5339e-02
 24  4.2981    4.0+                          8.8502e-01                       1.1000e-13
                       10  3.4453     0.0133               0.8527 1.1769e-02
                        7  3.1230     0.6098               1.1751 5.3966e-01
                        3  2.6576     0.0168               1.6405 1.4893e-02
                        2  2.0851     0.1043               2.2130 9.2273e-02
                        1  0.8468     0.2557               3.4513 2.2609e-01
 23  4.1199    3.0+                          6.6032e-01                       1.4000e-13
                       19  3.8565     0.0024               0.2634 1.5427e-03
                       10  3.4453     0.0035               0.6746 2.3140e-03
                        7  3.1230     0.0117               0.9970 7.7111e-03
                        5  2.9600     0.0089               1.1600 5.8622e-03
                        3  2.6576     0.0078               1.4623 5.1418e-03
                        2  2.0851     0.7790               2.0348 5.1423e-01
                        1  0.8468     0.1868               3.2732 1.2325e-01
 22  4.1004    4.0+                          7.4288e-01                       4.3000e-14
                       10  3.4453     0.0028               0.6550 2.0783e-03
                        7  3.1230     0.1122               0.9774 8.3339e-02
                        5  2.9600     0.0104               1.1404 7.7547e-03
                        3  2.6576     0.0142               1.4428 1.0577e-02
                        2  2.0851     0.2381               2.0153 1.7683e-01
                        1  0.8468     0.6222               3.2536 4.6181e-01
 21  4.0859    2.0+                          3.2175e-01
                        1  0.8468     0.7518               3.2392 2.4169e-01
                        0  0.0000     0.2482               4.0859 7.9762e-02
 20  4.0489    3.0+                          6.4808e-01                       7.0000e-15
                        5  2.9600     0.0137               1.0889 8.9031e-03
                        2  2.0851     0.1778               1.9638 1.1519e-01
                        1  0.8468     0.8085               3.2021 5.2353e-01
 19  3.8565    3.0+                          6.7571e-01                       2.5000e-14
                       10  3.4453     0.0016               0.4111 1.0543e-03
                        8  3.3699     0.0035               0.4865 2.3564e-03
                        7  3.1230     0.0114               0.7335 7.6870e-03
                        5  2.9600     0.0042               0.8965 2.8523e-03
                        3  2.6576     0.0026               1.1989 1.7364e-03
                        2  2.0851     0.9178               1.7714 6.2005e-01
                        1  0.8468     0.0590               3.0097 3.9806e-02
 18  3.8298    2.0+                          5.3199e-01                       3.9000e-14
                        3  2.6576     0.3004               1.1722 1.5979e-01
                        1  0.8468     0.5182               2.9830 2.7547e-01
                        0  0.0000     0.1814               3.8298 9.6395e-02
 17  3.7596    1.0-                          5.3474e-01
                        0  0.0000     0.0833               3.7596 4.4562e-02
                        1  0.8468     0.0833               2.9128 4.4562e-02
                        3  2.6576     0.0833               1.1020 4.4562e-02
                        4  2.9415     0.0833               0.8181 4.4562e-02
                        5  2.9600     0.0833               0.7996 4.4562e-02
                        6  3.1201     0.0833               0.6395 4.4562e-02
                        8  3.3699     0.0833               0.3897 4.4562e-02
                       11  3.4484     0.0833               0.3112 4.4562e-02
                       12  3.6002     0.0833               0.1594 4.4562e-02
                       13  3.6057     0.0833               0.1539 4.4562e-02
                       14  3.6102     0.0833               0.1494 4.4562e-02
                       15  3.7441     0.0833               0.0155 4.4562e-02
 16  3.7556    6.0+                          2.9285e+00                       1.3000e-13
                        9  3.3885     0.1776               0.3670 5.1936e-01
                        7  3.1230     0.0161               0.6326 4.7203e-02
                        2  2.0851     0.8063               1.6705 2.3607e+00
 15  3.7441    2.0+                          4.9645e-01
                        1  0.8468     1.0000               2.8974 4.9610e-01
 14  3.6102    0.0+                          1.1949e-01                       5.2000e-14
                        3  2.6576     0.0137               0.9526 1.6402e-03
                        2  2.0851     0.0064               1.5251 7.6549e-04
                        1  0.8468     0.9158               2.7634 1.0935e-01
                        0  0.0000     0.0641               3.6102 7.6543e-03
 13  3.6057    2.0+                          5.2107e-01                       1.5000e-13
                        3  2.6576     0.0827               0.9481 4.3091e-02
                        2  2.0851     0.0082               1.5206 4.2482e-03
                        1  0.8468     0.5827               2.7589 3.0344e-01
                        0  0.0000     0.3264               3.6057 1.6991e-01
 12  3.6002    2.0+                          5.2369e-01                       5.9000e-14
                        3  2.6576     0.0192               0.9426 1.0063e-02
                        2  2.0851     0.0192               1.5151 1.0063e-02
                        1  0.8468     0.1602               2.7534 8.3837e-02
                        0  0.0000     0.8014               3.6002 4.1923e-01
 11  3.4484    1.0+                          3.8260e-01                       8.0000e-15
                        3  2.6576     0.0052               0.7908 2.0015e-03
                        1  0.8468     0.2468               2.6016 9.4366e-02
                        0  0.0000     0.7480               3.4484 2.8592e-01
 10  3.4453    3.0+                          1.2660e+00                       2.9000e-14
                        3  2.6576     0.0144               0.7878 1.8175e-02
                        2  2.0851     0.2010               1.3602 2.5445e-01
                        1  0.8468     0.7846               2.5986 9.9282e-01
  9  3.3885    6.0+                          4.4943e+00                       2.9000e-12
                        7  3.1230     0.0130               0.2656 5.7655e-02
                        2  2.0851     0.9870               1.3034 4.4353e+00
  8  3.3699    2.0+                          7.6177e-01                       1.7000e-14
                        1  0.8468     0.8546               2.5232 6.5068e-01
                        0  0.0000     0.1454               3.3699 1.1066e-01
  7  3.1230    4.0+                          3.3693e+00                       4.7000e-14
                        2  2.0851     0.9916               1.0379 3.3404e+00
                        1  0.8468     0.0084               2.2762 2.8392e-02
  6  3.1201    1.0+                          5.0386e-01                       1.9000e-14
                        3  2.6576     0.0099               0.4625 4.9950e-03
                        1  0.8468     0.9445               2.2733 4.7570e-01
                        0  0.0000     0.0455               3.1201 2.2929e-02
  5  2.9600    2.0+                          1.1744e+00                       2.8000e-14
                        1  0.8468     0.9788               2.1132 1.1491e+00
                        0  0.0000     0.0212               2.9600 2.4820e-02
  4  2.9415    0.0+                          2.0656e-01                       4.5000e-13
                        1  0.8468     1.0000               2.0947 2.0647e-01
                        0  0.0000     0.0000               2.9415 0.0000e+00
  3  2.6576    2.0+                          1.9581e+00                       2.1000e-14
                        1  0.8468     0.9699               1.8108 1.8987e+00
                        0  0.0000     0.0301               2.6576 5.8861e-02
  2  2.0851    4.0+                          1.8423e+01                       6.4000e-13
                        1  0.8468     1.0000               1.2383 1.8420e+01
  1  0.8468    2.0+                          3.3219e+01                       6.0700e-12
                        0  0.0000     1.0000               0.8468 3.3209e+01
  0  0.0000    0.0+                          3.6352e+01
#......................................................................../  026-057Fe //  26.000000
#                                                                          SUM SPECTRA FOR COMPOUND
#            025-057Mn      gamma    neutron     proton      alpha   deuteron
 SpcSum[mb]            1.4712e+01 2.8930e+00 1.3382e-04 6.8220e-05 6.6135e-12
 Emean[MeV]            1.6996e+00 1.1951e+00 3.2766e+00 6.2458e+00 1.8499e+00
#......................................................................../  026-057Fe //  26.000000
#                                                                   GAMMAS FROM DISCRETE TRANSITION
#           0 2 0 0 0 0             025-057Mn
#   Ex[MeV]     Jpi    FinalState  Branching Production    Egamma Production   T(1/2)[s]
 33  2.7720    2.5+                          4.9391e-02
                        0  0.0000     0.1111               2.7720 5.4878e-03
                        1  0.0832     0.1111               2.6888 5.4878e-03
                        2  0.8501     0.1111               1.9219 5.4878e-03
                        3  1.0558     0.1111               1.7162 5.4878e-03
                        4  1.0729     0.1111               1.6991 5.4878e-03
                       12  1.7254     0.1111               1.0466 5.4878e-03
                       14  1.8354     0.1111               0.9366 5.4878e-03
                       19  2.1467     0.1111               0.6253 5.4878e-03
                       21  2.2329     0.1111               0.5391 5.4878e-03
 32  2.7584    1.5+                          3.3754e-02                       1.4000e-12
                        5  1.2275     1.0000               1.5309 3.3749e-02
 31  2.7410    2.5+                          5.0709e-02
                        0  0.0000     0.1111               2.7410 5.6344e-03
                        1  0.0832     0.1111               2.6578 5.6344e-03
                        2  0.8501     0.1111               1.8909 5.6344e-03
                        3  1.0558     0.1111               1.6852 5.6344e-03
                        4  1.0729     0.1111               1.6681 5.6344e-03
                       12  1.7254     0.1111               1.0156 5.6344e-03
                       14  1.8354     0.1111               0.9056 5.6344e-03
                       19  2.1467     0.1111               0.5943 5.6344e-03
                       21  2.2329     0.1111               0.5081 5.6344e-03
 30  2.7021    0.5-                          2.0513e-02
                        8  1.4927     0.2279               1.2094 4.6740e-03
                        6  1.3750     0.1302               1.3271 2.6704e-03
                        2  0.8501     0.4651               1.8520 9.5383e-03
                        1  0.0832     0.1768               2.6189 3.6257e-03
 29  2.6400    0.5+                          1.9963e-02
                        2  0.8501     0.3333               1.7899 6.6543e-03
                       19  2.1467     0.3333               0.4933 6.6543e-03
                       20  2.1858     0.3333               0.4542 6.6543e-03
 28  2.6070    0.5+                          2.0666e-02
                        2  0.8501     0.3333               1.7569 6.8887e-03
                       19  2.1467     0.3333               0.4603 6.8887e-03
                       20  2.1858     0.3333               0.4212 6.8887e-03
 27  2.5590    3.5+                          8.8033e-02
                        0  0.0000     0.1429               2.5590 1.2576e-02
                        1  0.0832     0.1429               2.4758 1.2576e-02
                        3  1.0558     0.1429               1.5032 1.2576e-02
                        4  1.0729     0.1429               1.4861 1.2576e-02
                       12  1.7254     0.1429               0.8336 1.2576e-02
                       14  1.8354     0.1429               0.7236 1.2576e-02
                       21  2.2329     0.1429               0.3261 1.2576e-02
 26  2.5200    0.5+                          2.2692e-02
                        2  0.8501     0.3333               1.6699 7.5641e-03
                       19  2.1467     0.3333               0.3733 7.5641e-03
                       20  2.1858     0.3333               0.3342 7.5641e-03
 25  2.5030    0.5+                          2.3120e-02
                        2  0.8501     0.3333               1.6529 7.7066e-03
                       19  2.1467     0.3333               0.3563 7.7066e-03
                       20  2.1858     0.3333               0.3172 7.7066e-03
 24  2.4932    2.5+                          6.2934e-02
                        1  0.0832     0.5208               2.4100 3.2746e-02
                        0  0.0000     0.4792               2.4932 3.0129e-02
 23  2.4220    1.5+                          4.6970e-02
                        0  0.0000     0.1667               2.4220 7.8283e-03
                        2  0.8501     0.1667               1.5719 7.8283e-03
                        3  1.0558     0.1667               1.3662 7.8283e-03
                       19  2.1467     0.1667               0.2753 7.8283e-03
                       20  2.1858     0.1667               0.2362 7.8283e-03
                       21  2.2329     0.1667               0.1891 7.8283e-03
 22  2.3406    1.5+                          5.1166e-02
                        1  0.0832     1.0000               2.2574 5.1152e-02
 21  2.2329    2.5-                          1.1934e-01
                        5  1.2275     0.1000               1.0054 1.1934e-02
                        6  1.3750     0.1000               0.8579 1.1934e-02
                        8  1.4927     0.1000               0.7402 1.1934e-02
                        9  1.5348     0.1000               0.6981 1.1934e-02
                       10  1.6180     0.1000               0.6149 1.1934e-02
                       11  1.6300     0.1000               0.6029 1.1934e-02
                       15  1.9160     0.1000               0.3169 1.1934e-02
                       16  1.9280     0.1000               0.3049 1.1934e-02
                       17  1.9620     0.1000               0.2709 1.1934e-02
                       18  2.0080     0.1000               0.2249 1.1934e-02
 20  2.1858    0.5-                          7.4713e-02
                        3  1.0558     0.5405               1.1300 4.0377e-02
                        2  0.8501     0.4595               1.3357 3.4327e-02
 19  2.1467    1.5-                          1.1844e-01
                        1  0.0832     1.0000               2.0635 1.1840e-01
 18  2.0080    2.5+                          1.1147e-01
                        0  0.0000     0.1429               2.0080 1.5924e-02
                        1  0.0832     0.1429               1.9248 1.5924e-02
                        2  0.8501     0.1429               1.1579 1.5924e-02
                        3  1.0558     0.1429               0.9522 1.5924e-02
                        4  1.0729     0.1429               0.9351 1.5924e-02
                       12  1.7254     0.1429               0.2826 1.5924e-02
                       14  1.8354     0.1429               0.1726 1.5924e-02
 17  1.9620    1.5+                          9.0522e-02
                        0  0.0000     0.3333               1.9620 3.0174e-02
                        2  0.8501     0.3333               1.1119 3.0174e-02
                        3  1.0558     0.3333               0.9062 3.0174e-02
 16  1.9280    2.5+                          1.1986e-01
                        0  0.0000     0.1429               1.9280 1.7123e-02
                        1  0.0832     0.1429               1.8448 1.7123e-02
                        2  0.8501     0.1429               1.0779 1.7123e-02
                        3  1.0558     0.1429               0.8722 1.7123e-02
                        4  1.0729     0.1429               0.8551 1.7123e-02
                       12  1.7254     0.1429               0.2026 1.7123e-02
                       14  1.8354     0.1429               0.0926 1.7123e-02
 15  1.9160    3.5+                          1.8084e-01
                        0  0.0000     0.1667               1.9160 3.0141e-02
                        1  0.0832     0.1667               1.8328 3.0141e-02
                        3  1.0558     0.1667               0.8602 3.0141e-02
                        4  1.0729     0.1667               0.8431 3.0141e-02
                       12  1.7254     0.1667               0.1906 3.0141e-02
                       14  1.8354     0.1667               0.0806 3.0141e-02
 14  1.8354    3.5-                          2.6525e-01
                        8  1.4927     0.0711               0.3427 1.8842e-02
                        1  0.0832     0.7326               1.7522 1.9427e-01
                        0  0.0000     0.1963               1.8354 5.2054e-02
 13  1.7530    0.5+                          5.9725e-02
                        2  0.8501     1.0000               0.9029 5.9725e-02
 12  1.7254    3.5-                          2.8453e-01
                        1  0.0832     1.0000               1.6422 2.8448e-01
 11  1.6300    2.5+                          1.6003e-01
                        0  0.0000     0.2000               1.6300 3.2007e-02
                        1  0.0832     0.2000               1.5468 3.2007e-02
                        2  0.8501     0.2000               0.7799 3.2007e-02
                        3  1.0558     0.2000               0.5742 3.2007e-02
                        4  1.0729     0.2000               0.5571 3.2007e-02
 10  1.6180    3.5+                          2.5695e-01
                        5  1.2275     1.0000               0.3905 2.5646e-01
  9  1.5348    1.5+                          1.4715e-01
                        3  1.0558     0.0330               0.4790 4.8611e-03
                        2  0.8501     0.0974               0.6848 1.4326e-02
                        0  0.0000     0.8696               1.5348 1.2792e-01
  8  1.4927    2.5+                          2.0822e-01
                        1  0.0832     0.4898               1.4095 1.0196e-01
                        0  0.0000     0.5102               1.4927 1.0620e-01
  7  1.4770    0.5+                          8.9098e-02
                        2  0.8501     1.0000               0.6269 8.9098e-02
  6  1.3750    3.5+                          3.5547e-01
                        2  0.8501     0.2810               0.5249 9.9649e-02
                        1  0.0832     0.7190               1.2918 2.5555e-01
  5  1.2275    2.5+                          5.3835e-01                       3.5000e-13
                        4  1.0729     0.0834               0.1546 4.4407e-02
                        1  0.0832     0.9166               1.1443 4.9340e-01
  4  1.0729    3.5-                          5.3052e-01
                        1  0.0832     0.9434               0.9897 5.0041e-01
                        0  0.0000     0.0566               1.0729 3.0023e-02
  3  1.0558    2.5-                          4.7250e-01
                        2  0.8501     0.8027               0.2058 3.7293e-01
                        0  0.0000     0.1973               1.0558 9.3210e-02
  2  0.8501    1.5-                          1.1380e+00
                        1  0.0832     0.0412               0.7669 4.6901e-02
                        0  0.0000     0.9588               0.8501 1.0908e+00
  1  0.0832    3.5-                          3.1364e+00
                        0  0.0000     1.0000               0.0832 2.9847e+00
  0  0.0000    2.5-                          5.5116e+00                       8.5400e+01
#......................................................................../  026-057Fe //  26.000000
#                                                                          SUM SPECTRA FOR COMPOUND
#            024-054Cr      gamma    neutron     proton      alpha   deuteron
 SpcSum[mb]            3.3307e+01 2.7098e+00 1.3704e-04 2.6069e-04 5.1977e-15
 Emean[MeV]            1.8369e+00 1.0037e+00 2.9034e+00 6.2805e+00 1.6553e+00
#......................................................................../  026-057Fe //  26.000000
#                                                                   GAMMAS FROM DISCRETE TRANSITION
#           0 1 1 0 0 0             024-054Cr
#   Ex[MeV]     Jpi    FinalState  Branching Production    Egamma Production   T(1/2)[s]
 38  4.6870    1.0-                          3.9146e-02
                        0  0.0000     0.0500               4.6870 1.9573e-03
                        1  0.8349     0.0500               3.8521 1.9573e-03
                        3  2.6197     0.0500               2.0673 1.9573e-03
                        4  2.8296     0.0500               1.8574 1.9573e-03
                        5  3.0741     0.0500               1.6129 1.9573e-03
                        9  3.4369     0.0500               1.2501 1.9573e-03
                       13  3.7200     0.0500               0.9670 1.9573e-03
                       16  3.8610     0.0500               0.8260 1.9573e-03
                       19  3.9277     0.0500               0.7593 1.9573e-03
                       20  3.9874     0.0500               0.6996 1.9573e-03
                       21  4.0129     0.0500               0.6741 1.9573e-03
                       23  4.0832     0.0500               0.6038 1.9573e-03
                       24  4.1260     0.0500               0.5610 1.9573e-03
                       26  4.1908     0.0500               0.4962 1.9573e-03
                       27  4.2175     0.0500               0.4695 1.9573e-03
                       28  4.2391     0.0500               0.4479 1.9573e-03
                       29  4.2564     0.0500               0.4306 1.9573e-03
                       32  4.4584     0.0500               0.2286 1.9573e-03
                       34  4.5830     0.0500               0.1040 1.9573e-03
                       36  4.6336     0.0500               0.0534 1.9573e-03
 37  4.6815    8.0+                          4.8891e-01                       5.5000e-13
                        7  3.2224     1.0000               1.4590 4.8884e-01
 36  4.6336    2.0+                          6.2691e-02
                        4  2.8296     1.0000               1.8040 6.2674e-02
                        3  2.6197     0.0000               2.0139 0.0000e+00
 35  4.6180    3.0-                          1.0037e-01
                        1  0.8349     0.0526               3.7831 5.2825e-03
                        2  1.8239     0.0526               2.7941 5.2825e-03
                        3  2.6197     0.0526               1.9983 5.2825e-03
                        5  3.0741     0.0526               1.5439 5.2825e-03
                        6  3.1596     0.0526               1.4584 5.2825e-03
                        9  3.4369     0.0526               1.1811 5.2825e-03
                       12  3.6552     0.0526               0.9628 5.2825e-03
                       13  3.7200     0.0526               0.8980 5.2825e-03
                       15  3.7985     0.0526               0.8195 5.2825e-03
                       16  3.8610     0.0526               0.7570 5.2825e-03
                       19  3.9277     0.0526               0.6903 5.2825e-03
                       23  4.0832     0.0526               0.5348 5.2825e-03
                       24  4.1260     0.0526               0.4920 5.2825e-03
                       26  4.1908     0.0526               0.4272 5.2825e-03
                       27  4.2175     0.0526               0.4005 5.2825e-03
                       28  4.2391     0.0526               0.3789 5.2825e-03
                       29  4.2564     0.0526               0.3616 5.2825e-03
                       31  4.4510     0.0526               0.1670 5.2825e-03
                       32  4.4584     0.0526               0.1596 5.2825e-03
 34  4.5830    0.0+                          1.3083e-02
                       20  3.9874     1.0000               0.5956 1.3083e-02
 33  4.5708    2.0-                          6.4979e-02
                        2  1.8239     1.0000               2.7469 6.4950e-02
 32  4.4584    2.0+                          7.7677e-02
                        0  0.0000     1.0000               4.4584 7.7573e-02
 31  4.4510    4.0+                          1.6971e-01
                        2  1.8239     1.0000               2.6271 1.6961e-01
 30  4.3810    3.0-                          1.2410e-01
                        1  0.8349     1.0000               3.5461 1.2392e-01
 29  4.2564    2.0+                          9.1204e-02
                        1  0.8349     0.5000               3.4215 4.5602e-02
                        0  0.0000     0.5000               4.2564 4.5602e-02
 28  4.2391    2.0+                          9.2498e-02
                        3  2.6197     0.5000               1.6194 4.6249e-02
                        1  0.8349     0.5000               3.4042 4.6249e-02
 27  4.2175    2.0+                          9.4146e-02
                        3  2.6197     0.1238               1.5978 1.1653e-02
                        2  1.8239     0.4174               2.3936 3.9276e-02
                        1  0.8349     0.4588               3.3827 4.3156e-02
 26  4.1908    2.0+                          9.6237e-02
                        1  0.8349     0.5000               3.3559 4.8119e-02
                        0  0.0000     0.5000               4.1908 4.8119e-02
 25  4.1270    3.0-                          1.5720e-01
                        3  2.6197     0.3148               1.5074 4.9472e-02
                        1  0.8349     0.6852               3.2922 1.0756e-01
 24  4.1260    2.0+                          1.0156e-01
                        5  3.0741     1.0000               1.0519 1.0155e-01
 23  4.0832    2.0+                          1.0527e-01
                        9  3.4369     0.0339               0.6464 3.5682e-03
                        6  3.1596     0.1225               0.9237 1.2893e-02
                        5  3.0741     0.0208               1.0092 2.1850e-03
                        3  2.6197     0.1308               1.4636 1.3767e-02
                        2  1.8239     0.6921               2.2593 7.2821e-02
 22  4.0433    5.0+                          3.6555e-01                       2.8000e-14
                        7  3.2224     0.8439               0.8209 3.0842e-01
                        2  1.8239     0.1561               2.2194 5.7040e-02
 21  4.0129    0.0+                          1.9956e-02                       1.4000e-15
                        3  2.6197     0.0000               1.3932 0.0000e+00
                        1  0.8349     1.0000               3.1780 1.9939e-02
 20  3.9874    1.0+                          1.0190e-01
                        8  3.3934     1.0000               0.5940 1.0187e-01
 19  3.9277    2.0+                          1.2029e-01
                        0  0.0000     1.0000               3.9277 1.2015e-01
 18  3.9255    2.0-                          1.1710e-01
                       13  3.7200     0.1456               0.2055 1.6981e-02
                        4  2.8296     0.0000               1.0959 0.0000e+00
                        2  1.8239     0.0000               2.1016 0.0000e+00
                        1  0.8349     0.8544               3.0907 9.9921e-02
 17  3.8704    4.0-                          2.8744e-01
                        3  2.6197     1.0000               1.2507 2.8739e-01
                        1  0.8349     0.0000               3.0355 0.0000e+00
 16  3.8610    2.0+                          1.2751e-01
                        3  2.6197     0.6248               1.2413 7.9662e-02
                        1  0.8349     0.3752               3.0262 4.7807e-02
 15  3.7985    4.0+                          2.9694e-01                       5.1000e-14
                        6  3.1596     0.3101               0.6390 9.2043e-02
                        2  1.8239     0.3875               1.9746 1.1503e-01
                        1  0.8349     0.3024               2.9637 8.9724e-02
 14  3.7857    5.0+                          4.7006e-01
                        7  3.2224     0.2819               0.5633 1.3244e-01
                        6  3.1596     0.0470               0.6261 2.2074e-02
                        2  1.8239     0.6711               1.9618 3.1537e-01
 13  3.7200    2.0+                          1.6161e-01                       1.6600e-14
                        4  2.8296     0.0866               0.8904 1.3985e-02
                        3  2.6197     0.1259               1.1004 2.0343e-02
                        0  0.0000     0.7876               3.7200 1.2714e-01
 12  3.6552    4.0+                          3.3787e-01                       6.0000e-15
                        2  1.8239     1.0000               1.8313 3.3778e-01
 11  3.5140    3.0-                          2.9208e-01
                        1  0.8349     0.1667               2.6791 4.8680e-02
                        2  1.8239     0.1667               1.6901 4.8680e-02
                        3  2.6197     0.1667               0.8943 4.8680e-02
                        5  3.0741     0.1667               0.4399 4.8680e-02
                        6  3.1596     0.1667               0.3544 4.8680e-02
                        9  3.4369     0.1667               0.0771 4.8680e-02
 10  3.4680    3.0-                          3.0688e-01
                        1  0.8349     0.1667               2.6331 5.1147e-02
                        2  1.8239     0.1667               1.6441 5.1147e-02
                        3  2.6197     0.1667               0.8483 5.1147e-02
                        5  3.0741     0.1667               0.3939 5.1147e-02
                        6  3.1596     0.1667               0.3084 5.1147e-02
                        9  3.4369     0.1667               0.0311 5.1147e-02
  9  3.4369    2.0+                          2.9068e-01                       8.0000e-15
                        3  2.6197     0.0291               0.8172 8.4627e-03
                        1  0.8349     0.9709               2.6020 2.8207e-01
  8  3.3934    2.0-                          3.0068e-01                       1.5000e-14
                        1  0.8349     0.6330               2.5586 1.9014e-01
                        0  0.0000     0.3670               3.3934 1.1028e-01
  7  3.2224    6.0+                          2.0365e+00                       4.9000e-13
                        2  1.8239     1.0000               1.3985 2.0362e+00
  6  3.1596    4.0+                          7.5962e-01                       2.4000e-13
                        2  1.8239     0.5318               1.3356 4.0392e-01
                        1  0.8349     0.4682               2.3247 3.5548e-01
  5  3.0741    2.0+                          4.6640e-01                       7.1000e-15
                        1  0.8349     0.9892               2.2392 4.6119e-01
                        0  0.0000     0.0108               3.0741 5.0284e-03
  4  2.8296    0.0+                          1.3188e-01                       1.5000e-13
                        1  0.8349     1.0000               1.9948 1.3184e-01
  3  2.6197    2.0+                          1.0162e+00                       7.8000e-14
                        1  0.8349     0.9588               1.7848 9.7407e-01
                        0  0.0000     0.0412               2.6197 4.1879e-02
  2  1.8239    4.0+                          5.2737e+00                       1.7000e-12
                        1  0.8349     1.0000               0.9891 5.2728e+00
  1  0.8349    2.0+                          9.5638e+00                       7.9000e-12
                        0  0.0000     1.0000               0.8349 9.5615e+00
  0  0.0000    0.0+                          1.0517e+01
#......................................................................../  026-057Fe //  26.000000
#                                                                          SUM SPECTRA FOR COMPOUND
#            025-056Mn      gamma    neutron     proton      alpha   deuteron
 SpcSum[mb]            4.8088e+00 2.2703e-02 6.8267e-11 2.0356e-14 0.0000e+00
 Emean[MeV]            9.4046e-01 4.5986e-01 1.5184e+00 3.2037e+00 0.0000e+00
#......................................................................../  026-057Fe //  26.000000
#                                                                   GAMMAS FROM DISCRETE TRANSITION
#           0 1 0 1 0 0             025-056Mn
#   Ex[MeV]     Jpi    FinalState  Branching Production    Egamma Production   T(1/2)[s]
 45  1.9802    2.0-                          9.3874e-03
                        0  0.0000     0.0455               1.9802 4.2670e-04
                        1  0.0266     0.0455               1.9536 4.2670e-04
                        2  0.1105     0.0455               1.8697 4.2670e-04
                        4  0.2151     0.0455               1.7651 4.2670e-04
                        6  0.3410     0.0455               1.6392 4.2670e-04
                        7  0.4543     0.0455               1.5259 4.2670e-04
                        8  0.4863     0.0455               1.4939 4.2670e-04
                       11  0.7162     0.0455               1.2640 4.2670e-04
                       12  0.7535     0.0455               1.2267 4.2670e-04
                       18  1.1677     0.0455               0.8125 4.2670e-04
                       20  1.1950     0.0455               0.7852 4.2670e-04
                       22  1.2390     0.0455               0.7412 4.2670e-04
                       23  1.2937     0.0455               0.6865 4.2670e-04
                       24  1.3509     0.0455               0.6293 4.2670e-04
                       30  1.5099     0.0455               0.4703 4.2670e-04
                       31  1.5600     0.0455               0.4202 4.2670e-04
                       32  1.6136     0.0455               0.3666 4.2670e-04
                       33  1.6550     0.0455               0.3252 4.2670e-04
                       37  1.7444     0.0455               0.2358 4.2670e-04
                       39  1.8337     0.0455               0.1465 4.2670e-04
                       40  1.8660     0.0455               0.1142 4.2670e-04
                       44  1.9700     0.0455               0.0102 4.2670e-04
 44  1.9700    3.0+                          1.4333e-02
                        9  0.5410     0.0769               1.4290 1.1026e-03
                       10  0.6610     0.0769               1.3090 1.1026e-03
                       14  0.8530     0.0769               1.1170 1.1026e-03
                       17  1.1400     0.0769               0.8300 1.1026e-03
                       25  1.3640     0.0769               0.6060 1.1026e-03
                       26  1.3840     0.0769               0.5860 1.1026e-03
                       27  1.4470     0.0769               0.5230 1.1026e-03
                       28  1.4840     0.0769               0.4860 1.1026e-03
                       34  1.6740     0.0769               0.2960 1.1026e-03
                       36  1.7275     0.0769               0.2425 1.1026e-03
                       38  1.7800     0.0769               0.1900 1.1026e-03
                       41  1.8780     0.0769               0.0920 1.1026e-03
                       42  1.9110     0.0769               0.0590 1.1026e-03
 43  1.9490    1.0-                          5.6323e-03
                        1  0.0266     0.0769               1.9224 4.3325e-04
                        2  0.1105     0.0769               1.8385 4.3325e-04
                        4  0.2151     0.0769               1.7339 4.3325e-04
                       11  0.7162     0.0769               1.2328 4.3325e-04
                       18  1.1677     0.0769               0.7813 4.3325e-04
                       23  1.2937     0.0769               0.6553 4.3325e-04
                       24  1.3509     0.0769               0.5981 4.3325e-04
                       30  1.5099     0.0769               0.4391 4.3325e-04
                       31  1.5600     0.0769               0.3890 4.3325e-04
                       33  1.6550     0.0769               0.2940 4.3325e-04
                       37  1.7444     0.0769               0.2046 4.3325e-04
                       39  1.8337     0.0769               0.1153 4.3325e-04
                       40  1.8660     0.0769               0.0830 4.3325e-04
 42  1.9110    3.0-                          1.6356e-02
                        0  0.0000     0.0556               1.9110 9.0866e-04
                        1  0.0266     0.0556               1.8844 9.0866e-04
                        3  0.2120     0.0556               1.6990 9.0866e-04
                        4  0.2151     0.0556               1.6959 9.0866e-04
                        6  0.3410     0.0556               1.5700 9.0866e-04
                        7  0.4543     0.0556               1.4567 9.0866e-04
                        8  0.4863     0.0556               1.4247 9.0866e-04
                       12  0.7535     0.0556               1.1575 9.0866e-04
                       19  1.1923     0.0556               0.7187 9.0866e-04
                       20  1.1950     0.0556               0.7160 9.0866e-04
                       22  1.2390     0.0556               0.6720 9.0866e-04
                       23  1.2937     0.0556               0.6173 9.0866e-04
                       24  1.3509     0.0556               0.5601 9.0866e-04
                       29  1.4845     0.0556               0.4265 9.0866e-04
                       30  1.5099     0.0556               0.4011 9.0866e-04
                       32  1.6136     0.0556               0.2974 9.0866e-04
                       37  1.7444     0.0556               0.1666 9.0866e-04
                       40  1.8660     0.0556               0.0450 9.0866e-04
 41  1.8780    3.0-                          1.6879e-02
                        0  0.0000     0.0556               1.8780 9.3774e-04
                        1  0.0266     0.0556               1.8514 9.3774e-04
                        3  0.2120     0.0556               1.6660 9.3774e-04
                        4  0.2151     0.0556               1.6629 9.3774e-04
                        6  0.3410     0.0556               1.5370 9.3774e-04
                        7  0.4543     0.0556               1.4237 9.3774e-04
                        8  0.4863     0.0556               1.3917 9.3774e-04
                       12  0.7535     0.0556               1.1245 9.3774e-04
                       19  1.1923     0.0556               0.6857 9.3774e-04
                       20  1.1950     0.0556               0.6830 9.3774e-04
                       22  1.2390     0.0556               0.6390 9.3774e-04
                       23  1.2937     0.0556               0.5843 9.3774e-04
                       24  1.3509     0.0556               0.5271 9.3774e-04
                       29  1.4845     0.0556               0.3935 9.3774e-04
                       30  1.5099     0.0556               0.3681 9.3774e-04
                       32  1.6136     0.0556               0.2644 9.3774e-04
                       37  1.7444     0.0556               0.1336 9.3774e-04
                       40  1.8660     0.0556               0.0120 9.3774e-04
 40  1.8660    2.0+                          1.3161e-02
                        9  0.5410     0.0769               1.3250 1.0123e-03
                       10  0.6610     0.0769               1.2050 1.0123e-03
                       14  0.8530     0.0769               1.0130 1.0123e-03
                       15  0.8840     0.0769               0.9820 1.0123e-03
                       16  0.9740     0.0769               0.8920 1.0123e-03
                       25  1.3640     0.0769               0.5020 1.0123e-03
                       26  1.3840     0.0769               0.4820 1.0123e-03
                       27  1.4470     0.0769               0.4190 1.0123e-03
                       28  1.4840     0.0769               0.3820 1.0123e-03
                       34  1.6740     0.0769               0.1920 1.0123e-03
                       35  1.6929     0.0769               0.1731 1.0123e-03
                       36  1.7275     0.0769               0.1385 1.0123e-03
                       38  1.7800     0.0769               0.0860 1.0123e-03
 39  1.8337    1.0+                          7.2029e-03
                        9  0.5410     0.0909               1.2927 6.5481e-04
                       14  0.8530     0.0909               0.9807 6.5481e-04
                       15  0.8840     0.0909               0.9497 6.5481e-04
                       16  0.9740     0.0909               0.8597 6.5481e-04
                       25  1.3640     0.0909               0.4697 6.5481e-04
                       26  1.3840     0.0909               0.4497 6.5481e-04
                       27  1.4470     0.0909               0.3867 6.5481e-04
                       28  1.4840     0.0909               0.3497 6.5481e-04
                       35  1.6929     0.0909               0.1408 6.5481e-04
                       36  1.7275     0.0909               0.1062 6.5481e-04
                       38  1.7800     0.0909               0.0537 6.5481e-04
 38  1.7800    2.0-                          1.4367e-02
                        0  0.0000     0.0526               1.7800 7.5615e-04
                        1  0.0266     0.0526               1.7534 7.5615e-04
                        2  0.1105     0.0526               1.6695 7.5615e-04
                        4  0.2151     0.0526               1.5649 7.5615e-04
                        6  0.3410     0.0526               1.4390 7.5615e-04
                        7  0.4543     0.0526               1.3257 7.5615e-04
                        8  0.4863     0.0526               1.2937 7.5615e-04
                       11  0.7162     0.0526               1.0638 7.5615e-04
                       12  0.7535     0.0526               1.0265 7.5615e-04
                       18  1.1677     0.0526               0.6123 7.5615e-04
                       20  1.1950     0.0526               0.5850 7.5615e-04
                       22  1.2390     0.0526               0.5410 7.5615e-04
                       23  1.2937     0.0526               0.4863 7.5615e-04
                       24  1.3509     0.0526               0.4291 7.5615e-04
                       30  1.5099     0.0526               0.2701 7.5615e-04
                       31  1.5600     0.0526               0.2200 7.5615e-04
                       32  1.6136     0.0526               0.1664 7.5615e-04
                       33  1.6550     0.0526               0.1250 7.5615e-04
                       37  1.7444     0.0526               0.0356 7.5615e-04
 37  1.7444    2.0+                          1.5317e-02
                        9  0.5410     0.0833               1.2034 1.2764e-03
                       10  0.6610     0.0833               1.0834 1.2764e-03
                       14  0.8530     0.0833               0.8914 1.2764e-03
                       15  0.8840     0.0833               0.8604 1.2764e-03
                       16  0.9740     0.0833               0.7704 1.2764e-03
                       25  1.3640     0.0833               0.3804 1.2764e-03
                       26  1.3840     0.0833               0.3604 1.2764e-03
                       27  1.4470     0.0833               0.2974 1.2764e-03
                       28  1.4840     0.0833               0.2604 1.2764e-03
                       34  1.6740     0.0833               0.0704 1.2764e-03
                       35  1.6929     0.0833               0.0515 1.2764e-03
                       36  1.7275     0.0833               0.0169 1.2764e-03
 36  1.7275    2.0-                          1.6326e-02
                        0  0.0000     0.0556               1.7275 9.0701e-04
                        1  0.0266     0.0556               1.7009 9.0701e-04
                        2  0.1105     0.0556               1.6170 9.0701e-04
                        4  0.2151     0.0556               1.5123 9.0701e-04
                        6  0.3410     0.0556               1.3865 9.0701e-04
                        7  0.4543     0.0556               1.2731 9.0701e-04
                        8  0.4863     0.0556               1.2411 9.0701e-04
                       11  0.7162     0.0556               1.0113 9.0701e-04
                       12  0.7535     0.0556               0.9740 9.0701e-04
                       18  1.1677     0.0556               0.5598 9.0701e-04
                       20  1.1950     0.0556               0.5325 9.0701e-04
                       22  1.2390     0.0556               0.4885 9.0701e-04
                       23  1.2937     0.0556               0.4338 9.0701e-04
                       24  1.3509     0.0556               0.3766 9.0701e-04
                       30  1.5099     0.0556               0.2176 9.0701e-04
                       31  1.5600     0.0556               0.1675 9.0701e-04
                       32  1.6136     0.0556               0.1139 9.0701e-04
                       33  1.6550     0.0556               0.0725 9.0701e-04
 35  1.6929    1.0-                          1.0443e-02
                        1  0.0266     0.1000               1.6663 1.0443e-03
                        2  0.1105     0.1000               1.5824 1.0443e-03
                        4  0.2151     0.1000               1.4778 1.0443e-03
                       11  0.7162     0.1000               0.9767 1.0443e-03
                       18  1.1677     0.1000               0.5252 1.0443e-03
                       23  1.2937     0.1000               0.3992 1.0443e-03
                       24  1.3509     0.1000               0.3420 1.0443e-03
                       30  1.5099     0.1000               0.1830 1.0443e-03
                       31  1.5600     0.1000               0.1329 1.0443e-03
                       33  1.6550     0.1000               0.0379 1.0443e-03
 34  1.6740    3.0-                          2.2926e-02
                        0  0.0000     0.0625               1.6740 1.4329e-03
                        1  0.0266     0.0625               1.6474 1.4329e-03
                        3  0.2120     0.0625               1.4620 1.4329e-03
                        4  0.2151     0.0625               1.4589 1.4329e-03
                        6  0.3410     0.0625               1.3330 1.4329e-03
                        7  0.4543     0.0625               1.2197 1.4329e-03
                        8  0.4863     0.0625               1.1877 1.4329e-03
                       12  0.7535     0.0625               0.9205 1.4329e-03
                       19  1.1923     0.0625               0.4817 1.4329e-03
                       20  1.1950     0.0625               0.4790 1.4329e-03
                       22  1.2390     0.0625               0.4350 1.4329e-03
                       23  1.2937     0.0625               0.3803 1.4329e-03
                       24  1.3509     0.0625               0.3231 1.4329e-03
                       29  1.4845     0.0625               0.1895 1.4329e-03
                       30  1.5099     0.0625               0.1641 1.4329e-03
                       32  1.6136     0.0625               0.0604 1.4329e-03
 33  1.6550    1.0+                          1.1290e-02
                        9  0.5410     0.1250               1.1140 1.4113e-03
                       14  0.8530     0.1250               0.8020 1.4113e-03
                       15  0.8840     0.1250               0.7710 1.4113e-03
                       16  0.9740     0.1250               0.6810 1.4113e-03
                       25  1.3640     0.1250               0.2910 1.4113e-03
                       26  1.3840     0.1250               0.2710 1.4113e-03
                       27  1.4470     0.1250               0.2080 1.4113e-03
                       28  1.4840     0.1250               0.1710 1.4113e-03
 32  1.6136    3.0+                          2.4986e-02                       5.9000e-13
                       21  1.2367     0.0743               0.3769 1.8502e-03
                        5  0.3355     0.9257               1.2780 2.3127e-02
 31  1.5600    1.0+                          1.2163e-02
                        9  0.5410     0.1250               1.0190 1.5204e-03
                       14  0.8530     0.1250               0.7070 1.5204e-03
                       15  0.8840     0.1250               0.6760 1.5204e-03
                       16  0.9740     0.1250               0.5860 1.5204e-03
                       25  1.3640     0.1250               0.1960 1.5204e-03
                       26  1.3840     0.1250               0.1760 1.5204e-03
                       27  1.4470     0.1250               0.1130 1.5204e-03
                       28  1.4840     0.1250               0.0760 1.5204e-03
 30  1.5099    2.0+                          2.2050e-02
                        9  0.5410     0.1111               0.9689 2.4500e-03
                       10  0.6610     0.1111               0.8489 2.4500e-03
                       14  0.8530     0.1111               0.6569 2.4500e-03
                       15  0.8840     0.1111               0.6259 2.4500e-03
                       16  0.9740     0.1111               0.5359 2.4500e-03
                       25  1.3640     0.1111               0.1459 2.4500e-03
                       26  1.3840     0.1111               0.1259 2.4500e-03
                       27  1.4470     0.1111               0.0629 2.4500e-03
                       28  1.4840     0.1111               0.0259 2.4500e-03
 29  1.4845    4.0+                          3.5661e-02
                       12  0.7535     0.4414               0.7311 1.5735e-02
                        5  0.3355     0.5586               1.1490 1.9918e-02
 28  1.4840    2.0-                          2.5600e-02
                        0  0.0000     0.0714               1.4840 1.8285e-03
                        1  0.0266     0.0714               1.4574 1.8285e-03
                        2  0.1105     0.0714               1.3735 1.8285e-03
                        4  0.2151     0.0714               1.2689 1.8285e-03
                        6  0.3410     0.0714               1.1430 1.8285e-03
                        7  0.4543     0.0714               1.0297 1.8285e-03
                        8  0.4863     0.0714               0.9977 1.8285e-03
                       11  0.7162     0.0714               0.7678 1.8285e-03
                       12  0.7535     0.0714               0.7305 1.8285e-03
                       18  1.1677     0.0714               0.3163 1.8285e-03
                       20  1.1950     0.0714               0.2890 1.8285e-03
                       22  1.2390     0.0714               0.2450 1.8285e-03
                       23  1.2937     0.0714               0.1903 1.8285e-03
                       24  1.3509     0.0714               0.1331 1.8285e-03
 27  1.4470    2.0-                          2.6315e-02
                        0  0.0000     0.0714               1.4470 1.8797e-03
                        1  0.0266     0.0714               1.4204 1.8797e-03
                        2  0.1105     0.0714               1.3365 1.8797e-03
                        4  0.2151     0.0714               1.2319 1.8797e-03
                        6  0.3410     0.0714               1.1060 1.8797e-03
                        7  0.4543     0.0714               0.9927 1.8797e-03
                        8  0.4863     0.0714               0.9607 1.8797e-03
                       11  0.7162     0.0714               0.7308 1.8797e-03
                       12  0.7535     0.0714               0.6935 1.8797e-03
                       18  1.1677     0.0714               0.2793 1.8797e-03
                       20  1.1950     0.0714               0.2520 1.8797e-03
                       22  1.2390     0.0714               0.2080 1.8797e-03
                       23  1.2937     0.0714               0.1533 1.8797e-03
                       24  1.3509     0.0714               0.0961 1.8797e-03
 26  1.3840    2.0-                          2.7625e-02
                        0  0.0000     0.0714               1.3840 1.9732e-03
                        1  0.0266     0.0714               1.3574 1.9732e-03
                        2  0.1105     0.0714               1.2735 1.9732e-03
                        4  0.2151     0.0714               1.1689 1.9732e-03
                        6  0.3410     0.0714               1.0430 1.9732e-03
                        7  0.4543     0.0714               0.9297 1.9732e-03
                        8  0.4863     0.0714               0.8977 1.9732e-03
                       11  0.7162     0.0714               0.6678 1.9732e-03
                       12  0.7535     0.0714               0.6305 1.9732e-03
                       18  1.1677     0.0714               0.2163 1.9732e-03
                       20  1.1950     0.0714               0.1890 1.9732e-03
                       22  1.2390     0.0714               0.1450 1.9732e-03
                       23  1.2937     0.0714               0.0903 1.9732e-03
                       24  1.3509     0.0714               0.0331 1.9732e-03
 25  1.3640    2.0-                          2.8065e-02
                        0  0.0000     0.0714               1.3640 2.0047e-03
                        1  0.0266     0.0714               1.3374 2.0047e-03
                        2  0.1105     0.0714               1.2535 2.0047e-03
                        4  0.2151     0.0714               1.1489 2.0047e-03
                        6  0.3410     0.0714               1.0230 2.0047e-03
                        7  0.4543     0.0714               0.9097 2.0047e-03
                        8  0.4863     0.0714               0.8777 2.0047e-03
                       11  0.7162     0.0714               0.6478 2.0047e-03
                       12  0.7535     0.0714               0.6105 2.0047e-03
                       18  1.1677     0.0714               0.1963 2.0047e-03
                       20  1.1950     0.0714               0.1690 2.0047e-03
                       22  1.2390     0.0714               0.1250 2.0047e-03
                       23  1.2937     0.0714               0.0703 2.0047e-03
                       24  1.3509     0.0714               0.0131 2.0047e-03
 24  1.3509    2.0+                          3.2603e-02
                        9  0.5410     0.2000               0.8099 6.5206e-03
                       10  0.6610     0.2000               0.6899 6.5206e-03
                       14  0.8530     0.2000               0.4979 6.5206e-03
                       15  0.8840     0.2000               0.4669 6.5206e-03
                       16  0.9740     0.2000               0.3769 6.5206e-03
 23  1.2937    2.0+                          3.3774e-02
                        9  0.5410     0.2000               0.7527 6.7549e-03
                       10  0.6610     0.2000               0.6327 6.7549e-03
                       14  0.8530     0.2000               0.4407 6.7549e-03
                       15  0.8840     0.2000               0.4097 6.7549e-03
                       16  0.9740     0.2000               0.3197 6.7549e-03
 22  1.2390    3.0+                          4.1623e-02
                        9  0.5410     0.2500               0.6980 1.0406e-02
                       10  0.6610     0.2500               0.5780 1.0406e-02
                       14  0.8530     0.2500               0.3860 1.0406e-02
                       17  1.1400     0.2500               0.0990 1.0406e-02
 21  1.2367    5.0+                          6.1440e-02                       2.6000e-12
                       12  0.7535     0.7815               0.4832 4.7947e-02
                        5  0.3355     0.2185               0.9011 1.3422e-02
 20  1.1950    3.0+                          4.2939e-02
                        9  0.5410     0.2500               0.6540 1.0735e-02
                       10  0.6610     0.2500               0.5340 1.0735e-02
                       14  0.8530     0.2500               0.3420 1.0735e-02
                       17  1.1400     0.2500               0.0550 1.0735e-02
 19  1.1923    4.0+                          4.6583e-02                       5.0000e-13
                       12  0.7535     0.0295               0.4388 1.3724e-03
                       11  0.7162     0.5933               0.4761 2.7451e-02
                        5  0.3355     0.3772               0.8567 1.7567e-02
 18  1.1677    1.0+                          2.4801e-02
                        9  0.5410     0.2500               0.6267 6.2002e-03
                       14  0.8530     0.2500               0.3147 6.2002e-03
                       15  0.8840     0.2500               0.2837 6.2002e-03
                       16  0.9740     0.2500               0.1937 6.2002e-03
 17  1.1400    4.0-                          7.6350e-02
                        0  0.0000     0.1250               1.1400 9.5437e-03
                        3  0.2120     0.1250               0.9280 9.5437e-03
                        5  0.3355     0.1250               0.8045 9.5437e-03
                        6  0.3410     0.1250               0.7990 9.5437e-03
                        7  0.4543     0.1250               0.6857 9.5437e-03
                        8  0.4863     0.1250               0.6537 9.5437e-03
                       12  0.7535     0.1250               0.3865 9.5437e-03
                       13  0.8404     0.1250               0.2996 9.5437e-03
 16  0.9740    1.0-                          4.6451e-02
                        1  0.0266     0.2500               0.9474 1.1613e-02
                        2  0.1105     0.2500               0.8635 1.1613e-02
                        4  0.2151     0.2500               0.7589 1.1613e-02
                       11  0.7162     0.2500               0.2578 1.1613e-02
 15  0.8840    1.0-                          4.8917e-02
                        1  0.0266     0.2500               0.8574 1.2229e-02
                        2  0.1105     0.2500               0.7735 1.2229e-02
                        4  0.2151     0.2500               0.6689 1.2229e-02
                       11  0.7162     0.2500               0.1678 1.2229e-02
 14  0.8530    2.0-                          8.5669e-02
                        0  0.0000     0.1111               0.8530 9.5187e-03
                        1  0.0266     0.1111               0.8264 9.5187e-03
                        2  0.1105     0.1111               0.7425 9.5187e-03
                        4  0.2151     0.1111               0.6379 9.5187e-03
                        6  0.3410     0.1111               0.5120 9.5187e-03
                        7  0.4543     0.1111               0.3987 9.5187e-03
                        8  0.4863     0.1111               0.3667 9.5187e-03
                       11  0.7162     0.1111               0.1368 9.5187e-03
                       12  0.7535     0.1111               0.0995 9.5187e-03
 13  0.8404    5.0+                          1.0107e-01
                        8  0.4863     0.4209               0.3541 4.2370e-02
                        6  0.3410     0.1679               0.4994 1.6949e-02
                        5  0.3355     0.4112               0.5049 4.1524e-02
 12  0.7535    3.0+                          1.4469e-01                       5.0000e-13
                        7  0.4543     0.0292               0.2991 4.2110e-03
                        3  0.2120     0.9708               0.5414 1.4036e-01
 11  0.7162    1.0+                          9.5469e-02
                        8  0.4863     0.2432               0.2299 2.2772e-02
                        6  0.3410     0.3989               0.3752 3.7953e-02
                        0  0.0000     0.3580               0.7162 3.4160e-02
 10  0.6610    3.0-                          1.0504e-01
                        0  0.0000     0.1429               0.6610 1.5005e-02
                        1  0.0266     0.1429               0.6344 1.5005e-02
                        3  0.2120     0.1429               0.4490 1.5005e-02
                        4  0.2151     0.1429               0.4459 1.5005e-02
                        6  0.3410     0.1429               0.3200 1.5005e-02
                        7  0.4543     0.1429               0.2067 1.5005e-02
                        8  0.4863     0.1429               0.1747 1.5005e-02
  9  0.5410    2.0-                          1.0455e-01
                        0  0.0000     0.1429               0.5410 1.4935e-02
                        1  0.0266     0.1429               0.5144 1.4935e-02
                        2  0.1105     0.1429               0.4305 1.4935e-02
                        4  0.2151     0.1429               0.3259 1.4935e-02
                        6  0.3410     0.1429               0.2000 1.4935e-02
                        7  0.4543     0.1429               0.0867 1.4935e-02
                        8  0.4863     0.1429               0.0547 1.4935e-02
  8  0.4863    3.0+                          1.9124e-01
                        6  0.3410     0.0021               0.1453 3.8032e-04
                        4  0.2151     0.7146               0.2712 1.3585e-01
                        3  0.2120     0.0579               0.2743 1.1003e-02
                        1  0.0266     0.1991               0.4597 3.8031e-02
                        0  0.0000     0.0263               0.4863 5.0266e-03
  7  0.4543    3.0+                          1.3200e-01
                        6  0.3410     0.0187               0.1133 2.1477e-03
                        3  0.2120     0.0232               0.2423 3.0313e-03
                        0  0.0000     0.9581               0.4543 1.2632e-01
  6  0.3410    3.0+                          1.9458e-01
                        4  0.2151     0.0036               0.1259 6.3083e-04
                        3  0.2120     0.0083               0.1290 1.4778e-03
                        1  0.0266     0.9296               0.3144 1.8021e-01
                        0  0.0000     0.0585               0.3410 1.1353e-02
  5  0.3355    5.0+                          2.9175e-01                       2.0000e-09
                        3  0.2120     0.6054               0.1235 1.5912e-01
                        0  0.0000     0.3946               0.3355 1.1456e-01
  4  0.2151    2.0+                          2.8139e-01
                        2  0.1105     0.7914               0.1046 1.8558e-01
                        1  0.0266     0.1417               0.1885 3.8978e-02
                        0  0.0000     0.0669               0.2151 1.8560e-02
  3  0.2120    4.0+                          4.8531e-01                       3.0000e-11
                        0  0.0000     1.0000               0.2120 4.7814e-01
  2  0.1105    1.0+                          3.3132e-01                       5.0800e-09
                        1  0.0266     0.9959               0.0839 3.1437e-01
                        0  0.0000     0.0041               0.1105 1.0375e-03
  1  0.0266    2.0+                          7.4989e-01                       8.7000e-09
                        0  0.0000     1.0000               0.0266 3.3477e-01
  0  0.0000    3.0+                          1.7203e+00                       9.2840e+03
#......................................................................../  026-057Fe //  26.000000
#                                                                          SUM SPECTRA FOR COMPOUND
#            023-051V       gamma    neutron     proton      alpha   deuteron
 SpcSum[mb]            5.4957e+00 8.5811e-03 9.1048e-03 5.0466e-10 6.9068e-18
 Emean[MeV]            2.1258e+00 5.2482e-01 2.3087e+00 4.6918e+00 1.6273e+00
#......................................................................../  026-057Fe //  26.000000
#                                                                   GAMMAS FROM DISCRETE TRANSITION
#           0 0 2 0 0 0             023-051V 
#   Ex[MeV]     Jpi    FinalState  Branching Production    Egamma Production   T(1/2)[s]
 68  4.2655    0.5-                          2.4087e-03
                        1  0.3201     0.5000               3.9454 1.2043e-03
                        0  0.0000     0.5000               4.2655 1.2043e-03
 67  4.2395    1.5-                          5.2658e-03
                        9  2.4108     0.5986               1.8287 3.1513e-03
                        1  0.3201     0.4014               3.9194 2.1114e-03
 66  4.2248    5.5-                          2.8190e-02
                       37  3.6141     0.0266               0.6107 7.4978e-04
                       32  3.5169     0.0179               0.7079 5.0443e-04
                        7  1.8132     0.4838               2.4116 1.3631e-02
                        6  1.6092     0.4548               2.6156 1.2813e-02
                        0  0.0000     0.0169               4.2248 4.7691e-04
 65  4.2000    1.5+                          5.4485e-03
                        1  0.3201     0.0476               3.8799 2.5945e-04
                        3  0.9286     0.0476               3.2714 2.5945e-04
                        9  2.4108     0.0476               1.7893 2.5945e-04
                       16  3.0835     0.0476               1.1165 2.5945e-04
                       17  3.1500     0.0476               1.0500 2.5945e-04
                       18  3.2155     0.0476               0.9845 2.5945e-04
                       19  3.2644     0.0476               0.9356 2.5945e-04
                       20  3.2800     0.0476               0.9200 2.5945e-04
                       23  3.3720     0.0476               0.8280 2.5945e-04
                       25  3.3811     0.0476               0.8189 2.5945e-04
                       30  3.4439     0.0476               0.7561 2.5945e-04
                       35  3.5682     0.0476               0.6318 2.5945e-04
                       36  3.5768     0.0476               0.6232 2.5945e-04
                       38  3.6231     0.0476               0.5769 2.5945e-04
                       39  3.6320     0.0476               0.5680 2.5945e-04
                       40  3.6631     0.0476               0.5369 2.5945e-04
                       41  3.6675     0.0476               0.5325 2.5945e-04
                       42  3.6785     0.0476               0.5215 2.5945e-04
                       49  3.7965     0.0476               0.4035 2.5945e-04
                       60  4.0253     0.0476               0.1747 2.5945e-04
                       64  4.1800     0.0476               0.0200 2.5945e-04
 64  4.1800    0.5-                          2.8438e-03
                        2  0.4700     0.1000               3.7100 2.8438e-04
                        5  1.1900     0.1000               2.9900 2.8438e-04
                       10  2.5464     0.1000               1.6336 2.8438e-04
                       12  2.6775     0.1000               1.5025 2.8438e-04
                       15  2.8700     0.1000               1.3100 2.8438e-04
                       43  3.6808     0.1000               0.4992 2.8438e-04
                       45  3.7430     0.1000               0.4370 2.8438e-04
                       46  3.7482     0.1000               0.4318 2.8438e-04
                       47  3.7653     0.1000               0.4147 2.8438e-04
                       54  3.8739     0.1000               0.3061 2.8438e-04
 63  4.1240    4.5-                          2.0831e-02                       8.0000e-15
                       24  3.3777     0.0070               0.7464 1.4595e-04
                        6  1.6092     0.8873               2.5148 1.8473e-02
                        0  0.0000     0.1057               4.1240 2.1992e-03
 62  4.0525    2.5+                          1.0242e-02                       6.6000e-14
                        1  0.3201     1.0000               3.7324 1.0226e-02
 61  4.0300    2.5+                          1.0434e-02
                        0  0.0000     0.0455               4.0300 4.7425e-04
                        1  0.3201     0.0455               3.7099 4.7425e-04
                        3  0.9286     0.0455               3.1014 4.7425e-04
                        9  2.4108     0.0455               1.6193 4.7425e-04
                       16  3.0835     0.0455               0.9465 4.7425e-04
                       17  3.1500     0.0455               0.8800 4.7425e-04
                       18  3.2155     0.0455               0.8145 4.7425e-04
                       19  3.2644     0.0455               0.7656 4.7425e-04
                       20  3.2800     0.0455               0.7500 4.7425e-04
                       23  3.3720     0.0455               0.6580 4.7425e-04
                       25  3.3811     0.0455               0.6489 4.7425e-04
                       30  3.4439     0.0455               0.5861 4.7425e-04
                       34  3.5626     0.0455               0.4674 4.7425e-04
                       35  3.5682     0.0455               0.4618 4.7425e-04
                       36  3.5768     0.0455               0.4532 4.7425e-04
                       38  3.6231     0.0455               0.4069 4.7425e-04
                       39  3.6320     0.0455               0.3980 4.7425e-04
                       40  3.6631     0.0455               0.3669 4.7425e-04
                       41  3.6675     0.0455               0.3625 4.7425e-04
                       42  3.6785     0.0455               0.3515 4.7425e-04
                       49  3.7965     0.0455               0.2335 4.7425e-04
                       60  4.0253     0.0455               0.0047 4.7425e-04
 60  4.0253    2.5-                          1.1058e-02                       1.7000e-14
                        7  1.8132     1.0000               2.2121 1.1053e-02
 59  4.0026    4.5-                          2.2916e-02                       1.7000e-16
                        1  0.3201     0.1589               3.6825 3.6375e-03
                        0  0.0000     0.8411               4.0026 1.9253e-02
 58  3.9433    4.5-                          2.4016e-02                       9.0000e-14
                        7  1.8132     0.3280               2.1301 7.8750e-03
                        6  1.6092     0.5468               2.3341 1.3127e-02
                        3  0.9286     0.1093               3.0147 2.6242e-03
                        1  0.3201     0.0158               3.6232 3.7933e-04
 57  3.9390    2.5+                          1.1249e-02
                        0  0.0000     0.0476               3.9390 5.3567e-04
                        1  0.3201     0.0476               3.6189 5.3567e-04
                        3  0.9286     0.0476               3.0104 5.3567e-04
                        9  2.4108     0.0476               1.5282 5.3567e-04
                       16  3.0835     0.0476               0.8555 5.3567e-04
                       17  3.1500     0.0476               0.7890 5.3567e-04
                       18  3.2155     0.0476               0.7235 5.3567e-04
                       19  3.2644     0.0476               0.6746 5.3567e-04
                       20  3.2800     0.0476               0.6590 5.3567e-04
                       23  3.3720     0.0476               0.5670 5.3567e-04
                       25  3.3811     0.0476               0.5579 5.3567e-04
                       30  3.4439     0.0476               0.4951 5.3567e-04
                       34  3.5626     0.0476               0.3764 5.3567e-04
                       35  3.5682     0.0476               0.3708 5.3567e-04
                       36  3.5768     0.0476               0.3622 5.3567e-04
                       38  3.6231     0.0476               0.3159 5.3567e-04
                       39  3.6320     0.0476               0.3070 5.3567e-04
                       40  3.6631     0.0476               0.2759 5.3567e-04
                       41  3.6675     0.0476               0.2715 5.3567e-04
                       42  3.6785     0.0476               0.2605 5.3567e-04
                       49  3.7965     0.0476               0.1425 5.3567e-04
 56  3.9195    4.5-                          2.4476e-02                       1.4000e-14
                       24  3.3777     0.0096               0.5418 2.3561e-04
                        7  1.8132     0.1792               2.1062 4.3844e-03
                        6  1.6092     0.1792               2.3102 4.3840e-03
                        1  0.3201     0.4079               3.5994 9.9731e-03
                        0  0.0000     0.2241               3.9195 5.4789e-03
 55  3.9024    4.5+                          2.5527e-02                       3.7000e-14
                        7  1.8132     0.3243               2.0891 8.2723e-03
                        6  1.6092     0.6757               2.2931 1.7234e-02
 54  3.8739    1.5+                          7.4393e-03
                        3  0.9286     0.0495               2.9453 3.6748e-04
                        1  0.3201     0.4013               3.5538 2.9807e-03
                        0  0.0000     0.5493               3.8739 4.0829e-03
 53  3.8737    7.5-                          6.4087e-02                       1.5000e-13
                       27  3.3856     0.0926               0.4881 5.9282e-03
                       13  2.6996     0.8982               1.1741 5.7555e-02
                        6  1.6092     0.0093               2.2645 5.9283e-04
 52  3.8400    3.5+                          1.8315e-02
                        0  0.0000     0.0526               3.8400 9.6396e-04
                        1  0.3201     0.0526               3.5199 9.6396e-04
                        7  1.8132     0.0526               2.0268 9.6396e-04
                       16  3.0835     0.0526               0.7565 9.6396e-04
                       19  3.2644     0.0526               0.5756 9.6396e-04
                       20  3.2800     0.0526               0.5600 9.6396e-04
                       24  3.3777     0.0526               0.4623 9.6396e-04
                       25  3.3811     0.0526               0.4589 9.6396e-04
                       26  3.3832     0.0526               0.4568 9.6396e-04
                       30  3.4439     0.0526               0.3961 9.6396e-04
                       31  3.4541     0.0526               0.3859 9.6396e-04
                       32  3.5169     0.0526               0.3231 9.6396e-04
                       34  3.5626     0.0526               0.2774 9.6396e-04
                       35  3.5682     0.0526               0.2718 9.6396e-04
                       37  3.6141     0.0526               0.2259 9.6396e-04
                       39  3.6320     0.0526               0.2080 9.6396e-04
                       41  3.6675     0.0526               0.1725 9.6396e-04
                       49  3.7965     0.0526               0.0435 9.6396e-04
                       50  3.8036     0.0526               0.0364 9.6396e-04
 51  3.8100    3.5+                          1.8770e-02
                        0  0.0000     0.0526               3.8100 9.8789e-04
                        1  0.3201     0.0526               3.4899 9.8789e-04
                        7  1.8132     0.0526               1.9968 9.8789e-04
                       16  3.0835     0.0526               0.7265 9.8789e-04
                       19  3.2644     0.0526               0.5456 9.8789e-04
                       20  3.2800     0.0526               0.5300 9.8789e-04
                       24  3.3777     0.0526               0.4323 9.8789e-04
                       25  3.3811     0.0526               0.4289 9.8789e-04
                       26  3.3832     0.0526               0.4268 9.8789e-04
                       30  3.4439     0.0526               0.3661 9.8789e-04
                       31  3.4541     0.0526               0.3559 9.8789e-04
                       32  3.5169     0.0526               0.2931 9.8789e-04
                       34  3.5626     0.0526               0.2474 9.8789e-04
                       35  3.5682     0.0526               0.2418 9.8789e-04
                       37  3.6141     0.0526               0.1959 9.8789e-04
                       39  3.6320     0.0526               0.1780 9.8789e-04
                       41  3.6675     0.0526               0.1425 9.8789e-04
                       49  3.7965     0.0526               0.0135 9.8789e-04
                       50  3.8036     0.0526               0.0064 9.8789e-04
 50  3.8036    4.5-                          2.8804e-02
                        7  1.8132     0.3976               1.9904 1.1449e-02
                        6  1.6092     0.4142               2.1944 1.1926e-02
                        0  0.0000     0.1882               3.8036 5.4152e-03
 49  3.7965    2.5-                          1.5685e-02                       2.4000e-14
                        3  0.9286     0.4011               2.8679 6.2867e-03
                        0  0.0000     0.5989               3.7965 9.3836e-03
 48  3.7795    3.5+                          1.9244e-02                       2.6000e-14
                        1  0.3201     0.5988               3.4594 1.1507e-02
                        0  0.0000     0.4012               3.7795 7.7086e-03
 47  3.7653    0.5+                          4.0196e-03
                        1  0.3201     1.0000               3.4452 4.0169e-03
 46  3.7482    0.5+                          4.0742e-03
                        1  0.3201     1.0000               3.4281 4.0715e-03
 45  3.7430    1.5+                          8.2724e-03
                        1  0.3201     0.0556               3.4229 4.5958e-04
                        3  0.9286     0.0556               2.8144 4.5958e-04
                        9  2.4108     0.0556               1.3322 4.5958e-04
                       16  3.0835     0.0556               0.6595 4.5958e-04
                       17  3.1500     0.0556               0.5930 4.5958e-04
                       18  3.2155     0.0556               0.5275 4.5958e-04
                       19  3.2644     0.0556               0.4786 4.5958e-04
                       20  3.2800     0.0556               0.4630 4.5958e-04
                       23  3.3720     0.0556               0.3710 4.5958e-04
                       25  3.3811     0.0556               0.3619 4.5958e-04
                       30  3.4439     0.0556               0.2991 4.5958e-04
                       35  3.5682     0.0556               0.1748 4.5958e-04
                       36  3.5768     0.0556               0.1662 4.5958e-04
                       38  3.6231     0.0556               0.1199 4.5958e-04
                       39  3.6320     0.0556               0.1110 4.5958e-04
                       40  3.6631     0.0556               0.0799 4.5958e-04
                       41  3.6675     0.0556               0.0755 4.5958e-04
                       42  3.6785     0.0556               0.0645 4.5958e-04
 44  3.7231    3.5+                          2.0156e-02
                        0  0.0000     1.0000               3.7231 2.0124e-02
 43  3.6808    1.5+                          8.7028e-03
                       16  3.0835     0.2480               0.5973 2.1579e-03
                        0  0.0000     0.7520               3.6808 6.5396e-03
 42  3.6785    1.5-                          1.0107e-02                       3.4000e-11
                        0  0.0000     1.0000               3.6785 1.0096e-02
 41  3.6675    2.5-                          1.7563e-02
                        9  2.4108     0.2616               1.2567 4.5940e-03
                        3  0.9286     0.0671               2.7389 1.1779e-03
                        1  0.3201     0.6713               3.3474 1.1780e-02
 40  3.6631    1.5-                          1.0216e-02
                        0  0.0000     1.0000               3.6631 1.0205e-02
 39  3.6320    2.5-                          1.7984e-02                       1.3000e-14
                        1  0.3201     0.7576               3.3119 1.3613e-02
                        0  0.0000     0.2424               3.6320 4.3550e-03
 38  3.6231    1.5-                          1.0507e-02
                        3  0.9286     0.2256               2.6945 2.3688e-03
                        1  0.3201     0.6097               3.3030 6.4013e-03
                        0  0.0000     0.1647               3.6231 1.7286e-03
 37  3.6141    4.5-                          3.4024e-02                       1.8700e-13
                        7  1.8132     0.2191               1.8008 7.4535e-03
                        6  1.6092     0.7558               2.0048 2.5706e-02
                        0  0.0000     0.0251               3.6141 8.5357e-04
 36  3.5768    1.5-                          1.0858e-02                       6.0000e-14
                        1  0.3201     0.4012               3.2567 4.3527e-03
                        0  0.0000     0.5988               3.5768 6.4954e-03
 35  3.5682    2.5-                          1.8778e-02                       8.0000e-14
                        1  0.3201     1.0000               3.2481 1.8762e-02
 34  3.5626    3.5-                          2.6003e-02
                        0  0.0000     1.0000               3.5626 2.5978e-02
 33  3.5555    3.5+                          2.3142e-02
                        0  0.0000     1.0000               3.5555 2.3108e-02
 32  3.5169    4.5-                          3.6388e-02                       1.7000e-14
                        7  1.8132     0.0718               1.7037 2.6115e-03
                        1  0.3201     0.2239               3.1969 8.1403e-03
                        0  0.0000     0.7043               3.5169 2.5604e-02
 31  3.4541    4.5-                          3.7700e-02                       1.0000e-14
                        1  0.3201     0.6211               3.1340 2.3396e-02
                        0  0.0000     0.3789               3.4541 1.4272e-02
 30  3.4439    2.5-                          2.0469e-02                       7.0000e-15
                        3  0.9286     1.0000               2.5153 2.0458e-02
 29  3.4128    3.5+                          2.6051e-02
                        1  0.3201     1.0000               3.0927 2.6017e-02
 28  3.3950    6.5-                          7.3669e-02                       1.5000e-14
                        7  1.8132     0.5650               1.5818 4.1616e-02
                        6  1.6092     0.4350               1.7858 3.2039e-02
 27  3.3856    6.5-                          8.0199e-02                       8.7000e-13
                       13  2.6996     0.0297               0.6860 2.3845e-03
                        7  1.8132     0.0110               1.5723 8.8448e-04
                        6  1.6092     0.9592               1.7764 7.6913e-02
 26  3.3832    4.5-                          3.9879e-02                       6.7000e-14
                        7  1.8132     0.1280               1.5700 5.1038e-03
                        6  1.6092     0.2621               1.7740 1.0450e-02
                        0  0.0000     0.6099               3.3832 2.4301e-02
 25  3.3811    2.5-                          2.1403e-02                       7.3000e-14
                        0  0.0000     1.0000               3.3811 2.1384e-02
 24  3.3777    4.5-                          4.0437e-02                       5.6000e-14
                        1  0.3201     0.1150               3.0576 4.6464e-03
                        0  0.0000     0.8850               3.3777 3.5755e-02
 23  3.3720    1.5-                          1.2604e-02
                        2  0.4700     0.1429               2.9020 1.8006e-03
                        5  1.1900     0.1429               2.1820 1.8006e-03
                       10  2.5464     0.1429               0.8256 1.8006e-03
                       11  2.6000     0.1429               0.7720 1.8006e-03
                       12  2.6775     0.1429               0.6945 1.8006e-03
                       14  2.7900     0.1429               0.5820 1.8006e-03
                       15  2.8700     0.1429               0.5020 1.8006e-03
 22  3.3200    4.5+                          4.1154e-02
                        0  0.0000     0.3333               3.3200 1.3718e-02
                        6  1.6092     0.3333               1.7108 1.3718e-02
                        7  1.8132     0.3333               1.5068 1.3718e-02
 21  3.3100    3.5+                          2.8379e-02
                        0  0.0000     0.1667               3.3100 4.7298e-03
                        1  0.3201     0.1667               2.9899 4.7298e-03
                        7  1.8132     0.1667               1.4968 4.7298e-03
                       16  3.0835     0.1667               0.2265 4.7298e-03
                       19  3.2644     0.1667               0.0456 4.7298e-03
                       20  3.2800     0.1667               0.0300 4.7298e-03
 20  3.2800    2.5-                          2.7760e-02                       1.3900e-13
                        9  2.4108     0.1381               0.8692 3.8326e-03
                        3  0.9286     0.3094               2.3514 8.5840e-03
                        1  0.3201     0.5525               2.9599 1.5327e-02
 19  3.2644    2.5-                          2.8025e-02                       5.3000e-14
                        9  2.4108     0.0098               0.8536 2.7482e-04
                        3  0.9286     0.0981               2.3357 2.7480e-03
                        1  0.3201     0.8921               2.9443 2.4983e-02
 18  3.2155    1.5-                          1.4182e-02                       2.6000e-14
                        9  2.4108     0.2989               0.8047 4.2377e-03
                        3  0.9286     0.5434               2.2869 7.7036e-03
                        1  0.3201     0.1577               2.8954 2.2347e-03
 17  3.1500    1.5-                          1.4913e-02
                        2  0.4700     0.1429               2.6800 2.1304e-03
                        5  1.1900     0.1429               1.9600 2.1304e-03
                       10  2.5464     0.1429               0.6036 2.1304e-03
                       11  2.6000     0.1429               0.5500 2.1304e-03
                       12  2.6775     0.1429               0.4725 2.1304e-03
                       14  2.7900     0.1429               0.3600 2.1304e-03
                       15  2.8700     0.1429               0.2800 2.1304e-03
 16  3.0835    2.5-                          3.3563e-02                       1.0400e-14
                        9  2.4108     0.0600               0.6728 2.0127e-03
                        3  0.9286     0.3079               2.1549 1.0331e-02
                        1  0.3201     0.4000               2.7634 1.3418e-02
                        0  0.0000     0.2320               3.0835 7.7814e-03
 15  2.8700    1.5+                          2.0945e-02
                        1  0.3201     0.3333               2.5499 6.9816e-03
                        3  0.9286     0.3333               1.9414 6.9816e-03
                        9  2.4108     0.3333               0.4592 6.9816e-03
 14  2.7900    2.5+                          3.3462e-02
                        0  0.0000     0.2500               2.7900 8.3654e-03
                        1  0.3201     0.2500               2.4699 8.3654e-03
                        3  0.9286     0.2500               1.8614 8.3654e-03
                        9  2.4108     0.2500               0.3792 8.3654e-03
 13  2.6996    7.5-                          2.4491e-01                       5.5000e-12
                        6  1.6092     1.0000               1.0904 2.4488e-01
 12  2.6775    1.5+                          2.3892e-02                       5.8000e-13
                        3  0.9286     1.0000               1.7488 2.3880e-02
 11  2.6000    2.5+                          3.8543e-02
                        0  0.0000     0.2500               2.6000 9.6359e-03
                        1  0.3201     0.2500               2.2799 9.6359e-03
                        3  0.9286     0.2500               1.6714 9.6359e-03
                        9  2.4108     0.2500               0.1892 9.6359e-03
 10  2.5464    0.5+                          1.4681e-02                       7.0000e-13
                        3  0.9286     1.0000               1.6178 1.4675e-02
  9  2.4108    1.5-                          6.9911e-02                       1.3900e-14
                        3  0.9286     0.0863               1.4821 6.0332e-03
                        1  0.3201     0.7194               2.0907 5.0277e-02
                        0  0.0000     0.1943               2.4108 1.3576e-02
  8  1.9100    4.5+                          1.2876e-01
                        0  0.0000     0.3333               1.9100 4.2921e-02
                        6  1.6092     0.3333               0.3008 4.2921e-02
                        7  1.8132     0.3333               0.0968 4.2921e-02
  7  1.8132    4.5-                          3.1183e-01                       5.8000e-13
                        6  1.6092     0.0106               0.2040 3.2658e-03
                        1  0.3201     0.2410               1.4932 7.5138e-02
                        0  0.0000     0.7484               1.8132 2.3331e-01
  6  1.6092    5.5-                          7.4805e-01                       5.5000e-13
                        0  0.0000     1.0000               1.6092 7.4791e-01
  5  1.1900    0.5+                          3.1220e-02
                        3  0.9286     1.0000               0.2614 3.1220e-02
  4  1.0100    3.5+                          1.4397e-01
                        0  0.0000     0.5000               1.0100 7.1987e-02
                        1  0.3201     0.5000               0.6899 7.1987e-02
  3  0.9286    1.5-                          2.2845e-01                       8.3000e-12
                        1  0.3201     0.1402               0.6086 3.2011e-02
                        0  0.0000     0.8598               0.9286 1.9639e-01
  2  0.4700    1.5+                          7.5958e-02
                        1  0.3201     1.0000               0.1499 7.5958e-02
  1  0.3201    2.5-                          6.8606e-01                       1.8400e-10
                        0  0.0000     1.0000               0.3201 6.8477e-01
  0  0.0000    3.5-                          2.5244e+00
#......................................................................../  026-057Fe //  26.000000
#                                                                          SUM SPECTRA FOR COMPOUND
#            024-053Cr      gamma    neutron     proton      alpha   deuteron
 SpcSum[mb]            1.5515e+00 3.4924e-04 2.1895e-14 1.4809e-16 0.0000e+00
 Emean[MeV]            1.2361e+00 5.0063e-01 1.3502e+00 3.0561e+00 0.0000e+00
#......................................................................../  026-057Fe //  26.000000
#                                                                   GAMMAS FROM DISCRETE TRANSITION
#           0 0 1 1 0 0             024-053Cr
#   Ex[MeV]     Jpi    FinalState  Branching Production    Egamma Production   T(1/2)[s]
 33  3.7810    0.5+                          8.9112e-04
                        0  0.0000     0.0909               3.7810 8.1011e-05
                        1  0.5640     0.0909               3.2170 8.1011e-05
                        8  2.3207     0.0909               1.4603 8.1011e-05
                       10  2.4620     0.0909               1.3190 8.1011e-05
                       12  2.6699     0.0909               1.1111 8.1011e-05
                       14  2.7085     0.0909               1.0725 8.1011e-05
                       15  2.7230     0.0909               1.0580 8.1011e-05
                       21  3.1721     0.0909               0.6089 8.1011e-05
                       22  3.1801     0.0909               0.6010 8.1011e-05
                       29  3.5950     0.0909               0.1860 8.1011e-05
                       30  3.6165     0.0909               0.1645 8.1011e-05
 32  3.7065    4.5+                          8.0394e-03
                        3  1.2895     1.0000               2.4170 8.0320e-03
 31  3.6955    3.5+                          5.4194e-03
                        0  0.0000     1.0000               3.6955 5.4153e-03
 30  3.6165    0.5-                          1.1282e-03
                        0  0.0000     1.0000               3.6165 1.1271e-03
 29  3.5950    0.5-                          1.1516e-03
                        1  0.5640     1.0000               3.0310 1.1516e-03
 28  3.5924    6.5-                          1.9344e-02                       1.3000e-13
                       17  2.8265     1.0000               0.7659 1.9340e-02
 27  3.4346    3.5-                          7.0204e-03
                        3  1.2895     1.0000               2.1451 7.0177e-03
 26  3.3817    4.5-                          1.1203e-02
                        4  1.5366     1.0000               1.8451 1.1200e-02
 25  3.3510    3.5-                          7.6568e-03
                       20  3.1371     0.5000               0.2139 3.8284e-03
                       24  3.2621     0.5000               0.0889 3.8284e-03
 24  3.2621    2.5+                          9.4200e-03                       2.1000e-14
                        4  1.5366     0.1999               1.7255 1.8822e-03
                        2  1.0063     0.2285               2.2559 2.1507e-03
                        0  0.0000     0.5716               3.2621 5.3771e-03
 23  3.2436    6.5-                          2.9641e-02                       6.0000e-13
                       19  3.0841     0.5000               0.1595 1.4820e-02
                        6  2.1723     0.5000               1.0713 1.4820e-02
 22  3.1801    1.5-                          3.5699e-03
                        3  1.2895     0.1000               1.8905 3.5675e-04
                        2  1.0063     0.1500               2.1738 5.3524e-04
                        1  0.5640     0.5000               2.6160 1.7838e-03
                        0  0.0000     0.2501               3.1801 8.9204e-04
 21  3.1721    1.5-                          3.5980e-03
                        0  0.0000     1.0000               3.1721 3.5950e-03
 20  3.1371    2.5+                          1.0239e-02                       4.0000e-14
                        3  1.2895     1.0000               1.8476 1.0233e-02
 19  3.0841    7.5-                          7.2305e-02                       3.0000e-11
                       13  2.7059     0.0070               0.3782 5.0254e-04
                        6  2.1723     0.9930               0.9118 7.1786e-02
 18  2.9925    2.5-                          7.1725e-03
                       11  2.6565     0.0000               0.3360 0.0000e+00
                        3  1.2895     0.5814               1.7030 4.1692e-03
                        2  1.0063     0.4186               1.9862 3.0015e-03
 17  2.8265    5.5-                          4.8598e-02                       1.1000e-13
                        7  2.2332     1.0000               0.5933 4.8580e-02
 16  2.7710    3.5-                          1.3790e-02
                        3  1.2895     1.0000               1.4815 1.3788e-02
 15  2.7230    1.5-                          5.5661e-03
                        0  0.0000     1.0000               2.7230 5.5661e-03
 14  2.7085    1.5-                          5.6439e-03
                        8  2.3207     0.0483               0.3878 2.7216e-04
                        5  1.9737     0.1316               0.7348 7.4244e-04
                        2  1.0063     0.2763               1.7022 1.5589e-03
                        1  0.5640     0.4386               2.1445 2.4742e-03
                        0  0.0000     0.1053               2.7085 5.9386e-04
 13  2.7059    5.5-                          3.3908e-02                       2.4000e-12
                        6  2.1723     1.0000               0.5335 3.3885e-02
 12  2.6699    0.5-                          2.7743e-03                       7.0000e-15
                        1  0.5640     0.4011               2.1059 1.1124e-03
                        0  0.0000     0.5989               2.6699 1.6605e-03
 11  2.6565    2.5-                          1.0007e-02                       1.7000e-14
                        3  1.2895     0.2671               1.3670 2.6726e-03
                        2  1.0063     0.6849               1.6502 6.8527e-03
                        0  0.0000     0.0480               2.6565 4.7975e-04
 10  2.4620    1.5-                          7.1293e-03
                        0  0.0000     1.0000               2.4620 7.1293e-03
  9  2.4531    4.5-                          2.9941e-02
                        6  2.1723     0.0000               0.2808 0.0000e+00
                        3  1.2895     0.4012               1.1636 1.2011e-02
                        2  1.0063     0.5988               1.4468 1.7926e-02
  8  2.3207    1.5-                          8.4065e-03                       8.0000e-16
                        0  0.0000     1.0000               2.3207 8.4030e-03
  7  2.2332    4.5-                          8.6509e-02                       3.6000e-13
                        4  1.5366     1.0000               0.6965 8.6486e-02
  6  2.1723    5.5-                          1.8182e-01                       9.6000e-12
                        3  1.2895     1.0000               0.8828 1.8178e-01
  5  1.9737    2.5-                          1.9812e-02                       3.9000e-13
                        3  1.2895     0.1597               0.6841 3.1631e-03
                        0  0.0000     0.8403               1.9737 1.6643e-02
  4  1.5366    3.5-                          1.4412e-01                       2.3000e-11
                        3  1.2895     0.2612               0.2471 3.7346e-02
                        2  1.0063     0.6481               0.5304 9.3362e-02
                        0  0.0000     0.0907               1.5366 1.3071e-02
  3  1.2895    3.5-                          3.3667e-01                       1.1700e-12
                        2  1.0063     0.0567               0.2833 1.9052e-02
                        0  0.0000     0.9433               1.2895 3.1755e-01
  2  1.0063    2.5-                          1.8843e-01                       7.1000e-12
                        1  0.5640     0.0043               0.4422 8.0665e-04
                        0  0.0000     0.9957               1.0063 1.8760e-01
  1  0.5640    0.5-                          2.2872e-02                       5.1000e-13
                        0  0.0000     1.0000               0.5640 2.2859e-02
  0  0.0000    1.5-                          6.4509e-01
#......................................................................../  026-057Fe //  26.000000
#                                                                          SUM SPECTRA FOR COMPOUND
#            025-055Mn      gamma     proton      alpha
 SpcSum[mb]            1.5014e-02 0.0000e+00 0.0000e+00
 Emean[MeV]            6.8299e-01 0.0000e+00 0.0000e+00
#......................................................................../  026-057Fe //  26.000000
#                                                                   GAMMAS FROM DISCRETE TRANSITION
#           0 0 0 2 0 0             025-055Mn
#   Ex[MeV]     Jpi    FinalState  Branching Production    Egamma Production   T(1/2)[s]
 91  4.0030    4.5+                          1.6863e-06                       3.0000e-15
                        2  0.9843     0.1228               3.0187 2.0682e-07
                        0  0.0000     0.8772               4.0030 1.4779e-06
 90  3.9980    0.5-                          2.2458e-07
                       13  2.2810     0.0667               1.7170 1.4972e-08
                       18  2.4265     0.0667               1.5715 1.4972e-08
                       20  2.5820     0.0667               1.4160 1.4972e-08
                       21  2.6217     0.0667               1.3763 1.4972e-08
                       33  2.9840     0.0667               1.0140 1.4972e-08
                       44  3.0700     0.0667               0.9280 1.4972e-08
                       50  3.1953     0.0667               0.8027 1.4972e-08
                       53  3.2681     0.0667               0.7299 1.4972e-08
                       57  3.3790     0.0667               0.6190 1.4972e-08
                       59  3.4241     0.0667               0.5739 1.4972e-08
                       61  3.4800     0.0667               0.5180 1.4972e-08
                       68  3.6040     0.0667               0.3940 1.4972e-08
                       70  3.6108     0.0667               0.3872 1.4972e-08
                       74  3.6730     0.0667               0.3250 1.4972e-08
                       75  3.6820     0.0667               0.3160 1.4972e-08
 89  3.9832    4.5+                          1.8019e-06
                        1  0.1259     1.0000               3.8573 1.7990e-06
 88  3.9460    3.5+                          1.3486e-06
                        6  1.5284     1.0000               2.4177 1.3481e-06
 87  3.9320    5.5+                          3.2772e-06
                        2  0.9843     0.0909               2.9477 2.9793e-07
                        4  1.2921     0.0909               2.6399 2.9793e-07
                       14  2.3114     0.0909               1.6206 2.9793e-07
                       17  2.3984     0.0909               1.5336 2.9793e-07
                       26  2.8221     0.0909               1.1099 2.9793e-07
                       27  2.8237     0.0909               1.1083 2.9793e-07
                       37  3.0359     0.0909               0.8961 2.9793e-07
                       46  3.1261     0.0909               0.8059 2.9793e-07
                       54  3.3420     0.0909               0.5900 2.9793e-07
                       81  3.8131     0.0909               0.1189 2.9793e-07
                       83  3.8449     0.0909               0.0871 2.9793e-07
 86  3.9174    1.5-                          6.0690e-07
                       15  2.3658     1.0000               1.5516 6.0681e-07
 85  3.8829    1.5-                          6.7833e-07
                       15  2.3658     0.3226               1.5171 2.1878e-07
                        6  1.5284     0.3546               2.3546 2.4040e-07
                        0  0.0000     0.3229               3.8829 2.1877e-07
 84  3.8600    2.5+                          1.1793e-06
                        0  0.0000     0.0294               3.8600 3.4687e-08
                        1  0.1259     0.0294               3.7341 3.4687e-08
                        6  1.5284     0.0294               2.3316 3.4687e-08
                        7  1.8841     0.0294               1.9759 3.4687e-08
                        8  2.0152     0.0294               1.8448 3.4687e-08
                        9  2.1984     0.0294               1.6616 3.4687e-08
                       10  2.2150     0.0294               1.6450 3.4687e-08
                       11  2.2525     0.0294               1.6075 3.4687e-08
                       12  2.2668     0.0294               1.5932 3.4687e-08
                       15  2.3658     0.0294               1.4942 3.4687e-08
                       16  2.3800     0.0294               1.4800 3.4687e-08
                       19  2.5632     0.0294               1.2968 3.4687e-08
                       23  2.7273     0.0294               1.1327 3.4687e-08
                       25  2.7527     0.0294               1.1073 3.4687e-08
                       28  2.8284     0.0294               1.0316 3.4687e-08
                       30  2.9250     0.0294               0.9350 3.4687e-08
                       31  2.9534     0.0294               0.9066 3.4687e-08
                       32  2.9762     0.0294               0.8838 3.4687e-08
                       34  2.9918     0.0294               0.8682 3.4687e-08
                       35  3.0058     0.0294               0.8542 3.4687e-08
                       36  3.0280     0.0294               0.8320 3.4687e-08
                       40  3.0460     0.0294               0.8140 3.4687e-08
                       43  3.0600     0.0294               0.8000 3.4687e-08
                       45  3.0803     0.0294               0.7797 3.4687e-08
                       47  3.1360     0.0294               0.7240 3.4687e-08
                       48  3.1470     0.0294               0.7130 3.4687e-08
                       49  3.1584     0.0294               0.7016 3.4687e-08
                       51  3.2608     0.0294               0.5992 3.4687e-08
                       52  3.2632     0.0294               0.5968 3.4687e-08
                       55  3.3510     0.0294               0.5090 3.4687e-08
                       64  3.5281     0.0294               0.3319 3.4687e-08
                       67  3.6000     0.0294               0.2600 3.4687e-08
                       69  3.6080     0.0294               0.2520 3.4687e-08
                       76  3.7035     0.0294               0.1565 3.4687e-08
 83  3.8449    5.5-                          4.6487e-06                       2.0000e-13
                       14  2.3114     1.0000               1.5335 4.6480e-06
 82  3.8315    3.5+                          1.9525e-06
                        9  2.1984     0.4997               1.6331 9.7530e-07
                        1  0.1259     0.5003               3.7056 9.7533e-07
 81  3.8131    6.5-                          7.7661e-06                       8.3000e-14
                       42  3.0547     1.0000               0.7584 7.7637e-06
 80  3.8000    4.5+                          3.2605e-06
                        1  0.1259     0.0625               3.6741 2.0378e-07
                        2  0.9843     0.0625               2.8157 2.0378e-07
                        4  1.2921     0.0625               2.5079 2.0378e-07
                        7  1.8841     0.0625               1.9159 2.0378e-07
                        8  2.0152     0.0625               1.7848 2.0378e-07
                        9  2.1984     0.0625               1.6016 2.0378e-07
                       17  2.3984     0.0625               1.4016 2.0378e-07
                       23  2.7273     0.0625               1.0727 2.0378e-07
                       26  2.8221     0.0625               0.9779 2.0378e-07
                       27  2.8237     0.0625               0.9763 2.0378e-07
                       28  2.8284     0.0625               0.9716 2.0378e-07
                       34  2.9918     0.0625               0.8082 2.0378e-07
                       37  3.0359     0.0625               0.7641 2.0378e-07
                       43  3.0600     0.0625               0.7400 2.0378e-07
                       48  3.1470     0.0625               0.6530 2.0378e-07
                       76  3.7035     0.0625               0.0965 2.0378e-07
 79  3.7910    2.5+                          1.4664e-06
                        0  0.0000     0.0294               3.7910 4.3129e-08
                        1  0.1259     0.0294               3.6651 4.3129e-08
                        6  1.5284     0.0294               2.2626 4.3129e-08
                        7  1.8841     0.0294               1.9069 4.3129e-08
                        8  2.0152     0.0294               1.7758 4.3129e-08
                        9  2.1984     0.0294               1.5926 4.3129e-08
                       10  2.2150     0.0294               1.5760 4.3129e-08
                       11  2.2525     0.0294               1.5385 4.3129e-08
                       12  2.2668     0.0294               1.5242 4.3129e-08
                       15  2.3658     0.0294               1.4252 4.3129e-08
                       16  2.3800     0.0294               1.4110 4.3129e-08
                       19  2.5632     0.0294               1.2278 4.3129e-08
                       23  2.7273     0.0294               1.0637 4.3129e-08
                       25  2.7527     0.0294               1.0383 4.3129e-08
                       28  2.8284     0.0294               0.9626 4.3129e-08
                       30  2.9250     0.0294               0.8660 4.3129e-08
                       31  2.9534     0.0294               0.8376 4.3129e-08
                       32  2.9762     0.0294               0.8148 4.3129e-08
                       34  2.9918     0.0294               0.7992 4.3129e-08
                       35  3.0058     0.0294               0.7852 4.3129e-08
                       36  3.0280     0.0294               0.7630 4.3129e-08
                       40  3.0460     0.0294               0.7450 4.3129e-08
                       43  3.0600     0.0294               0.7310 4.3129e-08
                       45  3.0803     0.0294               0.7107 4.3129e-08
                       47  3.1360     0.0294               0.6550 4.3129e-08
                       48  3.1470     0.0294               0.6440 4.3129e-08
                       49  3.1584     0.0294               0.6326 4.3129e-08
                       51  3.2608     0.0294               0.5302 4.3129e-08
                       52  3.2632     0.0294               0.5278 4.3129e-08
                       55  3.3510     0.0294               0.4400 4.3129e-08
                       64  3.5281     0.0294               0.2629 4.3129e-08
                       67  3.6000     0.0294               0.1910 4.3129e-08
                       69  3.6080     0.0294               0.1830 4.3129e-08
                       76  3.7035     0.0294               0.0875 4.3129e-08
 78  3.7718    2.5+                          1.5566e-06
                       12  2.2668     0.1979               1.5050 3.0794e-07
                       11  2.2525     0.1979               1.5193 3.0793e-07
                        9  2.1984     0.1979               1.5734 3.0792e-07
                        7  1.8841     0.2083               1.8877 3.2403e-07
                        0  0.0000     0.1981               3.7718 3.0785e-07
 77  3.7535    0.5-                          4.9032e-07
                        0  0.0000     1.0000               3.7535 4.8979e-07
 76  3.7035    3.5-                          3.1898e-06                       1.3000e-14
                        9  2.1984     0.5100               1.5050 1.6266e-06
                        0  0.0000     0.4900               3.7035 1.5614e-06
 75  3.6820    0.5+                          6.2314e-07
                        5  1.2930     0.0500               2.3890 3.1157e-08
                        6  1.5284     0.0500               2.1536 3.1157e-08
                       11  2.2525     0.0500               1.4295 3.1157e-08
                       16  2.3800     0.0500               1.3020 3.1157e-08
                       19  2.5632     0.0500               1.1188 3.1157e-08
                       29  2.8733     0.0500               0.8087 3.1157e-08
                       30  2.9250     0.0500               0.7570 3.1157e-08
                       31  2.9534     0.0500               0.7286 3.1157e-08
                       32  2.9762     0.0500               0.7058 3.1157e-08
                       35  3.0058     0.0500               0.6762 3.1157e-08
                       36  3.0280     0.0500               0.6540 3.1157e-08
                       38  3.0374     0.0500               0.6446 3.1157e-08
                       45  3.0803     0.0500               0.6017 3.1157e-08
                       49  3.1584     0.0500               0.5236 3.1157e-08
                       52  3.2632     0.0500               0.4188 3.1157e-08
                       55  3.3510     0.0500               0.3310 3.1157e-08
                       58  3.3830     0.0500               0.2990 3.1157e-08
                       60  3.4318     0.0500               0.2502 3.1157e-08
                       63  3.5230     0.0500               0.1590 3.1157e-08
                       64  3.5281     0.0500               0.1539 3.1157e-08
 74  3.6730    0.5+                          6.3971e-07
                        5  1.2930     0.0500               2.3800 3.1985e-08
                        6  1.5284     0.0500               2.1446 3.1985e-08
                       11  2.2525     0.0500               1.4205 3.1985e-08
                       16  2.3800     0.0500               1.2930 3.1985e-08
                       19  2.5632     0.0500               1.1098 3.1985e-08
                       29  2.8733     0.0500               0.7997 3.1985e-08
                       30  2.9250     0.0500               0.7480 3.1985e-08
                       31  2.9534     0.0500               0.7196 3.1985e-08
                       32  2.9762     0.0500               0.6968 3.1985e-08
                       35  3.0058     0.0500               0.6672 3.1985e-08
                       36  3.0280     0.0500               0.6450 3.1985e-08
                       38  3.0374     0.0500               0.6356 3.1985e-08
                       45  3.0803     0.0500               0.5927 3.1985e-08
                       49  3.1584     0.0500               0.5146 3.1985e-08
                       52  3.2632     0.0500               0.4098 3.1985e-08
                       55  3.3510     0.0500               0.3220 3.1985e-08
                       58  3.3830     0.0500               0.2900 3.1985e-08
                       60  3.4318     0.0500               0.2412 3.1985e-08
                       63  3.5230     0.0500               0.1500 3.1985e-08
                       64  3.5281     0.0500               0.1449 3.1985e-08
 73  3.6609    2.5+                          2.1817e-06
                       15  2.3658     0.0000               1.2951 0.0000e+00
                        9  2.1984     0.7998               1.4625 1.7445e-06
                        0  0.0000     0.2002               3.6609 4.3611e-07
 72  3.6420    3.5+                          3.4946e-06
                        0  0.0000     0.0435               3.6420 1.5194e-07
                        1  0.1259     0.0435               3.5161 1.5194e-07
                        2  0.9843     0.0435               2.6577 1.5194e-07
                        7  1.8841     0.0435               1.7579 1.5194e-07
                        8  2.0152     0.0435               1.6268 1.5194e-07
                        9  2.1984     0.0435               1.4436 1.5194e-07
                       10  2.2150     0.0435               1.4270 1.5194e-07
                       12  2.2668     0.0435               1.3752 1.5194e-07
                       15  2.3658     0.0435               1.2762 1.5194e-07
                       17  2.3984     0.0435               1.2436 1.5194e-07
                       23  2.7273     0.0435               0.9147 1.5194e-07
                       25  2.7527     0.0435               0.8893 1.5194e-07
                       26  2.8221     0.0435               0.8199 1.5194e-07
                       27  2.8237     0.0435               0.8183 1.5194e-07
                       28  2.8284     0.0435               0.8136 1.5194e-07
                       34  2.9918     0.0435               0.6502 1.5194e-07
                       40  3.0460     0.0435               0.5960 1.5194e-07
                       43  3.0600     0.0435               0.5820 1.5194e-07
                       47  3.1360     0.0435               0.5060 1.5194e-07
                       48  3.1470     0.0435               0.4950 1.5194e-07
                       51  3.2608     0.0435               0.3812 1.5194e-07
                       67  3.6000     0.0435               0.0420 1.5194e-07
                       69  3.6080     0.0435               0.0340 1.5194e-07
 71  3.6310    5.5+                          8.3713e-06
                        2  0.9843     0.1111               2.6467 9.3015e-07
                        4  1.2921     0.1111               2.3389 9.3015e-07
                       14  2.3114     0.1111               1.3196 9.3015e-07
                       17  2.3984     0.1111               1.2326 9.3015e-07
                       26  2.8221     0.1111               0.8089 9.3015e-07
                       27  2.8237     0.1111               0.8073 9.3015e-07
                       37  3.0359     0.1111               0.5951 9.3015e-07
                       46  3.1261     0.1111               0.5049 9.3015e-07
                       54  3.3420     0.1111               0.2890 9.3015e-07
 70  3.6108    1.5+                          1.5765e-06
                        1  0.1259     1.0000               3.4849 1.5754e-06
 69  3.6080    2.5-                          2.7825e-06
                       22  2.6946     0.0667               0.9134 1.8550e-07
                       24  2.7410     0.0667               0.8670 1.8550e-07
                       33  2.9840     0.0667               0.6240 1.8550e-07
                       39  3.0399     0.0667               0.5681 1.8550e-07
                       41  3.0508     0.0667               0.5572 1.8550e-07
                       44  3.0700     0.0667               0.5380 1.8550e-07
                       50  3.1953     0.0667               0.4127 1.8550e-07
                       53  3.2681     0.0667               0.3399 1.8550e-07
                       57  3.3790     0.0667               0.2290 1.8550e-07
                       59  3.4241     0.0667               0.1839 1.8550e-07
                       61  3.4800     0.0667               0.1280 1.8550e-07
                       62  3.5050     0.0667               0.1030 1.8550e-07
                       65  3.5320     0.0667               0.0760 1.8550e-07
                       66  3.5800     0.0667               0.0280 1.8550e-07
                       68  3.6040     0.0667               0.0040 1.8550e-07
 68  3.6040    1.5+                          1.7934e-06
                        0  0.0000     0.0345               3.6040 6.1841e-08
                        5  1.2930     0.0345               2.3110 6.1841e-08
                        6  1.5284     0.0345               2.0756 6.1841e-08
                       10  2.2150     0.0345               1.3890 6.1841e-08
                       11  2.2525     0.0345               1.3515 6.1841e-08
                       12  2.2668     0.0345               1.3372 6.1841e-08
                       15  2.3658     0.0345               1.2382 6.1841e-08
                       16  2.3800     0.0345               1.2240 6.1841e-08
                       19  2.5632     0.0345               1.0408 6.1841e-08
                       25  2.7527     0.0345               0.8513 6.1841e-08
                       29  2.8733     0.0345               0.7307 6.1841e-08
                       30  2.9250     0.0345               0.6790 6.1841e-08
                       31  2.9534     0.0345               0.6506 6.1841e-08
                       32  2.9762     0.0345               0.6278 6.1841e-08
                       35  3.0058     0.0345               0.5982 6.1841e-08
                       36  3.0280     0.0345               0.5760 6.1841e-08
                       38  3.0374     0.0345               0.5666 6.1841e-08
                       40  3.0460     0.0345               0.5580 6.1841e-08
                       45  3.0803     0.0345               0.5237 6.1841e-08
                       47  3.1360     0.0345               0.4680 6.1841e-08
                       49  3.1584     0.0345               0.4456 6.1841e-08
                       51  3.2608     0.0345               0.3432 6.1841e-08
                       52  3.2632     0.0345               0.3408 6.1841e-08
                       55  3.3510     0.0345               0.2530 6.1841e-08
                       58  3.3830     0.0345               0.2210 6.1841e-08
                       60  3.4318     0.0345               0.1722 6.1841e-08
                       63  3.5230     0.0345               0.0810 6.1841e-08
                       64  3.5281     0.0345               0.0759 6.1841e-08
                       67  3.6000     0.0345               0.0040 6.1841e-08
 67  3.6000    2.5-                          2.9049e-06
                       22  2.6946     0.0714               0.9054 2.0749e-07
                       24  2.7410     0.0714               0.8590 2.0749e-07
                       33  2.9840     0.0714               0.6160 2.0749e-07
                       39  3.0399     0.0714               0.5601 2.0749e-07
                       41  3.0508     0.0714               0.5492 2.0749e-07
                       44  3.0700     0.0714               0.5300 2.0749e-07
                       50  3.1953     0.0714               0.4047 2.0749e-07
                       53  3.2681     0.0714               0.3319 2.0749e-07
                       57  3.3790     0.0714               0.2210 2.0749e-07
                       59  3.4241     0.0714               0.1759 2.0749e-07
                       61  3.4800     0.0714               0.1200 2.0749e-07
                       62  3.5050     0.0714               0.0950 2.0749e-07
                       65  3.5320     0.0714               0.0680 2.0749e-07
                       66  3.5800     0.0714               0.0200 2.0749e-07
 66  3.5800    3.5+                          4.5878e-06
                        0  0.0000     0.0476               3.5800 2.1846e-07
                        1  0.1259     0.0476               3.4541 2.1846e-07
                        2  0.9843     0.0476               2.5957 2.1846e-07
                        7  1.8841     0.0476               1.6959 2.1846e-07
                        8  2.0152     0.0476               1.5648 2.1846e-07
                        9  2.1984     0.0476               1.3816 2.1846e-07
                       10  2.2150     0.0476               1.3650 2.1846e-07
                       12  2.2668     0.0476               1.3132 2.1846e-07
                       15  2.3658     0.0476               1.2142 2.1846e-07
                       17  2.3984     0.0476               1.1816 2.1846e-07
                       23  2.7273     0.0476               0.8527 2.1846e-07
                       25  2.7527     0.0476               0.8273 2.1846e-07
                       26  2.8221     0.0476               0.7579 2.1846e-07
                       27  2.8237     0.0476               0.7563 2.1846e-07
                       28  2.8284     0.0476               0.7516 2.1846e-07
                       34  2.9918     0.0476               0.5882 2.1846e-07
                       40  3.0460     0.0476               0.5340 2.1846e-07
                       43  3.0600     0.0476               0.5200 2.1846e-07
                       47  3.1360     0.0476               0.4440 2.1846e-07
                       48  3.1470     0.0476               0.4330 2.1846e-07
                       51  3.2608     0.0476               0.3192 2.1846e-07
 65  3.5320    2.5+                          3.5738e-06
                        0  0.0000     1.0000               3.5320 3.5685e-06
 64  3.5281    1.5-                          2.1878e-06
                        0  0.0000     1.0000               3.5281 2.1857e-06
 63  3.5230    0.5-                          1.0925e-06
                       13  2.2810     0.0909               1.2420 9.9314e-08
                       18  2.4265     0.0909               1.0965 9.9314e-08
                       20  2.5820     0.0909               0.9410 9.9314e-08
                       21  2.6217     0.0909               0.9013 9.9314e-08
                       33  2.9840     0.0909               0.5390 9.9314e-08
                       44  3.0700     0.0909               0.4530 9.9314e-08
                       50  3.1953     0.0909               0.3277 9.9314e-08
                       53  3.2681     0.0909               0.2549 9.9314e-08
                       57  3.3790     0.0909               0.1440 9.9314e-08
                       59  3.4241     0.0909               0.0989 9.9314e-08
                       61  3.4800     0.0909               0.0430 9.9314e-08
 62  3.5050    2.5+                          3.8282e-06
                        0  0.0000     0.0333               3.5050 1.2761e-07
                        1  0.1259     0.0333               3.3791 1.2761e-07
                        6  1.5284     0.0333               1.9766 1.2761e-07
                        7  1.8841     0.0333               1.6209 1.2761e-07
                        8  2.0152     0.0333               1.4898 1.2761e-07
                        9  2.1984     0.0333               1.3066 1.2761e-07
                       10  2.2150     0.0333               1.2900 1.2761e-07
                       11  2.2525     0.0333               1.2525 1.2761e-07
                       12  2.2668     0.0333               1.2382 1.2761e-07
                       15  2.3658     0.0333               1.1392 1.2761e-07
                       16  2.3800     0.0333               1.1250 1.2761e-07
                       19  2.5632     0.0333               0.9418 1.2761e-07
                       23  2.7273     0.0333               0.7777 1.2761e-07
                       25  2.7527     0.0333               0.7523 1.2761e-07
                       28  2.8284     0.0333               0.6766 1.2761e-07
                       30  2.9250     0.0333               0.5800 1.2761e-07
                       31  2.9534     0.0333               0.5516 1.2761e-07
                       32  2.9762     0.0333               0.5288 1.2761e-07
                       34  2.9918     0.0333               0.5132 1.2761e-07
                       35  3.0058     0.0333               0.4992 1.2761e-07
                       36  3.0280     0.0333               0.4770 1.2761e-07
                       40  3.0460     0.0333               0.4590 1.2761e-07
                       43  3.0600     0.0333               0.4450 1.2761e-07
                       45  3.0803     0.0333               0.4247 1.2761e-07
                       47  3.1360     0.0333               0.3690 1.2761e-07
                       48  3.1470     0.0333               0.3580 1.2761e-07
                       49  3.1584     0.0333               0.3466 1.2761e-07
                       51  3.2608     0.0333               0.2442 1.2761e-07
                       52  3.2632     0.0333               0.2418 1.2761e-07
                       55  3.3510     0.0333               0.1540 1.2761e-07
 61  3.4800    1.5+                          2.7791e-06
                        0  0.0000     0.0385               3.4800 1.0689e-07
                        5  1.2930     0.0385               2.1870 1.0689e-07
                        6  1.5284     0.0385               1.9516 1.0689e-07
                       10  2.2150     0.0385               1.2650 1.0689e-07
                       11  2.2525     0.0385               1.2275 1.0689e-07
                       12  2.2668     0.0385               1.2132 1.0689e-07
                       15  2.3658     0.0385               1.1142 1.0689e-07
                       16  2.3800     0.0385               1.1000 1.0689e-07
                       19  2.5632     0.0385               0.9168 1.0689e-07
                       25  2.7527     0.0385               0.7273 1.0689e-07
                       29  2.8733     0.0385               0.6067 1.0689e-07
                       30  2.9250     0.0385               0.5550 1.0689e-07
                       31  2.9534     0.0385               0.5266 1.0689e-07
                       32  2.9762     0.0385               0.5038 1.0689e-07
                       35  3.0058     0.0385               0.4742 1.0689e-07
                       36  3.0280     0.0385               0.4520 1.0689e-07
                       38  3.0374     0.0385               0.4426 1.0689e-07
                       40  3.0460     0.0385               0.4340 1.0689e-07
                       45  3.0803     0.0385               0.3997 1.0689e-07
                       47  3.1360     0.0385               0.3440 1.0689e-07
                       49  3.1584     0.0385               0.3216 1.0689e-07
                       51  3.2608     0.0385               0.2192 1.0689e-07
                       52  3.2632     0.0385               0.2168 1.0689e-07
                       55  3.3510     0.0385               0.1290 1.0689e-07
                       58  3.3830     0.0385               0.0970 1.0689e-07
                       60  3.4318     0.0385               0.0482 1.0689e-07
 60  3.4318    0.5-                          1.4801e-06                       2.2000e-14
                        0  0.0000     1.0000               3.4318 1.4787e-06
 59  3.4241    1.5+                          3.1609e-06                       1.1100e-13
                       23  2.7273     0.5292               0.6968 1.6712e-06
                        1  0.1259     0.4708               3.2982 1.4872e-06
 58  3.3830    0.5-                          1.6579e-06
                        0  0.0000     1.0000               3.3830 1.6564e-06
 57  3.3790    1.5+                          3.5090e-06
                        0  0.0000     0.0417               3.3790 1.4621e-07
                        5  1.2930     0.0417               2.0860 1.4621e-07
                        6  1.5284     0.0417               1.8506 1.4621e-07
                       10  2.2150     0.0417               1.1640 1.4621e-07
                       11  2.2525     0.0417               1.1265 1.4621e-07
                       12  2.2668     0.0417               1.1122 1.4621e-07
                       15  2.3658     0.0417               1.0132 1.4621e-07
                       16  2.3800     0.0417               0.9990 1.4621e-07
                       19  2.5632     0.0417               0.8158 1.4621e-07
                       25  2.7527     0.0417               0.6263 1.4621e-07
                       29  2.8733     0.0417               0.5057 1.4621e-07
                       30  2.9250     0.0417               0.4540 1.4621e-07
                       31  2.9534     0.0417               0.4256 1.4621e-07
                       32  2.9762     0.0417               0.4028 1.4621e-07
                       35  3.0058     0.0417               0.3732 1.4621e-07
                       36  3.0280     0.0417               0.3510 1.4621e-07
                       38  3.0374     0.0417               0.3416 1.4621e-07
                       40  3.0460     0.0417               0.3330 1.4621e-07
                       45  3.0803     0.0417               0.2987 1.4621e-07
                       47  3.1360     0.0417               0.2430 1.4621e-07
                       49  3.1584     0.0417               0.2206 1.4621e-07
                       51  3.2608     0.0417               0.1182 1.4621e-07
                       52  3.2632     0.0417               0.1158 1.4621e-07
                       55  3.3510     0.0417               0.0280 1.4621e-07
 56  3.3732    5.5+                          1.7401e-05
                        4  1.2921     1.0000               2.0811 1.7389e-05
 55  3.3510    1.5-                          3.8244e-06
                        1  0.1259     0.6494               3.2251 2.4814e-06
                        0  0.0000     0.3506               3.3510 1.3397e-06
 54  3.3420    6.5-                          3.0560e-05                       5.0000e-15
                        4  1.2921     1.0000               2.0498 3.0550e-05
 53  3.2681    1.5+                          4.5409e-06
                        9  2.1984     0.2500               1.0697 1.1349e-06
                        7  1.8841     0.3401               1.3840 1.5441e-06
                        6  1.5284     0.4099               1.7397 1.8604e-06
 52  3.2632    1.5-                          4.6734e-06
                       15  2.3658     0.4010               0.8974 1.8737e-06
                        0  0.0000     0.5990               3.2632 2.7970e-06
 51  3.2608    2.5-                          7.5796e-06                       3.5000e-14
                        1  0.1259     1.0000               3.1349 7.5736e-06
 50  3.1953    1.5+                          5.3764e-06                       1.7000e-14
                        0  0.0000     1.0000               3.1953 5.3692e-06
 49  3.1584    1.5-                          5.9364e-06                       4.6000e-14
                        6  1.5284     0.7298               1.6301 4.3316e-06
                        0  0.0000     0.2702               3.1584 1.6027e-06
 48  3.1470    3.5-                          1.4409e-05
                       22  2.6946     0.2500               0.4524 3.6022e-06
                       24  2.7410     0.2500               0.4060 3.6022e-06
                       39  3.0399     0.2500               0.1071 3.6022e-06
                       41  3.0508     0.2500               0.0962 3.6022e-06
 47  3.1360    2.5-                          1.0107e-05
                       22  2.6946     0.1667               0.4414 1.6844e-06
                       24  2.7410     0.1667               0.3950 1.6844e-06
                       33  2.9840     0.1667               0.1520 1.6844e-06
                       39  3.0399     0.1667               0.0961 1.6844e-06
                       41  3.0508     0.1667               0.0852 1.6844e-06
                       44  3.0700     0.1667               0.0660 1.6844e-06
 46  3.1261    6.5-                          5.2528e-05                       1.7000e-14
                       14  2.3114     0.1379               0.8147 7.2418e-06
                        2  0.9843     0.8621               2.1419 4.5266e-05
 45  3.0803    1.5-                          7.0876e-06                       3.0000e-14
                       15  2.3658     0.2500               0.7145 1.7713e-06
                        6  1.5284     0.6410               1.5519 4.5425e-06
                        0  0.0000     0.1090               3.0803 7.7195e-07
 44  3.0700    1.5+                          8.8561e-06                       2.4000e-14
                        0  0.0000     1.0000               3.0700 8.8448e-06
 43  3.0600    3.5-                          1.7717e-05
                       22  2.6946     0.2500               0.3654 4.4294e-06
                       24  2.7410     0.2500               0.3190 4.4294e-06
                       39  3.0399     0.2500               0.0201 4.4294e-06
                       41  3.0508     0.2500               0.0092 4.4294e-06
 42  3.0547    7.5-                          1.0228e-04                       1.8000e-13
                       14  2.3114     0.4792               0.7432 4.8998e-05
                        4  1.2921     0.5208               1.7626 5.3252e-05
 41  3.0508    2.5+                          2.1492e-05                       1.7000e-12
                        6  1.5284     0.6991               1.5225 1.5020e-05
                        1  0.1259     0.3009               2.9249 6.4591e-06
 40  3.0460    2.5-                          1.2412e-05                       1.4000e-13
                        7  1.8841     1.0000               1.1619 1.2411e-05
 39  3.0399    2.5+                          2.1801e-05                       1.7000e-13
                        1  0.1259     1.0000               2.9140 2.1774e-05
 38  3.0374    0.5-                          3.8334e-06
                       12  2.2668     1.0000               0.7706 3.8321e-06
 37  3.0359    5.5-                          4.3025e-05                       5.0000e-14
                        1  0.1259     1.0000               2.9100 4.2992e-05
 36  3.0280    1.5-                          7.9738e-06
                       13  2.2810     0.2000               0.7470 1.5948e-06
                       18  2.4265     0.2000               0.6015 1.5948e-06
                       20  2.5820     0.2000               0.4460 1.5948e-06
                       21  2.6217     0.2000               0.4063 1.5948e-06
                       33  2.9840     0.2000               0.0440 1.5948e-06
 35  3.0058    1.5-                          8.3801e-06                       1.7000e-14
                        0  0.0000     1.0000               3.0058 8.3739e-06
 34  2.9918    3.5-                          2.0782e-05                       1.2000e-14
                        2  0.9843     0.2307               2.0075 4.7928e-06
                        1  0.1259     0.7693               2.8658 1.5977e-05
 33  2.9840    1.5+                          1.1994e-05
                        0  0.0000     0.0714               2.9840 8.5672e-07
                        5  1.2930     0.0714               1.6910 8.5672e-07
                        6  1.5284     0.0714               1.4556 8.5672e-07
                       10  2.2150     0.0714               0.7690 8.5672e-07
                       11  2.2525     0.0714               0.7315 8.5672e-07
                       12  2.2668     0.0714               0.7172 8.5672e-07
                       15  2.3658     0.0714               0.6182 8.5672e-07
                       16  2.3800     0.0714               0.6040 8.5672e-07
                       19  2.5632     0.0714               0.4208 8.5672e-07
                       25  2.7527     0.0714               0.2313 8.5672e-07
                       29  2.8733     0.0714               0.1107 8.5672e-07
                       30  2.9250     0.0714               0.0590 8.5672e-07
                       31  2.9534     0.0714               0.0306 8.5672e-07
                       32  2.9762     0.0714               0.0078 8.5672e-07
 32  2.9762    1.5-                          9.8101e-06                       1.2500e-13
                        6  1.5284     0.2307               1.4478 2.2629e-06
                        0  0.0000     0.7693               2.9762 7.5417e-06
 31  2.9534    1.5-                          1.0275e-05                       1.3000e-14
                        1  0.1259     0.8475               2.8275 8.7016e-06
                        0  0.0000     0.1525               2.9534 1.5658e-06
 30  2.9250    1.5-                          1.0886e-05
                        1  0.1259     1.0000               2.7991 1.0879e-05
 29  2.8733    0.5-                          6.3226e-06                       8.3000e-14
                        6  1.5284     0.7691               1.3449 4.8622e-06
                        0  0.0000     0.2309               2.8733 1.4588e-06
 28  2.8284    3.5-                          3.0144e-05
                        4  1.2921     1.0000               1.5363 3.0139e-05
 27  2.8237    4.5-                          4.6630e-05                       1.1000e-14
                        7  1.8841     0.3006               0.9396 1.4014e-05
                        1  0.1259     0.6994               2.6977 3.2593e-05
 26  2.8221    4.5-                          4.6790e-05                       9.4000e-14
                        7  1.8841     0.3590               0.9380 1.6795e-05
                        4  1.2921     0.6410               1.5300 2.9988e-05
 25  2.7527    2.5-                          2.4610e-05                       2.5000e-14
                        7  1.8841     0.3304               0.8686 8.1294e-06
                        1  0.1259     0.4292               2.6268 1.0556e-05
                        0  0.0000     0.2404               2.7527 5.9125e-06
 24  2.7410    3.5+                          4.5854e-05
                        0  0.0000     0.0909               2.7410 4.1685e-06
                        1  0.1259     0.0909               2.6151 4.1685e-06
                        2  0.9843     0.0909               1.7567 4.1685e-06
                        7  1.8841     0.0909               0.8569 4.1685e-06
                        8  2.0152     0.0909               0.7258 4.1685e-06
                        9  2.1984     0.0909               0.5426 4.1685e-06
                       10  2.2150     0.0909               0.5260 4.1685e-06
                       12  2.2668     0.0909               0.4742 4.1685e-06
                       15  2.3658     0.0909               0.3752 4.1685e-06
                       17  2.3984     0.0909               0.3426 4.1685e-06
                       23  2.7273     0.0909               0.0137 4.1685e-06
 23  2.7273    3.5-                          4.3512e-05                       9.8000e-13
                        4  1.2921     0.1917               1.4352 8.3400e-06
                        2  0.9843     0.2901               1.7431 1.2620e-05
                        0  0.0000     0.5182               2.7273 2.2535e-05
 22  2.6946    3.5+                          4.9724e-05
                        0  0.0000     1.0000               2.6946 4.9670e-05
 21  2.6217    0.5+                          1.0577e-05
                        0  0.0000     1.0000               2.6217 1.0573e-05
 20  2.5820    0.5+                          1.1354e-05
                        5  1.2930     0.2000               1.2890 2.2708e-06
                        6  1.5284     0.2000               1.0536 2.2708e-06
                       11  2.2525     0.2000               0.3295 2.2708e-06
                       16  2.3800     0.2000               0.2020 2.2708e-06
                       19  2.5632     0.2000               0.0188 2.2708e-06
 19  2.5632    1.5-                          2.4784e-05                       7.7000e-15
                        0  0.0000     1.0000               2.5632 2.4771e-05
 18  2.4265    0.5+                          1.4983e-05                       1.4000e-12
                        6  1.5284     1.0000               0.8982 1.4981e-05
 17  2.3984    4.5-                          1.1765e-04                       1.7000e-14
                        2  0.9843     0.2592               1.4141 3.0491e-05
                        1  0.1259     0.7408               2.2725 8.7118e-05
 16  2.3800    1.5-                          3.4336e-05
                       13  2.2810     1.0000               0.0990 3.4336e-05
 15  2.3658    2.5-                          6.2029e-05                       2.3000e-14
                        1  0.1259     0.7407               2.2399 4.5925e-05
                        0  0.0000     0.2593               2.3658 1.6076e-05
 14  2.3114    6.5-                          3.7127e-04                       1.5000e-13
                        4  1.2921     0.9009               1.0193 3.3443e-04
                        2  0.9843     0.0991               1.3272 3.6788e-05
 13  2.2810    0.5+                          5.3711e-05
                        5  1.2930     0.3333               0.9880 1.7904e-05
                        6  1.5284     0.3333               0.7527 1.7904e-05
                       11  2.2525     0.3333               0.0285 1.7904e-05
 12  2.2668    2.5-                          7.2753e-05                       1.2500e-13
                        6  1.5284     0.2700               0.7385 1.9638e-05
                        0  0.0000     0.7300               2.2668 5.3086e-05
 11  2.2525    1.5-                          6.1193e-05                       2.3000e-14
                        0  0.0000     1.0000               2.2525 6.1167e-05
 10  2.2150    2.5-                          7.5157e-05                       3.8000e-13
                        0  0.0000     1.0000               2.2150 7.5126e-05
  9  2.1984    3.5-                          1.2009e-04                       1.8000e-14
                        2  0.9843     0.3292               1.2142 3.9530e-05
                        1  0.1259     0.0610               2.0725 7.3205e-06
                        0  0.0000     0.6098               2.1984 7.3204e-05
  8  2.0152    3.5-                          1.5845e-04                       5.1000e-16
                        2  0.9843     0.5681               1.0309 9.0000e-05
                        0  0.0000     0.4319               2.0152 6.8413e-05
  7  1.8841    3.5-                          2.5180e-04                       1.2000e-14
                        1  0.1259     0.3590               1.7581 9.0377e-05
                        0  0.0000     0.6410               1.8841 1.6136e-04
  6  1.5284    1.5-                          2.2850e-04                       6.2000e-14
                        1  0.1259     0.0338               1.4024 7.7268e-06
                        0  0.0000     0.9662               1.5284 2.2075e-04
  5  1.2930    0.5-                          1.1444e-04
                        0  0.0000     1.0000               1.2930 1.1443e-04
  4  1.2921    5.5-                          1.6483e-03                       1.1000e-12
                        2  0.9843     0.2484               0.3079 4.0869e-04
                        1  0.1259     0.7516               1.1662 1.2387e-03
  3  1.2891    5.5+                          1.1450e-03
                        2  0.9843     0.9010               0.3048 1.0302e-03
                        1  0.1259     0.0990               1.1632 1.1332e-04
  2  0.9843    4.5-                          2.8811e-03                       2.8000e-13
                        1  0.1259     0.9524               0.8583 2.7434e-03
                        0  0.0000     0.0476               0.9843 1.3717e-04
  1  0.1259    3.5-                          6.7998e-03                       2.5900e-10
                        0  0.0000     1.0000               0.1259 6.6835e-03
  0  0.0000    2.5-                          9.6732e-03
#......................................................................../  026-057Fe //  26.000000
#                                                                          SUM SPECTRA FOR COMPOUND
#            027-056Co      gamma     proton      alpha
 SpcSum[mb]            2.2699e+02 3.1235e-01 2.3473e-15
 Emean[MeV]            1.2733e+00 1.9120e+00 2.0812e+00
#......................................................................../  026-057Fe //  26.000000
#                                                                   GAMMAS FROM DISCRETE TRANSITION
#           3 0 0 0 0 0             027-056Co
#   Ex[MeV]     Jpi    FinalState  Branching Production    Egamma Production   T(1/2)[s]
 31  3.0759    1.0+                          2.2783e-01                       2.2000e-14
                       11  2.0600     0.1805               1.0159 4.1112e-02
                        7  1.4507     0.7518               1.6252 1.7126e-01
                        4  0.9702     0.0677               2.1057 1.5412e-02
 30  3.0600    5.0+                          1.7617e+00
                       19  2.4696     0.5000               0.5904 8.8086e-01
                       25  2.7700     0.5000               0.2900 8.8086e-01
 29  3.0480    3.0+                          6.7747e-01
                        8  1.5850     0.3333               1.4630 2.2582e-01
                       25  2.7700     0.3333               0.2780 2.2582e-01
                       26  2.7890     0.3333               0.2590 2.2582e-01
 28  2.9690    2.0+                          4.5084e-01
                        8  1.5850     0.5000               1.3840 2.2542e-01
                       26  2.7890     0.5000               0.1800 2.2542e-01
 27  2.9260    2.0+                          4.7015e-01
                        8  1.5850     0.5000               1.3410 2.3507e-01
                       26  2.7890     0.5000               0.1370 2.3507e-01
 26  2.7890    2.0-                          1.3359e+00
                        1  0.1584     0.0625               2.6306 8.3496e-02
                        4  0.9702     0.0625               1.8188 8.3496e-02
                        6  1.1145     0.0625               1.6745 8.3496e-02
                        9  1.7202     0.0625               1.0688 8.3496e-02
                       10  1.9304     0.0625               0.8586 8.3496e-02
                       11  2.0600     0.0625               0.7290 8.3496e-02
                       12  2.2249     0.0625               0.5641 8.3496e-02
                       14  2.2901     0.0625               0.4989 8.3496e-02
                       15  2.3061     0.0625               0.4829 8.3496e-02
                       16  2.3574     0.0625               0.4316 8.3496e-02
                       18  2.4560     0.0625               0.3330 8.3496e-02
                       20  2.6095     0.0625               0.1795 8.3496e-02
                       21  2.6356     0.0625               0.1534 8.3496e-02
                       22  2.6472     0.0625               0.1418 8.3496e-02
                       23  2.6651     0.0625               0.1239 8.3496e-02
                       24  2.7299     0.0625               0.0591 8.3496e-02
 25  2.7700    4.0-                          2.7998e+00
                        0  0.0000     0.1000               2.7700 2.7998e-01
                        1  0.1584     0.1000               2.6116 2.7998e-01
                        2  0.5765     0.1000               2.1935 2.7998e-01
                        3  0.8296     0.1000               1.9404 2.7998e-01
                        5  1.0091     0.1000               1.7609 2.7998e-01
                        6  1.1145     0.1000               1.6555 2.7998e-01
                       10  1.9304     0.1000               0.8396 2.7998e-01
                       14  2.2901     0.1000               0.4799 2.7998e-01
                       20  2.6095     0.1000               0.1605 2.7998e-01
                       23  2.6651     0.1000               0.1049 2.7998e-01
 24  2.7299    1.0+                          4.1441e-01                       6.9000e-14
                       15  2.3061     0.1402               0.4238 5.7996e-02
                       12  2.2249     0.1401               0.5050 5.7995e-02
                       11  2.0600     0.2510               0.6699 1.0396e-01
                        7  1.4507     0.1386               1.2792 5.7430e-02
                        4  0.9702     0.3301               1.7597 1.3676e-01
 23  2.6651    3.0+                          1.3650e+00
                        1  0.1584     1.0000               2.5067 1.3643e+00
 22  2.6472    1.0+                          4.4912e-01
                        1  0.1584     1.0000               2.4888 4.4886e-01
 21  2.6356    1.0+                          4.5401e-01                       1.4000e-14
                        7  1.4507     1.0000               1.1850 4.5395e-01
 20  2.6095    3.0+                          1.4240e+00
                        1  0.1584     1.0000               2.4511 1.4232e+00
 19  2.4696    5.0-                          4.6555e+00                       1.6000e-14
                        2  0.5765     1.0000               1.8931 4.6527e+00
 18  2.4560    1.0+                          5.4068e-01
                        8  1.5850     1.0000               0.8710 5.4068e-01
 17  2.3718    6.0+                          6.4729e+00                       4.2000e-14
                        5  1.0091     0.2806               1.3627 1.8160e+00
                        2  0.5765     0.7194               1.7953 4.6555e+00
 16  2.3574    1.0+                          5.9633e-01
                        4  0.9702     0.5000               1.3872 2.9817e-01
                        1  0.1584     0.5000               2.1990 2.9817e-01
 15  2.3061    2.0+                          1.0599e+00
                        4  0.9702     0.3112               1.3359 3.2981e-01
                        1  0.1584     0.5102               2.1477 5.4057e-01
                        0  0.0000     0.1786               2.3061 1.8921e-01
 14  2.2901    3.0+                          1.8313e+00
                        4  0.9702     0.2387               1.3199 4.3706e-01
                        1  0.1584     0.3108               2.1317 5.6893e-01
                        0  0.0000     0.4505               2.2901 8.2460e-01
 13  2.2826    7.0+                          1.3868e+01                       1.2500e-12
                        2  0.5765     1.0000               1.7061 1.3864e+01
 12  2.2249    2.0+                          1.1534e+00
                        6  1.1145     0.3333               1.1104 3.8448e-01
                        4  0.9702     0.3333               1.2546 3.8448e-01
                        1  0.1584     0.3333               2.0665 3.8448e-01
 11  2.0600    2.0+                          1.4443e+00                       2.4000e-14
                        6  1.1145     0.5299               0.9455 7.6515e-01
                        4  0.9702     0.1500               1.0898 2.1661e-01
                        1  0.1584     0.3201               1.9016 4.6218e-01
 10  1.9304    3.0+                          2.4867e+00                       3.3000e-14
                        4  0.9702     0.5197               0.9601 1.2921e+00
                        3  0.8296     0.1102               1.1008 2.7399e-01
                        1  0.1584     0.3701               1.7720 9.2011e-01
  9  1.7202    1.0+                          1.2135e+00                       3.4000e-13
                        7  1.4507     0.3655               0.2695 4.4210e-01
                        4  0.9702     0.4945               0.7500 5.9989e-01
                        1  0.1584     0.1399               1.5618 1.6975e-01
  8  1.5850    2.0-                          3.8747e+00
                        1  0.1584     0.3333               1.4266 1.2916e+00
                        4  0.9702     0.3333               0.6148 1.2916e+00
                        6  1.1145     0.3333               0.4705 1.2916e+00
  7  1.4507    0.0+                          1.6661e+00                       1.5800e-09
                        4  0.9702     1.0000               0.4804 1.6632e+00
  6  1.1145    3.0+                          7.5603e+00                       1.9000e-13
                        3  0.8296     0.1105               0.2849 8.3300e-01
                        1  0.1584     0.0480               0.9561 3.6260e-01
                        0  0.0000     0.8415               1.1145 6.3613e+00
  5  1.0091    5.0+                          1.4823e+01                       3.8000e-13
                        3  0.8296     0.0547               0.1795 7.8471e-01
                        2  0.5765     0.0628               0.4326 9.2864e-01
                        0  0.0000     0.8826               1.0091 1.3079e+01
  4  0.9702    2.0+                          1.0794e+01                       1.2000e-13
                        1  0.1584     0.9970               0.8119 1.0759e+01
                        0  0.0000     0.0030               0.9702 3.2277e-02
  3  0.8296    4.0+                          1.1319e+01                       1.7000e-12
                        2  0.5765     0.0149               0.2531 1.6643e-01
                        1  0.1584     0.7352               0.6712 8.3186e+00
                        0  0.0000     0.2499               0.8296 2.8279e+00
  2  0.5765    5.0+                          4.4855e+01                       2.8000e-13
                        0  0.0000     1.0000               0.5765 4.4829e+01
  1  0.1584    3.0+                          3.9839e+01                       1.0000e-10
                        0  0.0000     1.0000               0.1584 3.9346e+01
  0  0.0000    4.0+                          1.2990e+02                       6.6730e+06
#......................................................................../  026-057Fe //  26.000000
#                                                                          SUM SPECTRA FOR COMPOUND
#            026-056Fe      gamma    neutron     proton      alpha
 SpcSum[mb]            1.2502e+03 5.9374e-02 2.1326e-03 1.4807e-05
 Emean[MeV]            1.4504e+00 3.0958e-01 1.6664e+00 3.8107e+00
#......................................................................../  026-057Fe //  26.000000
#                                                                   GAMMAS FROM DISCRETE TRANSITION
#           2 1 0 0 0 0             026-056Fe
#   Ex[MeV]     Jpi    FinalState  Branching Production    Egamma Production   T(1/2)[s]
 76  5.3078    5.0-                          3.3306e+00
                       24  4.2981     0.3333               1.0097 1.1102e+00
                        9  3.3885     0.3333               1.9193 1.1102e+00
                        2  2.0851     0.3333               3.2227 1.1102e+00
 75  5.3029    4.0+                          1.7159e+00                       2.8000e-14
                       33  4.5395     0.1106               0.7634 1.8971e-01
                       24  4.2981     0.0711               1.0048 1.2201e-01
                        9  3.3885     0.1580               1.9144 2.7105e-01
                        7  3.1230     0.1067               2.1800 1.8303e-01
                        2  2.0851     0.3953               3.2178 6.7778e-01
                        1  0.8468     0.1582               4.4562 2.7112e-01
 74  5.2960    0.0+                          1.2056e-01
                       17  3.7596     0.5000               1.5364 6.0279e-02
                       30  4.4477     0.5000               0.8483 6.0279e-02
 73  5.2839    4.0-                          2.0414e+00
                        2  2.0851     0.0476               3.1988 9.7208e-02
                        7  3.1230     0.0476               2.1609 9.7208e-02
                       10  3.4453     0.0476               1.8386 9.7208e-02
                       19  3.8565     0.0476               1.4274 9.7208e-02
                       20  4.0489     0.0476               1.2350 9.7208e-02
                       22  4.1004     0.0476               1.1835 9.7208e-02
                       23  4.1199     0.0476               1.1640 9.7208e-02
                       24  4.2981     0.0476               0.9858 9.7208e-02
                       28  4.3949     0.0476               0.8890 9.7208e-02
                       31  4.4585     0.0476               0.8254 9.7208e-02
                       34  4.5548     0.0476               0.7291 9.7208e-02
                       36  4.6108     0.0476               0.6731 9.7208e-02
                       40  4.6830     0.0476               0.6009 9.7208e-02
                       41  4.6923     0.0476               0.5916 9.7208e-02
                       48  4.8127     0.0476               0.4712 9.7208e-02
                       57  5.0330     0.0476               0.2509 9.7208e-02
                       58  5.0385     0.0476               0.2454 9.7208e-02
                       59  5.0559     0.0476               0.2280 9.7208e-02
                       68  5.2326     0.0476               0.0513 9.7208e-02
                       69  5.2359     0.0476               0.0480 9.7208e-02
                       70  5.2490     0.0476               0.0349 9.7208e-02
 72  5.2569    2.0+                          6.8578e-01                       2.0000e-14
                        1  0.8468     0.4999               4.4101 3.4239e-01
                        0  0.0000     0.5001               5.2569 3.4242e-01
 71  5.2557    8.0+                          1.1068e+01                       3.5000e-13
                       16  3.7556     0.2805               1.5001 3.1041e+00
                        9  3.3885     0.7195               1.8672 7.9611e+00
 70  5.2490    4.0+                          1.9067e+00
                       27  4.3681     0.1667               0.8809 3.1778e-01
                       32  4.5096     0.1667               0.7394 3.1778e-01
                       37  4.6200     0.1667               0.6290 3.1778e-01
                       47  4.8020     0.1667               0.4470 3.1778e-01
                       53  4.8817     0.1667               0.3673 3.1778e-01
                       60  5.1221     0.1667               0.1269 3.1778e-01
 69  5.2359    4.0+                          1.9382e+00                       1.0400e-13
                       41  4.6923     0.0590               0.5436 1.1434e-01
                       31  4.4585     0.0798               0.7774 1.5471e-01
                       24  4.2981     0.0555               0.9378 1.0762e-01
                       22  4.1004     0.1180               1.1355 2.2867e-01
                       20  4.0489     0.0208               1.1870 4.0366e-02
                       16  3.7556     0.0174               1.4803 3.3641e-02
                       10  3.4453     0.0590               1.7905 1.1434e-01
                        9  3.3885     0.1146               1.8473 2.2205e-01
                        5  2.9600     0.0417               2.2759 8.0724e-02
                        3  2.6576     0.0868               2.5783 1.6817e-01
                        2  2.0851     0.3473               3.1508 6.7257e-01
 68  5.2326    3.0+                          1.2682e+00                       8.0000e-15
                       22  4.1004     0.0478               1.1322 6.0655e-02
                       20  4.0489     0.1542               1.1837 1.9551e-01
                       11  3.4484     0.0319               1.7842 4.0440e-02
                       10  3.4453     0.1489               1.7872 1.8877e-01
                        2  2.0851     0.0851               3.1475 1.0784e-01
                        1  0.8468     0.5321               4.3858 6.7402e-01
 67  5.2273    1.0+                          4.0752e-01                       1.2300e-14
                        0  0.0000     1.0000               5.2273 4.0693e-01
 66  5.2190    0.0-                          1.5441e-01
                        6  3.1201     0.1667               2.0989 2.5735e-02
                       11  3.4484     0.1667               1.7706 2.5735e-02
                       46  4.7841     0.1667               0.4349 2.5735e-02
                       51  4.8665     0.1667               0.3525 2.5735e-02
                       54  4.8871     0.1667               0.3319 2.5735e-02
                       55  5.0235     0.1667               0.1955 2.5735e-02
 65  5.1948    2.0+                          7.3524e-01
                       14  3.6102     0.0898               1.5846 6.6005e-02
                        6  3.1201     0.0898               2.0747 6.6008e-02
                        4  2.9415     0.1796               2.2533 1.3199e-01
                        3  2.6576     0.2500               2.5372 1.8371e-01
                        1  0.8468     0.3908               4.3480 2.8698e-01
 64  5.1868    2.0+                          7.4120e-01
                       20  4.0489     0.5000               1.1379 3.7060e-01
                        2  2.0851     0.5000               3.1017 3.7060e-01
 63  5.1843    8.0+                          1.2682e+01
                       16  3.7556     1.0000               1.4287 1.2680e+01
 62  5.1495    2.0+                          7.6901e-01
                        7  3.1230     0.2125               2.0266 1.6336e-01
                        2  2.0851     0.7875               3.0644 6.0510e-01
 61  5.1317    2.0+                          7.8249e-01                       7.3000e-14
                       31  4.4585     0.1191               0.6731 9.3137e-02
                       20  4.0489     0.0912               1.0828 7.1381e-02
                       10  3.4453     0.3967               1.6863 3.1034e-01
                        7  3.1230     0.2381               2.0087 1.8624e-01
                        1  0.8468     0.1549               4.2849 1.2105e-01
 60  5.1221    5.0-                          4.4912e+00
                        2  2.0851     1.0000               3.0370 4.4855e+00
 59  5.0559    4.0+                          2.3193e+00                       6.6000e-14
                       24  4.2981     0.5951               0.7578 1.3797e+00
                        2  2.0851     0.4049               2.9708 9.3838e-01
 58  5.0385    4.0+                          2.3654e+00                       7.8000e-14
                        7  3.1230     1.0000               1.9155 2.3648e+00
 57  5.0330    4.0+                          2.3829e+00                       1.0000e-14
                       16  3.7556     0.1674               1.2774 3.9887e-01
                        9  3.3885     0.0890               1.6445 2.1195e-01
                        2  2.0851     0.5236               2.9479 1.2468e+00
                        1  0.8468     0.2200               4.1862 5.2362e-01
 56  5.0267    2.0-                          1.0419e+00
                        1  0.8468     0.0333               4.1799 3.4730e-02
                        3  2.6576     0.0333               2.3691 3.4730e-02
                        5  2.9600     0.0333               2.0667 3.4730e-02
                        6  3.1201     0.0333               1.9066 3.4730e-02
                        8  3.3699     0.0333               1.6568 3.4730e-02
                       10  3.4453     0.0333               1.5814 3.4730e-02
                       11  3.4484     0.0333               1.5783 3.4730e-02
                       12  3.6002     0.0333               1.4265 3.4730e-02
                       13  3.6057     0.0333               1.4210 3.4730e-02
                       15  3.7441     0.0333               1.2826 3.4730e-02
                       18  3.8298     0.0333               1.1969 3.4730e-02
                       19  3.8565     0.0333               1.1702 3.4730e-02
                       20  4.0489     0.0333               0.9778 3.4730e-02
                       21  4.0859     0.0333               0.9408 3.4730e-02
                       23  4.1199     0.0333               0.9068 3.4730e-02
                       26  4.3200     0.0333               0.7067 3.4730e-02
                       28  4.3949     0.0333               0.6318 3.4730e-02
                       29  4.4013     0.0333               0.6254 3.4730e-02
                       33  4.5395     0.0333               0.4872 3.4730e-02
                       35  4.6086     0.0333               0.4181 3.4730e-02
                       38  4.6583     0.0333               0.3684 3.4730e-02
                       40  4.6830     0.0333               0.3437 3.4730e-02
                       43  4.7281     0.0333               0.2986 3.4730e-02
                       45  4.7373     0.0333               0.2894 3.4730e-02
                       46  4.7841     0.0333               0.2426 3.4730e-02
                       50  4.8479     0.0333               0.1788 3.4730e-02
                       51  4.8665     0.0333               0.1602 3.4730e-02
                       52  4.8780     0.0333               0.1487 3.4730e-02
                       54  4.8871     0.0333               0.1396 3.4730e-02
                       55  5.0235     0.0333               0.0032 3.4730e-02
 55  5.0235    1.0+                          5.6381e-01                       6.0000e-15
                       23  4.1199     0.0294               0.9036 1.6562e-02
                       18  3.8298     0.0000               1.1937 0.0000e+00
                       11  3.4484     0.2361               1.5751 1.3310e-01
                        8  3.3699     0.2454               1.6535 1.3834e-01
                        6  3.1201     0.0099               1.9034 5.5552e-03
                        5  2.9600     0.3719               2.0635 2.0962e-01
                        3  2.6576     0.0079               2.3659 4.4444e-03
                        1  0.8468     0.0264               4.1767 1.4885e-02
                        0  0.0000     0.0730               5.0235 4.1088e-02
 54  4.8871    1.0+                          6.3897e-01
                       18  3.8298     1.0000               1.0573 6.3887e-01
 53  4.8817    4.0-                          3.5867e+00
                        2  2.0851     0.0667               2.7966 2.3911e-01
                        7  3.1230     0.0667               1.7587 2.3911e-01
                       10  3.4453     0.0667               1.4364 2.3911e-01
                       19  3.8565     0.0667               1.0252 2.3911e-01
                       20  4.0489     0.0667               0.8328 2.3911e-01
                       22  4.1004     0.0667               0.7813 2.3911e-01
                       23  4.1199     0.0667               0.7618 2.3911e-01
                       24  4.2981     0.0667               0.5836 2.3911e-01
                       28  4.3949     0.0667               0.4868 2.3911e-01
                       31  4.4585     0.0667               0.4232 2.3911e-01
                       34  4.5548     0.0667               0.3269 2.3911e-01
                       36  4.6108     0.0667               0.2709 2.3911e-01
                       40  4.6830     0.0667               0.1987 2.3911e-01
                       41  4.6923     0.0667               0.1894 2.3911e-01
                       48  4.8127     0.0667               0.0690 2.3911e-01
 52  4.8780    2.0+                          1.0463e+00
                        5  2.9600     0.1958               1.9180 2.0481e-01
                        2  2.0851     0.2736               2.7929 2.8607e-01
                        1  0.8468     0.3379               4.0312 3.5316e-01
                        0  0.0000     0.1927               4.8780 2.0133e-01
 51  4.8665    1.0+                          6.5076e-01                       9.7000e-15
                       12  3.6002     0.0051               1.2663 3.3269e-03
                       11  3.4484     0.0818               1.4181 5.3224e-02
                       10  3.4453     0.0092               1.4212 5.9880e-03
                        8  3.3699     0.0399               1.4966 2.5948e-02
                        6  3.1201     0.0112               1.7464 7.3193e-03
                        5  2.9600     0.2807               1.9065 1.8261e-01
                        3  2.6576     0.0307               2.2089 1.9957e-02
                        2  2.0851     0.0040               2.7814 2.5950e-03
                        1  0.8468     0.5118               4.0197 3.3268e-01
                        0  0.0000     0.0256               4.8665 1.6631e-02
 50  4.8479    2.0+                          1.0760e+00                       6.4000e-14
                        3  2.6576     0.3333               2.1903 3.5867e-01
                        2  2.0851     0.3333               2.7628 3.5867e-01
                        0  0.0000     0.3333               4.8479 3.5867e-01
 49  4.8200    2.0-                          1.3137e+00
                        1  0.8468     0.0400               3.9732 5.2549e-02
                        3  2.6576     0.0400               2.1624 5.2549e-02
                        5  2.9600     0.0400               1.8600 5.2549e-02
                        6  3.1201     0.0400               1.6999 5.2549e-02
                        8  3.3699     0.0400               1.4501 5.2549e-02
                       10  3.4453     0.0400               1.3747 5.2549e-02
                       11  3.4484     0.0400               1.3716 5.2549e-02
                       12  3.6002     0.0400               1.2198 5.2549e-02
                       13  3.6057     0.0400               1.2143 5.2549e-02
                       15  3.7441     0.0400               1.0759 5.2549e-02
                       18  3.8298     0.0400               0.9902 5.2549e-02
                       19  3.8565     0.0400               0.9635 5.2549e-02
                       20  4.0489     0.0400               0.7711 5.2549e-02
                       21  4.0859     0.0400               0.7341 5.2549e-02
                       23  4.1199     0.0400               0.7001 5.2549e-02
                       26  4.3200     0.0400               0.5000 5.2549e-02
                       28  4.3949     0.0400               0.4251 5.2549e-02
                       29  4.4013     0.0400               0.4187 5.2549e-02
                       33  4.5395     0.0400               0.2805 5.2549e-02
                       35  4.6086     0.0400               0.2114 5.2549e-02
                       38  4.6583     0.0400               0.1617 5.2549e-02
                       40  4.6830     0.0400               0.1370 5.2549e-02
                       43  4.7281     0.0400               0.0919 5.2549e-02
                       45  4.7373     0.0400               0.0827 5.2549e-02
                       46  4.7841     0.0400               0.0359 5.2549e-02
 48  4.8127    4.0+                          3.2444e+00
                       23  4.1199     0.3333               0.6927 1.0815e+00
                       16  3.7556     0.3333               1.0571 1.0815e+00
                       10  3.4453     0.3333               1.3673 1.0815e+00
 47  4.8020    3.0-                          2.5436e+00
                        1  0.8468     0.0333               3.9552 8.4785e-02
                        2  2.0851     0.0333               2.7169 8.4785e-02
                        3  2.6576     0.0333               2.1444 8.4785e-02
                        5  2.9600     0.0333               1.8420 8.4785e-02
                        7  3.1230     0.0333               1.6790 8.4785e-02
                        8  3.3699     0.0333               1.4320 8.4785e-02
                       10  3.4453     0.0333               1.3567 8.4785e-02
                       12  3.6002     0.0333               1.2018 8.4785e-02
                       13  3.6057     0.0333               1.1963 8.4785e-02
                       15  3.7441     0.0333               1.0579 8.4785e-02
                       18  3.8298     0.0333               0.9722 8.4785e-02
                       19  3.8565     0.0333               0.9455 8.4785e-02
                       20  4.0489     0.0333               0.7531 8.4785e-02
                       21  4.0859     0.0333               0.7161 8.4785e-02
                       22  4.1004     0.0333               0.7016 8.4785e-02
                       23  4.1199     0.0333               0.6821 8.4785e-02
                       24  4.2981     0.0333               0.5039 8.4785e-02
                       26  4.3200     0.0333               0.4820 8.4785e-02
                       28  4.3949     0.0333               0.4071 8.4785e-02
                       29  4.4013     0.0333               0.4007 8.4785e-02
                       31  4.4585     0.0333               0.3435 8.4785e-02
                       33  4.5395     0.0333               0.2625 8.4785e-02
                       34  4.5548     0.0333               0.2472 8.4785e-02
                       35  4.6086     0.0333               0.1934 8.4785e-02
                       36  4.6108     0.0333               0.1912 8.4785e-02
                       38  4.6583     0.0333               0.1437 8.4785e-02
                       40  4.6830     0.0333               0.1190 8.4785e-02
                       41  4.6923     0.0333               0.1097 8.4785e-02
                       43  4.7281     0.0333               0.0739 8.4785e-02
                       45  4.7373     0.0333               0.0647 8.4785e-02
 46  4.7841    1.0+                          7.6095e-01
                        6  3.1201     0.1008               1.6640 7.6689e-02
                        1  0.8468     0.4587               3.9373 3.4866e-01
                        0  0.0000     0.4405               4.7841 3.3476e-01
 45  4.7373    2.0+                          1.3465e+00                       3.2000e-14
                       23  4.1199     0.0857               0.6174 1.1534e-01
                        6  3.1201     0.1190               1.6172 1.6021e-01
                        3  2.6576     0.4761               2.0797 6.4085e-01
                        1  0.8468     0.1286               3.8906 1.7297e-01
                        0  0.0000     0.1906               4.7373 2.5628e-01
 44  4.7300    0.0+                          2.1203e-01
                        1  0.8468     1.0000               3.8832 2.1179e-01
 43  4.7281    2.0+                          1.3573e+00                       6.3000e-14
                        1  0.8468     0.9009               3.8814 1.2214e+00
                        0  0.0000     0.0991               4.7281 1.3435e-01
 42  4.7006    7.0+                          1.5723e+01                       8.3000e-14
                       16  3.7556     0.1597               0.9451 2.5104e+00
                        9  3.3885     0.8403               1.3121 1.3210e+01
 41  4.6923    4.0+                          3.8437e+00                       3.3000e-14
                       16  3.7556     0.1179               0.9367 4.5310e-01
                       15  3.7441     0.0142               0.9482 5.4380e-02
                        7  3.1230     0.0755               1.5693 2.8998e-01
                        3  2.6576     0.2405               2.0347 9.2413e-01
                        2  2.0851     0.4717               2.6072 1.8121e+00
                        1  0.8468     0.0802               3.8455 3.0809e-01
 40  4.6830    3.0+                          2.6219e+00                       6.6000e-14
                        8  3.3699     0.1927               1.3131 5.0516e-01
                        7  3.1230     0.0963               1.5601 2.5254e-01
                        5  2.9600     0.0000               1.7231 0.0000e+00
                        2  2.0851     0.3092               2.5979 8.1022e-01
                        1  0.8468     0.4018               3.8363 1.0523e+00
 39  4.6734    2.0-                          1.5364e+00
                        1  0.8468     0.0476               3.8266 7.3161e-02
                        3  2.6576     0.0476               2.0158 7.3161e-02
                        5  2.9600     0.0476               1.7134 7.3161e-02
                        6  3.1201     0.0476               1.5533 7.3161e-02
                        8  3.3699     0.0476               1.3035 7.3161e-02
                       10  3.4453     0.0476               1.2281 7.3161e-02
                       11  3.4484     0.0476               1.2250 7.3161e-02
                       12  3.6002     0.0476               1.0732 7.3161e-02
                       13  3.6057     0.0476               1.0677 7.3161e-02
                       15  3.7441     0.0476               0.9293 7.3161e-02
                       18  3.8298     0.0476               0.8436 7.3161e-02
                       19  3.8565     0.0476               0.8169 7.3161e-02
                       20  4.0489     0.0476               0.6245 7.3161e-02
                       21  4.0859     0.0476               0.5875 7.3161e-02
                       23  4.1199     0.0476               0.5535 7.3161e-02
                       26  4.3200     0.0476               0.3534 7.3161e-02
                       28  4.3949     0.0476               0.2785 7.3161e-02
                       29  4.4013     0.0476               0.2721 7.3161e-02
                       33  4.5395     0.0476               0.1339 7.3161e-02
                       35  4.6086     0.0476               0.0648 7.3161e-02
                       38  4.6583     0.0476               0.0151 7.3161e-02
 38  4.6583    2.0+                          1.5144e+00                       4.9000e-14
                       10  3.4453     0.0178               1.2129 2.6968e-02
                        8  3.3699     0.0178               1.2883 2.6968e-02
                        5  2.9600     0.0270               1.6983 4.0849e-02
                        3  2.6576     0.0178               2.0007 2.6962e-02
                        2  2.0851     0.5399               2.5732 8.1710e-01
                        1  0.8468     0.3619               3.8115 5.4747e-01
                        0  0.0000     0.0178               4.6583 2.6963e-02
 37  4.6200    3.0-                          3.0787e+00
                        1  0.8468     0.0400               3.7732 1.2315e-01
                        2  2.0851     0.0400               2.5349 1.2315e-01
                        3  2.6576     0.0400               1.9624 1.2315e-01
                        5  2.9600     0.0400               1.6600 1.2315e-01
                        7  3.1230     0.0400               1.4970 1.2315e-01
                        8  3.3699     0.0400               1.2501 1.2315e-01
                       10  3.4453     0.0400               1.1747 1.2315e-01
                       12  3.6002     0.0400               1.0198 1.2315e-01
                       13  3.6057     0.0400               1.0143 1.2315e-01
                       15  3.7441     0.0400               0.8759 1.2315e-01
                       18  3.8298     0.0400               0.7902 1.2315e-01
                       19  3.8565     0.0400               0.7635 1.2315e-01
                       20  4.0489     0.0400               0.5711 1.2315e-01
                       21  4.0859     0.0400               0.5341 1.2315e-01
                       22  4.1004     0.0400               0.5196 1.2315e-01
                       23  4.1199     0.0400               0.5001 1.2315e-01
                       24  4.2981     0.0400               0.3219 1.2315e-01
                       26  4.3200     0.0400               0.3000 1.2315e-01
                       28  4.3949     0.0400               0.2251 1.2315e-01
                       29  4.4013     0.0400               0.2187 1.2315e-01
                       31  4.4585     0.0400               0.1615 1.2315e-01
                       33  4.5395     0.0400               0.0805 1.2315e-01
                       34  4.5548     0.0400               0.0652 1.2315e-01
                       35  4.6086     0.0400               0.0114 1.2315e-01
                       36  4.6108     0.0400               0.0092 1.2315e-01
 36  4.6108    4.0+                          4.1773e+00                       2.7000e-14
                       19  3.8565     0.0262               0.7543 1.0944e-01
                       18  3.8298     0.1310               0.7811 5.4698e-01
                        5  2.9600     0.0561               1.6508 2.3449e-01
                        3  2.6576     0.1236               1.9532 5.1611e-01
                        2  2.0851     0.2884               2.5257 1.2040e+00
                        1  0.8468     0.3747               3.7640 1.5634e+00
 35  4.6086    2.0+                          1.7139e+00                       4.7000e-14
                        7  3.1230     0.1027               1.4856 1.7598e-01
                        4  2.9415     0.0540               1.6671 9.2576e-02
                        3  2.6576     0.0486               1.9510 8.3316e-02
                        2  2.0851     0.5405               2.5235 9.2576e-01
                        1  0.8468     0.2542               3.7618 4.3519e-01
 34  4.5548    4.0+                          4.4093e+00                       9.4000e-14
                       16  3.7556     0.0693               0.7992 3.0545e-01
                       15  3.7441     0.0495               0.8106 2.1818e-01
                       10  3.4453     0.0495               1.1094 2.1818e-01
                        9  3.3885     0.0792               1.1662 3.4912e-01
                        7  3.1230     0.1683               1.4318 7.4197e-01
                        3  2.6576     0.0544               1.8972 2.4001e-01
                        2  2.0851     0.4951               2.4697 2.1819e+00
                        1  0.8468     0.0347               3.7080 1.5275e-01
 33  4.5395    2.0+                          2.0033e+00                       2.5000e-14
                        5  2.9600     0.5700               1.5795 1.1417e+00
                        3  2.6576     0.2999               1.8819 6.0061e-01
                        0  0.0000     0.1301               4.5395 2.6027e-01
 32  4.5096    3.0-                          3.4576e+00                       8.3000e-14
                       16  3.7556     0.0673               0.7540 2.3254e-01
                       10  3.4453     0.0192               1.0642 6.6453e-02
                        8  3.3699     0.1249               1.1396 4.3184e-01
                        7  3.1230     0.0897               1.3866 3.1006e-01
                        3  2.6576     0.3204               1.8520 1.1073e+00
                        2  2.0851     0.0641               2.4245 2.2147e-01
                        1  0.8468     0.3143               3.6628 1.0851e+00
 31  4.4585    4.0+                          5.0729e+00                       2.6000e-14
                        7  3.1230     0.5854               1.3356 2.9692e+00
                        2  2.0851     0.3748               2.3734 1.9003e+00
                        1  0.8468     0.0398               3.6118 2.0189e-01
 30  4.4477    1.0-                          1.1993e+00
                        1  0.8468     1.0000               3.6009 1.1975e+00
 29  4.4013    2.0+                          2.0432e+00                       5.6000e-14
                       10  3.4453     0.2647               0.9559 5.4073e-01
                        8  3.3699     0.0115               1.0313 2.3513e-02
                        5  2.9600     0.0673               1.4413 1.3753e-01
                        4  2.9415     0.0443               1.4598 9.0519e-02
                        2  2.0851     0.0363               2.3162 7.4049e-02
                        1  0.8468     0.5759               3.5545 1.1755e+00
 28  4.3949    3.0+                          3.6287e+00                       3.5000e-14
                        7  3.1230     0.0933               1.2720 3.3855e-01
                        1  0.8468     0.9067               3.5482 3.2871e+00
 27  4.3681    3.0-                          4.0824e+00
                        1  0.8468     0.0556               3.5214 2.2680e-01
                        2  2.0851     0.0556               2.2830 2.2680e-01
                        3  2.6576     0.0556               1.7105 2.2680e-01
                        5  2.9600     0.0556               1.4082 2.2680e-01
                        7  3.1230     0.0556               1.2452 2.2680e-01
                        8  3.3699     0.0556               0.9982 2.2680e-01
                       10  3.4453     0.0556               0.9228 2.2680e-01
                       12  3.6002     0.0556               0.7679 2.2680e-01
                       13  3.6057     0.0556               0.7624 2.2680e-01
                       15  3.7441     0.0556               0.6240 2.2680e-01
                       18  3.8298     0.0556               0.5384 2.2680e-01
                       19  3.8565     0.0556               0.5116 2.2680e-01
                       20  4.0489     0.0556               0.3192 2.2680e-01
                       21  4.0859     0.0556               0.2822 2.2680e-01
                       22  4.1004     0.0556               0.2678 2.2680e-01
                       23  4.1199     0.0556               0.2482 2.2680e-01
                       24  4.2981     0.0556               0.0700 2.2680e-01
                       26  4.3200     0.0556               0.0481 2.2680e-01
 26  4.3200    2.0+                          2.4172e+00
                       17  3.7596     1.0000               0.5604 2.4172e+00
 25  4.3020    0.0+                          3.2730e-01
                        1  0.8468     1.0000               3.4552 3.2698e-01
 24  4.2981    4.0+                          8.6333e+00                       1.1000e-13
                       10  3.4453     0.0133               0.8527 1.1480e-01
                        7  3.1230     0.6098               1.1751 5.2643e+00
                        3  2.6576     0.0168               1.6405 1.4528e-01
                        2  2.0851     0.1043               2.2130 9.0011e-01
                        1  0.8468     0.2557               3.4513 2.2055e+00
 23  4.1199    3.0+                          6.1254e+00                       1.4000e-13
                       19  3.8565     0.0024               0.2634 1.4311e-02
                       10  3.4453     0.0035               0.6746 2.1466e-02
                        7  3.1230     0.0117               0.9970 7.1532e-02
                        5  2.9600     0.0089               1.1600 5.4381e-02
                        3  2.6576     0.0078               1.4623 4.7698e-02
                        2  2.0851     0.7790               2.0348 4.7702e+00
                        1  0.8468     0.1868               3.2732 1.1433e+00
 22  4.1004    4.0+                          7.4945e+00                       4.3000e-14
                       10  3.4453     0.0028               0.6550 2.0967e-02
                        7  3.1230     0.1122               0.9774 8.4076e-01
                        5  2.9600     0.0104               1.1404 7.8232e-02
                        3  2.6576     0.0142               1.4428 1.0671e-01
                        2  2.0851     0.2381               2.0153 1.7839e+00
                        1  0.8468     0.6222               3.2536 4.6589e+00
 21  4.0859    2.0+                          2.9339e+00
                        1  0.8468     0.7518               3.2392 2.2038e+00
                        0  0.0000     0.2482               4.0859 7.2731e-01
 20  4.0489    3.0+                          5.9054e+00                       7.0000e-15
                        5  2.9600     0.0137               1.0889 8.1126e-02
                        2  2.0851     0.1778               1.9638 1.0496e+00
                        1  0.8468     0.8085               3.2021 4.7705e+00
 19  3.8565    3.0+                          6.4159e+00                       2.5000e-14
                       10  3.4453     0.0016               0.4111 1.0010e-02
                        8  3.3699     0.0035               0.4865 2.2374e-02
                        7  3.1230     0.0114               0.7335 7.2988e-02
                        5  2.9600     0.0042               0.8965 2.7082e-02
                        3  2.6576     0.0026               1.1989 1.6487e-02
                        2  2.0851     0.9178               1.7714 5.8874e+00
                        1  0.8468     0.0590               3.0097 3.7796e-01
 18  3.8298    2.0+                          4.8822e+00                       3.9000e-14
                        3  2.6576     0.3004               1.1722 1.4664e+00
                        1  0.8468     0.5182               2.9830 2.5280e+00
                        0  0.0000     0.1814               3.8298 8.8463e-01
 17  3.7596    1.0-                          5.0774e+00
                        0  0.0000     0.0833               3.7596 4.2311e-01
                        1  0.8468     0.0833               2.9128 4.2311e-01
                        3  2.6576     0.0833               1.1020 4.2311e-01
                        4  2.9415     0.0833               0.8181 4.2311e-01
                        5  2.9600     0.0833               0.7996 4.2311e-01
                        6  3.1201     0.0833               0.6395 4.2311e-01
                        8  3.3699     0.0833               0.3897 4.2311e-01
                       11  3.4484     0.0833               0.3112 4.2311e-01
                       12  3.6002     0.0833               0.1594 4.2311e-01
                       13  3.6057     0.0833               0.1539 4.2311e-01
                       14  3.6102     0.0833               0.1494 4.2311e-01
                       15  3.7441     0.0833               0.0155 4.2311e-01
 16  3.7556    6.0+                          4.6819e+01                       1.3000e-13
                        9  3.3885     0.1776               0.3670 8.3031e+00
                        7  3.1230     0.0161               0.6326 7.5465e-01
                        2  2.0851     0.8063               1.6705 3.7740e+01
 15  3.7441    2.0+                          4.7012e+00
                        1  0.8468     1.0000               2.8974 4.6979e+00
 14  3.6102    0.0+                          1.1613e+00                       5.2000e-14
                        3  2.6576     0.0137               0.9526 1.5941e-02
                        2  2.0851     0.0064               1.5251 7.4397e-03
                        1  0.8468     0.9158               2.7634 1.0628e+00
                        0  0.0000     0.0641               3.6102 7.4391e-02
 13  3.6057    2.0+                          4.9990e+00                       1.5000e-13
                        3  2.6576     0.0827               0.9481 4.1340e-01
                        2  2.0851     0.0082               1.5206 4.0756e-02
                        1  0.8468     0.5827               2.7589 2.9111e+00
                        0  0.0000     0.3264               3.6057 1.6300e+00
 12  3.6002    2.0+                          5.0271e+00                       5.9000e-14
                        3  2.6576     0.0192               0.9426 9.6598e-02
                        2  2.0851     0.0192               1.5151 9.6601e-02
                        1  0.8468     0.1602               2.7534 8.0479e-01
                        0  0.0000     0.8014               3.6002 4.0244e+00
 11  3.4484    1.0+                          3.5811e+00                       8.0000e-15
                        3  2.6576     0.0052               0.7908 1.8734e-02
                        1  0.8468     0.2468               2.6016 8.8328e-01
                        0  0.0000     0.7480               3.4484 2.6763e+00
 10  3.4453    3.0+                          1.2252e+01                       2.9000e-14
                        3  2.6576     0.0144               0.7878 1.7589e-01
                        2  2.0851     0.2010               1.3602 2.4624e+00
                        1  0.8468     0.7846               2.5986 9.6077e+00
  9  3.3885    6.0+                          7.5936e+01                       2.9000e-12
                        7  3.1230     0.0130               0.2656 9.7414e-01
                        2  2.0851     0.9870               1.3034 7.4939e+01
  8  3.3699    2.0+                          7.3812e+00                       1.7000e-14
                        1  0.8468     0.8546               2.5232 6.3048e+00
                        0  0.0000     0.1454               3.3699 1.0722e+00
  7  3.1230    4.0+                          3.6298e+01                       4.7000e-14
                        2  2.0851     0.9916               1.0379 3.5986e+01
                        1  0.8468     0.0084               2.2762 3.0587e-01
  6  3.1201    1.0+                          4.9186e+00                       1.9000e-14
                        3  2.6576     0.0099               0.4625 4.8760e-02
                        1  0.8468     0.9445               2.2733 4.6437e+00
                        0  0.0000     0.0455               3.1201 2.2383e-01
  5  2.9600    2.0+                          1.1719e+01                       2.8000e-14
                        1  0.8468     0.9788               2.1132 1.1467e+01
                        0  0.0000     0.0212               2.9600 2.4767e-01
  4  2.9415    0.0+                          2.1132e+00                       4.5000e-13
                        1  0.8468     1.0000               2.0947 2.1124e+00
                        0  0.0000     0.0000               2.9415 0.0000e+00
  3  2.6576    2.0+                          1.9839e+01                       2.1000e-14
                        1  0.8468     0.9699               1.8108 1.9238e+01
                        0  0.0000     0.0301               2.6576 5.9638e-01
  2  2.0851    4.0+                          2.5911e+02                       6.4000e-13
                        1  0.8468     1.0000               1.2383 2.5907e+02
  1  0.8468    2.0+                          4.4811e+02                       6.0700e-12
                        0  0.0000     1.0000               0.8468 4.4798e+02
  0  0.0000    0.0+                          4.9741e+02
#......................................................................../  026-057Fe //  26.000000
#                                                                          SUM SPECTRA FOR COMPOUND
#            025-053Mn      gamma    neutron     proton      alpha
 SpcSum[mb]            6.0076e+01 1.0774e-17 6.2313e-05 3.4894e-21
 Emean[MeV]            1.3608e+00 2.0474e-01 1.5959e+00 2.1622e+00
#......................................................................../  026-057Fe //  26.000000
#                                                                   GAMMAS FROM DISCRETE TRANSITION
#           2 0 1 0 0 0             025-053Mn
#   Ex[MeV]     Jpi    FinalState  Branching Production    Egamma Production   T(1/2)[s]
 43  3.8500    4.5+                          2.1761e-01
                        0  0.0000     0.0769               3.8500 1.6739e-02
                        3  1.4411     0.0769               2.4089 1.6739e-02
                        4  1.6201     0.0769               2.2299 1.6739e-02
                        9  2.5731     0.0769               1.2769 1.6739e-02
                       11  2.6862     0.0769               1.1638 1.6739e-02
                       13  2.6977     0.0769               1.1523 1.6739e-02
                       15  2.7610     0.0769               1.0890 1.6739e-02
                       18  2.9469     0.0769               0.9031 1.6739e-02
                       28  3.2489     0.0769               0.6011 1.6739e-02
                       29  3.3811     0.0769               0.4689 1.6739e-02
                       35  3.5552     0.0769               0.2948 1.6739e-02
                       39  3.7049     0.0769               0.1451 1.6739e-02
                       40  3.7097     0.0769               0.1403 1.6739e-02
 42  3.7843    0.5+                          2.9189e-02
                        2  1.2898     0.1250               2.4945 3.6486e-03
                        6  2.4070     0.1250               1.3773 3.6486e-03
                       10  2.6712     0.1250               1.1131 3.6486e-03
                       16  2.8760     0.1250               0.9083 3.6486e-03
                       17  2.9129     0.1250               0.8714 3.6486e-03
                       23  3.0972     0.1250               0.6871 3.6486e-03
                       24  3.1019     0.1250               0.6824 3.6486e-03
                       33  3.4800     0.1250               0.3043 3.6486e-03
 41  3.7276    2.5+                          1.1013e-01
                        0  0.0000     0.0455               3.7276 5.0059e-03
                        1  0.3779     0.0455               3.3497 5.0059e-03
                        2  1.2898     0.0455               2.4378 5.0059e-03
                        5  2.2739     0.0455               1.4537 5.0059e-03
                        6  2.4070     0.0455               1.3206 5.0059e-03
                        9  2.5731     0.0455               1.1545 5.0059e-03
                       11  2.6862     0.0455               1.0414 5.0059e-03
                       15  2.7610     0.0455               0.9666 5.0059e-03
                       16  2.8760     0.0455               0.8516 5.0059e-03
                       17  2.9129     0.0455               0.8147 5.0059e-03
                       20  2.9781     0.0455               0.7495 5.0059e-03
                       22  3.0600     0.0455               0.6676 5.0059e-03
                       23  3.0972     0.0455               0.6304 5.0059e-03
                       24  3.1019     0.0455               0.6257 5.0059e-03
                       25  3.1274     0.0455               0.6002 5.0059e-03
                       26  3.1821     0.0455               0.5455 5.0059e-03
                       27  3.1999     0.0455               0.5277 5.0059e-03
                       29  3.3811     0.0455               0.3465 5.0059e-03
                       36  3.5952     0.0455               0.1324 5.0059e-03
                       38  3.6662     0.0455               0.0614 5.0059e-03
                       39  3.7049     0.0455               0.0227 5.0059e-03
                       40  3.7097     0.0455               0.0179 5.0059e-03
 40  3.7097    3.5-                          1.5731e-01
                        4  1.6201     0.3999               2.0896 6.2885e-02
                        3  1.4411     0.1000               2.2686 1.5722e-02
                        2  1.2898     0.1600               2.4199 2.5156e-02
                        1  0.3779     0.3401               3.3318 5.3453e-02
 39  3.7049    3.5-                          1.5822e-01
                        8  2.5630     0.2126               1.1419 3.3624e-02
                        4  1.6201     0.7874               2.0848 1.2454e-01
 38  3.6662    2.5-                          9.8519e-02
                        0  0.0000     1.0000               3.6662 9.8420e-02
 37  3.6248    3.5+                          2.0363e-01
                        0  0.0000     0.0625               3.6248 1.2727e-02
                        1  0.3779     0.0625               3.2469 1.2727e-02
                        4  1.6201     0.0625               2.0047 1.2727e-02
                        5  2.2739     0.0625               1.3509 1.2727e-02
                        9  2.5731     0.0625               1.0517 1.2727e-02
                       11  2.6862     0.0625               0.9386 1.2727e-02
                       15  2.7610     0.0625               0.8638 1.2727e-02
                       18  2.9469     0.0625               0.6779 1.2727e-02
                       20  2.9781     0.0625               0.6467 1.2727e-02
                       22  3.0600     0.0625               0.5648 1.2727e-02
                       25  3.1274     0.0625               0.4974 1.2727e-02
                       26  3.1821     0.0625               0.4427 1.2727e-02
                       27  3.1999     0.0625               0.4249 1.2727e-02
                       28  3.2489     0.0625               0.3759 1.2727e-02
                       29  3.3811     0.0625               0.2437 1.2727e-02
                       36  3.5952     0.0625               0.0296 1.2727e-02
 36  3.5952    2.5-                          1.2008e-01
                        1  0.3779     0.7812               3.2173 9.3726e-02
                        0  0.0000     0.2188               3.5952 2.6247e-02
 35  3.5552    5.5-                          3.9035e-01
                        3  1.4411     1.0000               2.1141 3.9035e-01
 34  3.5323    2.5+                          1.5130e-01
                        2  1.2898     1.0000               2.2424 1.5117e-01
 33  3.4800    0.5-                          4.1167e-02
                       26  3.1821     0.1015               0.2979 4.1474e-03
                       17  2.9129     0.0219               0.5671 9.0182e-04
                       16  2.8760     0.0395               0.6040 1.6236e-03
                        6  2.4070     0.4382               1.0730 1.8038e-02
                        2  1.2898     0.3989               2.1902 1.6415e-02
 32  3.4663    2.5+                          1.6539e-01
                        1  0.3779     0.4186               3.0884 6.9145e-02
                        0  0.0000     0.5814               3.4663 9.6020e-02
 31  3.4394    7.5-                          8.4413e-01                       1.4000e-13
                       12  2.6933     0.6135               0.7461 5.1774e-01
                        8  2.5630     0.3865               0.8764 3.2619e-01
 30  3.4260    6.5-                          6.2736e-01                       7.0000e-13
                       13  2.6977     1.0000               0.7283 6.2715e-01
 29  3.3811    3.5-                          2.5754e-01
                        1  0.3779     0.9009               3.0032 2.3185e-01
                        0  0.0000     0.0991               3.3811 2.5502e-02
 28  3.2489    4.5-                          4.4148e-01
                        0  0.0000     1.0000               3.2489 4.4108e-01
 27  3.1999    2.5-                          2.0402e-01
                        6  2.4070     0.0216               0.7929 4.4021e-03
                        2  1.2898     0.3200               1.9101 6.5275e-02
                        1  0.3779     0.3597               2.8220 7.3345e-02
                        0  0.0000     0.2986               3.1999 6.0877e-02
 26  3.1821    2.5-                          2.1609e-01                       7.0000e-14
                        2  1.2898     0.2312               1.8922 4.9948e-02
                        1  0.3779     0.6803               2.8042 1.4692e-01
                        0  0.0000     0.0885               3.1821 1.9100e-02
 25  3.1274    2.5-                          2.3075e-01                       1.1000e-13
                        1  0.3779     1.0000               2.7495 2.3060e-01
                        0  0.0000     0.0000               3.1274 0.0000e+00
 24  3.1019    1.5-                          1.4249e-01                       7.4000e-14
                        1  0.3779     1.0000               2.7240 1.4240e-01
 23  3.0972    1.5-                          1.4331e-01                       5.3000e-14
                       10  2.6712     0.0432               0.4261 6.1816e-03
                        4  1.6201     0.0000               1.4771 0.0000e+00
                        2  1.2898     0.0575               1.8074 8.2425e-03
                        1  0.3779     0.7194               2.7193 1.0303e-01
                        0  0.0000     0.1799               3.0972 2.5759e-02
 22  3.0600    2.5-                          2.5076e-01
                        7  2.4481     0.3333               0.6119 8.3587e-02
                       19  2.9673     0.3333               0.0927 8.3587e-02
                       21  3.0071     0.3333               0.0529 8.3587e-02
 21  3.0071    2.5+                          4.2563e-01                       8.4000e-13
                        2  1.2898     0.4998               1.7173 2.1265e-01
                        1  0.3779     0.3601               2.6292 1.5311e-01
                        0  0.0000     0.1401               3.0071 5.9556e-02
 20  2.9781    2.5-                          2.8242e-01
                        0  0.0000     1.0000               2.9781 2.8221e-01
 19  2.9673    2.5+                          4.6674e-01
                        0  0.0000     1.0000               2.9673 4.6617e-01
 18  2.9469    4.5-                          6.8150e-01                       6.0000e-14
                        3  1.4411     0.0476               1.5057 3.2428e-02
                        0  0.0000     0.9524               2.9469 6.4860e-01
 17  2.9129    1.5-                          1.8721e-01                       5.8000e-14
                        2  1.2898     0.6992               1.6230 1.3088e-01
                        1  0.3779     0.3008               2.5350 5.6283e-02
 16  2.8760    1.5-                          1.9675e-01                       4.1000e-11
                        6  2.4070     0.0083               0.4689 1.6387e-03
                        2  1.2898     0.0167               1.5861 3.2773e-03
                        1  0.3779     0.8333               2.4981 1.6387e-01
                        0  0.0000     0.1417               2.8760 2.7858e-02
 15  2.7610    3.5-                          6.0231e-01
                        1  0.3779     1.0000               2.3831 6.0201e-01
 14  2.7069    0.5+                          1.5924e-01                       8.0000e-13
                        2  1.2898     1.0000               1.4171 1.5920e-01
 13  2.6977    5.5-                          1.9421e+00
                        4  1.6201     0.6494               1.0776 1.2610e+00
                        3  1.4411     0.3506               1.2566 6.8083e-01
 12  2.6933    7.5-                          3.3390e+00                       2.7000e-12
                        8  2.5630     0.0575               0.1303 1.8882e-01
                        3  1.4411     0.9425               1.2521 3.1468e+00
 11  2.6862    3.5-                          6.6533e-01                       5.0000e-14
                        2  1.2898     0.0880               1.3963 5.8511e-02
                        1  0.3779     0.1120               2.3083 7.4481e-02
                        0  0.0000     0.8001               2.6862 5.3197e-01
 10  2.6712    0.5-                          1.3283e-01                       2.1000e-14
                        6  2.4070     0.2316               0.2641 3.0549e-02
                        2  1.2898     0.3082               1.3813 4.0932e-02
                        1  0.3779     0.4602               2.2933 6.1097e-02
  9  2.5731    3.5-                          7.7949e-01                       6.0000e-14
                        1  0.3779     0.6211               2.1952 4.8394e-01
                        0  0.0000     0.3789               2.5731 2.9519e-01
  8  2.5630    6.5-                          2.9236e+00                       1.0700e-11
                        3  1.4411     1.0000               1.1218 2.9233e+00
  7  2.4481    1.5+                          5.9592e-01
                        1  0.3779     1.0000               2.0702 5.9550e-01
  6  2.4070    1.5-                          4.3179e-01                       1.1000e-13
                        2  1.2898     0.4694               1.1172 2.0264e-01
                        1  0.3779     0.1315               2.0291 5.6757e-02
                        0  0.0000     0.3992               2.4070 1.7226e-01
  5  2.2739    2.5-                          7.6799e-01                       2.5000e-13
                        2  1.2898     0.0370               0.9841 2.8433e-02
                        1  0.3779     0.2222               1.8960 1.7060e-01
                        0  0.0000     0.7408               2.2739 5.6868e-01
  4  1.6201    4.5-                          5.4812e+00                       4.8000e-13
                        1  0.3779     0.0991               1.2422 5.4307e-01
                        0  0.0000     0.9009               1.6201 4.9371e+00
  3  1.4411    5.5-                          1.5316e+01                       6.0000e-13
                        0  0.0000     1.0000               1.4411 1.5314e+01
  2  1.2898    1.5-                          2.9064e+00                       5.5000e-13
                        1  0.3779     0.4595               0.9119 1.3353e+00
                        0  0.0000     0.5405               1.2898 1.5707e+00
  1  0.3779    2.5-                          1.3545e+01                       1.1700e-10
                        0  0.0000     1.0000               0.3779 1.3522e+01
  0  0.0000    3.5-                          6.1152e+01                       1.1680e+14
#......................................................................../  026-057Fe //  26.000000
#                                                                          SUM SPECTRA FOR COMPOUND
#            026-055Fe      gamma
 SpcSum[mb]            5.6054e-01
 Emean[MeV]            9.6404e-01
#......................................................................../  026-057Fe //  26.000000
#                                                                   GAMMAS FROM DISCRETE TRANSITION
#           2 0 0 1 0 0             026-055Fe
#   Ex[MeV]     Jpi    FinalState  Branching Production    Egamma Production   T(1/2)[s]
 30  3.4569    6.5-                          6.3030e-05                       6.0000e-13
                       14  2.5391     1.0000               0.9178 6.3017e-05
 29  3.4190    7.5-                          2.4435e-04                       7.0000e-14
                       17  2.8138     1.0000               0.6052 2.4424e-04
 28  3.3620    5.5+                          9.6334e-05
                        9  2.2119     0.1250               1.1501 1.2042e-05
                       10  2.2555     0.1250               1.1065 1.2042e-05
                       14  2.5391     0.1250               0.8229 1.2042e-05
                       17  2.8138     0.1250               0.5482 1.2042e-05
                       20  2.9821     0.1250               0.3799 1.2042e-05
                       21  2.9844     0.1250               0.3776 1.2042e-05
                       23  3.0720     0.1250               0.2900 1.2042e-05
                       24  3.0760     0.1250               0.2860 1.2042e-05
 27  3.3110    2.5-                          2.8038e-05
                        2  0.9313     1.0000               2.3797 2.8038e-05
 26  3.2850    0.5+                          1.8162e-05                       8.0000e-15
                        1  0.4114     1.0000               2.8736 1.8140e-05
 25  3.1087    3.5-                          9.5871e-05
                        3  1.3165     0.2145               1.7922 2.0559e-05
                        2  0.9313     0.7716               2.1774 7.3945e-05
                        0  0.0000     0.0139               3.1087 1.3315e-06
 24  3.0760    5.5-                          2.2995e-04                       4.4000e-13
                        4  1.4084     1.0000               1.6676 2.2990e-04
 23  3.0720    5.5-                          2.3262e-04                       7.0000e-13
                       17  2.8138     0.1670               0.2582 3.8727e-05
                       14  2.5391     0.8330               0.5329 1.9366e-04
 22  3.0285    1.5-                          7.8083e-05                       1.5000e-14
                        4  1.4084     0.0102               1.6201 7.9706e-07
                        1  0.4114     0.3512               2.6171 2.7406e-05
                        0  0.0000     0.6386               3.0285 4.9826e-05
 21  2.9844    4.5-                          2.7716e-04
                        9  2.2119     0.2500               0.7725 6.9291e-05
                        4  1.4084     0.2500               1.5759 6.9291e-05
                        2  0.9313     0.2500               2.0531 6.9291e-05
                        0  0.0000     0.2500               2.9844 6.9291e-05
 20  2.9821    5.5-                          4.3917e-04
                        9  2.2119     1.0000               0.7702 4.3905e-04
 19  2.9389    3.5-                          2.1370e-04                       2.9000e-14
                        3  1.3165     0.4504               1.6224 9.6232e-05
                        0  0.0000     0.5496               2.9389 1.1736e-04
 18  2.8723    3.5-                          2.5341e-04                       1.9000e-14
                        3  1.3165     0.2431               1.5558 6.1597e-05
                        2  0.9313     0.0811               1.9410 2.0536e-05
                        0  0.0000     0.6758               2.8723 1.7114e-04
 17  2.8138    6.5-                          3.2685e-03                       1.0000e-11
                       14  2.5391     1.0000               0.2747 3.2596e-03
 16  2.6000    4.5+                          2.3152e-03
                        3  1.3165     0.2000               1.2835 4.6303e-04
                        4  1.4084     0.2000               1.1916 4.6303e-04
                        9  2.2119     0.2000               0.3881 4.6303e-04
                       10  2.2555     0.2000               0.3445 4.6303e-04
                       14  2.5391     0.2000               0.0609 4.6303e-04
 15  2.5777    2.5-                          6.6905e-04                       4.6000e-14
                        3  1.3165     0.0336               1.2612 2.2477e-05
                        2  0.9313     0.0588               1.6464 3.9332e-05
                        1  0.4114     0.0672               2.1663 4.4953e-05
                        0  0.0000     0.8404               2.5777 5.6193e-04
 14  2.5391    5.5-                          8.3965e-03                       9.3000e-12
                       11  2.3011     0.0500               0.2380 4.1846e-04
                        9  2.2119     0.0094               0.3272 7.8958e-05
                        3  1.3165     0.9406               1.2226 7.8965e-03
 13  2.4900    2.5-                          8.3620e-04
                        0  0.0000     1.0000               2.4900 8.3575e-04
 12  2.4702    1.5-                          5.6130e-04                       1.5000e-14
                        1  0.4114     0.3377               2.0588 1.8948e-04
                        0  0.0000     0.6623               2.4702 3.7155e-04
 11  2.3011    4.5+                          8.4290e-03                       6.0000e-13
                        4  1.4084     0.0198               0.8926 1.6671e-04
                        3  1.3165     0.0809               0.9845 6.8209e-04
                        2  0.9313     0.8993               1.3698 7.5787e-03
 10  2.2555    4.5-                          7.2396e-03
                        4  1.4084     1.0000               0.8471 7.2378e-03
  9  2.2119    4.5-                          1.0000e-02                       7.6000e-13
                        4  1.4084     0.9615               0.8034 9.6130e-03
                        3  1.3165     0.0192               0.8953 1.9226e-04
                        2  0.9313     0.0192               1.2806 1.9228e-04
  8  2.1440    2.5-                          3.0066e-03                       3.8000e-14
                        3  1.3165     0.3605               0.8275 1.0837e-03
                        2  0.9313     0.4291               1.2127 1.2901e-03
                        1  0.4114     0.0300               1.7326 9.0303e-05
                        0  0.0000     0.1803               2.1440 5.4192e-04
  7  2.0517    1.5-                          2.5202e-03                       7.6000e-15
                        1  0.4114     0.7692               1.6403 1.9382e-03
                        0  0.0000     0.2308               2.0517 5.8147e-04
  6  2.0150    1.5-                          2.8655e-03
                        0  0.0000     1.0000               2.0150 2.8655e-03
  5  1.9183    0.5-                          1.6818e-03                       1.2000e-14
                        1  0.4114     0.3197               1.5069 5.3759e-04
                        0  0.0000     0.6803               1.9183 1.1438e-03
  4  1.4084    3.5-                          8.4616e-02                       3.7900e-11
                        3  1.3165     0.0407               0.0919 2.5132e-03
                        2  0.9313     0.5215               0.4772 4.4095e-02
                        0  0.0000     0.4378               1.4084 3.7040e-02
  3  1.3165    3.5-                          1.1059e-01                       2.1000e-12
                        2  0.9313     0.0707               0.3853 7.8092e-03
                        0  0.0000     0.9293               1.3165 1.0276e-01
  2  0.9313    2.5-                          2.3078e-01                       8.0000e-12
                        1  0.4114     0.0196               0.5199 4.5245e-03
                        0  0.0000     0.9804               0.9313 2.2621e-01
  1  0.4114    0.5-                          8.1344e-02                       6.0000e-12
                        0  0.0000     1.0000               0.4114 8.1258e-02
  0  0.0000    1.5-                          1.3328e+00                       8.6590e+07
#......................................................................../  026-057Fe //  26.000000
#                                                                          SUM SPECTRA FOR COMPOUND
#            025-056Mn      gamma    neutron     proton      alpha
 SpcSum[mb]            1.5049e+01 1.0792e-04 2.3568e-18 8.3512e-23
 Emean[MeV]            5.3500e-01 2.1772e-01 9.4139e-01 2.1869e+00
#......................................................................../  026-057Fe //  26.000000
#                                                                   GAMMAS FROM DISCRETE TRANSITION
#           1 2 0 0 0 0             025-056Mn
#   Ex[MeV]     Jpi    FinalState  Branching Production    Egamma Production   T(1/2)[s]
 45  1.9802    2.0-                          2.4143e-02
                        0  0.0000     0.0455               1.9802 1.0974e-03
                        1  0.0266     0.0455               1.9536 1.0974e-03
                        2  0.1105     0.0455               1.8697 1.0974e-03
                        4  0.2151     0.0455               1.7651 1.0974e-03
                        6  0.3410     0.0455               1.6392 1.0974e-03
                        7  0.4543     0.0455               1.5259 1.0974e-03
                        8  0.4863     0.0455               1.4939 1.0974e-03
                       11  0.7162     0.0455               1.2640 1.0974e-03
                       12  0.7535     0.0455               1.2267 1.0974e-03
                       18  1.1677     0.0455               0.8125 1.0974e-03
                       20  1.1950     0.0455               0.7852 1.0974e-03
                       22  1.2390     0.0455               0.7412 1.0974e-03
                       23  1.2937     0.0455               0.6865 1.0974e-03
                       24  1.3509     0.0455               0.6293 1.0974e-03
                       30  1.5099     0.0455               0.4703 1.0974e-03
                       31  1.5600     0.0455               0.4202 1.0974e-03
                       32  1.6136     0.0455               0.3666 1.0974e-03
                       33  1.6550     0.0455               0.3252 1.0974e-03
                       37  1.7444     0.0455               0.2358 1.0974e-03
                       39  1.8337     0.0455               0.1465 1.0974e-03
                       40  1.8660     0.0455               0.1142 1.0974e-03
                       44  1.9700     0.0455               0.0102 1.0974e-03
 44  1.9700    3.0+                          3.6950e-02
                        9  0.5410     0.0769               1.4290 2.8423e-03
                       10  0.6610     0.0769               1.3090 2.8423e-03
                       14  0.8530     0.0769               1.1170 2.8423e-03
                       17  1.1400     0.0769               0.8300 2.8423e-03
                       25  1.3640     0.0769               0.6060 2.8423e-03
                       26  1.3840     0.0769               0.5860 2.8423e-03
                       27  1.4470     0.0769               0.5230 2.8423e-03
                       28  1.4840     0.0769               0.4860 2.8423e-03
                       34  1.6740     0.0769               0.2960 2.8423e-03
                       36  1.7275     0.0769               0.2425 2.8423e-03
                       38  1.7800     0.0769               0.1900 2.8423e-03
                       41  1.8780     0.0769               0.0920 2.8423e-03
                       42  1.9110     0.0769               0.0590 2.8423e-03
 43  1.9490    1.0-                          1.4652e-02
                        1  0.0266     0.0769               1.9224 1.1271e-03
                        2  0.1105     0.0769               1.8385 1.1271e-03
                        4  0.2151     0.0769               1.7339 1.1271e-03
                       11  0.7162     0.0769               1.2328 1.1271e-03
                       18  1.1677     0.0769               0.7813 1.1271e-03
                       23  1.2937     0.0769               0.6553 1.1271e-03
                       24  1.3509     0.0769               0.5981 1.1271e-03
                       30  1.5099     0.0769               0.4391 1.1271e-03
                       31  1.5600     0.0769               0.3890 1.1271e-03
                       33  1.6550     0.0769               0.2940 1.1271e-03
                       37  1.7444     0.0769               0.2046 1.1271e-03
                       39  1.8337     0.0769               0.1153 1.1271e-03
                       40  1.8660     0.0769               0.0830 1.1271e-03
 42  1.9110    3.0-                          4.4936e-02
                        0  0.0000     0.0556               1.9110 2.4964e-03
                        1  0.0266     0.0556               1.8844 2.4964e-03
                        3  0.2120     0.0556               1.6990 2.4964e-03
                        4  0.2151     0.0556               1.6959 2.4964e-03
                        6  0.3410     0.0556               1.5700 2.4964e-03
                        7  0.4543     0.0556               1.4567 2.4964e-03
                        8  0.4863     0.0556               1.4247 2.4964e-03
                       12  0.7535     0.0556               1.1575 2.4964e-03
                       19  1.1923     0.0556               0.7187 2.4964e-03
                       20  1.1950     0.0556               0.7160 2.4964e-03
                       22  1.2390     0.0556               0.6720 2.4964e-03
                       23  1.2937     0.0556               0.6173 2.4964e-03
                       24  1.3509     0.0556               0.5601 2.4964e-03
                       29  1.4845     0.0556               0.4265 2.4964e-03
                       30  1.5099     0.0556               0.4011 2.4964e-03
                       32  1.6136     0.0556               0.2974 2.4964e-03
                       37  1.7444     0.0556               0.1666 2.4964e-03
                       40  1.8660     0.0556               0.0450 2.4964e-03
 41  1.8780    3.0-                          4.6963e-02
                        0  0.0000     0.0556               1.8780 2.6091e-03
                        1  0.0266     0.0556               1.8514 2.6091e-03
                        3  0.2120     0.0556               1.6660 2.6091e-03
                        4  0.2151     0.0556               1.6629 2.6091e-03
                        6  0.3410     0.0556               1.5370 2.6091e-03
                        7  0.4543     0.0556               1.4237 2.6091e-03
                        8  0.4863     0.0556               1.3917 2.6091e-03
                       12  0.7535     0.0556               1.1245 2.6091e-03
                       19  1.1923     0.0556               0.6857 2.6091e-03
                       20  1.1950     0.0556               0.6830 2.6091e-03
                       22  1.2390     0.0556               0.6390 2.6091e-03
                       23  1.2937     0.0556               0.5843 2.6091e-03
                       24  1.3509     0.0556               0.5271 2.6091e-03
                       29  1.4845     0.0556               0.3935 2.6091e-03
                       30  1.5099     0.0556               0.3681 2.6091e-03
                       32  1.6136     0.0556               0.2644 2.6091e-03
                       37  1.7444     0.0556               0.1336 2.6091e-03
                       40  1.8660     0.0556               0.0120 2.6091e-03
 40  1.8660    2.0+                          3.4200e-02
                        9  0.5410     0.0769               1.3250 2.6308e-03
                       10  0.6610     0.0769               1.2050 2.6308e-03
                       14  0.8530     0.0769               1.0130 2.6308e-03
                       15  0.8840     0.0769               0.9820 2.6308e-03
                       16  0.9740     0.0769               0.8920 2.6308e-03
                       25  1.3640     0.0769               0.5020 2.6308e-03
                       26  1.3840     0.0769               0.4820 2.6308e-03
                       27  1.4470     0.0769               0.4190 2.6308e-03
                       28  1.4840     0.0769               0.3820 2.6308e-03
                       34  1.6740     0.0769               0.1920 2.6308e-03
                       35  1.6929     0.0769               0.1731 2.6308e-03
                       36  1.7275     0.0769               0.1385 2.6308e-03
                       38  1.7800     0.0769               0.0860 2.6308e-03
 39  1.8337    1.0+                          1.8718e-02
                        9  0.5410     0.0909               1.2927 1.7016e-03
                       14  0.8530     0.0909               0.9807 1.7016e-03
                       15  0.8840     0.0909               0.9497 1.7016e-03
                       16  0.9740     0.0909               0.8597 1.7016e-03
                       25  1.3640     0.0909               0.4697 1.7016e-03
                       26  1.3840     0.0909               0.4497 1.7016e-03
                       27  1.4470     0.0909               0.3867 1.7016e-03
                       28  1.4840     0.0909               0.3497 1.7016e-03
                       35  1.6929     0.0909               0.1408 1.7016e-03
                       36  1.7275     0.0909               0.1062 1.7016e-03
                       38  1.7800     0.0909               0.0537 1.7016e-03
 38  1.7800    2.0-                          3.8986e-02
                        0  0.0000     0.0526               1.7800 2.0519e-03
                        1  0.0266     0.0526               1.7534 2.0519e-03
                        2  0.1105     0.0526               1.6695 2.0519e-03
                        4  0.2151     0.0526               1.5649 2.0519e-03
                        6  0.3410     0.0526               1.4390 2.0519e-03
                        7  0.4543     0.0526               1.3257 2.0519e-03
                        8  0.4863     0.0526               1.2937 2.0519e-03
                       11  0.7162     0.0526               1.0638 2.0519e-03
                       12  0.7535     0.0526               1.0265 2.0519e-03
                       18  1.1677     0.0526               0.6123 2.0519e-03
                       20  1.1950     0.0526               0.5850 2.0519e-03
                       22  1.2390     0.0526               0.5410 2.0519e-03
                       23  1.2937     0.0526               0.4863 2.0519e-03
                       24  1.3509     0.0526               0.4291 2.0519e-03
                       30  1.5099     0.0526               0.2701 2.0519e-03
                       31  1.5600     0.0526               0.2200 2.0519e-03
                       32  1.6136     0.0526               0.1664 2.0519e-03
                       33  1.6550     0.0526               0.1250 2.0519e-03
                       37  1.7444     0.0526               0.0356 2.0519e-03
 37  1.7444    2.0+                          4.0736e-02
                        9  0.5410     0.0833               1.2034 3.3947e-03
                       10  0.6610     0.0833               1.0834 3.3947e-03
                       14  0.8530     0.0833               0.8914 3.3947e-03
                       15  0.8840     0.0833               0.8604 3.3947e-03
                       16  0.9740     0.0833               0.7704 3.3947e-03
                       25  1.3640     0.0833               0.3804 3.3947e-03
                       26  1.3840     0.0833               0.3604 3.3947e-03
                       27  1.4470     0.0833               0.2974 3.3947e-03
                       28  1.4840     0.0833               0.2604 3.3947e-03
                       34  1.6740     0.0833               0.0704 3.3947e-03
                       35  1.6929     0.0833               0.0515 3.3947e-03
                       36  1.7275     0.0833               0.0169 3.3947e-03
 36  1.7275    2.0-                          4.4661e-02
                        0  0.0000     0.0556               1.7275 2.4812e-03
                        1  0.0266     0.0556               1.7009 2.4812e-03
                        2  0.1105     0.0556               1.6170 2.4812e-03
                        4  0.2151     0.0556               1.5123 2.4812e-03
                        6  0.3410     0.0556               1.3865 2.4812e-03
                        7  0.4543     0.0556               1.2731 2.4812e-03
                        8  0.4863     0.0556               1.2411 2.4812e-03
                       11  0.7162     0.0556               1.0113 2.4812e-03
                       12  0.7535     0.0556               0.9740 2.4812e-03
                       18  1.1677     0.0556               0.5598 2.4812e-03
                       20  1.1950     0.0556               0.5325 2.4812e-03
                       22  1.2390     0.0556               0.4885 2.4812e-03
                       23  1.2937     0.0556               0.4338 2.4812e-03
                       24  1.3509     0.0556               0.3766 2.4812e-03
                       30  1.5099     0.0556               0.2176 2.4812e-03
                       31  1.5600     0.0556               0.1675 2.4812e-03
                       32  1.6136     0.0556               0.1139 2.4812e-03
                       33  1.6550     0.0556               0.0725 2.4812e-03
 35  1.6929    1.0-                          2.8961e-02
                        1  0.0266     0.1000               1.6663 2.8961e-03
                        2  0.1105     0.1000               1.5824 2.8961e-03
                        4  0.2151     0.1000               1.4778 2.8961e-03
                       11  0.7162     0.1000               0.9767 2.8961e-03
                       18  1.1677     0.1000               0.5252 2.8961e-03
                       23  1.2937     0.1000               0.3992 2.8961e-03
                       24  1.3509     0.1000               0.3420 2.8961e-03
                       30  1.5099     0.1000               0.1830 2.8961e-03
                       31  1.5600     0.1000               0.1329 2.8961e-03
                       33  1.6550     0.1000               0.0379 2.8961e-03
 34  1.6740    3.0-                          6.7415e-02
                        0  0.0000     0.0625               1.6740 4.2134e-03
                        1  0.0266     0.0625               1.6474 4.2134e-03
                        3  0.2120     0.0625               1.4620 4.2134e-03
                        4  0.2151     0.0625               1.4589 4.2134e-03
                        6  0.3410     0.0625               1.3330 4.2134e-03
                        7  0.4543     0.0625               1.2197 4.2134e-03
                        8  0.4863     0.0625               1.1877 4.2134e-03
                       12  0.7535     0.0625               0.9205 4.2134e-03
                       19  1.1923     0.0625               0.4817 4.2134e-03
                       20  1.1950     0.0625               0.4790 4.2134e-03
                       22  1.2390     0.0625               0.4350 4.2134e-03
                       23  1.2937     0.0625               0.3803 4.2134e-03
                       24  1.3509     0.0625               0.3231 4.2134e-03
                       29  1.4845     0.0625               0.1895 4.2134e-03
                       30  1.5099     0.0625               0.1641 4.2134e-03
                       32  1.6136     0.0625               0.0604 4.2134e-03
 33  1.6550    1.0+                          3.0707e-02
                        9  0.5410     0.1250               1.1140 3.8384e-03
                       14  0.8530     0.1250               0.8020 3.8384e-03
                       15  0.8840     0.1250               0.7710 3.8384e-03
                       16  0.9740     0.1250               0.6810 3.8384e-03
                       25  1.3640     0.1250               0.2910 3.8384e-03
                       26  1.3840     0.1250               0.2710 3.8384e-03
                       27  1.4470     0.1250               0.2080 3.8384e-03
                       28  1.4840     0.1250               0.1710 3.8384e-03
 32  1.6136    3.0+                          7.2256e-02                       5.9000e-13
                       21  1.2367     0.0743               0.3769 5.3505e-03
                        5  0.3355     0.9257               1.2780 6.6879e-02
 31  1.5600    1.0+                          3.3448e-02
                        9  0.5410     0.1250               1.0190 4.1810e-03
                       14  0.8530     0.1250               0.7070 4.1810e-03
                       15  0.8840     0.1250               0.6760 4.1810e-03
                       16  0.9740     0.1250               0.5860 4.1810e-03
                       25  1.3640     0.1250               0.1960 4.1810e-03
                       26  1.3840     0.1250               0.1760 4.1810e-03
                       27  1.4470     0.1250               0.1130 4.1810e-03
                       28  1.4840     0.1250               0.0760 4.1810e-03
 30  1.5099    2.0+                          6.2205e-02
                        9  0.5410     0.1111               0.9689 6.9117e-03
                       10  0.6610     0.1111               0.8489 6.9117e-03
                       14  0.8530     0.1111               0.6569 6.9117e-03
                       15  0.8840     0.1111               0.6259 6.9117e-03
                       16  0.9740     0.1111               0.5359 6.9117e-03
                       25  1.3640     0.1111               0.1459 6.9117e-03
                       26  1.3840     0.1111               0.1259 6.9117e-03
                       27  1.4470     0.1111               0.0629 6.9117e-03
                       28  1.4840     0.1111               0.0259 6.9117e-03
 29  1.4845    4.0+                          1.1692e-01
                       12  0.7535     0.4414               0.7311 5.1594e-02
                        5  0.3355     0.5586               1.1490 6.5306e-02
 28  1.4840    2.0-                          7.4067e-02
                        0  0.0000     0.0714               1.4840 5.2905e-03
                        1  0.0266     0.0714               1.4574 5.2905e-03
                        2  0.1105     0.0714               1.3735 5.2905e-03
                        4  0.2151     0.0714               1.2689 5.2905e-03
                        6  0.3410     0.0714               1.1430 5.2905e-03
                        7  0.4543     0.0714               1.0297 5.2905e-03
                        8  0.4863     0.0714               0.9977 5.2905e-03
                       11  0.7162     0.0714               0.7678 5.2905e-03
                       12  0.7535     0.0714               0.7305 5.2905e-03
                       18  1.1677     0.0714               0.3163 5.2905e-03
                       20  1.1950     0.0714               0.2890 5.2905e-03
                       22  1.2390     0.0714               0.2450 5.2905e-03
                       23  1.2937     0.0714               0.1903 5.2905e-03
                       24  1.3509     0.0714               0.1331 5.2905e-03
 27  1.4470    2.0-                          7.6593e-02
                        0  0.0000     0.0714               1.4470 5.4709e-03
                        1  0.0266     0.0714               1.4204 5.4709e-03
                        2  0.1105     0.0714               1.3365 5.4709e-03
                        4  0.2151     0.0714               1.2319 5.4709e-03
                        6  0.3410     0.0714               1.1060 5.4709e-03
                        7  0.4543     0.0714               0.9927 5.4709e-03
                        8  0.4863     0.0714               0.9607 5.4709e-03
                       11  0.7162     0.0714               0.7308 5.4709e-03
                       12  0.7535     0.0714               0.6935 5.4709e-03
                       18  1.1677     0.0714               0.2793 5.4709e-03
                       20  1.1950     0.0714               0.2520 5.4709e-03
                       22  1.2390     0.0714               0.2080 5.4709e-03
                       23  1.2937     0.0714               0.1533 5.4709e-03
                       24  1.3509     0.0714               0.0961 5.4709e-03
 26  1.3840    2.0-                          8.1034e-02
                        0  0.0000     0.0714               1.3840 5.7882e-03
                        1  0.0266     0.0714               1.3574 5.7882e-03
                        2  0.1105     0.0714               1.2735 5.7882e-03
                        4  0.2151     0.0714               1.1689 5.7882e-03
                        6  0.3410     0.0714               1.0430 5.7882e-03
                        7  0.4543     0.0714               0.9297 5.7882e-03
                        8  0.4863     0.0714               0.8977 5.7882e-03
                       11  0.7162     0.0714               0.6678 5.7882e-03
                       12  0.7535     0.0714               0.6305 5.7882e-03
                       18  1.1677     0.0714               0.2163 5.7882e-03
                       20  1.1950     0.0714               0.1890 5.7882e-03
                       22  1.2390     0.0714               0.1450 5.7882e-03
                       23  1.2937     0.0714               0.0903 5.7882e-03
                       24  1.3509     0.0714               0.0331 5.7882e-03
 25  1.3640    2.0-                          8.2507e-02
                        0  0.0000     0.0714               1.3640 5.8933e-03
                        1  0.0266     0.0714               1.3374 5.8933e-03
                        2  0.1105     0.0714               1.2535 5.8933e-03
                        4  0.2151     0.0714               1.1489 5.8933e-03
                        6  0.3410     0.0714               1.0230 5.8933e-03
                        7  0.4543     0.0714               0.9097 5.8933e-03
                        8  0.4863     0.0714               0.8777 5.8933e-03
                       11  0.7162     0.0714               0.6478 5.8933e-03
                       12  0.7535     0.0714               0.6105 5.8933e-03
                       18  1.1677     0.0714               0.1963 5.8933e-03
                       20  1.1950     0.0714               0.1690 5.8933e-03
                       22  1.2390     0.0714               0.1250 5.8933e-03
                       23  1.2937     0.0714               0.0703 5.8933e-03
                       24  1.3509     0.0714               0.0131 5.8933e-03
 24  1.3509    2.0+                          9.4539e-02
                        9  0.5410     0.2000               0.8099 1.8908e-02
                       10  0.6610     0.2000               0.6899 1.8908e-02
                       14  0.8530     0.2000               0.4979 1.8908e-02
                       15  0.8840     0.2000               0.4669 1.8908e-02
                       16  0.9740     0.2000               0.3769 1.8908e-02
 23  1.2937    2.0+                          9.9236e-02
                        9  0.5410     0.2000               0.7527 1.9847e-02
                       10  0.6610     0.2000               0.6327 1.9847e-02
                       14  0.8530     0.2000               0.4407 1.9847e-02
                       15  0.8840     0.2000               0.4097 1.9847e-02
                       16  0.9740     0.2000               0.3197 1.9847e-02
 22  1.2390    3.0+                          1.3056e-01
                        9  0.5410     0.2500               0.6980 3.2641e-02
                       10  0.6610     0.2500               0.5780 3.2641e-02
                       14  0.8530     0.2500               0.3860 3.2641e-02
                       17  1.1400     0.2500               0.0990 3.2641e-02
 21  1.2367    5.0+                          2.5284e-01                       2.6000e-12
                       12  0.7535     0.7815               0.4832 1.9732e-01
                        5  0.3355     0.2185               0.9011 5.5235e-02
 20  1.1950    3.0+                          1.3576e-01
                        9  0.5410     0.2500               0.6540 3.3940e-02
                       10  0.6610     0.2500               0.5340 3.3940e-02
                       14  0.8530     0.2500               0.3420 3.3940e-02
                       17  1.1400     0.2500               0.0550 3.3940e-02
 19  1.1923    4.0+                          1.6613e-01                       5.0000e-13
                       12  0.7535     0.0295               0.4388 4.8944e-03
                       11  0.7162     0.5933               0.4761 9.7899e-02
                        5  0.3355     0.3772               0.8567 6.2649e-02
 18  1.1677    1.0+                          7.2941e-02
                        9  0.5410     0.2500               0.6267 1.8235e-02
                       14  0.8530     0.2500               0.3147 1.8235e-02
                       15  0.8840     0.2500               0.2837 1.8235e-02
                       16  0.9740     0.2500               0.1937 1.8235e-02
 17  1.1400    4.0-                          2.7051e-01
                        0  0.0000     0.1250               1.1400 3.3814e-02
                        3  0.2120     0.1250               0.9280 3.3814e-02
                        5  0.3355     0.1250               0.8045 3.3814e-02
                        6  0.3410     0.1250               0.7990 3.3814e-02
                        7  0.4543     0.1250               0.6857 3.3814e-02
                        8  0.4863     0.1250               0.6537 3.3814e-02
                       12  0.7535     0.1250               0.3865 3.3814e-02
                       13  0.8404     0.1250               0.2996 3.3814e-02
 16  0.9740    1.0-                          1.3991e-01
                        1  0.0266     0.2500               0.9474 3.4978e-02
                        2  0.1105     0.2500               0.8635 3.4978e-02
                        4  0.2151     0.2500               0.7589 3.4978e-02
                       11  0.7162     0.2500               0.2578 3.4978e-02
 15  0.8840    1.0-                          1.5008e-01
                        1  0.0266     0.2500               0.8574 3.7519e-02
                        2  0.1105     0.2500               0.7735 3.7519e-02
                        4  0.2151     0.2500               0.6689 3.7519e-02
                       11  0.7162     0.2500               0.1678 3.7519e-02
 14  0.8530    2.0-                          2.7129e-01
                        0  0.0000     0.1111               0.8530 3.0143e-02
                        1  0.0266     0.1111               0.8264 3.0143e-02
                        2  0.1105     0.1111               0.7425 3.0143e-02
                        4  0.2151     0.1111               0.6379 3.0143e-02
                        6  0.3410     0.1111               0.5120 3.0143e-02
                        7  0.4543     0.1111               0.3987 3.0143e-02
                        8  0.4863     0.1111               0.3667 3.0143e-02
                       11  0.7162     0.1111               0.1368 3.0143e-02
                       12  0.7535     0.1111               0.0995 3.0143e-02
 13  0.8404    5.0+                          4.5911e-01
                        8  0.4863     0.4209               0.3541 1.9246e-01
                        6  0.3410     0.1679               0.4994 7.6987e-02
                        5  0.3355     0.4112               0.5049 1.8862e-01
 12  0.7535    3.0+                          5.2906e-01                       5.0000e-13
                        7  0.4543     0.0292               0.2991 1.5397e-02
                        3  0.2120     0.9708               0.5414 5.1321e-01
 11  0.7162    1.0+                          3.1028e-01
                        8  0.4863     0.2432               0.2299 7.4010e-02
                        6  0.3410     0.3989               0.3752 1.2335e-01
                        0  0.0000     0.3580               0.7162 1.1102e-01
 10  0.6610    3.0-                          3.7337e-01
                        0  0.0000     0.1429               0.6610 5.3339e-02
                        1  0.0266     0.1429               0.6344 5.3339e-02
                        3  0.2120     0.1429               0.4490 5.3339e-02
                        4  0.2151     0.1429               0.4459 5.3339e-02
                        6  0.3410     0.1429               0.3200 5.3339e-02
                        7  0.4543     0.1429               0.2067 5.3339e-02
                        8  0.4863     0.1429               0.1747 5.3339e-02
  9  0.5410    2.0-                          3.4414e-01
                        0  0.0000     0.1429               0.5410 4.9162e-02
                        1  0.0266     0.1429               0.5144 4.9162e-02
                        2  0.1105     0.1429               0.4305 4.9162e-02
                        4  0.2151     0.1429               0.3259 4.9162e-02
                        6  0.3410     0.1429               0.2000 4.9162e-02
                        7  0.4543     0.1429               0.0867 4.9162e-02
                        8  0.4863     0.1429               0.0547 4.9162e-02
  8  0.4863    3.0+                          7.2160e-01
                        6  0.3410     0.0021               0.1453 1.4350e-03
                        4  0.2151     0.7146               0.2712 5.1258e-01
                        3  0.2120     0.0579               0.2743 4.1517e-02
                        1  0.0266     0.1991               0.4597 1.4350e-01
                        0  0.0000     0.0263               0.4863 1.8966e-02
  7  0.4543    3.0+                          4.7941e-01
                        6  0.3410     0.0187               0.1133 7.8000e-03
                        3  0.2120     0.0232               0.2423 1.1009e-02
                        0  0.0000     0.9581               0.4543 4.5879e-01
  6  0.3410    3.0+                          7.1679e-01
                        4  0.2151     0.0036               0.1259 2.3238e-03
                        3  0.2120     0.0083               0.1290 5.4439e-03
                        1  0.0266     0.9296               0.3144 6.6384e-01
                        0  0.0000     0.0585               0.3410 4.1820e-02
  5  0.3355    5.0+                          1.3851e+00                       2.0000e-09
                        3  0.2120     0.6054               0.1235 7.5546e-01
                        0  0.0000     0.3946               0.3355 5.4392e-01
  4  0.2151    2.0+                          1.0219e+00
                        2  0.1105     0.7914               0.1046 6.7399e-01
                        1  0.0266     0.1417               0.1885 1.4156e-01
                        0  0.0000     0.0669               0.2151 6.7406e-02
  3  0.2120    4.0+                          2.1543e+00                       3.0000e-11
                        0  0.0000     1.0000               0.2120 2.1224e+00
  2  0.1105    1.0+                          1.1895e+00                       5.0800e-09
                        1  0.0266     0.9959               0.0839 1.1286e+00
                        0  0.0000     0.0041               0.1105 3.7247e-03
  1  0.0266    2.0+                          2.7569e+00                       8.7000e-09
                        0  0.0000     1.0000               0.0266 1.2308e+00
  0  0.0000    3.0+                          6.9633e+00                       9.2840e+03
#......................................................................../  026-057Fe //  26.000000
#                                                                          SUM SPECTRA FOR COMPOUND
#            024-053Cr      gamma    neutron     proton      alpha
 SpcSum[mb]            7.2615e+00 1.8375e-06 1.4984e-22 3.1741e-23
 Emean[MeV]            1.0329e+00 3.1450e-01 8.8534e-01 2.1717e+00
#......................................................................../  026-057Fe //  26.000000
#                                                                   GAMMAS FROM DISCRETE TRANSITION
#           1 1 1 0 0 0             024-053Cr
#   Ex[MeV]     Jpi    FinalState  Branching Production    Egamma Production   T(1/2)[s]
 33  3.7810    0.5+                          2.4119e-03
                        0  0.0000     0.0909               3.7810 2.1926e-04
                        1  0.5640     0.0909               3.2170 2.1926e-04
                        8  2.3207     0.0909               1.4603 2.1926e-04
                       10  2.4620     0.0909               1.3190 2.1926e-04
                       12  2.6699     0.0909               1.1111 2.1926e-04
                       14  2.7085     0.0909               1.0725 2.1926e-04
                       15  2.7230     0.0909               1.0580 2.1926e-04
                       21  3.1721     0.0909               0.6089 2.1926e-04
                       22  3.1801     0.0909               0.6010 2.1926e-04
                       29  3.5950     0.0909               0.1860 2.1926e-04
                       30  3.6165     0.0909               0.1645 2.1926e-04
 32  3.7065    4.5+                          2.0182e-02
                        3  1.2895     1.0000               2.4170 2.0164e-02
 31  3.6955    3.5+                          1.4085e-02
                        0  0.0000     1.0000               3.6955 1.4074e-02
 30  3.6165    0.5-                          2.9114e-03
                        0  0.0000     1.0000               3.6165 2.9085e-03
 29  3.5950    0.5-                          3.0071e-03
                        1  0.5640     1.0000               3.0310 3.0071e-03
 28  3.5924    6.5-                          4.1837e-02                       1.3000e-13
                       17  2.8265     1.0000               0.7659 4.1828e-02
 27  3.4346    3.5-                          1.8047e-02
                        3  1.2895     1.0000               2.1451 1.8040e-02
 26  3.3817    4.5-                          2.9097e-02
                        4  1.5366     1.0000               1.8451 2.9090e-02
 25  3.3510    3.5-                          2.1091e-02
                       20  3.1371     0.5000               0.2139 1.0545e-02
                       24  3.2621     0.5000               0.0889 1.0545e-02
 24  3.2621    2.5+                          3.1707e-02                       2.1000e-14
                        4  1.5366     0.1999               1.7255 6.3353e-03
                        2  1.0063     0.2285               2.2559 7.2391e-03
                        0  0.0000     0.5716               3.2621 1.8099e-02
 23  3.2436    6.5-                          8.1260e-02                       6.0000e-13
                       19  3.0841     0.5000               0.1595 4.0630e-02
                        6  2.1723     0.5000               1.0713 4.0630e-02
 22  3.1801    1.5-                          1.1919e-02
                        3  1.2895     0.1000               1.8905 1.1911e-03
                        2  1.0063     0.1500               2.1738 1.7871e-03
                        1  0.5640     0.5000               2.6160 5.9557e-03
                        0  0.0000     0.2501               3.1801 2.9784e-03
 21  3.1721    1.5-                          1.2064e-02
                        0  0.0000     1.0000               3.1721 1.2054e-02
 20  3.1371    2.5+                          3.7546e-02                       4.0000e-14
                        3  1.2895     1.0000               1.8476 3.7525e-02
 19  3.0841    7.5-                          2.0770e-01                       3.0000e-11
                       13  2.7059     0.0070               0.3782 1.4436e-03
                        6  2.1723     0.9930               0.9118 2.0621e-01
 18  2.9925    2.5-                          2.6020e-02
                       11  2.6565     0.0000               0.3360 0.0000e+00
                        3  1.2895     0.5814               1.7030 1.5125e-02
                        2  1.0063     0.4186               1.9862 1.0889e-02
 17  2.8265    5.5-                          1.5351e-01                       1.1000e-13
                        7  2.2332     1.0000               0.5933 1.5345e-01
 16  2.7710    3.5-                          5.6726e-02
                        3  1.2895     1.0000               1.4815 5.6719e-02
 15  2.7230    1.5-                          2.5630e-02
                        0  0.0000     1.0000               2.7230 2.5630e-02
 14  2.7085    1.5-                          2.6229e-02
                        8  2.3207     0.0483               0.3878 1.2648e-03
                        5  1.9737     0.1316               0.7348 3.4504e-03
                        2  1.0063     0.2763               1.7022 7.2449e-03
                        1  0.5640     0.4386               2.1445 1.1498e-02
                        0  0.0000     0.1053               2.7085 2.7599e-03
 13  2.7059    5.5-                          1.3999e-01                       2.4000e-12
                        6  2.1723     1.0000               0.5335 1.3990e-01
 12  2.6699    0.5-                          1.3756e-02                       7.0000e-15
                        1  0.5640     0.4011               2.1059 5.5159e-03
                        0  0.0000     0.5989               2.6699 8.2337e-03
 11  2.6565    2.5-                          4.5916e-02                       1.7000e-14
                        3  1.2895     0.2671               1.3670 1.2263e-02
                        2  1.0063     0.6849               1.6502 3.1444e-02
                        0  0.0000     0.0480               2.6565 2.2013e-03
 10  2.4620    1.5-                          3.8828e-02
                        0  0.0000     1.0000               2.4620 3.8828e-02
  9  2.4531    4.5-                          1.4655e-01
                        6  2.1723     0.0000               0.2808 0.0000e+00
                        3  1.2895     0.4012               1.1636 5.8789e-02
                        2  1.0063     0.5988               1.4468 8.7741e-02
  8  2.3207    1.5-                          5.0008e-02                       8.0000e-16
                        0  0.0000     1.0000               2.3207 4.9987e-02
  7  2.2332    4.5-                          3.7004e-01                       3.6000e-13
                        4  1.5366     1.0000               0.6965 3.6995e-01
  6  2.1723    5.5-                          7.6354e-01                       9.6000e-12
                        3  1.2895     1.0000               0.8828 7.6338e-01
  5  1.9737    2.5-                          1.3782e-01                       3.9000e-13
                        3  1.2895     0.1597               0.6841 2.2004e-02
                        0  0.0000     0.8403               1.9737 1.1578e-01
  4  1.5366    3.5-                          8.3452e-01                       2.3000e-11
                        3  1.2895     0.2612               0.2471 2.1625e-01
                        2  1.0063     0.6481               0.5304 5.4060e-01
                        0  0.0000     0.0907               1.5366 7.5687e-02
  3  1.2895    3.5-                          1.9212e+00                       1.1700e-12
                        2  1.0063     0.0567               0.2833 1.0872e-01
                        0  0.0000     0.9433               1.2895 1.8121e+00
  2  1.0063    2.5-                          1.4789e+00                       7.1000e-12
                        1  0.5640     0.0043               0.4422 6.3308e-03
                        0  0.0000     0.9957               1.0063 1.4723e+00
  1  0.5640    0.5-                          3.3843e-01                       5.1000e-13
                        0  0.0000     1.0000               0.5640 3.3824e-01
  0  0.0000    1.5-                          6.1014e+00
#......................................................................../  026-057Fe //  26.000000
#                                                                          SUM SPECTRA FOR COMPOUND
#            025-055Mn      gamma
 SpcSum[mb]            1.2752e-01
 Emean[MeV]            3.7098e-01
#......................................................................../  026-057Fe //  26.000000
#                                                                   GAMMAS FROM DISCRETE TRANSITION
#           1 1 0 1 0 0             025-055Mn
#   Ex[MeV]     Jpi    FinalState  Branching Production    Egamma Production   T(1/2)[s]
 91  4.0030    4.5+                          4.4028e-10                       3.0000e-15
                        2  0.9843     0.1228               3.0187 5.3999e-11
                        0  0.0000     0.8772               4.0030 3.8588e-10
 90  3.9980    0.5-                          7.1892e-11
                       13  2.2810     0.0667               1.7170 4.7928e-12
                       18  2.4265     0.0667               1.5715 4.7928e-12
                       20  2.5820     0.0667               1.4160 4.7928e-12
                       21  2.6217     0.0667               1.3763 4.7928e-12
                       33  2.9840     0.0667               1.0140 4.7928e-12
                       44  3.0700     0.0667               0.9280 4.7928e-12
                       50  3.1953     0.0667               0.8027 4.7928e-12
                       53  3.2681     0.0667               0.7299 4.7928e-12
                       57  3.3790     0.0667               0.6190 4.7928e-12
                       59  3.4241     0.0667               0.5739 4.7928e-12
                       61  3.4800     0.0667               0.5180 4.7928e-12
                       68  3.6040     0.0667               0.3940 4.7928e-12
                       70  3.6108     0.0667               0.3872 4.7928e-12
                       74  3.6730     0.0667               0.3250 4.7928e-12
                       75  3.6820     0.0667               0.3160 4.7928e-12
 89  3.9832    4.5+                          4.9389e-10
                        1  0.1259     1.0000               3.8573 4.9308e-10
 88  3.9460    3.5+                          4.5813e-10
                        6  1.5284     1.0000               2.4177 4.5798e-10
 87  3.9320    5.5+                          9.0881e-10
                        2  0.9843     0.0909               2.9477 8.2619e-11
                        4  1.2921     0.0909               2.6399 8.2619e-11
                       14  2.3114     0.0909               1.6206 8.2619e-11
                       17  2.3984     0.0909               1.5336 8.2619e-11
                       26  2.8221     0.0909               1.1099 8.2619e-11
                       27  2.8237     0.0909               1.1083 8.2619e-11
                       37  3.0359     0.0909               0.8961 8.2619e-11
                       46  3.1261     0.0909               0.8059 8.2619e-11
                       54  3.3420     0.0909               0.5900 8.2619e-11
                       81  3.8131     0.0909               0.1189 8.2619e-11
                       83  3.8449     0.0909               0.0871 8.2619e-11
 86  3.9174    1.5-                          2.3643e-10
                       15  2.3658     1.0000               1.5516 2.3639e-10
 85  3.8829    1.5-                          2.9516e-10
                       15  2.3658     0.3226               1.5171 9.5194e-11
                        6  1.5284     0.3546               2.3546 1.0460e-10
                        0  0.0000     0.3229               3.8829 9.5194e-11
 84  3.8600    2.5+                          7.5837e-10
                        0  0.0000     0.0294               3.8600 2.2305e-11
                        1  0.1259     0.0294               3.7341 2.2305e-11
                        6  1.5284     0.0294               2.3316 2.2305e-11
                        7  1.8841     0.0294               1.9759 2.2305e-11
                        8  2.0152     0.0294               1.8448 2.2305e-11
                        9  2.1984     0.0294               1.6616 2.2305e-11
                       10  2.2150     0.0294               1.6450 2.2305e-11
                       11  2.2525     0.0294               1.6075 2.2305e-11
                       12  2.2668     0.0294               1.5932 2.2305e-11
                       15  2.3658     0.0294               1.4942 2.2305e-11
                       16  2.3800     0.0294               1.4800 2.2305e-11
                       19  2.5632     0.0294               1.2968 2.2305e-11
                       23  2.7273     0.0294               1.1327 2.2305e-11
                       25  2.7527     0.0294               1.1073 2.2305e-11
                       28  2.8284     0.0294               1.0316 2.2305e-11
                       30  2.9250     0.0294               0.9350 2.2305e-11
                       31  2.9534     0.0294               0.9066 2.2305e-11
                       32  2.9762     0.0294               0.8838 2.2305e-11
                       34  2.9918     0.0294               0.8682 2.2305e-11
                       35  3.0058     0.0294               0.8542 2.2305e-11
                       36  3.0280     0.0294               0.8320 2.2305e-11
                       40  3.0460     0.0294               0.8140 2.2305e-11
                       43  3.0600     0.0294               0.8000 2.2305e-11
                       45  3.0803     0.0294               0.7797 2.2305e-11
                       47  3.1360     0.0294               0.7240 2.2305e-11
                       48  3.1470     0.0294               0.7130 2.2305e-11
                       49  3.1584     0.0294               0.7016 2.2305e-11
                       51  3.2608     0.0294               0.5992 2.2305e-11
                       52  3.2632     0.0294               0.5968 2.2305e-11
                       55  3.3510     0.0294               0.5090 2.2305e-11
                       64  3.5281     0.0294               0.3319 2.2305e-11
                       67  3.6000     0.0294               0.2600 2.2305e-11
                       69  3.6080     0.0294               0.2520 2.2305e-11
                       76  3.7035     0.0294               0.1565 2.2305e-11
 83  3.8449    5.5-                          1.7932e-09                       2.0000e-13
                       14  2.3114     1.0000               1.5335 1.7930e-09
 82  3.8315    3.5+                          1.3157e-09
                        9  2.1984     0.4997               1.6331 6.5718e-10
                        1  0.1259     0.5003               3.7056 6.5720e-10
 81  3.8131    6.5-                          3.1708e-09                       8.3000e-14
                       42  3.0547     1.0000               0.7584 3.1699e-09
 80  3.8000    4.5+                          2.1341e-09
                        1  0.1259     0.0625               3.6741 1.3338e-10
                        2  0.9843     0.0625               2.8157 1.3338e-10
                        4  1.2921     0.0625               2.5079 1.3338e-10
                        7  1.8841     0.0625               1.9159 1.3338e-10
                        8  2.0152     0.0625               1.7848 1.3338e-10
                        9  2.1984     0.0625               1.6016 1.3338e-10
                       17  2.3984     0.0625               1.4016 1.3338e-10
                       23  2.7273     0.0625               1.0727 1.3338e-10
                       26  2.8221     0.0625               0.9779 1.3338e-10
                       27  2.8237     0.0625               0.9763 1.3338e-10
                       28  2.8284     0.0625               0.9716 1.3338e-10
                       34  2.9918     0.0625               0.8082 1.3338e-10
                       37  3.0359     0.0625               0.7641 1.3338e-10
                       43  3.0600     0.0625               0.7400 1.3338e-10
                       48  3.1470     0.0625               0.6530 1.3338e-10
                       76  3.7035     0.0625               0.0965 1.3338e-10
 79  3.7910    2.5+                          1.1864e-09
                        0  0.0000     0.0294               3.7910 3.4894e-11
                        1  0.1259     0.0294               3.6651 3.4894e-11
                        6  1.5284     0.0294               2.2626 3.4894e-11
                        7  1.8841     0.0294               1.9069 3.4894e-11
                        8  2.0152     0.0294               1.7758 3.4894e-11
                        9  2.1984     0.0294               1.5926 3.4894e-11
                       10  2.2150     0.0294               1.5760 3.4894e-11
                       11  2.2525     0.0294               1.5385 3.4894e-11
                       12  2.2668     0.0294               1.5242 3.4894e-11
                       15  2.3658     0.0294               1.4252 3.4894e-11
                       16  2.3800     0.0294               1.4110 3.4894e-11
                       19  2.5632     0.0294               1.2278 3.4894e-11
                       23  2.7273     0.0294               1.0637 3.4894e-11
                       25  2.7527     0.0294               1.0383 3.4894e-11
                       28  2.8284     0.0294               0.9626 3.4894e-11
                       30  2.9250     0.0294               0.8660 3.4894e-11
                       31  2.9534     0.0294               0.8376 3.4894e-11
                       32  2.9762     0.0294               0.8148 3.4894e-11
                       34  2.9918     0.0294               0.7992 3.4894e-11
                       35  3.0058     0.0294               0.7852 3.4894e-11
                       36  3.0280     0.0294               0.7630 3.4894e-11
                       40  3.0460     0.0294               0.7450 3.4894e-11
                       43  3.0600     0.0294               0.7310 3.4894e-11
                       45  3.0803     0.0294               0.7107 3.4894e-11
                       47  3.1360     0.0294               0.6550 3.4894e-11
                       48  3.1470     0.0294               0.6440 3.4894e-11
                       49  3.1584     0.0294               0.6326 3.4894e-11
                       51  3.2608     0.0294               0.5302 3.4894e-11
                       52  3.2632     0.0294               0.5278 3.4894e-11
                       55  3.3510     0.0294               0.4400 3.4894e-11
                       64  3.5281     0.0294               0.2629 3.4894e-11
                       67  3.6000     0.0294               0.1910 3.4894e-11
                       69  3.6080     0.0294               0.1830 3.4894e-11
                       76  3.7035     0.0294               0.0875 3.4894e-11
 78  3.7718    2.5+                          1.3211e-09
                       12  2.2668     0.1979               1.5050 2.6135e-10
                       11  2.2525     0.1979               1.5193 2.6135e-10
                        9  2.1984     0.1979               1.5734 2.6133e-10
                        7  1.8841     0.2083               1.8877 2.7501e-10
                        0  0.0000     0.1981               3.7718 2.6127e-10
 77  3.7535    0.5-                          4.2731e-10
                        0  0.0000     1.0000               3.7535 4.2684e-10
 76  3.7035    3.5-                          2.4009e-09                       1.3000e-14
                        9  2.1984     0.5100               1.5050 1.2243e-09
                        0  0.0000     0.4900               3.7035 1.1752e-09
 75  3.6820    0.5+                          7.5104e-10
                        5  1.2930     0.0500               2.3890 3.7552e-11
                        6  1.5284     0.0500               2.1536 3.7552e-11
                       11  2.2525     0.0500               1.4295 3.7552e-11
                       16  2.3800     0.0500               1.3020 3.7552e-11
                       19  2.5632     0.0500               1.1188 3.7552e-11
                       29  2.8733     0.0500               0.8087 3.7552e-11
                       30  2.9250     0.0500               0.7570 3.7552e-11
                       31  2.9534     0.0500               0.7286 3.7552e-11
                       32  2.9762     0.0500               0.7058 3.7552e-11
                       35  3.0058     0.0500               0.6762 3.7552e-11
                       36  3.0280     0.0500               0.6540 3.7552e-11
                       38  3.0374     0.0500               0.6446 3.7552e-11
                       45  3.0803     0.0500               0.6017 3.7552e-11
                       49  3.1584     0.0500               0.5236 3.7552e-11
                       52  3.2632     0.0500               0.4188 3.7552e-11
                       55  3.3510     0.0500               0.3310 3.7552e-11
                       58  3.3830     0.0500               0.2990 3.7552e-11
                       60  3.4318     0.0500               0.2502 3.7552e-11
                       63  3.5230     0.0500               0.1590 3.7552e-11
                       64  3.5281     0.0500               0.1539 3.7552e-11
 74  3.6730    0.5+                          9.6090e-10
                        5  1.2930     0.0500               2.3800 4.8045e-11
                        6  1.5284     0.0500               2.1446 4.8045e-11
                       11  2.2525     0.0500               1.4205 4.8045e-11
                       16  2.3800     0.0500               1.2930 4.8045e-11
                       19  2.5632     0.0500               1.1098 4.8045e-11
                       29  2.8733     0.0500               0.7997 4.8045e-11
                       30  2.9250     0.0500               0.7480 4.8045e-11
                       31  2.9534     0.0500               0.7196 4.8045e-11
                       32  2.9762     0.0500               0.6968 4.8045e-11
                       35  3.0058     0.0500               0.6672 4.8045e-11
                       36  3.0280     0.0500               0.6450 4.8045e-11
                       38  3.0374     0.0500               0.6356 4.8045e-11
                       45  3.0803     0.0500               0.5927 4.8045e-11
                       49  3.1584     0.0500               0.5146 4.8045e-11
                       52  3.2632     0.0500               0.4098 4.8045e-11
                       55  3.3510     0.0500               0.3220 4.8045e-11
                       58  3.3830     0.0500               0.2900 4.8045e-11
                       60  3.4318     0.0500               0.2412 4.8045e-11
                       63  3.5230     0.0500               0.1500 4.8045e-11
                       64  3.5281     0.0500               0.1449 4.8045e-11
 73  3.6609    2.5+                          3.2503e-09
                       15  2.3658     0.0000               1.2951 0.0000e+00
                        9  2.1984     0.7998               1.4625 2.5989e-09
                        0  0.0000     0.2002               3.6609 6.4971e-10
 72  3.6420    3.5+                          5.2881e-09
                        0  0.0000     0.0435               3.6420 2.2992e-10
                        1  0.1259     0.0435               3.5161 2.2992e-10
                        2  0.9843     0.0435               2.6577 2.2992e-10
                        7  1.8841     0.0435               1.7579 2.2992e-10
                        8  2.0152     0.0435               1.6268 2.2992e-10
                        9  2.1984     0.0435               1.4436 2.2992e-10
                       10  2.2150     0.0435               1.4270 2.2992e-10
                       12  2.2668     0.0435               1.3752 2.2992e-10
                       15  2.3658     0.0435               1.2762 2.2992e-10
                       17  2.3984     0.0435               1.2436 2.2992e-10
                       23  2.7273     0.0435               0.9147 2.2992e-10
                       25  2.7527     0.0435               0.8893 2.2992e-10
                       26  2.8221     0.0435               0.8199 2.2992e-10
                       27  2.8237     0.0435               0.8183 2.2992e-10
                       28  2.8284     0.0435               0.8136 2.2992e-10
                       34  2.9918     0.0435               0.6502 2.2992e-10
                       40  3.0460     0.0435               0.5960 2.2992e-10
                       43  3.0600     0.0435               0.5820 2.2992e-10
                       47  3.1360     0.0435               0.5060 2.2992e-10
                       48  3.1470     0.0435               0.4950 2.2992e-10
                       51  3.2608     0.0435               0.3812 2.2992e-10
                       67  3.6000     0.0435               0.0420 2.2992e-10
                       69  3.6080     0.0435               0.0340 2.2992e-10
 71  3.6310    5.5+                          1.0097e-08
                        2  0.9843     0.1111               2.6467 1.1219e-09
                        4  1.2921     0.1111               2.3389 1.1219e-09
                       14  2.3114     0.1111               1.3196 1.1219e-09
                       17  2.3984     0.1111               1.2326 1.1219e-09
                       26  2.8221     0.1111               0.8089 1.1219e-09
                       27  2.8237     0.1111               0.8073 1.1219e-09
                       37  3.0359     0.1111               0.5951 1.1219e-09
                       46  3.1261     0.1111               0.5049 1.1219e-09
                       54  3.3420     0.1111               0.2890 1.1219e-09
 70  3.6108    1.5+                          2.9614e-09
                        1  0.1259     1.0000               3.4849 2.9594e-09
 69  3.6080    2.5-                          3.9341e-09
                       22  2.6946     0.0667               0.9134 2.6228e-10
                       24  2.7410     0.0667               0.8670 2.6228e-10
                       33  2.9840     0.0667               0.6240 2.6228e-10
                       39  3.0399     0.0667               0.5681 2.6228e-10
                       41  3.0508     0.0667               0.5572 2.6228e-10
                       44  3.0700     0.0667               0.5380 2.6228e-10
                       50  3.1953     0.0667               0.4127 2.6228e-10
                       53  3.2681     0.0667               0.3399 2.6228e-10
                       57  3.3790     0.0667               0.2290 2.6228e-10
                       59  3.4241     0.0667               0.1839 2.6228e-10
                       61  3.4800     0.0667               0.1280 2.6228e-10
                       62  3.5050     0.0667               0.1030 2.6228e-10
                       65  3.5320     0.0667               0.0760 2.6228e-10
                       66  3.5800     0.0667               0.0280 2.6228e-10
                       68  3.6040     0.0667               0.0040 2.6228e-10
 68  3.6040    1.5+                          3.3364e-09
                        0  0.0000     0.0345               3.6040 1.1505e-10
                        5  1.2930     0.0345               2.3110 1.1505e-10
                        6  1.5284     0.0345               2.0756 1.1505e-10
                       10  2.2150     0.0345               1.3890 1.1505e-10
                       11  2.2525     0.0345               1.3515 1.1505e-10
                       12  2.2668     0.0345               1.3372 1.1505e-10
                       15  2.3658     0.0345               1.2382 1.1505e-10
                       16  2.3800     0.0345               1.2240 1.1505e-10
                       19  2.5632     0.0345               1.0408 1.1505e-10
                       25  2.7527     0.0345               0.8513 1.1505e-10
                       29  2.8733     0.0345               0.7307 1.1505e-10
                       30  2.9250     0.0345               0.6790 1.1505e-10
                       31  2.9534     0.0345               0.6506 1.1505e-10
                       32  2.9762     0.0345               0.6278 1.1505e-10
                       35  3.0058     0.0345               0.5982 1.1505e-10
                       36  3.0280     0.0345               0.5760 1.1505e-10
                       38  3.0374     0.0345               0.5666 1.1505e-10
                       40  3.0460     0.0345               0.5580 1.1505e-10
                       45  3.0803     0.0345               0.5237 1.1505e-10
                       47  3.1360     0.0345               0.4680 1.1505e-10
                       49  3.1584     0.0345               0.4456 1.1505e-10
                       51  3.2608     0.0345               0.3432 1.1505e-10
                       52  3.2632     0.0345               0.3408 1.1505e-10
                       55  3.3510     0.0345               0.2530 1.1505e-10
                       58  3.3830     0.0345               0.2210 1.1505e-10
                       60  3.4318     0.0345               0.1722 1.1505e-10
                       63  3.5230     0.0345               0.0810 1.1505e-10
                       64  3.5281     0.0345               0.0759 1.1505e-10
                       67  3.6000     0.0345               0.0040 1.1505e-10
 67  3.6000    2.5-                          4.2187e-09
                       22  2.6946     0.0714               0.9054 3.0134e-10
                       24  2.7410     0.0714               0.8590 3.0134e-10
                       33  2.9840     0.0714               0.6160 3.0134e-10
                       39  3.0399     0.0714               0.5601 3.0134e-10
                       41  3.0508     0.0714               0.5492 3.0134e-10
                       44  3.0700     0.0714               0.5300 3.0134e-10
                       50  3.1953     0.0714               0.4047 3.0134e-10
                       53  3.2681     0.0714               0.3319 3.0134e-10
                       57  3.3790     0.0714               0.2210 3.0134e-10
                       59  3.4241     0.0714               0.1759 3.0134e-10
                       61  3.4800     0.0714               0.1200 3.0134e-10
                       62  3.5050     0.0714               0.0950 3.0134e-10
                       65  3.5320     0.0714               0.0680 3.0134e-10
                       66  3.5800     0.0714               0.0200 3.0134e-10
 66  3.5800    3.5+                          7.9492e-09
                        0  0.0000     0.0476               3.5800 3.7853e-10
                        1  0.1259     0.0476               3.4541 3.7853e-10
                        2  0.9843     0.0476               2.5957 3.7853e-10
                        7  1.8841     0.0476               1.6959 3.7853e-10
                        8  2.0152     0.0476               1.5648 3.7853e-10
                        9  2.1984     0.0476               1.3816 3.7853e-10
                       10  2.2150     0.0476               1.3650 3.7853e-10
                       12  2.2668     0.0476               1.3132 3.7853e-10
                       15  2.3658     0.0476               1.2142 3.7853e-10
                       17  2.3984     0.0476               1.1816 3.7853e-10
                       23  2.7273     0.0476               0.8527 3.7853e-10
                       25  2.7527     0.0476               0.8273 3.7853e-10
                       26  2.8221     0.0476               0.7579 3.7853e-10
                       27  2.8237     0.0476               0.7563 3.7853e-10
                       28  2.8284     0.0476               0.7516 3.7853e-10
                       34  2.9918     0.0476               0.5882 3.7853e-10
                       40  3.0460     0.0476               0.5340 3.7853e-10
                       43  3.0600     0.0476               0.5200 3.7853e-10
                       47  3.1360     0.0476               0.4440 3.7853e-10
                       48  3.1470     0.0476               0.4330 3.7853e-10
                       51  3.2608     0.0476               0.3192 3.7853e-10
 65  3.5320    2.5+                          7.2982e-09
                        0  0.0000     1.0000               3.5320 7.2874e-09
 64  3.5281    1.5-                          4.0839e-09
                        0  0.0000     1.0000               3.5281 4.0800e-09
 63  3.5230    0.5-                          2.2082e-09
                       13  2.2810     0.0909               1.2420 2.0075e-10
                       18  2.4265     0.0909               1.0965 2.0075e-10
                       20  2.5820     0.0909               0.9410 2.0075e-10
                       21  2.6217     0.0909               0.9013 2.0075e-10
                       33  2.9840     0.0909               0.5390 2.0075e-10
                       44  3.0700     0.0909               0.4530 2.0075e-10
                       50  3.1953     0.0909               0.3277 2.0075e-10
                       53  3.2681     0.0909               0.2549 2.0075e-10
                       57  3.3790     0.0909               0.1440 2.0075e-10
                       59  3.4241     0.0909               0.0989 2.0075e-10
                       61  3.4800     0.0909               0.0430 2.0075e-10
 62  3.5050    2.5+                          8.2976e-09
                        0  0.0000     0.0333               3.5050 2.7659e-10
                        1  0.1259     0.0333               3.3791 2.7659e-10
                        6  1.5284     0.0333               1.9766 2.7659e-10
                        7  1.8841     0.0333               1.6209 2.7659e-10
                        8  2.0152     0.0333               1.4898 2.7659e-10
                        9  2.1984     0.0333               1.3066 2.7659e-10
                       10  2.2150     0.0333               1.2900 2.7659e-10
                       11  2.2525     0.0333               1.2525 2.7659e-10
                       12  2.2668     0.0333               1.2382 2.7659e-10
                       15  2.3658     0.0333               1.1392 2.7659e-10
                       16  2.3800     0.0333               1.1250 2.7659e-10
                       19  2.5632     0.0333               0.9418 2.7659e-10
                       23  2.7273     0.0333               0.7777 2.7659e-10
                       25  2.7527     0.0333               0.7523 2.7659e-10
                       28  2.8284     0.0333               0.6766 2.7659e-10
                       30  2.9250     0.0333               0.5800 2.7659e-10
                       31  2.9534     0.0333               0.5516 2.7659e-10
                       32  2.9762     0.0333               0.5288 2.7659e-10
                       34  2.9918     0.0333               0.5132 2.7659e-10
                       35  3.0058     0.0333               0.4992 2.7659e-10
                       36  3.0280     0.0333               0.4770 2.7659e-10
                       40  3.0460     0.0333               0.4590 2.7659e-10
                       43  3.0600     0.0333               0.4450 2.7659e-10
                       45  3.0803     0.0333               0.4247 2.7659e-10
                       47  3.1360     0.0333               0.3690 2.7659e-10
                       48  3.1470     0.0333               0.3580 2.7659e-10
                       49  3.1584     0.0333               0.3466 2.7659e-10
                       51  3.2608     0.0333               0.2442 2.7659e-10
                       52  3.2632     0.0333               0.2418 2.7659e-10
                       55  3.3510     0.0333               0.1540 2.7659e-10
 61  3.4800    1.5+                          7.3510e-09
                        0  0.0000     0.0385               3.4800 2.8273e-10
                        5  1.2930     0.0385               2.1870 2.8273e-10
                        6  1.5284     0.0385               1.9516 2.8273e-10
                       10  2.2150     0.0385               1.2650 2.8273e-10
                       11  2.2525     0.0385               1.2275 2.8273e-10
                       12  2.2668     0.0385               1.2132 2.8273e-10
                       15  2.3658     0.0385               1.1142 2.8273e-10
                       16  2.3800     0.0385               1.1000 2.8273e-10
                       19  2.5632     0.0385               0.9168 2.8273e-10
                       25  2.7527     0.0385               0.7273 2.8273e-10
                       29  2.8733     0.0385               0.6067 2.8273e-10
                       30  2.9250     0.0385               0.5550 2.8273e-10
                       31  2.9534     0.0385               0.5266 2.8273e-10
                       32  2.9762     0.0385               0.5038 2.8273e-10
                       35  3.0058     0.0385               0.4742 2.8273e-10
                       36  3.0280     0.0385               0.4520 2.8273e-10
                       38  3.0374     0.0385               0.4426 2.8273e-10
                       40  3.0460     0.0385               0.4340 2.8273e-10
                       45  3.0803     0.0385               0.3997 2.8273e-10
                       47  3.1360     0.0385               0.3440 2.8273e-10
                       49  3.1584     0.0385               0.3216 2.8273e-10
                       51  3.2608     0.0385               0.2192 2.8273e-10
                       52  3.2632     0.0385               0.2168 2.8273e-10
                       55  3.3510     0.0385               0.1290 2.8273e-10
                       58  3.3830     0.0385               0.0970 2.8273e-10
                       60  3.4318     0.0385               0.0482 2.8273e-10
 60  3.4318    0.5-                          4.5517e-09                       2.2000e-14
                        0  0.0000     1.0000               3.4318 4.5473e-09
 59  3.4241    1.5+                          1.1435e-08                       1.1100e-13
                       23  2.7273     0.5292               0.6968 6.0457e-09
                        1  0.1259     0.4708               3.2982 5.3801e-09
 58  3.3830    0.5-                          5.7778e-09
                        0  0.0000     1.0000               3.3830 5.7723e-09
 57  3.3790    1.5+                          1.4166e-08
                        0  0.0000     0.0417               3.3790 5.9025e-10
                        5  1.2930     0.0417               2.0860 5.9025e-10
                        6  1.5284     0.0417               1.8506 5.9025e-10
                       10  2.2150     0.0417               1.1640 5.9025e-10
                       11  2.2525     0.0417               1.1265 5.9025e-10
                       12  2.2668     0.0417               1.1122 5.9025e-10
                       15  2.3658     0.0417               1.0132 5.9025e-10
                       16  2.3800     0.0417               0.9990 5.9025e-10
                       19  2.5632     0.0417               0.8158 5.9025e-10
                       25  2.7527     0.0417               0.6263 5.9025e-10
                       29  2.8733     0.0417               0.5057 5.9025e-10
                       30  2.9250     0.0417               0.4540 5.9025e-10
                       31  2.9534     0.0417               0.4256 5.9025e-10
                       32  2.9762     0.0417               0.4028 5.9025e-10
                       35  3.0058     0.0417               0.3732 5.9025e-10
                       36  3.0280     0.0417               0.3510 5.9025e-10
                       38  3.0374     0.0417               0.3416 5.9025e-10
                       40  3.0460     0.0417               0.3330 5.9025e-10
                       45  3.0803     0.0417               0.2987 5.9025e-10
                       47  3.1360     0.0417               0.2430 5.9025e-10
                       49  3.1584     0.0417               0.2206 5.9025e-10
                       51  3.2608     0.0417               0.1182 5.9025e-10
                       52  3.2632     0.0417               0.1158 5.9025e-10
                       55  3.3510     0.0417               0.0280 5.9025e-10
 56  3.3732    5.5+                          5.1282e-08
                        4  1.2921     1.0000               2.0811 5.1246e-08
 55  3.3510    1.5-                          1.3611e-08
                        1  0.1259     0.6494               3.2251 8.8311e-09
                        0  0.0000     0.3506               3.3510 4.7678e-09
 54  3.3420    6.5-                          7.7358e-08                       5.0000e-15
                        4  1.2921     1.0000               2.0498 7.7331e-08
 53  3.2681    1.5+                          2.9618e-08
                        9  2.1984     0.2500               1.0697 7.4023e-09
                        7  1.8841     0.3401               1.3840 1.0071e-08
                        6  1.5284     0.4099               1.7397 1.2135e-08
 52  3.2632    1.5-                          2.3751e-08
                       15  2.3658     0.4010               0.8974 9.5224e-09
                        0  0.0000     0.5990               3.2632 1.4215e-08
 51  3.2608    2.5-                          3.5626e-08                       3.5000e-14
                        1  0.1259     1.0000               3.1349 3.5597e-08
 50  3.1953    1.5+                          4.4654e-08                       1.7000e-14
                        0  0.0000     1.0000               3.1953 4.4595e-08
 49  3.1584    1.5-                          4.0518e-08                       4.6000e-14
                        6  1.5284     0.7298               1.6301 2.9565e-08
                        0  0.0000     0.2702               3.1584 1.0939e-08
 48  3.1470    3.5-                          8.2422e-08
                       22  2.6946     0.2500               0.4524 2.0605e-08
                       24  2.7410     0.2500               0.4060 2.0605e-08
                       39  3.0399     0.2500               0.1071 2.0605e-08
                       41  3.0508     0.2500               0.0962 2.0605e-08
 47  3.1360    2.5-                          6.6325e-08
                       22  2.6946     0.1667               0.4414 1.1054e-08
                       24  2.7410     0.1667               0.3950 1.1054e-08
                       33  2.9840     0.1667               0.1520 1.1054e-08
                       39  3.0399     0.1667               0.0961 1.1054e-08
                       41  3.0508     0.1667               0.0852 1.1054e-08
                       44  3.0700     0.1667               0.0660 1.1054e-08
 46  3.1261    6.5-                          3.1316e-07                       1.7000e-14
                       14  2.3114     0.1379               0.8147 4.3174e-08
                        2  0.9843     0.8621               2.1419 2.6986e-07
 45  3.0803    1.5-                          6.1461e-08                       3.0000e-14
                       15  2.3658     0.2500               0.7145 1.5360e-08
                        6  1.5284     0.6410               1.5519 3.9391e-08
                        0  0.0000     0.1090               3.0803 6.6941e-09
 44  3.0700    1.5+                          1.0870e-07                       2.4000e-14
                        0  0.0000     1.0000               3.0700 1.0856e-07
 43  3.0600    3.5-                          1.4409e-07
                       22  2.6946     0.2500               0.3654 3.6022e-08
                       24  2.7410     0.2500               0.3190 3.6022e-08
                       39  3.0399     0.2500               0.0201 3.6022e-08
                       41  3.0508     0.2500               0.0092 3.6022e-08
 42  3.0547    7.5-                          2.6942e-06                       1.8000e-13
                       14  2.3114     0.4792               0.7432 1.2908e-06
                        4  1.2921     0.5208               1.7626 1.4028e-06
 41  3.0508    2.5+                          2.3539e-07                       1.7000e-12
                        6  1.5284     0.6991               1.5225 1.6451e-07
                        1  0.1259     0.3009               2.9249 7.0744e-08
 40  3.0460    2.5-                          1.1989e-07                       1.4000e-13
                        7  1.8841     1.0000               1.1619 1.1988e-07
 39  3.0399    2.5+                          2.4609e-07                       1.7000e-13
                        1  0.1259     1.0000               2.9140 2.4579e-07
 38  3.0374    0.5-                          4.4457e-08
                       12  2.2668     1.0000               0.7706 4.4442e-08
 37  3.0359    5.5-                          3.2190e-07                       5.0000e-14
                        1  0.1259     1.0000               2.9100 3.2165e-07
 36  3.0280    1.5-                          8.9362e-08
                       13  2.2810     0.2000               0.7470 1.7872e-08
                       18  2.4265     0.2000               0.6015 1.7872e-08
                       20  2.5820     0.2000               0.4460 1.7872e-08
                       21  2.6217     0.2000               0.4063 1.7872e-08
                       33  2.9840     0.2000               0.0440 1.7872e-08
 35  3.0058    1.5-                          9.9429e-08                       1.7000e-14
                        0  0.0000     1.0000               3.0058 9.9355e-08
 34  2.9918    3.5-                          2.0491e-07                       1.2000e-14
                        2  0.9843     0.2307               2.0075 4.7258e-08
                        1  0.1259     0.7693               2.8658 1.5753e-07
 33  2.9840    1.5+                          1.8391e-07
                        0  0.0000     0.0714               2.9840 1.3137e-08
                        5  1.2930     0.0714               1.6910 1.3137e-08
                        6  1.5284     0.0714               1.4556 1.3137e-08
                       10  2.2150     0.0714               0.7690 1.3137e-08
                       11  2.2525     0.0714               0.7315 1.3137e-08
                       12  2.2668     0.0714               0.7172 1.3137e-08
                       15  2.3658     0.0714               0.6182 1.3137e-08
                       16  2.3800     0.0714               0.6040 1.3137e-08
                       19  2.5632     0.0714               0.4208 1.3137e-08
                       25  2.7527     0.0714               0.2313 1.3137e-08
                       29  2.8733     0.0714               0.1107 1.3137e-08
                       30  2.9250     0.0714               0.0590 1.3137e-08
                       31  2.9534     0.0714               0.0306 1.3137e-08
                       32  2.9762     0.0714               0.0078 1.3137e-08
 32  2.9762    1.5-                          1.2694e-07                       1.2500e-13
                        6  1.5284     0.2307               1.4478 2.9281e-08
                        0  0.0000     0.7693               2.9762 9.7585e-08
 31  2.9534    1.5-                          1.3899e-07                       1.3000e-14
                        1  0.1259     0.8475               2.8275 1.1771e-07
                        0  0.0000     0.1525               2.9534 2.1181e-08
 30  2.9250    1.5-                          1.5559e-07
                        1  0.1259     1.0000               2.7991 1.5548e-07
 29  2.8733    0.5-                          1.1974e-07                       8.3000e-14
                        6  1.5284     0.7691               1.3449 9.2084e-08
                        0  0.0000     0.2309               2.8733 2.7628e-08
 28  2.8284    3.5-                          5.0281e-07
                        4  1.2921     1.0000               1.5363 5.0273e-07
 27  2.8237    4.5-                          6.8803e-07                       1.1000e-14
                        7  1.8841     0.3006               0.9396 2.0678e-07
                        1  0.1259     0.6994               2.6977 4.8091e-07
 26  2.8221    4.5-                          6.9318e-07                       9.4000e-14
                        7  1.8841     0.3590               0.9380 2.4881e-07
                        4  1.2921     0.6410               1.5300 4.4426e-07
 25  2.7527    2.5-                          5.5234e-07                       2.5000e-14
                        7  1.8841     0.3304               0.8686 1.8245e-07
                        1  0.1259     0.4292               2.6268 2.3693e-07
                        0  0.0000     0.2404               2.7527 1.3270e-07
 24  2.7410    3.5+                          1.1097e-06
                        0  0.0000     0.0909               2.7410 1.0088e-07
                        1  0.1259     0.0909               2.6151 1.0088e-07
                        2  0.9843     0.0909               1.7567 1.0088e-07
                        7  1.8841     0.0909               0.8569 1.0088e-07
                        8  2.0152     0.0909               0.7258 1.0088e-07
                        9  2.1984     0.0909               0.5426 1.0088e-07
                       10  2.2150     0.0909               0.5260 1.0088e-07
                       12  2.2668     0.0909               0.4742 1.0088e-07
                       15  2.3658     0.0909               0.3752 1.0088e-07
                       17  2.3984     0.0909               0.3426 1.0088e-07
                       23  2.7273     0.0909               0.0137 1.0088e-07
 23  2.7273    3.5-                          8.8887e-07                       9.8000e-13
                        4  1.2921     0.1917               1.4352 1.7037e-07
                        2  0.9843     0.2901               1.7431 2.5781e-07
                        0  0.0000     0.5182               2.7273 4.6034e-07
 22  2.6946    3.5+                          1.3039e-06
                        0  0.0000     1.0000               2.6946 1.3025e-06
 21  2.6217    0.5+                          5.3209e-07
                        0  0.0000     1.0000               2.6217 5.3188e-07
 20  2.5820    0.5+                          6.1883e-07
                        5  1.2930     0.2000               1.2890 1.2377e-07
                        6  1.5284     0.2000               1.0536 1.2377e-07
                       11  2.2525     0.2000               0.3295 1.2377e-07
                       16  2.3800     0.2000               0.2020 1.2377e-07
                       19  2.5632     0.2000               0.0188 1.2377e-07
 19  2.5632    1.5-                          1.1173e-06                       7.7000e-15
                        0  0.0000     1.0000               2.5632 1.1167e-06
 18  2.4265    0.5+                          1.4489e-06                       1.4000e-12
                        6  1.5284     1.0000               0.8982 1.4488e-06
 17  2.3984    4.5-                          5.9903e-06                       1.7000e-14
                        2  0.9843     0.2592               1.4141 1.5525e-06
                        1  0.1259     0.7408               2.2725 4.4357e-06
 16  2.3800    1.5-                          2.5253e-06
                       13  2.2810     1.0000               0.0990 2.5253e-06
 15  2.3658    2.5-                          3.7444e-06                       2.3000e-14
                        1  0.1259     0.7407               2.2399 2.7723e-06
                        0  0.0000     0.2593               2.3658 9.7044e-07
 14  2.3114    6.5-                          1.0183e-04                       1.5000e-13
                        4  1.2921     0.9009               1.0193 9.1727e-05
                        2  0.9843     0.0991               1.3272 1.0090e-05
 13  2.2810    0.5+                          5.2038e-06
                        5  1.2930     0.3333               0.9880 1.7346e-06
                        6  1.5284     0.3333               0.7527 1.7346e-06
                       11  2.2525     0.3333               0.0285 1.7346e-06
 12  2.2668    2.5-                          5.9949e-06                       1.2500e-13
                        6  1.5284     0.2700               0.7385 1.6182e-06
                        0  0.0000     0.7300               2.2668 4.3744e-06
 11  2.2525    1.5-                          6.3517e-06                       2.3000e-14
                        0  0.0000     1.0000               2.2525 6.3490e-06
 10  2.2150    2.5-                          7.5392e-06                       3.8000e-13
                        0  0.0000     1.0000               2.2150 7.5361e-06
  9  2.1984    3.5-                          1.0358e-05                       1.8000e-14
                        2  0.9843     0.3292               1.2142 3.4096e-06
                        1  0.1259     0.0610               2.0725 6.3143e-07
                        0  0.0000     0.6098               2.1984 6.3141e-06
  8  2.0152    3.5-                          2.3105e-05                       5.1000e-16
                        2  0.9843     0.5681               1.0309 1.3124e-05
                        0  0.0000     0.4319               2.0152 9.9761e-06
  7  1.8841    3.5-                          3.7866e-05                       1.2000e-14
                        1  0.1259     0.3590               1.7581 1.3591e-05
                        0  0.0000     0.6410               1.8841 2.4266e-05
  6  1.5284    1.5-                          8.5550e-05                       6.2000e-14
                        1  0.1259     0.0338               1.4024 2.8928e-06
                        0  0.0000     0.9662               1.5284 8.2645e-05
  5  1.2930    0.5-                          9.6994e-05
                        0  0.0000     1.0000               1.2930 9.6982e-05
  4  1.2921    5.5-                          7.8295e-03                       1.1000e-12
                        2  0.9843     0.2484               0.3079 1.9413e-03
                        1  0.1259     0.7516               1.1662 5.8839e-03
  3  1.2891    5.5+                          1.0347e-02
                        2  0.9843     0.9010               0.3048 9.3095e-03
                        1  0.1259     0.0990               1.1632 1.0240e-03
  2  0.9843    4.5-                          1.9947e-02                       2.8000e-13
                        1  0.1259     0.9524               0.8583 1.8994e-02
                        0  0.0000     0.0476               0.9843 9.4970e-04
  1  0.1259    3.5-                          9.0561e-02                       2.5900e-10
                        0  0.0000     1.0000               0.1259 8.9012e-02
  0  0.0000    2.5-                          1.2899e-01
#......................................................................../  026-057Fe //  26.000000
#                                                                          SUM SPECTRA FOR COMPOUND
#            023-050V       gamma    neutron     proton      alpha   deuteron
 SpcSum[mb]            1.9100e-02 0.0000e+00 3.4425e-21 0.0000e+00 0.0000e+00
 Emean[MeV]            2.2562e-01 0.0000e+00 8.5871e-01 0.0000e+00 0.0000e+00
#......................................................................../  026-057Fe //  26.000000
#                                                                   GAMMAS FROM DISCRETE TRANSITION
#           1 0 2 0 0 0             023-050V 
#   Ex[MeV]     Jpi    FinalState  Branching Production    Egamma Production   T(1/2)[s]
 42  2.5340    4.0-                          3.5585e-06
                        1  0.2263     0.0417               2.3077 1.4827e-07
                        2  0.3202     0.0417               2.2138 1.4827e-07
                        3  0.3555     0.0417               2.1785 1.4827e-07
                        5  0.8362     0.0417               1.6978 1.4827e-07
                        6  0.9100     0.0417               1.6240 1.4827e-07
                        7  0.9102     0.0417               1.6238 1.4827e-07
                        8  1.3015     0.0417               1.2325 1.4827e-07
                       13  1.5618     0.0417               0.9722 1.4827e-07
                       14  1.6773     0.0417               0.8567 1.4827e-07
                       15  1.7002     0.0417               0.8338 1.4827e-07
                       17  1.7190     0.0417               0.8150 1.4827e-07
                       19  1.7252     0.0417               0.8088 1.4827e-07
                       20  1.7523     0.0417               0.7817 1.4827e-07
                       23  1.8110     0.0417               0.7230 1.4827e-07
                       24  1.8812     0.0417               0.6528 1.4827e-07
                       25  1.9360     0.0417               0.5980 1.4827e-07
                       27  2.0380     0.0417               0.4960 1.4827e-07
                       28  2.1110     0.0417               0.4230 1.4827e-07
                       29  2.1320     0.0417               0.4020 1.4827e-07
                       31  2.3126     0.0417               0.2214 1.4827e-07
                       32  2.3440     0.0417               0.1900 1.4827e-07
                       33  2.3980     0.0417               0.1360 1.4827e-07
                       36  2.4550     0.0417               0.0790 1.4827e-07
                       38  2.4840     0.0417               0.0500 1.4827e-07
 41  2.5320    1.0+                          9.6626e-07
                        9  1.3316     1.0000               1.2004 9.6626e-07
 40  2.5110    4.0-                          3.8251e-06
                        1  0.2263     0.0417               2.2848 1.5938e-07
                        2  0.3202     0.0417               2.1908 1.5938e-07
                        3  0.3555     0.0417               2.1555 1.5938e-07
                        5  0.8362     0.0417               1.6748 1.5938e-07
                        6  0.9100     0.0417               1.6010 1.5938e-07
                        7  0.9102     0.0417               1.6008 1.5938e-07
                        8  1.3015     0.0417               1.2095 1.5938e-07
                       13  1.5618     0.0417               0.9492 1.5938e-07
                       14  1.6773     0.0417               0.8337 1.5938e-07
                       15  1.7002     0.0417               0.8108 1.5938e-07
                       17  1.7190     0.0417               0.7920 1.5938e-07
                       19  1.7252     0.0417               0.7858 1.5938e-07
                       20  1.7523     0.0417               0.7587 1.5938e-07
                       23  1.8110     0.0417               0.7000 1.5938e-07
                       24  1.8812     0.0417               0.6298 1.5938e-07
                       25  1.9360     0.0417               0.5750 1.5938e-07
                       27  2.0380     0.0417               0.4730 1.5938e-07
                       28  2.1110     0.0417               0.4000 1.5938e-07
                       29  2.1320     0.0417               0.3790 1.5938e-07
                       31  2.3126     0.0417               0.1984 1.5938e-07
                       32  2.3440     0.0417               0.1670 1.5938e-07
                       33  2.3980     0.0417               0.1130 1.5938e-07
                       36  2.4550     0.0417               0.0560 1.5938e-07
                       38  2.4840     0.0417               0.0270 1.5938e-07
 39  2.4940    1.0+                          1.0874e-06
                        9  1.3316     1.0000               1.1624 1.0874e-06
 38  2.4840    4.0+                          3.8583e-06
                       16  1.7032     0.3333               0.7808 1.2861e-06
                       30  2.1620     0.3333               0.3220 1.2861e-06
                       34  2.4240     0.3333               0.0600 1.2861e-06
 37  2.4783    9.0+                          1.8242e-05                       2.4000e-13
                       18  1.7246     1.0000               0.7537 1.8239e-05
 36  2.4550    5.0+                          5.7031e-06
                       21  1.7615     0.3333               0.6935 1.9010e-06
                       22  1.7622     0.3333               0.6928 1.9010e-06
                       34  2.4240     0.3333               0.0310 1.9010e-06
 35  2.4250    1.0+                          1.3239e-06
                        4  0.3885     1.0000               2.0365 1.3235e-06
 34  2.4240    4.0-                          8.0633e-06
                        1  0.2263     0.0455               2.1978 3.6651e-07
                        2  0.3202     0.0455               2.1038 3.6651e-07
                        3  0.3555     0.0455               2.0685 3.6651e-07
                        5  0.8362     0.0455               1.5878 3.6651e-07
                        6  0.9100     0.0455               1.5140 3.6651e-07
                        7  0.9102     0.0455               1.5138 3.6651e-07
                        8  1.3015     0.0455               1.1225 3.6651e-07
                       13  1.5618     0.0455               0.8622 3.6651e-07
                       14  1.6773     0.0455               0.7467 3.6651e-07
                       15  1.7002     0.0455               0.7238 3.6651e-07
                       17  1.7190     0.0455               0.7050 3.6651e-07
                       19  1.7252     0.0455               0.6988 3.6651e-07
                       20  1.7523     0.0455               0.6717 3.6651e-07
                       23  1.8110     0.0455               0.6130 3.6651e-07
                       24  1.8812     0.0455               0.5428 3.6651e-07
                       25  1.9360     0.0455               0.4880 3.6651e-07
                       27  2.0380     0.0455               0.3860 3.6651e-07
                       28  2.1110     0.0455               0.3130 3.6651e-07
                       29  2.1320     0.0455               0.2920 3.6651e-07
                       31  2.3126     0.0455               0.1114 3.6651e-07
                       32  2.3440     0.0455               0.0800 3.6651e-07
                       33  2.3980     0.0455               0.0260 3.6651e-07
 33  2.3980    5.0+                          7.0450e-06
                       21  1.7615     0.5000               0.6365 3.5225e-06
                       22  1.7622     0.5000               0.6358 3.5225e-06
 32  2.3440    3.0+                          4.6916e-06
                       16  1.7032     0.5000               0.6408 2.3458e-06
                       30  2.1620     0.5000               0.1820 2.3458e-06
 31  2.3126    3.0+                          5.1109e-06
                       18  1.7246     1.0000               0.5880 5.1109e-06
 30  2.1620    3.0-                          1.2380e-05
                        2  0.3202     0.0556               1.8418 6.8776e-07
                        3  0.3555     0.0556               1.8065 6.8776e-07
                        4  0.3885     0.0556               1.7735 6.8776e-07
                        7  0.9102     0.0556               1.2518 6.8776e-07
                        8  1.3015     0.0556               0.8605 6.8776e-07
                       10  1.4020     0.0556               0.7600 6.8776e-07
                       12  1.5185     0.0556               0.6435 6.8776e-07
                       13  1.5618     0.0556               0.6002 6.8776e-07
                       14  1.6773     0.0556               0.4847 6.8776e-07
                       15  1.7002     0.0556               0.4618 6.8776e-07
                       17  1.7190     0.0556               0.4430 6.8776e-07
                       19  1.7252     0.0556               0.4368 6.8776e-07
                       20  1.7523     0.0556               0.4097 6.8776e-07
                       23  1.8110     0.0556               0.3510 6.8776e-07
                       25  1.9360     0.0556               0.2260 6.8776e-07
                       27  2.0380     0.0556               0.1240 6.8776e-07
                       28  2.1110     0.0556               0.0510 6.8776e-07
                       29  2.1320     0.0556               0.0300 6.8776e-07
 29  2.1320    3.0+                          9.1384e-06
                       16  1.7032     1.0000               0.4288 9.1384e-06
 28  2.1110    3.0+                          9.6480e-06
                       16  1.7032     1.0000               0.4078 9.6480e-06
 27  2.0380    4.0+                          1.5326e-05
                       16  1.7032     1.0000               0.3348 1.5326e-05
 26  1.9540    1.0+                          6.0244e-06
                        9  1.3316     1.0000               0.6224 6.0244e-06
 25  1.9360    4.0+                          2.0578e-05
                       16  1.7032     1.0000               0.2328 2.0578e-05
 24  1.8812    5.0+                          3.1686e-05                       1.5000e-14
                        5  0.8362     1.0000               1.0450 3.1682e-05
 23  1.8110    3.0+                          2.1303e-05                       2.9000e-12
                        8  1.3015     0.0000               0.5095 0.0000e+00
                        4  0.3885     0.2079               1.4225 4.4283e-06
                        3  0.3555     0.2475               1.4555 5.2718e-06
                        2  0.3202     0.5446               1.4908 1.1600e-05
 22  1.7622    6.0-                          7.6255e-05
                        5  0.8362     1.0000               0.9260 7.6249e-05
 21  1.7615    6.0-                          7.6514e-05                       5.0000e-15
                        6  0.9100     0.5000               0.8515 3.8257e-05
                        0  0.0000     0.5000               1.7615 3.8257e-05
 20  1.7523    4.0+                          3.4296e-05                       1.3000e-12
                        3  0.3555     0.3333               1.3968 1.1432e-05
                        2  0.3202     0.3333               1.4321 1.1432e-05
                        1  0.2263     0.3333               1.5260 1.1432e-05
 19  1.7252    4.0+                          3.7169e-05
                        2  0.3202     0.0909               1.4050 3.3786e-06
                        1  0.2263     0.9091               1.4990 3.3785e-05
 18  1.7246    8.0+                          1.5893e-04                       1.4000e-13
                        6  0.9100     0.6445               0.8146 1.0234e-04
                        0  0.0000     0.3555               1.7246 5.6486e-05
 17  1.7190    4.0+                          3.7814e-05
                        4  0.3885     0.5587               1.3305 2.1125e-05
                        3  0.3555     0.4413               1.3635 1.6686e-05
 16  1.7032    3.0-                          9.6764e-05
                        7  0.9102     1.0000               0.7930 9.6754e-05
 15  1.7002    4.0+                          3.9792e-05                       3.5000e-13
                        2  0.3202     1.0000               1.3800 3.9787e-05
 14  1.6773    3.0+                          3.1612e-05                       3.2000e-13
                       10  1.4020     0.1812               0.2753 5.7002e-06
                        8  1.3015     0.4405               0.3758 1.3903e-05
                        4  0.3885     0.1979               1.2888 6.2561e-06
                        3  0.3555     0.1803               1.3218 5.6997e-06
 13  1.5618    3.0+                          4.3702e-05                       7.0000e-13
                        4  0.3885     0.5000               1.1733 2.1849e-05
                        3  0.3555     0.5000               1.2063 2.1849e-05
 12  1.5185    2.0+                          3.6172e-05                       1.6400e-13
                        4  0.3885     0.8333               1.1300 3.0140e-05
                        3  0.3555     0.1667               1.1630 6.0293e-06
 11  1.4954    1.0+                          2.3705e-05                       4.4000e-14
                        4  0.3885     0.8772               1.1069 2.0792e-05
                        3  0.3555     0.1228               1.1399 2.9107e-06
 10  1.4020    2.0+                          5.4327e-05                       8.0000e-13
                        7  0.9102     0.1215               0.4918 6.5938e-06
                        4  0.3885     0.5780               1.0135 3.1397e-05
                        3  0.3555     0.1618               1.0465 8.7892e-06
                        2  0.3202     0.1387               1.0818 7.5343e-06
  9  1.3316    1.0+                          4.7871e-05                       1.7000e-14
                        4  0.3885     1.0000               0.9431 4.7864e-05
  8  1.3015    3.0+                          1.0832e-04                       4.8000e-14
                        4  0.3885     0.7194               0.9130 7.7913e-05
                        3  0.3555     0.2806               0.9460 3.0390e-05
  7  0.9102    4.0+                          4.6423e-04                       6.8000e-14
                        1  0.2263     1.0000               0.6840 4.6412e-04
  6  0.9100    5.0+                          5.9899e-04                       4.3000e-14
                        0  0.0000     1.0000               0.9100 5.9892e-04
  5  0.8362    5.0+                          6.5661e-04                       5.4000e-14
                        2  0.3202     0.3712               0.5160 2.4358e-04
                        0  0.0000     0.6288               0.8362 4.1282e-04
  4  0.3885    2.0+                          1.2102e-03
                        3  0.3555     1.0000               0.0330 8.2104e-04
  3  0.3555    3.0+                          2.8159e-03                       3.0000e-09
                        2  0.3202     0.9943               0.0353 2.0171e-03
                        1  0.2263     0.0057               0.1292 1.4119e-05
  2  0.3202    4.0+                          5.1056e-03                       5.6000e-11
                        1  0.2263     0.9855               0.0939 4.9032e-03
                        0  0.0000     0.0145               0.3202 7.3549e-05
  1  0.2263    5.0+                          8.4857e-03                       3.7000e-12
                        0  0.0000     1.0000               0.2263 8.4100e-03
  0  0.0000    6.0+                          1.7422e-02                       4.7340e+24
#......................................................................../  026-057Fe //  26.000000
#                                                                          SUM SPECTRA FOR COMPOUND
#            024-052Cr      gamma      alpha
 SpcSum[mb]            4.2036e-05 0.0000e+00
 Emean[MeV]            1.3621e+00 0.0000e+00
#......................................................................../  026-057Fe //  26.000000
#                                                                   GAMMAS FROM DISCRETE TRANSITION
#           1 0 1 1 0 0             024-052Cr
#   Ex[MeV]     Jpi    FinalState  Branching Production    Egamma Production   T(1/2)[s]
 16  4.1000    3.0-                          6.1398e-11
                        1  1.4341     0.1000               2.6659 6.1398e-12
                        2  2.3696     0.1000               1.7304 6.1398e-12
                        4  2.7678     0.1000               1.3322 6.1398e-12
                        5  2.9648     0.1000               1.1352 6.1398e-12
                        7  3.1617     0.1000               0.9383 6.1398e-12
                        8  3.4153     0.1000               0.6847 6.1398e-12
                        9  3.4722     0.1000               0.6277 6.1398e-12
                       12  3.7717     0.1000               0.3283 6.1398e-12
                       13  3.9485     0.1000               0.1515 6.1398e-12
                       15  4.0392     0.1000               0.0608 6.1398e-12
 15  4.0392    4.0+                          9.7237e-11                       2.6000e-14
                        9  3.4722     1.0000               0.5670 9.7182e-11
 14  4.0155    5.0+                          1.9819e-10                       6.1000e-13
                       10  3.6159     0.1756               0.3996 3.4750e-11
                        8  3.4153     0.3741               0.6002 7.4114e-11
                        6  3.1139     0.0423               0.9016 8.3749e-12
                        4  2.7678     0.3627               1.2477 7.1883e-11
                        2  2.3696     0.0453               1.6459 8.9673e-12
 13  3.9485    2.0+                          8.2774e-11                       3.3000e-14
                        2  2.3696     0.0000               1.5789 0.0000e+00
                        0  0.0000     1.0000               3.9485 8.2677e-11
 12  3.7717    2.0+                          2.3818e-10                       1.0900e-14
                        1  1.4341     0.7935               2.3376 1.8891e-10
                        0  0.0000     0.2065               3.7717 4.9129e-11
 11  3.7396    1.0+                          1.6592e-10
                        0  0.0000     1.0000               3.7396 1.6592e-10
 10  3.6159    5.0+                          3.6664e-09                       2.6000e-12
                        8  3.4153     0.0098               0.2006 3.5528e-11
                        6  3.1139     0.0269               0.5021 9.8695e-11
                        4  2.7678     0.4248               0.8482 1.5572e-09
                        2  2.3696     0.5384               1.2463 1.9738e-09
  9  3.4722    3.0+                          2.0165e-09                       7.2000e-12
                        4  2.7678     0.7812               0.7045 1.5749e-09
                        1  1.4341     0.2188               2.0382 4.4106e-10
  8  3.4153    4.0+                          5.2329e-09                       2.6000e-13
                        4  2.7678     0.7969               0.6475 4.1686e-09
                        3  2.6469     0.0000               0.7684 0.0000e+00
                        2  2.3696     0.1354               1.0457 7.0850e-10
                        1  1.4341     0.0677               1.9812 3.5433e-10
  7  3.1617    2.0+                          7.2585e-09                       6.6000e-14
                        1  1.4341     0.9090               1.7276 6.5969e-09
                        0  0.0000     0.0910               3.1617 6.5975e-10
  6  3.1139    6.0+                          3.7747e-07                       4.1400e-11
                        4  2.7678     0.0108               0.3461 4.0681e-09
                        2  2.3696     0.9892               0.7442 3.7326e-07
  5  2.9648    2.0+                          2.0493e-08                       4.2000e-13
                        1  1.4341     0.9911               1.5307 2.0307e-08
                        0  0.0000     0.0089               2.9648 1.8276e-10
  4  2.7678    4.0+                          2.6735e-07                       1.9000e-12
                        2  2.3696     0.0173               0.3981 4.6229e-09
                        1  1.4341     0.9827               1.3337 2.6268e-07
  3  2.6469    0.0+                          1.5777e-08
                        1  1.4341     1.0000               1.2128 1.5775e-08
  2  2.3696    4.0+                          3.4020e-06                       1.0400e-12
                        1  1.4341     1.0000               0.9355 3.4014e-06
  1  1.4341    2.0+                          3.7939e-05                       7.9300e-13
                        0  0.0000     1.0000               1.4341 3.7934e-05
  0  0.0000    0.0+                          8.8905e-04
#......................................................................../  026-057Fe //  26.000000
#                                                                          SUM SPECTRA FOR COMPOUND
#            024-056Cr      gamma    neutron      alpha
 SpcSum[mb]            1.0204e-04 4.1676e-18 0.0000e+00
 Emean[MeV]            9.9812e-01 2.1271e-02 0.0000e+00
#......................................................................../  026-057Fe //  26.000000
#                                                                   GAMMAS FROM DISCRETE TRANSITION
#           0 3 0 0 0 0             024-056Cr
#   Ex[MeV]     Jpi    FinalState  Branching Production    Egamma Production   T(1/2)[s]
 22  4.2840    1.0-                          5.6038e-09
                        0  0.0000     0.1429               4.2840 8.0055e-10
                        1  1.0066     0.1429               3.2774 8.0055e-10
                        2  1.6745     0.1429               2.6095 8.0055e-10
                        3  1.8316     0.1429               2.4524 8.0055e-10
                        5  2.3268     0.1429               1.9572 8.0055e-10
                       11  3.5090     0.1429               0.7750 8.0055e-10
                       16  3.8970     0.1429               0.3870 8.0055e-10
 21  4.2470    1.0-                          6.3847e-09
                        0  0.0000     0.1429               4.2470 9.1211e-10
                        1  1.0066     0.1429               3.2404 9.1211e-10
                        2  1.6745     0.1429               2.5725 9.1211e-10
                        3  1.8316     0.1429               2.4154 9.1211e-10
                        5  2.3268     0.1429               1.9202 9.1211e-10
                       11  3.5090     0.1429               0.7380 9.1211e-10
                       16  3.8970     0.1429               0.3500 9.1211e-10
 20  4.1750    0.0-                          2.8630e-09
                        4  2.0766     1.0000               2.0984 2.8630e-09
 19  4.1120    1.0-                          1.0207e-08
                        0  0.0000     0.1429               4.1120 1.4582e-09
                        1  1.0066     0.1429               3.1054 1.4582e-09
                        2  1.6745     0.1429               2.4375 1.4582e-09
                        3  1.8316     0.1429               2.2804 1.4582e-09
                        5  2.3268     0.1429               1.7852 1.4582e-09
                       11  3.5090     0.1429               0.6030 1.4582e-09
                       16  3.8970     0.1429               0.2150 1.4582e-09
 18  4.0140    2.0-                          2.3935e-08
                        1  1.0066     0.2500               3.0074 5.9838e-09
                        3  1.8316     0.2500               2.1824 5.9838e-09
                        5  2.3268     0.2500               1.6872 5.9838e-09
                       11  3.5090     0.2500               0.5050 5.9838e-09
 17  3.9160    1.0-                          1.9766e-08
                        0  0.0000     0.1429               3.9160 2.8237e-09
                        1  1.0066     0.1429               2.9094 2.8237e-09
                        2  1.6745     0.1429               2.2415 2.8237e-09
                        3  1.8316     0.1429               2.0844 2.8237e-09
                        5  2.3268     0.1429               1.5892 2.8237e-09
                       11  3.5090     0.1429               0.4070 2.8237e-09
                       16  3.8970     0.1429               0.0190 2.8237e-09
 16  3.8970    0.0+                          1.3067e-08
                        4  2.0766     0.3333               1.8204 4.3555e-09
                        7  3.1650     0.3333               0.7320 4.3555e-09
                       15  3.8190     0.3333               0.0780 4.3555e-09
 15  3.8190    1.0-                          3.1517e-08
                        0  0.0000     0.1667               3.8190 5.2528e-09
                        1  1.0066     0.1667               2.8124 5.2528e-09
                        2  1.6745     0.1667               2.1445 5.2528e-09
                        3  1.8316     0.1667               1.9874 5.2528e-09
                        5  2.3268     0.1667               1.4922 5.2528e-09
                       11  3.5090     0.1667               0.3100 5.2528e-09
 14  3.7940    3.0-                          7.7168e-08
                        1  1.0066     0.1667               2.7874 1.2861e-08
                        3  1.8316     0.1667               1.9624 1.2861e-08
                        5  2.3268     0.1667               1.4672 1.2861e-08
                        6  2.6817     0.1667               1.1123 1.2861e-08
                        8  3.2520     0.1667               0.5420 1.2861e-08
                       11  3.5090     0.1667               0.2850 1.2861e-08
 13  3.6750    3.0-                          1.1326e-07
                        1  1.0066     0.1667               2.6684 1.8877e-08
                        3  1.8316     0.1667               1.8434 1.8877e-08
                        5  2.3268     0.1667               1.3482 1.8877e-08
                        6  2.6817     0.1667               0.9933 1.8877e-08
                        8  3.2520     0.1667               0.4230 1.8877e-08
                       11  3.5090     0.1667               0.1660 1.8877e-08
 12  3.6480    3.0-                          1.2340e-07
                        1  1.0066     0.1667               2.6414 2.0567e-08
                        3  1.8316     0.1667               1.8164 2.0567e-08
                        5  2.3268     0.1667               1.3212 2.0567e-08
                        6  2.6817     0.1667               0.9663 2.0567e-08
                        8  3.2520     0.1667               0.3960 2.0567e-08
                       11  3.5090     0.1667               0.1390 2.0567e-08
 11  3.5090    2.0+                          1.9096e-07
                        4  2.0766     0.2500               1.4324 4.7741e-08
                        7  3.1650     0.2500               0.3440 4.7741e-08
                        9  3.4020     0.2500               0.1070 4.7741e-08
                       10  3.4510     0.2500               0.0580 4.7741e-08
 10  3.4510    3.0-                          2.7518e-07
                        1  1.0066     0.2000               2.4444 5.5036e-08
                        3  1.8316     0.2000               1.6194 5.5036e-08
                        5  2.3268     0.2000               1.1242 5.5036e-08
                        6  2.6817     0.2000               0.7693 5.5036e-08
                        8  3.2520     0.2000               0.1990 5.5036e-08
  9  3.4020    2.0-                          2.1658e-07
                        1  1.0066     0.3333               2.3954 7.2193e-08
                        3  1.8316     0.3333               1.5704 7.2193e-08
                        5  2.3268     0.3333               1.0752 7.2193e-08
  8  3.2520    4.0+                          7.6722e-07                       7.0000e-13
                        4  2.0766     1.0000               1.1754 7.6706e-07
  7  3.1650    1.0-                          2.5046e-07                       2.0000e-13
                        1  1.0066     1.0000               2.1584 2.5027e-07
  6  2.6817    4.0+                          3.3037e-06                       7.0000e-13
                        3  1.8316     1.0000               0.8501 3.3029e-06
  5  2.3268    2.0+                          3.2448e-06                       6.0000e-14
                        3  1.8316     0.0504               0.4952 1.6338e-07
                        1  1.0066     0.8992               1.3202 2.9175e-06
                        0  0.0000     0.0504               2.3268 1.6340e-07
  4  2.0766    1.0-                          4.0461e-06                       2.8000e-12
                        1  1.0066     1.0000               1.0700 4.0459e-06
  3  1.8316    2.0+                          1.3255e-05
                        1  1.0066     0.8475               0.8250 1.1231e-05
                        0  0.0000     0.1525               1.8316 2.0208e-06
  2  1.6745    0.0+                          2.5878e-06
                        1  1.0066     1.0000               0.6679 2.5866e-06
  1  1.0066    2.0+                          7.3432e-05                       1.4000e-12
                        0  0.0000     1.0000               1.0066 7.3421e-05
  0  0.0000    0.0+                          1.3382e-04                       3.5640e+02
#......................................................................../  026-057Fe //  26.000000
#                                                                          SUM SPECTRA FOR COMPOUND
#            023-053V       gamma    neutron     proton      alpha
 SpcSum[mb]            1.1619e-04 0.0000e+00 0.0000e+00 0.0000e+00
 Emean[MeV]            4.1788e-01 0.0000e+00 0.0000e+00 0.0000e+00
#......................................................................../  026-057Fe //  26.000000
#                                                                   GAMMAS FROM DISCRETE TRANSITION
#           0 2 1 0 0 0             023-053V 
#   Ex[MeV]     Jpi    FinalState  Branching Production    Egamma Production   T(1/2)[s]
 23  2.9670    0.5+                          4.1107e-09
                        2  0.2284     0.1429               2.7386 5.8724e-10
                        5  1.5496     0.1429               1.4174 5.8724e-10
                        9  1.9576     0.1429               1.0094 5.8724e-10
                       10  2.0840     0.1429               0.8830 5.8724e-10
                       15  2.5506     0.1429               0.4164 5.8724e-10
                       16  2.5840     0.1429               0.3830 5.8724e-10
                       22  2.9305     0.1429               0.0365 5.8724e-10
 22  2.9305    1.5-                          9.7397e-09
                        2  0.2284     1.0000               2.7021 9.7337e-09
 21  2.8880    2.5+                          1.6665e-08
                        0  0.0000     0.1111               2.8880 1.8517e-09
                        1  0.1276     0.1111               2.7604 1.8517e-09
                        2  0.2284     0.1111               2.6596 1.8517e-09
                        4  1.2660     0.1111               1.6220 1.8517e-09
                        5  1.5496     0.1111               1.3384 1.8517e-09
                        8  1.9040     0.1111               0.9840 1.8517e-09
                       10  2.0840     0.1111               0.8040 1.8517e-09
                       16  2.5840     0.1111               0.3040 1.8517e-09
                       20  2.8295     0.1111               0.0585 1.8517e-09
 20  2.8295    2.5-                          2.2146e-08
                        2  0.2284     0.5586               2.6011 1.2364e-08
                        1  0.1276     0.2570               2.7019 5.6881e-09
                        0  0.0000     0.1844               2.8295 4.0810e-09
 19  2.7720    1.5+                          1.6449e-08
                        1  0.1276     0.1250               2.6444 2.0561e-09
                        2  0.2284     0.1250               2.5436 2.0561e-09
                        5  1.5496     0.1250               1.2224 2.0561e-09
                        8  1.9040     0.1250               0.8680 2.0561e-09
                        9  1.9576     0.1250               0.8144 2.0561e-09
                       10  2.0840     0.1250               0.6880 2.0561e-09
                       15  2.5506     0.1250               0.2214 2.0561e-09
                       16  2.5840     0.1250               0.1880 2.0561e-09
 18  2.7060    1.5+                          2.0777e-08
                        1  0.1276     0.1250               2.5784 2.5971e-09
                        2  0.2284     0.1250               2.4776 2.5971e-09
                        5  1.5496     0.1250               1.1564 2.5971e-09
                        8  1.9040     0.1250               0.8020 2.5971e-09
                        9  1.9576     0.1250               0.7484 2.5971e-09
                       10  2.0840     0.1250               0.6220 2.5971e-09
                       15  2.5506     0.1250               0.1554 2.5971e-09
                       16  2.5840     0.1250               0.1220 2.5971e-09
 17  2.6360    3.5+                          5.9719e-08
                        0  0.0000     0.2000               2.6360 1.1944e-08
                        1  0.1276     0.2000               2.5084 1.1944e-08
                        4  1.2660     0.2000               1.3700 1.1944e-08
                        6  1.6530     0.2000               0.9830 1.1944e-08
                        8  1.9040     0.2000               0.7320 1.1944e-08
 16  2.5840    1.5-                          3.8281e-08
                        8  1.9040     0.2669               0.6800 1.0214e-08
                        5  1.5496     0.1708               1.0344 6.5377e-09
                        2  0.2284     0.2064               2.3556 7.8976e-09
                        1  0.1276     0.3559               2.4564 1.3617e-08
 15  2.5506    0.5-                          2.2894e-08
                        5  1.5496     1.0000               1.0010 2.2891e-08
 14  2.5240    5.5+                          2.0409e-07
                        3  1.0912     0.5000               1.4328 1.0204e-07
                        6  1.6530     0.5000               0.8710 1.0204e-07
 13  2.4204    7.5-                          8.0182e-07                       9.0000e-13
                        3  1.0912     1.0000               1.3292 8.0173e-07
 12  2.3570    0.5+                          3.4585e-08
                        2  0.2284     0.2500               2.1286 8.6463e-09
                        5  1.5496     0.2500               0.8074 8.6463e-09
                        9  1.9576     0.2500               0.3994 8.6463e-09
                       10  2.0840     0.2500               0.2730 8.6463e-09
 11  2.3320    1.5+                          7.4599e-08
                        1  0.1276     0.1667               2.2044 1.2433e-08
                        2  0.2284     0.1667               2.1036 1.2433e-08
                        5  1.5496     0.1667               0.7824 1.2433e-08
                        8  1.9040     0.1667               0.4280 1.2433e-08
                        9  1.9576     0.1667               0.3744 1.2433e-08
                       10  2.0840     0.1667               0.2480 1.2433e-08
 10  2.0840    1.5-                          1.9089e-07
                        2  0.2284     0.4819               1.8556 9.1966e-08
                        1  0.1276     0.5181               1.9564 9.8870e-08
  9  1.9576    0.5-                          1.4803e-07                       3.0000e-14
                        2  0.2284     1.0000               1.7292 1.4800e-07
  8  1.9040    2.5-                          4.8257e-07
                        2  0.2284     0.6060               1.6756 2.9239e-07
                        1  0.1276     0.0970               1.7764 4.6786e-08
                        0  0.0000     0.2970               1.9040 1.4329e-07
  7  1.8520    2.5+                          5.3291e-07
                        0  0.0000     0.2000               1.8520 1.0658e-07
                        1  0.1276     0.2000               1.7244 1.0658e-07
                        2  0.2284     0.2000               1.6236 1.0658e-07
                        4  1.2660     0.2000               0.5860 1.0658e-07
                        5  1.5496     0.2000               0.3024 1.0658e-07
  6  1.6530    4.5-                          2.1697e-06                       4.5000e-13
                        0  0.0000     1.0000               1.6530 2.1693e-06
  5  1.5496    1.5-                          9.8835e-07                       8.0000e-14
                        2  0.2284     0.3590               1.3212 3.5478e-07
                        1  0.1276     0.6410               1.4220 6.3346e-07
  4  1.2660    3.5-                          4.3162e-06                       1.1000e-12
                        3  1.0912     0.0922               0.1748 3.8089e-07
                        1  0.1276     0.2774               1.1384 1.1972e-06
                        0  0.0000     0.6304               1.2660 2.7207e-06
  3  1.0912    5.5-                          1.6991e-05                       2.0000e-12
                        0  0.0000     1.0000               1.0912 1.6989e-05
  2  0.2284    1.5-                          2.7154e-05                       4.0000e-09
                        1  0.1276     0.3391               0.1008 9.0074e-06
                        0  0.0000     0.6609               0.2284 1.7664e-05
  1  0.1276    2.5-                          6.3066e-05                       7.0000e-10
                        0  0.0000     1.0000               0.1276 6.2313e-05
  0  0.0000    3.5-                          2.0526e-04                       9.2580e+01
#......................................................................../  026-057Fe //  26.000000
#                                                                          SUM SPECTRA FOR COMPOUND
#            024-055Cr      gamma
 SpcSum[mb]            1.1631e-11
 Emean[MeV]            3.7101e-01
#......................................................................../  026-057Fe //  26.000000
#                                                                   GAMMAS FROM DISCRETE TRANSITION
#           0 2 0 1 0 0             024-055Cr
#   Ex[MeV]     Jpi    FinalState  Branching Production    Egamma Production   T(1/2)[s]
 35  3.3510    1.5-                          4.6276e-28
                        5  1.1310     0.2000               2.2200 9.2553e-29
                       10  2.0080     0.2000               1.3430 9.2553e-29
                       13  2.2692     0.2000               1.0818 9.2553e-29
                       23  2.8740     0.2000               0.4770 9.2553e-29
                       27  3.0090     0.2000               0.3420 9.2553e-29
 34  3.3062    7.5+                          1.6362e-26                       2.1000e-12
                       22  2.7555     0.8000               0.5507 1.3086e-26
                       17  2.3904     0.2000               0.9158 3.2711e-27
 33  3.2940    5.5+                          9.3359e-27
                        7  1.4388     0.1667               1.8552 1.5560e-27
                       14  2.3142     0.1667               0.9798 1.5560e-27
                       17  2.3904     0.1667               0.9036 1.5560e-27
                       22  2.7555     0.1667               0.5385 1.5560e-27
                       26  2.9887     0.1667               0.3053 1.5560e-27
                       31  3.1826     0.1667               0.1114 1.5560e-27
 32  3.2000    0.5-                          7.6539e-27
                       13  2.2692     1.0000               0.9308 7.6539e-27
 31  3.1826    6.5-                          1.7207e-25
                        7  1.4388     1.0000               1.7438 1.7203e-25
 30  3.1450    2.5-                          8.1504e-26
                        5  1.1310     0.2000               2.0140 1.6301e-26
                       10  2.0080     0.2000               1.1370 1.6301e-26
                       23  2.8740     0.2000               0.2710 1.6301e-26
                       27  3.0090     0.2000               0.1360 1.6301e-26
                       29  3.1140     0.2000               0.0310 1.6301e-26
 29  3.1140    3.5+                          2.4963e-25
                        2  0.5177     0.1250               2.5963 3.1203e-26
                        4  0.8807     0.1250               2.2333 3.1203e-26
                        6  1.2147     0.1250               1.8992 3.1203e-26
                        7  1.4388     0.1250               1.6752 3.1203e-26
                        9  1.4790     0.1250               1.6350 3.1203e-26
                       14  2.3142     0.1250               0.7998 3.1203e-26
                       18  2.5450     0.1250               0.5690 3.1203e-26
                       19  2.5960     0.1250               0.5180 3.1203e-26
 28  3.0170    0.5-                          3.5339e-25
                       13  2.2692     1.0000               0.7478 3.5339e-25
 27  3.0090    2.5+                          1.3457e-24
                        0  0.0000     0.0833               3.0090 1.1214e-25
                        2  0.5177     0.0833               2.4913 1.1214e-25
                        3  0.5659     0.0833               2.4431 1.1214e-25
                        4  0.8807     0.0833               2.1283 1.1214e-25
                        6  1.2147     0.0833               1.7942 1.1214e-25
                        9  1.4790     0.0833               1.5300 1.1214e-25
                       11  2.0838     0.0833               0.9251 1.1214e-25
                       15  2.3200     0.0833               0.6890 1.1214e-25
                       18  2.5450     0.0833               0.4640 1.1214e-25
                       19  2.5960     0.0833               0.4130 1.1214e-25
                       20  2.6870     0.0833               0.3220 1.1214e-25
                       21  2.7100     0.0833               0.2990 1.1214e-25
 26  2.9887    6.5-                          9.0181e-24
                       17  2.3904     1.0000               0.5983 9.0137e-24
 25  2.8945    0.5-                          3.5921e-24
                        3  0.5659     0.1823               2.3286 6.5447e-25
                        1  0.2419     0.2969               2.6526 1.0658e-24
                        0  0.0000     0.5208               2.8945 1.8696e-24
 24  2.8804    6.5+                          7.0862e-23
                       17  2.3904     0.3507               0.4900 2.4843e-23
                       12  2.0861     0.6493               0.7943 4.5997e-23
 23  2.8740    2.5+                          1.6786e-23
                        0  0.0000     0.0833               2.8740 1.3988e-24
                        2  0.5177     0.0833               2.3563 1.3988e-24
                        3  0.5659     0.0833               2.3081 1.3988e-24
                        4  0.8807     0.0833               1.9933 1.3988e-24
                        6  1.2147     0.0833               1.6593 1.3988e-24
                        9  1.4790     0.0833               1.3950 1.3988e-24
                       11  2.0838     0.0833               0.7902 1.3988e-24
                       15  2.3200     0.0833               0.5540 1.3988e-24
                       18  2.5450     0.0833               0.3290 1.3988e-24
                       19  2.5960     0.0833               0.2780 1.3988e-24
                       20  2.6870     0.0833               0.1870 1.3988e-24
                       21  2.7100     0.0833               0.1640 1.3988e-24
 22  2.7555    6.5-                          5.9690e-22                       3.5000e-12
                       17  2.3904     0.3153               0.3651 1.8782e-22
                       14  2.3142     0.0425               0.4413 2.5297e-23
                        7  1.4388     0.6422               1.3167 3.8330e-22
 21  2.7100    1.5-                          1.7857e-22
                        5  1.1310     0.3333               1.5790 5.9524e-23
                       10  2.0080     0.3333               0.7020 5.9524e-23
                       13  2.2692     0.3333               0.4408 5.9524e-23
 20  2.6870    1.5-                          2.5939e-22
                        3  0.5659     0.2038               2.1211 5.2839e-23
                        1  0.2419     0.2038               2.4451 5.2831e-23
                        0  0.0000     0.5924               2.6870 1.5358e-22
 19  2.5960    3.5-                          2.5091e-21
                        5  1.1310     0.3333               1.4650 8.3636e-22
                       10  2.0080     0.3333               0.5880 8.3636e-22
                       12  2.0861     0.3333               0.5099 8.3636e-22
 18  2.5450    3.5-                          5.4683e-21
                        5  1.1310     0.3333               1.4140 1.8228e-21
                       10  2.0080     0.3333               0.5370 1.8228e-21
                       12  2.0861     0.3333               0.4589 1.8228e-21
 17  2.3904    5.5-                          1.0861e-19
                        7  1.4388     1.0000               0.9516 1.0859e-19
 16  2.3550    5.5+                          1.8405e-19
                        7  1.4388     0.5000               0.9162 9.2024e-20
                       14  2.3142     0.5000               0.0408 9.2024e-20
 15  2.3200    1.5-                          5.8803e-20
                        5  1.1310     0.3333               1.1890 1.9601e-20
                       10  2.0080     0.3333               0.3120 1.9601e-20
                       13  2.2692     0.3333               0.0508 1.9601e-20
 14  2.3142    4.5-                          3.0488e-19
                        9  1.4790     1.0000               0.8352 3.0482e-19
 13  2.2692    0.5+                          7.8881e-20
                        3  0.5659     0.4999               1.7033 3.9415e-20
                        0  0.0000     0.5001               2.2692 3.9416e-20
 12  2.0861    4.5+                          4.1087e-18
                        9  1.4790     0.5813               0.6071 2.3879e-18
                        6  1.2147     0.4187               0.8714 1.7196e-18
 11  2.0838    1.5-                          1.2036e-18
                        1  0.2419     0.3671               1.8419 4.4175e-19
                        0  0.0000     0.6329               2.0838 7.6152e-19
 10  2.0080    2.5+                          4.9130e-18
                        0  0.0000     0.1667               2.0080 8.1883e-19
                        2  0.5177     0.1667               1.4903 8.1883e-19
                        3  0.5659     0.1667               1.4421 8.1883e-19
                        4  0.8807     0.1667               1.1273 8.1883e-19
                        6  1.2147     0.1667               0.7933 8.1883e-19
                        9  1.4790     0.1667               0.5290 8.1883e-19
  9  1.4790    3.5-                          1.8384e-15
                        2  0.5177     1.0000               0.9613 1.8381e-15
  8  1.4742    0.5-                          4.0610e-16
                        3  0.5659     0.5023               0.9083 2.0394e-16
                        1  0.2419     0.0557               1.2323 2.2637e-17
                        0  0.0000     0.4420               1.4742 1.7946e-16
  7  1.4388    4.5-                          3.8537e-15                       4.2000e-12
                        6  1.2147     0.1865               0.2241 7.0504e-16
                        2  0.5177     0.8135               0.9211 3.1344e-15
  6  1.2147    2.5-                          1.4571e-14                       3.5000e-12
                        4  0.8807     0.2733               0.3340 3.9708e-15
                        2  0.5177     0.0779               0.6970 1.1343e-15
                        0  0.0000     0.6488               1.2147 9.4534e-15
  5  1.1310    2.5+                          3.0924e-14
                        2  0.5177     1.0000               0.6133 3.0917e-14
  4  0.8807    2.5-                          2.2053e-13
                        3  0.5659     0.0494               0.3148 1.0867e-14
                        2  0.5177     0.0705               0.3630 1.5524e-14
                        0  0.0000     0.8800               0.8807 1.9404e-13
  3  0.5659    1.5-                          1.4325e-12
                        1  0.2419     0.1153               0.3240 1.6466e-13
                        0  0.0000     0.8847               0.5659 1.2666e-12
  2  0.5177    2.5-                          3.2531e-12                       5.2000e-12
                        0  0.0000     1.0000               0.5177 3.2508e-12
  1  0.2419    0.5-                          6.7306e-12
                        0  0.0000     1.0000               0.2419 6.6772e-12
  0  0.0000    1.5-                          7.4881e-11                       2.0980e+02
#......................................................................../  026-057Fe //  26.000000
#                                                                          SUM SPECTRA FOR COMPOUND
#            022-050Ti      gamma    neutron     proton      alpha
 SpcSum[mb]            5.1124e-04 0.0000e+00 0.0000e+00 0.0000e+00
 Emean[MeV]            1.5893e+00 0.0000e+00 0.0000e+00 0.0000e+00
#......................................................................../  026-057Fe //  26.000000
#                                                                   GAMMAS FROM DISCRETE TRANSITION
#           0 1 2 0 0 0             022-050Ti
#   Ex[MeV]     Jpi    FinalState  Branching Production    Egamma Production   T(1/2)[s]
 39  5.8372    2.0+                          5.4052e-11                       2.6000e-14
                        8  4.1472     0.5493               1.6900 2.9685e-11
                        2  2.6749     0.4507               3.1623 2.4340e-11
 38  5.8065    6.0+                          2.1494e-10
                        2  2.6749     1.0000               3.1316 2.1476e-10
 37  5.7950    6.0-                          2.3332e-10
                        3  3.1987     0.3333               2.5963 7.7773e-11
                       17  4.8807     0.3333               0.9143 7.7773e-11
                       31  5.6000     0.3333               0.1950 7.7773e-11
 36  5.7870    4.0+                          1.2779e-10
                        6  3.9749     0.0909               1.8121 1.1617e-11
                        7  4.1470     0.0909               1.6400 1.1617e-11
                       12  4.4100     0.0909               1.3770 1.1617e-11
                       18  4.9280     0.0909               0.8590 1.1617e-11
                       20  5.1250     0.0909               0.6620 1.1617e-11
                       22  5.1910     0.0909               0.5960 1.1617e-11
                       23  5.3360     0.0909               0.4510 1.1617e-11
                       25  5.4070     0.0909               0.3800 1.1617e-11
                       27  5.5280     0.0909               0.2590 1.1617e-11
                       29  5.5600     0.0909               0.2270 1.1617e-11
                       35  5.7710     0.0909               0.0160 1.1617e-11
 35  5.7710    4.0-                          1.5089e-10
                        2  2.6749     0.1000               3.0961 1.5089e-11
                        8  4.1472     0.1000               1.6238 1.5089e-11
                        9  4.1720     0.1000               1.5990 1.5089e-11
                       17  4.8807     0.1000               0.8903 1.5089e-11
                       21  5.1861     0.1000               0.5849 1.5089e-11
                       24  5.3799     0.1000               0.3911 1.5089e-11
                       26  5.4407     0.1000               0.3303 1.5089e-11
                       28  5.5478     0.1000               0.2232 1.5089e-11
                       31  5.6000     0.1000               0.1710 1.5089e-11
                       33  5.6948     0.1000               0.0762 1.5089e-11
 34  5.7170    0.0-                          1.9128e-11
                       14  4.5360     1.0000               1.1810 1.9128e-11
 33  5.6948    3.0+                          1.5300e-10
                        2  2.6749     1.0000               3.0199 1.5289e-10
 32  5.6330    0.0+                          2.6240e-11
                       14  4.5360     1.0000               1.0970 2.6240e-11
 31  5.6000    5.0+                          4.6395e-10
                        6  3.9749     0.2500               1.6251 1.1599e-10
                       18  4.9280     0.2500               0.6720 1.1599e-10
                       22  5.1910     0.2500               0.4090 1.1599e-10
                       25  5.4070     0.2500               0.1930 1.1599e-10
 30  5.5610    2.0+                          1.6905e-10
                        7  4.1470     0.1250               1.4140 2.1131e-11
                       12  4.4100     0.1250               1.1510 2.1131e-11
                       14  4.5360     0.1250               1.0250 2.1131e-11
                       15  4.5760     0.1250               0.9850 2.1131e-11
                       20  5.1250     0.1250               0.4360 2.1131e-11
                       23  5.3360     0.1250               0.2250 2.1131e-11
                       27  5.5280     0.1250               0.0330 2.1131e-11
                       29  5.5600     0.1250               0.0010 2.1131e-11
 29  5.5600    3.0-                          2.7719e-10
                        1  1.5538     0.0714               4.0062 1.9800e-11
                        2  2.6749     0.0714               2.8851 1.9800e-11
                        4  3.8628     0.0714               1.6972 1.9800e-11
                        8  4.1472     0.0714               1.4128 1.9800e-11
                        9  4.1720     0.0714               1.3880 1.9800e-11
                       10  4.1725     0.0714               1.3875 1.9800e-11
                       11  4.3098     0.0714               1.2501 1.9800e-11
                       13  4.4867     0.0714               1.0733 1.9800e-11
                       16  4.7900     0.0714               0.7700 1.9800e-11
                       19  4.9400     0.0714               0.6200 1.9800e-11
                       21  5.1861     0.0714               0.3739 1.9800e-11
                       24  5.3799     0.0714               0.1801 1.9800e-11
                       26  5.4407     0.0714               0.1193 1.9800e-11
                       28  5.5478     0.0714               0.0122 1.9800e-11
 28  5.5478    4.0+                          3.7500e-10
                        3  3.1987     0.1291               2.3491 4.8388e-11
                        2  2.6749     0.4784               2.8729 1.7928e-10
                        1  1.5538     0.3925               3.9940 1.4702e-10
 27  5.5280    3.0-                          3.1102e-10
                        1  1.5538     0.0769               3.9742 2.3924e-11
                        2  2.6749     0.0769               2.8531 2.3924e-11
                        4  3.8628     0.0769               1.6652 2.3924e-11
                        8  4.1472     0.0769               1.3808 2.3924e-11
                        9  4.1720     0.0769               1.3560 2.3924e-11
                       10  4.1725     0.0769               1.3555 2.3924e-11
                       11  4.3098     0.0769               1.2181 2.3924e-11
                       13  4.4867     0.0769               1.0413 2.3924e-11
                       16  4.7900     0.0769               0.7380 2.3924e-11
                       19  4.9400     0.0769               0.5880 2.3924e-11
                       21  5.1861     0.0769               0.3419 2.3924e-11
                       24  5.3799     0.0769               0.1481 2.3924e-11
                       26  5.4407     0.0769               0.0873 2.3924e-11
 26  5.4407    4.0+                          5.8115e-10
                        2  2.6749     1.0000               2.7658 5.8078e-10
 25  5.4070    4.0-                          7.3860e-10
                        2  2.6749     0.1667               2.7321 1.2310e-10
                        8  4.1472     0.1667               1.2598 1.2310e-10
                        9  4.1720     0.1667               1.2350 1.2310e-10
                       17  4.8807     0.1667               0.5263 1.2310e-10
                       21  5.1861     0.1667               0.2209 1.2310e-10
                       24  5.3799     0.1667               0.0271 1.2310e-10
 24  5.3799    4.0+                          8.4624e-10                       3.3000e-14
                        9  4.1720     0.3268               1.2079 2.7655e-10
                        2  2.6749     0.5967               2.7050 5.0468e-10
                        1  1.5538     0.0764               3.8261 6.4603e-11
 23  5.3360    3.0-                          6.3211e-10
                        1  1.5538     0.0909               3.7822 5.7464e-11
                        2  2.6749     0.0909               2.6611 5.7464e-11
                        4  3.8628     0.0909               1.4732 5.7464e-11
                        8  4.1472     0.0909               1.1888 5.7464e-11
                        9  4.1720     0.0909               1.1640 5.7464e-11
                       10  4.1725     0.0909               1.1635 5.7464e-11
                       11  4.3098     0.0909               1.0262 5.7464e-11
                       13  4.4867     0.0909               0.8493 5.7464e-11
                       16  4.7900     0.0909               0.5461 5.7464e-11
                       19  4.9400     0.0909               0.3960 5.7464e-11
                       21  5.1861     0.0909               0.1499 5.7464e-11
 22  5.1910    4.0-                          1.5510e-09
                        2  2.6749     0.2000               2.5161 3.1019e-10
                        8  4.1472     0.2000               1.0438 3.1019e-10
                        9  4.1720     0.2000               1.0190 3.1019e-10
                       17  4.8807     0.2000               0.3103 3.1019e-10
                       21  5.1861     0.2000               0.0049 3.1019e-10
 21  5.1861    3.0+                          1.5993e-09                       6.9000e-15
                        8  4.1472     0.0410               1.0389 6.5495e-11
                        2  2.6749     0.6830               2.5112 1.0916e-09
                        1  1.5538     0.2761               3.6323 4.4109e-10
 20  5.1250    3.0-                          1.3969e-09
                        1  1.5538     0.1000               3.5712 1.3969e-10
                        2  2.6749     0.1000               2.4501 1.3969e-10
                        4  3.8628     0.1000               1.2622 1.3969e-10
                        8  4.1472     0.1000               0.9778 1.3969e-10
                        9  4.1720     0.1000               0.9530 1.3969e-10
                       10  4.1725     0.1000               0.9525 1.3969e-10
                       11  4.3098     0.1000               0.8152 1.3969e-10
                       13  4.4867     0.1000               0.6383 1.3969e-10
                       16  4.7900     0.1000               0.3350 1.3969e-10
                       19  4.9400     0.1000               0.1850 1.3969e-10
 19  4.9400    2.0+                          2.1562e-09
                        7  4.1470     0.2500               0.7930 5.3904e-10
                       12  4.4100     0.2500               0.5300 5.3904e-10
                       14  4.5360     0.2500               0.4040 5.3904e-10
                       15  4.5760     0.2500               0.3640 5.3904e-10
 18  4.9280    5.0-                          5.3139e-09
                        2  2.6749     0.2500               2.2531 1.3285e-09
                        3  3.1987     0.2500               1.7293 1.3285e-09
                        8  4.1472     0.2500               0.7808 1.3285e-09
                       17  4.8807     0.2500               0.0473 1.3285e-09
 17  4.8807    5.0+                          7.8245e-09                       2.1500e-13
                        8  4.1472     0.0192               0.7335 1.5019e-10
                        3  3.1987     0.0751               1.6820 5.8788e-10
                        2  2.6749     0.9057               2.2058 7.0835e-09
 16  4.7900    2.0+                          3.5934e-09                       1.4000e-14
                        1  1.5538     0.8984               3.2362 3.2256e-09
                        0  0.0000     0.1016               4.7900 3.6457e-10
 15  4.5760    2.0-                          8.1868e-09
                        1  1.5538     0.1667               3.0222 1.3645e-09
                        4  3.8628     0.1667               0.7132 1.3645e-09
                        9  4.1720     0.1667               0.4040 1.3645e-09
                       10  4.1725     0.1667               0.4035 1.3645e-09
                       11  4.3098     0.1667               0.2661 1.3645e-09
                       13  4.4867     0.1667               0.0893 1.3645e-09
 14  4.5360    1.0-                          6.0658e-09
                        0  0.0000     0.1429               4.5360 8.6654e-10
                        1  1.5538     0.1429               2.9822 8.6654e-10
                        4  3.8628     0.1429               0.6732 8.6654e-10
                        5  3.8682     0.1429               0.6678 8.6654e-10
                       10  4.1725     0.1429               0.3635 8.6654e-10
                       11  4.3098     0.1429               0.2261 8.6654e-10
                       13  4.4867     0.1429               0.0493 8.6654e-10
 13  4.4867    2.0+                          1.2561e-08
                        1  1.5538     0.8546               2.9329 1.0727e-08
                        0  0.0000     0.1454               4.4867 1.8239e-09
 12  4.4100    3.0-                          1.9616e-08                       2.8000e-09
                        2  2.6749     0.2031               1.7351 3.9822e-09
                        1  1.5538     0.7969               2.8562 1.5614e-08
 11  4.3098    2.0+                          2.1329e-08                       6.1000e-15
                        1  1.5538     0.8360               2.7561 1.7821e-08
                        0  0.0000     0.1640               4.3098 3.4935e-09
 10  4.1725    2.0+                          3.2873e-08                       1.1000e-14
                        1  1.5538     1.0000               2.6187 3.2854e-08
  9  4.1720    3.0+                          4.4129e-08                       8.3000e-13
                        2  2.6749     0.3242               1.4971 1.4305e-08
                        1  1.5538     0.6758               2.6182 2.9805e-08
  8  4.1472    4.0+                          6.2412e-08                       3.3000e-14
                        2  2.6749     1.0000               1.4723 6.2404e-08
  7  4.1470    3.0-                          4.8156e-08
                        1  1.5538     0.3333               2.5932 1.6052e-08
                        2  2.6749     0.3333               1.4721 1.6052e-08
                        4  3.8628     0.3333               0.2842 1.6052e-08
  6  3.9749    4.0-                          1.1249e-07
                        2  2.6749     1.0000               1.3000 1.1247e-07
  5  3.8682    0.0+                          1.9259e-08                       5.0000e-13
                        1  1.5538     1.0000               2.3144 1.9250e-08
  4  3.8628    2.0+                          1.0553e-07
                        1  1.5538     1.0000               2.3090 1.0548e-07
  3  3.1987    6.0+                          2.1690e-06                       4.1800e-10
                        2  2.6749     1.0000               0.5238 2.1673e-06
  2  2.6749    4.0+                          8.6449e-06                       5.3000e-12
                        1  1.5538     1.0000               1.1211 8.6440e-06
  1  1.5538    2.0+                          4.9999e-04                       1.0610e-12
                        0  0.0000     1.0000               1.5538 4.9991e-04
  0  0.0000    0.0+                          9.3655e-03
#......................................................................../  026-057Fe //  26.000000
#                                                                          SUM SPECTRA FOR COMPOUND
#            023-052V       gamma
 SpcSum[mb]            9.9518e-15
 Emean[MeV]            1.7632e-01
#......................................................................../  026-057Fe //  26.000000
#                                                                   GAMMAS FROM DISCRETE TRANSITION
#           0 1 1 1 0 0             023-052V 
#   Ex[MeV]     Jpi    FinalState  Branching Production    Egamma Production   T(1/2)[s]
 31  2.5910    1.0+                          8.2256e-27
                       24  2.3470     0.5000               0.2440 4.1128e-27
                       27  2.4730     0.5000               0.1180 4.1128e-27
 30  2.5594    3.0-                          4.2279e-26
                        5  0.4366     0.5076               2.1227 2.1445e-26
                        3  0.1416     0.2385               2.4178 1.0080e-26
                        0  0.0000     0.2539               2.5594 1.0724e-26
 29  2.5430    9.0+                          6.1048e-25                       5.5000e-12
                       11  1.4931     1.0000               1.0499 6.1040e-25
 28  2.5388    3.0+                          5.6516e-26
                       15  1.7326     0.0868               0.8062 4.9040e-27
                       12  1.5588     0.0868               0.9800 4.9039e-27
                       10  1.4188     0.0503               1.1200 2.8442e-27
                        7  0.8459     0.1620               1.6929 9.1539e-27
                        6  0.7935     0.0353               1.7453 1.9946e-27
                        2  0.0228     0.5788               2.5161 3.2694e-26
 27  2.4730    0.0-                          2.1865e-26
                        3  0.1416     0.2000               2.3314 4.3730e-27
                        9  1.2898     0.2000               1.1832 4.3730e-27
                       13  1.5792     0.2000               0.8938 4.3730e-27
                       14  1.6640     0.2000               0.8090 4.3730e-27
                       21  2.1520     0.2000               0.3210 4.3730e-27
 26  2.4277    2.0+                          1.9407e-25
                        6  0.7935     0.3199               1.6341 6.2068e-26
                        5  0.4366     0.0090               1.9910 1.7407e-27
                        3  0.1416     0.1249               2.2860 2.4227e-26
                        1  0.0172     0.3902               2.4105 7.5683e-26
                        0  0.0000     0.1561               2.4277 3.0277e-26
 25  2.3960    0.0+                          5.5884e-26
                       24  2.3470     1.0000               0.0490 5.5884e-26
 24  2.3470    1.0-                          4.2069e-25
                        1  0.0172     0.1111               2.3298 4.6744e-26
                        3  0.1416     0.1111               2.2054 4.6744e-26
                        5  0.4366     0.1111               1.9104 4.6744e-26
                        9  1.2898     0.1111               1.0572 4.6744e-26
                       13  1.5792     0.1111               0.7678 4.6744e-26
                       14  1.6640     0.1111               0.6830 4.6744e-26
                       17  1.7702     0.1111               0.5768 4.6744e-26
                       18  1.7951     0.1111               0.5519 4.6744e-26
                       21  2.1520     0.1111               0.1950 4.6744e-26
 23  2.3180    3.0+                          1.4154e-24
                       10  1.4188     0.1638               0.8992 2.3180e-25
                        7  0.8459     0.1247               1.4721 1.7647e-25
                        6  0.7935     0.1296               1.5245 1.8340e-25
                        4  0.1478     0.2347               2.1702 3.3205e-25
                        1  0.0172     0.1027               2.3009 1.4529e-25
                        0  0.0000     0.2445               2.3180 3.4590e-25
 22  2.1686    4.0+                          1.5156e-23
                        7  0.8459     0.1023               1.3227 1.5503e-24
                        6  0.7935     0.0416               1.3751 6.3059e-25
                        4  0.1478     0.1057               2.0208 1.6015e-24
                        2  0.0228     0.6823               2.1459 1.0337e-23
                        1  0.0172     0.0169               2.1515 2.5634e-25
                        0  0.0000     0.0512               2.1686 7.7524e-25
 21  2.1520    1.0+                          5.2040e-24
                        3  0.1416     1.0000               2.0104 5.2040e-24
 20  2.1008    3.0+                          2.5453e-23
                       12  1.5588     0.0049               0.5420 1.2531e-25
                       10  1.4188     0.0596               0.6820 1.5168e-24
                        7  0.8459     0.0855               1.2549 2.1765e-24
                        6  0.7935     0.1399               1.3073 3.5612e-24
                        5  0.4366     0.1995               1.6642 5.0779e-24
                        4  0.1478     0.2591               1.9530 6.5942e-24
                        1  0.0172     0.1425               2.0837 3.6265e-24
                        0  0.0000     0.1088               2.1008 2.7688e-24
 19  1.8430    3.0-                          6.2155e-22
                        0  0.0000     0.0833               1.8430 5.1796e-23
                        1  0.0172     0.0833               1.8258 5.1796e-23
                        2  0.0228     0.0833               1.8202 5.1796e-23
                        4  0.1478     0.0833               1.6952 5.1796e-23
                        5  0.4366     0.0833               1.4064 5.1796e-23
                        6  0.7935     0.0833               1.0495 5.1796e-23
                        7  0.8459     0.0833               0.9971 5.1796e-23
                       10  1.4188     0.0833               0.4242 5.1796e-23
                       12  1.5588     0.0833               0.2842 5.1796e-23
                       16  1.7596     0.0833               0.0834 5.1796e-23
                       17  1.7702     0.0833               0.0728 5.1796e-23
                       18  1.7951     0.0833               0.0479 5.1796e-23
 18  1.7951    2.0+                          7.5969e-22
                        9  1.2898     0.0247               0.5053 1.8728e-23
                        6  0.7935     0.1414               1.0016 1.0741e-22
                        5  0.4366     0.3799               1.3585 2.8858e-22
                        4  0.1478     0.0029               1.6473 2.2406e-24
                        3  0.1416     0.0149               1.6535 1.1355e-23
                        1  0.0172     0.4042               1.7780 3.0700e-22
                        0  0.0000     0.0319               1.7951 2.4251e-23
 17  1.7702    2.0+                          9.9570e-22
                        5  0.4366     0.4464               1.3335 4.4444e-22
                        4  0.1478     0.3750               1.6223 3.7332e-22
                        2  0.0228     0.1786               1.7474 1.7779e-22
 16  1.7596    3.0+                          1.6202e-21
                        6  0.7935     0.0101               0.9661 1.6314e-23
                        5  0.4366     0.4026               1.3230 6.5227e-22
                        4  0.1478     0.4376               1.6118 7.0893e-22
                        3  0.1416     0.0228               1.6180 3.6871e-23
                        1  0.0172     0.1269               1.7425 2.0557e-22
 15  1.7326    3.0-                          2.2297e-21
                        7  0.8459     0.3262               0.8866 7.2727e-22
                        4  0.1478     0.0750               1.5847 1.6726e-22
                        3  0.1416     0.0147               1.5910 3.2728e-23
                        2  0.0228     0.2578               1.7098 5.7456e-22
                        0  0.0000     0.3263               1.7326 7.2721e-22
 14  1.6640    1.0+                          1.8485e-21
                        3  0.1416     1.0000               1.5224 1.8485e-21
 13  1.5792    1.0+                          4.6905e-21
                        0  0.0000     1.0000               1.5792 4.6897e-21
 12  1.5588    4.0+                          2.0712e-20
                        7  0.8459     0.1332               0.7129 2.7582e-21
                        4  0.1478     0.0225               1.4110 4.6536e-22
                        2  0.0228     0.0077               1.5361 1.6031e-22
                        1  0.0172     0.0042               1.5417 8.7912e-23
                        0  0.0000     0.8323               1.5588 1.7237e-20
 11  1.4931    7.0+                          1.5125e-19                       1.8000e-12
                        2  0.0228     1.0000               1.4703 1.5122e-19
 10  1.4188    3.0+                          6.3708e-20
                        7  0.8459     0.0261               0.5729 1.6645e-21
                        5  0.4366     0.1148               0.9822 7.3125e-21
                        4  0.1478     0.0673               1.2710 4.2870e-21
                        1  0.0172     0.3959               1.4017 2.5218e-20
                        0  0.0000     0.3959               1.4188 2.5218e-20
  9  1.2898    1.0+                          9.4903e-20
                        3  0.1416     0.2593               1.1482 2.4606e-20
                        1  0.0172     0.7407               1.2727 7.0288e-20
  8  0.8810    4.0-                          1.7635e-17
                        0  0.0000     0.2000               0.8810 3.5269e-18
                        2  0.0228     0.2000               0.8582 3.5269e-18
                        4  0.1478     0.2000               0.7332 3.5269e-18
                        6  0.7935     0.2000               0.0875 3.5269e-18
                        7  0.8459     0.2000               0.0351 3.5269e-18
  7  0.8459    4.0+                          2.5377e-17
                        4  0.1478     0.0674               0.6981 1.7090e-18
                        2  0.0228     0.5181               0.8232 1.3146e-17
                        0  0.0000     0.4145               0.8459 1.0517e-17
  6  0.7935    3.0+                          2.7761e-17
                        5  0.4366     0.0092               0.3569 2.5538e-19
                        4  0.1478     0.7669               0.6457 2.1282e-17
                        1  0.0172     0.0092               0.7764 2.5536e-19
                        0  0.0000     0.2147               0.7935 5.9588e-18
  5  0.4366    2.0+                          3.2788e-16
                        3  0.1416     0.2242               0.2950 7.3233e-17
                        1  0.0172     0.3195               0.4195 1.0463e-16
                        0  0.0000     0.4563               0.4366 1.4945e-16
  4  0.1478    4.0+                          6.6402e-15
                        2  0.0228     0.8593               0.1251 5.2348e-15
                        0  0.0000     0.1407               0.1478 8.8978e-16
  3  0.1416    1.0+                          1.9988e-15
                        1  0.0172     1.0000               0.1245 1.8337e-15
  2  0.0228    4.0+                          2.2543e-14
                        0  0.0000     1.0000               0.0228 3.1750e-16
  1  0.0172    2.0+                          1.0221e-14                       1.0800e-09
                        0  0.0000     1.0000               0.0172 1.2776e-15
  0  0.0000    3.0+                          4.7449e-14                       2.2460e+02
#......................................................................../  026-057Fe //  26.000000
#                                                                          SUM SPECTRA FOR COMPOUND
#            024-054Cr      gamma
 SpcSum[mb]            0.0000e+00
 Emean[MeV]            0.0000e+00
#......................................................................../  026-057Fe //  26.000000
#                                                                   GAMMAS FROM DISCRETE TRANSITION
#           0 1 0 2 0 0             024-054Cr
#   Ex[MeV]     Jpi    FinalState  Branching Production    Egamma Production   T(1/2)[s]
  0  0.0000    0.0+                          0.0000e+00
#......................................................................../  026-057Fe //  26.000000
#                                                                          SUM SPECTRA FOR COMPOUND
#            021-047Sc      gamma    neutron     proton      alpha
 SpcSum[mb]            6.2611e-11 0.0000e+00 0.0000e+00 0.0000e+00
 Emean[MeV]            8.7255e-01 0.0000e+00 0.0000e+00 0.0000e+00
#......................................................................../  026-057Fe //  26.000000
#                                                                   GAMMAS FROM DISCRETE TRANSITION
#           0 0 3 0 0 0             021-047Sc
#   Ex[MeV]     Jpi    FinalState  Branching Production    Egamma Production   T(1/2)[s]
 27  2.6500    2.5+                          3.5670e-15
                        0  0.0000     0.1111               2.6500 3.9633e-16
                        2  0.8079     0.1111               1.8421 3.9633e-16
                        6  1.2971     0.1111               1.3529 3.9633e-16
                       13  1.7976     0.1111               0.8524 3.9633e-16
                       19  2.2075     0.1111               0.4425 3.9633e-16
                       20  2.2320     0.1111               0.4180 3.9633e-16
                       22  2.4086     0.1111               0.2414 3.9633e-16
                       23  2.4103     0.1111               0.2397 3.9633e-16
                       24  2.4994     0.1111               0.1506 3.9633e-16
 26  2.6419    7.5+                          1.0967e-14                       3.2000e-13
                       18  2.1482     0.4034               0.4937 4.3903e-15
                       16  1.8782     0.1282               0.7637 1.4052e-15
                        5  1.1470     0.4684               1.4949 5.1363e-15
 25  2.5294    0.5+                          2.3820e-15                       2.1000e-13
                        2  0.8079     0.6897               1.7215 1.6421e-15
                        1  0.7668     0.3103               1.7626 7.3898e-16
 24  2.4994    3.5-                          9.9415e-15                       1.5000e-13
                       16  1.8782     0.2083               0.6212 2.0704e-15
                        6  1.2971     0.5208               1.2023 5.1767e-15
                        0  0.0000     0.2709               2.4994 2.6921e-15
 23  2.4103    3.5-                          1.5131e-14
                        2  0.8079     0.6098               1.6024 9.2255e-15
                        1  0.7668     0.3902               1.6435 5.9035e-15
 22  2.4086    3.5-                          1.5255e-14                       2.1000e-13
                        5  1.1470     0.2423               1.2616 3.6960e-15
                        0  0.0000     0.7577               2.4086 1.1553e-14
 21  2.3813    2.5+                          1.3536e-14                       1.7000e-13
                        2  0.8079     0.1806               1.5734 2.4437e-15
                        1  0.7668     0.4404               1.6145 5.9603e-15
                        0  0.0000     0.3790               2.3813 5.1254e-15
 20  2.2320    3.5-                          3.5125e-14
                        3  1.1230     0.1429               1.1090 5.0178e-15
                        9  1.4044     0.1429               0.8276 5.0178e-15
                       10  1.6390     0.1429               0.5930 5.0178e-15
                       11  1.7170     0.1429               0.5150 5.0178e-15
                       12  1.7450     0.1429               0.4870 5.0178e-15
                       15  1.8571     0.1429               0.3749 5.0178e-15
                       18  2.1482     0.1429               0.0838 5.0178e-15
 19  2.2075    3.5-                          3.9472e-14                       8.0000e-14
                       16  1.8782     0.0706               0.3293 2.7812e-15
                        6  1.2971     0.0881               0.9104 3.4763e-15
                        2  0.8079     0.4404               1.3996 1.7382e-14
                        0  0.0000     0.4009               2.2075 1.5818e-14
 18  2.1482    3.5+                          6.3319e-14                       2.0000e-12
                        5  1.1470     1.0000               1.0012 6.3308e-14
 17  2.0023    1.5+                          5.8132e-14                       4.0000e-13
                        9  1.4044     0.2210               0.5979 1.2842e-14
                        6  1.2971     0.1977               0.7052 1.1490e-14
                        2  0.8079     0.5813               1.1944 3.3792e-14
 16  1.8782    4.5-                          2.3404e-13                       1.2000e-13
                        6  1.2971     0.0000               0.5811 0.0000e+00
                        5  1.1470     0.3103               0.7312 7.2613e-14
                        0  0.0000     0.6897               1.8782 1.6138e-13
 15  1.8571    3.5+                          2.1438e-13                       3.0000e-13
                        9  1.4044     0.0196               0.4527 4.2011e-15
                        1  0.7668     0.0891               1.0903 1.9098e-14
                        0  0.0000     0.8913               1.8571 1.9097e-13
 14  1.7980    0.5+                          7.8827e-14
                        2  0.8079     1.0000               0.9901 7.8827e-14
 13  1.7976    3.5-                          2.6248e-13                       2.1000e-13
                        6  1.2971     0.4793               0.5005 1.2574e-13
                        2  0.8079     0.5207               0.9897 1.3666e-13
 12  1.7450    4.5+                          4.4337e-13
                        0  0.0000     0.5000               1.7450 2.2168e-13
                        5  1.1470     0.5000               0.5980 2.2168e-13
 11  1.7170    2.5+                          3.1396e-13
                        0  0.0000     0.3333               1.7170 1.0465e-13
                        2  0.8079     0.3333               0.9091 1.0465e-13
                        6  1.2971     0.3333               0.4199 1.0465e-13
 10  1.6390    3.5+                          5.6837e-13
                        0  0.0000     0.5000               1.6390 2.8419e-13
                        6  1.2971     0.5000               0.3419 2.8419e-13
  9  1.4044    2.5+                          1.2705e-12                       9.7000e-13
                        2  0.8079     0.0851               0.5965 1.0811e-13
                        1  0.7668     0.2057               0.6376 2.6128e-13
                        0  0.0000     0.7092               1.4044 9.0086e-13
  8  1.3913    0.5+                          4.9394e-13                       9.0000e-12
                        2  0.8079     0.8621               0.5834 4.2577e-13
                        1  0.7668     0.1379               0.6245 6.8095e-14
  7  1.3160    0.5+                          6.8903e-13
                        2  0.8079     1.0000               0.5081 6.8903e-13
  6  1.2971    2.5-                          2.3993e-12                       6.2000e-14
                        2  0.8079     0.0808               0.4892 1.9382e-13
                        1  0.7668     0.0012               0.5303 2.7971e-15
                        0  0.0000     0.9180               1.2971 2.2025e-12
  5  1.1470    5.5-                          7.3728e-12                       3.2000e-12
                        0  0.0000     1.0000               1.1470 7.3722e-12
  4  1.1450    5.5+                          7.4845e-12
                        3  1.1230     1.0000               0.0220 7.4845e-12
  3  1.1230    4.5+                          1.4199e-11
                        0  0.0000     1.0000               1.1230 1.4199e-11
  2  0.8079    1.5-                          1.2262e-11                       1.5000e-11
                        1  0.7668     0.0013               0.0411 1.1263e-14
                        0  0.0000     0.9987               0.8079 1.2244e-11
  1  0.7668    1.5+                          1.4052e-11                       2.7200e-07
                        0  0.0000     1.0000               0.7668 1.4047e-11
  0  0.0000    3.5-                          5.0466e-10                       2.8940e+05
#......................................................................../  026-057Fe //  26.000000
#                                                                          SUM SPECTRA FOR COMPOUND
#            022-049Ti      gamma    neutron
 SpcSum[mb]            2.7986e-21 0.0000e+00
 Emean[MeV]            1.5265e+00 0.0000e+00
#......................................................................../  026-057Fe //  26.000000
#                                                                   GAMMAS FROM DISCRETE TRANSITION
#           0 0 2 1 0 0             022-049Ti
#   Ex[MeV]     Jpi    FinalState  Branching Production    Egamma Production   T(1/2)[s]
 40  3.9900    5.5+                          2.0856e-36
                        2  1.5421     0.2500               2.4479 5.2141e-37
                        4  1.6100     0.2500               2.3800 5.2141e-37
                       17  2.9805     0.2500               1.0095 5.2141e-37
                       19  3.0425     0.2500               0.9475 5.2141e-37
 39  3.9670    3.5+                          2.3706e-36
                        0  0.0000     0.0588               3.9670 1.3945e-37
                        4  1.6100     0.0588               2.3570 1.3945e-37
                        5  1.6229     0.0588               2.3441 1.3945e-37
                        7  1.7620     0.0588               2.2050 1.3945e-37
                        8  2.2613     0.0588               1.7057 1.3945e-37
                        9  2.4714     0.0588               1.4956 1.3945e-37
                       13  2.5160     0.0588               1.4510 1.3945e-37
                       17  2.9805     0.0588               0.9865 1.3945e-37
                       18  3.0387     0.0588               0.9283 1.3945e-37
                       19  3.0425     0.0588               0.9245 1.3945e-37
                       24  3.4510     0.0588               0.5160 1.3945e-37
                       26  3.5110     0.0588               0.4560 1.3945e-37
                       28  3.6185     0.0588               0.3485 1.3945e-37
                       31  3.7460     0.0588               0.2210 1.3945e-37
                       33  3.7847     0.0588               0.1823 1.3945e-37
                       36  3.8550     0.0588               0.1120 1.3945e-37
                       38  3.9407     0.0588               0.0263 1.3945e-37
 38  3.9407    2.5-                          3.5232e-36
                        0  0.0000     1.0000               3.9407 3.5194e-36
 37  3.9160    5.5+                          1.5465e-35
                        2  1.5421     0.2500               2.3739 3.8662e-36
                        4  1.6100     0.2500               2.3060 3.8662e-36
                       17  2.9805     0.2500               0.9355 3.8662e-36
                       19  3.0425     0.2500               0.8735 3.8662e-36
 36  3.8550    2.5-                          1.6328e-35
                       10  2.5044     0.3755               1.3506 6.1300e-36
                        6  1.7235     0.1878               2.1315 3.0649e-36
                        1  1.3818     0.4368               2.4732 7.1278e-36
 35  3.8180    1.5+                          1.5525e-35
                        1  1.3818     0.0667               2.4362 1.0350e-36
                        3  1.5860     0.0667               2.2320 1.0350e-36
                        5  1.6229     0.0667               2.1951 1.0350e-36
                        6  1.7235     0.0667               2.0945 1.0350e-36
                        7  1.7620     0.0667               2.0560 1.0350e-36
                        8  2.2613     0.0667               1.5567 1.0350e-36
                        9  2.4714     0.0667               1.3466 1.0350e-36
                       18  3.0387     0.0667               0.7793 1.0350e-36
                       20  3.1753     0.0667               0.6427 1.0350e-36
                       21  3.2607     0.0667               0.5573 1.0350e-36
                       23  3.4282     0.0667               0.3898 1.0350e-36
                       25  3.4690     0.0667               0.3490 1.0350e-36
                       26  3.5110     0.0667               0.3070 1.0350e-36
                       28  3.6185     0.0667               0.1995 1.0350e-36
                       34  3.7877     0.0667               0.0303 1.0350e-36
 34  3.7877    1.5-                          3.3008e-35                       1.6000e-14
                        7  1.7620     0.3333               2.0257 1.1003e-35
                        3  1.5860     0.3333               2.2017 1.1003e-35
                        1  1.3818     0.3333               2.4059 1.1003e-35
 33  3.7847    3.5-                          1.1097e-34
                        0  0.0000     1.0000               3.7847 1.1085e-34
 32  3.7470    5.5+                          5.0573e-34
                        2  1.5421     0.2500               2.2048 1.2643e-34
                        4  1.6100     0.2500               2.1370 1.2643e-34
                       17  2.9805     0.2500               0.7665 1.2643e-34
                       19  3.0425     0.2500               0.7045 1.2643e-34
 31  3.7460    3.5-                          2.5668e-34
                       12  2.5134     0.3333               1.2326 8.5558e-35
                       27  3.6060     0.3333               0.1400 8.5558e-35
                       30  3.7007     0.3333               0.0453 8.5558e-35
 30  3.7007    2.5+                          4.7875e-34
                        0  0.0000     1.0000               3.7007 4.7800e-34
 29  3.6390    0.5+                          2.5236e-34
                        1  1.3818     0.1429               2.2572 3.6051e-35
                        3  1.5860     0.1429               2.0530 3.6051e-35
                        6  1.7235     0.1429               1.9155 3.6051e-35
                       20  3.1753     0.1429               0.4637 3.6051e-35
                       21  3.2607     0.1429               0.3783 3.6051e-35
                       23  3.4282     0.1429               0.2107 3.6051e-35
                       25  3.4690     0.1429               0.1700 3.6051e-35
 28  3.6185    2.5-                          1.7675e-33
                       25  3.4690     1.0000               0.1495 1.6500e-33
 27  3.6060    2.5+                          2.4379e-33
                        0  0.0000     0.0769               3.6060 1.8753e-34
                        1  1.3818     0.0769               2.2242 1.8753e-34
                        3  1.5860     0.0769               2.0200 1.8753e-34
                        5  1.6229     0.0769               1.9831 1.8753e-34
                        7  1.7620     0.0769               1.8440 1.8753e-34
                        8  2.2613     0.0769               1.3447 1.8753e-34
                        9  2.4714     0.0769               1.1346 1.8753e-34
                       13  2.5160     0.0769               1.0900 1.8753e-34
                       18  3.0387     0.0769               0.5673 1.8753e-34
                       21  3.2607     0.0769               0.3453 1.8753e-34
                       23  3.4282     0.0769               0.1778 1.8753e-34
                       24  3.4510     0.0769               0.1550 1.8753e-34
                       26  3.5110     0.0769               0.0950 1.8753e-34
 26  3.5110    2.5-                          1.2209e-32
                       12  2.5134     0.3333               0.9976 4.0695e-33
                       14  2.6644     0.3333               0.8466 4.0695e-33
                       16  2.7213     0.3333               0.7897 4.0695e-33
 25  3.4690    0.5-                          7.6148e-33
                        3  1.5860     1.0000               1.8831 7.6128e-33
 24  3.4510    3.5-                          4.8809e-32
                       12  2.5134     1.0000               0.9376 4.8809e-32
 23  3.4282    1.5-                          2.6196e-32
                        7  1.7620     0.0777               1.6662 2.0348e-33
                        3  1.5860     0.5012               1.8423 1.3127e-32
                        1  1.3818     0.4211               2.0465 1.1028e-32
 22  3.2903    8.5-                          3.8000e-30                       7.0000e-14
                       11  2.5055     1.0000               0.7848 3.7994e-30
 21  3.2607    1.5-                          3.6939e-31                       1.1200e-14
                        7  1.7620     0.8466               1.4987 3.1268e-31
                        3  1.5860     0.0687               1.6747 2.5390e-32
                        1  1.3818     0.0847               1.8789 3.1267e-32
 20  3.1753    0.5-                          6.2250e-31                       5.4800e-14
                        6  1.7235     0.0632               1.4518 3.9344e-32
                        3  1.5860     0.2643               1.5893 1.6450e-31
                        1  1.3818     0.6725               1.7935 4.1854e-31
 19  3.0425    4.5-                          3.1050e-29                       2.4000e-14
                        5  1.6229     0.3999               1.4196 1.2417e-29
                        2  1.5421     0.2479               1.5004 7.6970e-30
                        0  0.0000     0.3521               3.0425 1.0925e-29
 18  3.0387    2.5-                          1.5204e-29
                        6  1.7235     1.0000               1.3152 1.5203e-29
 17  2.9805    4.5-                          7.1513e-29                       1.3000e-13
                       15  2.7206     0.2065               0.2599 1.4182e-29
                        5  1.6229     0.7935               1.3576 5.6740e-29
 16  2.7213    1.5+                          6.4070e-28
                        3  1.5860     1.0000               1.1353 6.4066e-28
 15  2.7206    7.5-                          7.7401e-27                       5.7000e-14
                        2  1.5421     1.0000               1.1785 7.7394e-27
 14  2.6644    1.5+                          1.3008e-27                       2.2000e-13
                        7  1.7620     0.5000               0.9023 6.5042e-28
                        1  1.3818     0.5000               1.2826 6.5042e-28
 13  2.5160    3.5-                          1.6557e-26                       4.2000e-13
                        1  1.3818     0.8333               1.1342 1.3796e-26
                        0  0.0000     0.1667               2.5160 2.7586e-27
 12  2.5134    3.5+                          1.8484e-26
                        0  0.0000     1.0000               2.5134 1.8466e-26
 11  2.5055    7.5-                          1.0928e-25                       3.5000e-12
                        2  1.5421     1.0000               0.9634 1.0925e-25
 10  2.5044    0.5+                          4.4537e-27                       2.8000e-13
                        5  1.6229     0.1526               0.8814 6.7942e-28
                        1  1.3818     0.8474               1.1226 3.7738e-27
  9  2.4714    2.5-                          1.9570e-26                       5.2000e-14
                        7  1.7620     0.2113               0.7094 4.1341e-27
                        5  1.6229     0.4694               0.8485 9.1847e-27
                        0  0.0000     0.3193               2.4714 6.2455e-27
  8  2.2613    2.5-                          2.1507e-25                       5.9000e-14
                        7  1.7620     0.1683               0.4993 3.6173e-26
                        5  1.6229     0.4807               0.6384 1.0335e-25
                        1  1.3818     0.0000               0.8795 0.0000e+00
                        0  0.0000     0.3510               2.2613 7.5458e-26
  7  1.7620    2.5-                          3.9918e-23                       2.1000e-14
                        0  0.0000     1.0000               1.7620 3.9910e-23
  6  1.7235    0.5-                          1.8757e-23                       3.5000e-13
                        3  1.5860     0.0215               0.1375 3.9971e-25
                        1  1.3818     0.9785               0.3417 1.8337e-23
  5  1.6229    2.5-                          1.5395e-22                       3.7000e-14
                        0  0.0000     1.0000               1.6229 1.5393e-22
  4  1.6100    4.5-                          3.7992e-22
                        0  0.0000     1.0000               1.6100 3.7992e-22
  3  1.5860    1.5-                          1.4128e-22                       5.5000e-12
                        0  0.0000     1.0000               1.5860 1.4125e-22
  2  1.5421    5.5-                          1.1100e-21                       1.0000e-12
                        0  0.0000     1.0000               1.5421 1.1099e-21
  1  1.3818    1.5-                          9.5464e-22                       3.4000e-12
                        0  0.0000     1.0000               1.3818 9.5454e-22
  0  0.0000    3.5-                          1.5500e-16
#......................................................................../  026-057Fe //  26.000000
#                                                                          SUM SPECTRA FOR COMPOUND
#            023-051V       gamma
 SpcSum[mb]            0.0000e+00
 Emean[MeV]            0.0000e+00
#......................................................................../  026-057Fe //  26.000000
#                                                                   GAMMAS FROM DISCRETE TRANSITION
#           0 0 1 2 0 0             023-051V 
#   Ex[MeV]     Jpi    FinalState  Branching Production    Egamma Production   T(1/2)[s]
  0  0.0000    3.5-                          0.0000e+00
#......................................................................../  026-057Fe //  26.000000
#                                                                          SUM SPECTRA FOR COMPOUND
#            026-055Fe      gamma
 SpcSum[mb]            3.2257e-02
 Emean[MeV]            7.6684e-01
#......................................................................../  026-057Fe //  26.000000
#                                                                   GAMMAS FROM DISCRETE TRANSITION
#           3 1 0 0 0 0             026-055Fe
#   Ex[MeV]     Jpi    FinalState  Branching Production    Egamma Production   T(1/2)[s]
 30  3.4569    6.5-                          1.5689e-12                       6.0000e-13
                       14  2.5391     1.0000               0.9178 1.5686e-12
 29  3.4190    7.5-                          1.6173e-11                       7.0000e-14
                       17  2.8138     1.0000               0.6052 1.6166e-11
 28  3.3620    5.5+                          3.6649e-12
                        9  2.2119     0.1250               1.1501 4.5811e-13
                       10  2.2555     0.1250               1.1065 4.5811e-13
                       14  2.5391     0.1250               0.8229 4.5811e-13
                       17  2.8138     0.1250               0.5482 4.5811e-13
                       20  2.9821     0.1250               0.3799 4.5811e-13
                       21  2.9844     0.1250               0.3776 4.5811e-13
                       23  3.0720     0.1250               0.2900 4.5811e-13
                       24  3.0760     0.1250               0.2860 4.5811e-13
 27  3.3110    2.5-                          1.4967e-13
                        2  0.9313     1.0000               2.3797 1.4967e-13
 26  3.2850    0.5+                          3.9313e-14                       8.0000e-15
                        1  0.4114     1.0000               2.8736 3.9266e-14
 25  3.1087    3.5-                          2.4257e-11
                        3  1.3165     0.2145               1.7922 5.2019e-12
                        2  0.9313     0.7716               2.1774 1.8709e-11
                        0  0.0000     0.0139               3.1087 3.3689e-13
 24  3.0760    5.5-                          1.1691e-09                       4.4000e-13
                        4  1.4084     1.0000               1.6676 1.1688e-09
 23  3.0720    5.5-                          1.2539e-09                       7.0000e-13
                       17  2.8138     0.1670               0.2582 2.0875e-10
                       14  2.5391     0.8330               0.5329 1.0439e-09
 22  3.0285    1.5-                          1.6574e-11                       1.5000e-14
                        4  1.4084     0.0102               1.6201 1.6918e-13
                        1  0.4114     0.3512               2.6171 5.8172e-12
                        0  0.0000     0.6386               3.0285 1.0576e-11
 21  2.9844    4.5-                          1.2757e-09
                        9  2.2119     0.2500               0.7725 3.1894e-10
                        4  1.4084     0.2500               1.5759 3.1894e-10
                        2  0.9313     0.2500               2.0531 3.1894e-10
                        0  0.0000     0.2500               2.9844 3.1894e-10
 20  2.9821    5.5-                          5.7356e-09
                        9  2.2119     1.0000               0.7702 5.7341e-09
 19  2.9389    3.5-                          4.2331e-10                       2.9000e-14
                        3  1.3165     0.4504               1.6224 1.9063e-10
                        0  0.0000     0.5496               2.9389 2.3247e-10
 18  2.8723    3.5-                          1.1252e-09                       1.9000e-14
                        3  1.3165     0.2431               1.5558 2.7349e-10
                        2  0.9313     0.0811               1.9410 9.1181e-11
                        0  0.0000     0.6758               2.8723 7.5984e-10
 17  2.8138    6.5-                          3.2742e-07                       1.0000e-11
                       14  2.5391     1.0000               0.2747 3.2654e-07
 16  2.6000    4.5+                          2.2561e-07
                        3  1.3165     0.2000               1.2835 4.5122e-08
                        4  1.4084     0.2000               1.1916 4.5122e-08
                        9  2.2119     0.2000               0.3881 4.5122e-08
                       10  2.2555     0.2000               0.3445 4.5122e-08
                       14  2.5391     0.2000               0.0609 4.5122e-08
 15  2.5777    2.5-                          1.8964e-08                       4.6000e-14
                        3  1.3165     0.0336               1.2612 6.3710e-10
                        2  0.9313     0.0588               1.6464 1.1148e-09
                        1  0.4114     0.0672               2.1663 1.2742e-09
                        0  0.0000     0.8404               2.5777 1.5928e-08
 14  2.5391    5.5-                          2.7884e-06                       9.3000e-12
                       11  2.3011     0.0500               0.2380 1.3896e-07
                        9  2.2119     0.0094               0.3272 2.6221e-08
                        3  1.3165     0.9406               1.2226 2.6223e-06
 13  2.4900    2.5-                          4.8371e-08
                        0  0.0000     1.0000               2.4900 4.8345e-08
 12  2.4702    1.5-                          1.8849e-08                       1.5000e-14
                        1  0.4114     0.3377               2.0588 6.3632e-09
                        0  0.0000     0.6623               2.4702 1.2477e-08
 11  2.3011    4.5+                          6.3754e-06                       6.0000e-13
                        4  1.4084     0.0198               0.8926 1.2609e-07
                        3  1.3165     0.0809               0.9845 5.1591e-07
                        2  0.9313     0.8993               1.3698 5.7322e-06
 10  2.2555    4.5-                          1.2145e-05
                        4  1.4084     1.0000               0.8471 1.2142e-05
  9  2.2119    4.5-                          1.8775e-05                       7.6000e-13
                        4  1.4084     0.9615               0.8034 1.8048e-05
                        3  1.3165     0.0192               0.8953 3.6097e-07
                        2  0.9313     0.0192               1.2806 3.6100e-07
  8  2.1440    2.5-                          1.6702e-06                       3.8000e-14
                        3  1.3165     0.3605               0.8275 6.0198e-07
                        2  0.9313     0.4291               1.2127 7.1664e-07
                        1  0.4114     0.0300               1.7326 5.0164e-08
                        0  0.0000     0.1803               2.1440 3.0104e-07
  7  2.0517    1.5-                          9.8641e-07                       7.6000e-15
                        1  0.4114     0.7692               1.6403 7.5860e-07
                        0  0.0000     0.2308               2.0517 2.2758e-07
  6  2.0150    1.5-                          1.5307e-06
                        0  0.0000     1.0000               2.0150 1.5307e-06
  5  1.9183    0.5-                          1.1706e-06                       1.2000e-14
                        1  0.4114     0.3197               1.5069 3.7420e-07
                        0  0.0000     0.6803               1.9183 7.9615e-07
  4  1.4084    3.5-                          2.0216e-03                       3.7900e-11
                        3  1.3165     0.0407               0.0919 6.0043e-05
                        2  0.9313     0.5215               0.4772 1.0535e-03
                        0  0.0000     0.4378               1.4084 8.8492e-04
  3  1.3165    3.5-                          3.7747e-03                       2.1000e-12
                        2  0.9313     0.0707               0.3853 2.6654e-04
                        0  0.0000     0.9293               1.3165 3.5073e-03
  2  0.9313    2.5-                          1.2562e-02                       8.0000e-12
                        1  0.4114     0.0196               0.5199 2.4629e-04
                        0  0.0000     0.9804               0.9313 1.2314e-02
  1  0.4114    0.5-                          1.3894e-02                       6.0000e-12
                        0  0.0000     1.0000               0.4114 1.3879e-02
  0  0.0000    1.5-                          3.7173e-01                       8.6590e+07
#......................................................................../  026-057Fe //  26.000000
#                                                                          SUM SPECTRA FOR COMPOUND
#            025-052Mn      gamma
 SpcSum[mb]            9.0992e-22
 Emean[MeV]            4.0000e-01
#......................................................................../  026-057Fe //  26.000000
#                                                                   GAMMAS FROM DISCRETE TRANSITION
#           3 0 1 0 0 0             025-052Mn
#   Ex[MeV]     Jpi    FinalState  Branching Production    Egamma Production   T(1/2)[s]
  1  0.3777    2.0+                          9.4622e-22                       1.2660e+03
                        0  0.0000     1.0000               0.3777 9.0992e-22
  0  0.0000    6.0+                          2.3581e-15                       4.8310e+05
#......................................................................../  026-057Fe //  26.000000
#                                                                         ISOMERIC STATE PRODUCTION
#            025-052Mn
#   Ex[MeV]     Jpi     T(1/2)[s]  Prod.[mb]
  1  0.3777    2.0+    1.2660e+03 9.4622e-22
#......................................................................../  026-057Fe //  26.000000
#                                                                          SUM SPECTRA FOR COMPOUND
#            025-055Mn      gamma
 SpcSum[mb]            1.4729e-03
 Emean[MeV]            2.2577e-01
#......................................................................../  026-057Fe //  26.000000
#                                                                   GAMMAS FROM DISCRETE TRANSITION
#           2 2 0 0 0 0             025-055Mn
#   Ex[MeV]     Jpi    FinalState  Branching Production    Egamma Production   T(1/2)[s]
 91  4.0030    4.5+                          2.0022e-24                       3.0000e-15
                        2  0.9843     0.1228               3.0187 2.4557e-25
                        0  0.0000     0.8772               4.0030 1.7549e-24
 90  3.9980    0.5-                          5.6396e-25
                       13  2.2810     0.0667               1.7170 3.7597e-26
                       18  2.4265     0.0667               1.5715 3.7597e-26
                       20  2.5820     0.0667               1.4160 3.7597e-26
                       21  2.6217     0.0667               1.3763 3.7597e-26
                       33  2.9840     0.0667               1.0140 3.7597e-26
                       44  3.0700     0.0667               0.9280 3.7597e-26
                       50  3.1953     0.0667               0.8027 3.7597e-26
                       53  3.2681     0.0667               0.7299 3.7597e-26
                       57  3.3790     0.0667               0.6190 3.7597e-26
                       59  3.4241     0.0667               0.5739 3.7597e-26
                       61  3.4800     0.0667               0.5180 3.7597e-26
                       68  3.6040     0.0667               0.3940 3.7597e-26
                       70  3.6108     0.0667               0.3872 3.7597e-26
                       74  3.6730     0.0667               0.3250 3.7597e-26
                       75  3.6820     0.0667               0.3160 3.7597e-26
 89  3.9832    4.5+                          4.0884e-24
                        1  0.1259     1.0000               3.8573 4.0817e-24
 88  3.9460    3.5+                          1.0955e-23
                        6  1.5284     1.0000               2.4177 1.0951e-23
 87  3.9320    5.5+                          4.2177e-23
                        2  0.9843     0.0909               2.9477 3.8343e-24
                        4  1.2921     0.0909               2.6399 3.8343e-24
                       14  2.3114     0.0909               1.6206 3.8343e-24
                       17  2.3984     0.0909               1.5336 3.8343e-24
                       26  2.8221     0.0909               1.1099 3.8343e-24
                       27  2.8237     0.0909               1.1083 3.8343e-24
                       37  3.0359     0.0909               0.8961 3.8343e-24
                       46  3.1261     0.0909               0.8059 3.8343e-24
                       54  3.3420     0.0909               0.5900 3.8343e-24
                       81  3.8131     0.0909               0.1189 3.8343e-24
                       83  3.8449     0.0909               0.0871 3.8343e-24
 86  3.9174    1.5-                          1.5403e-23
                       15  2.3658     1.0000               1.5516 1.5400e-23
 85  3.8829    1.5-                          4.2493e-23
                       15  2.3658     0.3226               1.5171 1.3705e-23
                        6  1.5284     0.3546               2.3546 1.5059e-23
                        0  0.0000     0.3229               3.8829 1.3705e-23
 84  3.8600    2.5+                          1.1247e-22
                        0  0.0000     0.0294               3.8600 3.3079e-24
                        1  0.1259     0.0294               3.7341 3.3079e-24
                        6  1.5284     0.0294               2.3316 3.3079e-24
                        7  1.8841     0.0294               1.9759 3.3079e-24
                        8  2.0152     0.0294               1.8448 3.3079e-24
                        9  2.1984     0.0294               1.6616 3.3079e-24
                       10  2.2150     0.0294               1.6450 3.3079e-24
                       11  2.2525     0.0294               1.6075 3.3079e-24
                       12  2.2668     0.0294               1.5932 3.3079e-24
                       15  2.3658     0.0294               1.4942 3.3079e-24
                       16  2.3800     0.0294               1.4800 3.3079e-24
                       19  2.5632     0.0294               1.2968 3.3079e-24
                       23  2.7273     0.0294               1.1327 3.3079e-24
                       25  2.7527     0.0294               1.1073 3.3079e-24
                       28  2.8284     0.0294               1.0316 3.3079e-24
                       30  2.9250     0.0294               0.9350 3.3079e-24
                       31  2.9534     0.0294               0.9066 3.3079e-24
                       32  2.9762     0.0294               0.8838 3.3079e-24
                       34  2.9918     0.0294               0.8682 3.3079e-24
                       35  3.0058     0.0294               0.8542 3.3079e-24
                       36  3.0280     0.0294               0.8320 3.3079e-24
                       40  3.0460     0.0294               0.8140 3.3079e-24
                       43  3.0600     0.0294               0.8000 3.3079e-24
                       45  3.0803     0.0294               0.7797 3.3079e-24
                       47  3.1360     0.0294               0.7240 3.3079e-24
                       48  3.1470     0.0294               0.7130 3.3079e-24
                       49  3.1584     0.0294               0.7016 3.3079e-24
                       51  3.2608     0.0294               0.5992 3.3079e-24
                       52  3.2632     0.0294               0.5968 3.3079e-24
                       55  3.3510     0.0294               0.5090 3.3079e-24
                       64  3.5281     0.0294               0.3319 3.3079e-24
                       67  3.6000     0.0294               0.2600 3.3079e-24
                       69  3.6080     0.0294               0.2520 3.3079e-24
                       76  3.7035     0.0294               0.1565 3.3079e-24
 83  3.8449    5.5-                          5.5047e-22                       2.0000e-13
                       14  2.3114     1.0000               1.5335 5.5038e-22
 82  3.8315    3.5+                          3.1198e-22
                        9  2.1984     0.4997               1.6331 1.5583e-22
                        1  0.1259     0.5003               3.7056 1.5584e-22
 81  3.8131    6.5-                          4.4426e-21                       8.3000e-14
                       42  3.0547     1.0000               0.7584 4.4413e-21
 80  3.8000    4.5+                          9.6311e-22
                        1  0.1259     0.0625               3.6741 6.0194e-23
                        2  0.9843     0.0625               2.8157 6.0194e-23
                        4  1.2921     0.0625               2.5079 6.0194e-23
                        7  1.8841     0.0625               1.9159 6.0194e-23
                        8  2.0152     0.0625               1.7848 6.0194e-23
                        9  2.1984     0.0625               1.6016 6.0194e-23
                       17  2.3984     0.0625               1.4016 6.0194e-23
                       23  2.7273     0.0625               1.0727 6.0194e-23
                       26  2.8221     0.0625               0.9779 6.0194e-23
                       27  2.8237     0.0625               0.9763 6.0194e-23
                       28  2.8284     0.0625               0.9716 6.0194e-23
                       34  2.9918     0.0625               0.8082 6.0194e-23
                       37  3.0359     0.0625               0.7641 6.0194e-23
                       43  3.0600     0.0625               0.7400 6.0194e-23
                       48  3.1470     0.0625               0.6530 6.0194e-23
                       76  3.7035     0.0625               0.0965 6.0194e-23
 79  3.7910    2.5+                          7.1180e-22
                        0  0.0000     0.0294               3.7910 2.0935e-23
                        1  0.1259     0.0294               3.6651 2.0935e-23
                        6  1.5284     0.0294               2.2626 2.0935e-23
                        7  1.8841     0.0294               1.9069 2.0935e-23
                        8  2.0152     0.0294               1.7758 2.0935e-23
                        9  2.1984     0.0294               1.5926 2.0935e-23
                       10  2.2150     0.0294               1.5760 2.0935e-23
                       11  2.2525     0.0294               1.5385 2.0935e-23
                       12  2.2668     0.0294               1.5242 2.0935e-23
                       15  2.3658     0.0294               1.4252 2.0935e-23
                       16  2.3800     0.0294               1.4110 2.0935e-23
                       19  2.5632     0.0294               1.2278 2.0935e-23
                       23  2.7273     0.0294               1.0637 2.0935e-23
                       25  2.7527     0.0294               1.0383 2.0935e-23
                       28  2.8284     0.0294               0.9626 2.0935e-23
                       30  2.9250     0.0294               0.8660 2.0935e-23
                       31  2.9534     0.0294               0.8376 2.0935e-23
                       32  2.9762     0.0294               0.8148 2.0935e-23
                       34  2.9918     0.0294               0.7992 2.0935e-23
                       35  3.0058     0.0294               0.7852 2.0935e-23
                       36  3.0280     0.0294               0.7630 2.0935e-23
                       40  3.0460     0.0294               0.7450 2.0935e-23
                       43  3.0600     0.0294               0.7310 2.0935e-23
                       45  3.0803     0.0294               0.7107 2.0935e-23
                       47  3.1360     0.0294               0.6550 2.0935e-23
                       48  3.1470     0.0294               0.6440 2.0935e-23
                       49  3.1584     0.0294               0.6326 2.0935e-23
                       51  3.2608     0.0294               0.5302 2.0935e-23
                       52  3.2632     0.0294               0.5278 2.0935e-23
                       55  3.3510     0.0294               0.4400 2.0935e-23
                       64  3.5281     0.0294               0.2629 2.0935e-23
                       67  3.6000     0.0294               0.1910 2.0935e-23
                       69  3.6080     0.0294               0.1830 2.0935e-23
                       76  3.7035     0.0294               0.0875 2.0935e-23
 78  3.7718    2.5+                          1.1664e-21
                       12  2.2668     0.1979               1.5050 2.3074e-22
                       11  2.2525     0.1979               1.5193 2.3073e-22
                        9  2.1984     0.1979               1.5734 2.3072e-22
                        7  1.8841     0.2083               1.8877 2.4279e-22
                        0  0.0000     0.1981               3.7718 2.3067e-22
 77  3.7535    0.5-                          7.0894e-22
                        0  0.0000     1.0000               3.7535 7.0817e-22
 76  3.7035    3.5-                          8.1331e-21                       1.3000e-14
                        9  2.1984     0.5100               1.5050 4.1473e-21
                        0  0.0000     0.4900               3.7035 3.9811e-21
 75  3.6820    0.5+                          4.0545e-21
                        5  1.2930     0.0500               2.3890 2.0273e-22
                        6  1.5284     0.0500               2.1536 2.0273e-22
                       11  2.2525     0.0500               1.4295 2.0273e-22
                       16  2.3800     0.0500               1.3020 2.0273e-22
                       19  2.5632     0.0500               1.1188 2.0273e-22
                       29  2.8733     0.0500               0.8087 2.0273e-22
                       30  2.9250     0.0500               0.7570 2.0273e-22
                       31  2.9534     0.0500               0.7286 2.0273e-22
                       32  2.9762     0.0500               0.7058 2.0273e-22
                       35  3.0058     0.0500               0.6762 2.0273e-22
                       36  3.0280     0.0500               0.6540 2.0273e-22
                       38  3.0374     0.0500               0.6446 2.0273e-22
                       45  3.0803     0.0500               0.6017 2.0273e-22
                       49  3.1584     0.0500               0.5236 2.0273e-22
                       52  3.2632     0.0500               0.4188 2.0273e-22
                       55  3.3510     0.0500               0.3310 2.0273e-22
                       58  3.3830     0.0500               0.2990 2.0273e-22
                       60  3.4318     0.0500               0.2502 2.0273e-22
                       63  3.5230     0.0500               0.1590 2.0273e-22
                       64  3.5281     0.0500               0.1539 2.0273e-22
 74  3.6730    0.5+                          5.0116e-21
                        5  1.2930     0.0500               2.3800 2.5058e-22
                        6  1.5284     0.0500               2.1446 2.5058e-22
                       11  2.2525     0.0500               1.4205 2.5058e-22
                       16  2.3800     0.0500               1.2930 2.5058e-22
                       19  2.5632     0.0500               1.1098 2.5058e-22
                       29  2.8733     0.0500               0.7997 2.5058e-22
                       30  2.9250     0.0500               0.7480 2.5058e-22
                       31  2.9534     0.0500               0.7196 2.5058e-22
                       32  2.9762     0.0500               0.6968 2.5058e-22
                       35  3.0058     0.0500               0.6672 2.5058e-22
                       36  3.0280     0.0500               0.6450 2.5058e-22
                       38  3.0374     0.0500               0.6356 2.5058e-22
                       45  3.0803     0.0500               0.5927 2.5058e-22
                       49  3.1584     0.0500               0.5146 2.5058e-22
                       52  3.2632     0.0500               0.4098 2.5058e-22
                       55  3.3510     0.0500               0.3220 2.5058e-22
                       58  3.3830     0.0500               0.2900 2.5058e-22
                       60  3.4318     0.0500               0.2412 2.5058e-22
                       63  3.5230     0.0500               0.1500 2.5058e-22
                       64  3.5281     0.0500               0.1449 2.5058e-22
 73  3.6609    2.5+                          1.7349e-20
                       15  2.3658     0.0000               1.2951 0.0000e+00
                        9  2.1984     0.7998               1.4625 1.3872e-20
                        0  0.0000     0.2002               3.6609 3.4680e-21
 72  3.6420    3.5+                          6.7227e-20
                        0  0.0000     0.0435               3.6420 2.9229e-21
                        1  0.1259     0.0435               3.5161 2.9229e-21
                        2  0.9843     0.0435               2.6577 2.9229e-21
                        7  1.8841     0.0435               1.7579 2.9229e-21
                        8  2.0152     0.0435               1.6268 2.9229e-21
                        9  2.1984     0.0435               1.4436 2.9229e-21
                       10  2.2150     0.0435               1.4270 2.9229e-21
                       12  2.2668     0.0435               1.3752 2.9229e-21
                       15  2.3658     0.0435               1.2762 2.9229e-21
                       17  2.3984     0.0435               1.2436 2.9229e-21
                       23  2.7273     0.0435               0.9147 2.9229e-21
                       25  2.7527     0.0435               0.8893 2.9229e-21
                       26  2.8221     0.0435               0.8199 2.9229e-21
                       27  2.8237     0.0435               0.8183 2.9229e-21
                       28  2.8284     0.0435               0.8136 2.9229e-21
                       34  2.9918     0.0435               0.6502 2.9229e-21
                       40  3.0460     0.0435               0.5960 2.9229e-21
                       43  3.0600     0.0435               0.5820 2.9229e-21
                       47  3.1360     0.0435               0.5060 2.9229e-21
                       48  3.1470     0.0435               0.4950 2.9229e-21
                       51  3.2608     0.0435               0.3812 2.9229e-21
                       67  3.6000     0.0435               0.0420 2.9229e-21
                       69  3.6080     0.0435               0.0340 2.9229e-21
 71  3.6310    5.5+                          2.0663e-19
                        2  0.9843     0.1111               2.6467 2.2958e-20
                        4  1.2921     0.1111               2.3389 2.2958e-20
                       14  2.3114     0.1111               1.3196 2.2958e-20
                       17  2.3984     0.1111               1.2326 2.2958e-20
                       26  2.8221     0.1111               0.8089 2.2958e-20
                       27  2.8237     0.1111               0.8073 2.2958e-20
                       37  3.0359     0.1111               0.5951 2.2958e-20
                       46  3.1261     0.1111               0.5049 2.2958e-20
                       54  3.3420     0.1111               0.2890 2.2958e-20
 70  3.6108    1.5+                          5.7295e-20
                        1  0.1259     1.0000               3.4849 5.7256e-20
 69  3.6080    2.5-                          7.7067e-20
                       22  2.6946     0.0667               0.9134 5.1378e-21
                       24  2.7410     0.0667               0.8670 5.1378e-21
                       33  2.9840     0.0667               0.6240 5.1378e-21
                       39  3.0399     0.0667               0.5681 5.1378e-21
                       41  3.0508     0.0667               0.5572 5.1378e-21
                       44  3.0700     0.0667               0.5380 5.1378e-21
                       50  3.1953     0.0667               0.4127 5.1378e-21
                       53  3.2681     0.0667               0.3399 5.1378e-21
                       57  3.3790     0.0667               0.2290 5.1378e-21
                       59  3.4241     0.0667               0.1839 5.1378e-21
                       61  3.4800     0.0667               0.1280 5.1378e-21
                       62  3.5050     0.0667               0.1030 5.1378e-21
                       65  3.5320     0.0667               0.0760 5.1378e-21
                       66  3.5800     0.0667               0.0280 5.1378e-21
                       68  3.6040     0.0667               0.0040 5.1378e-21
 68  3.6040    1.5+                          6.9431e-20
                        0  0.0000     0.0345               3.6040 2.3942e-21
                        5  1.2930     0.0345               2.3110 2.3942e-21
                        6  1.5284     0.0345               2.0756 2.3942e-21
                       10  2.2150     0.0345               1.3890 2.3942e-21
                       11  2.2525     0.0345               1.3515 2.3942e-21
                       12  2.2668     0.0345               1.3372 2.3942e-21
                       15  2.3658     0.0345               1.2382 2.3942e-21
                       16  2.3800     0.0345               1.2240 2.3942e-21
                       19  2.5632     0.0345               1.0408 2.3942e-21
                       25  2.7527     0.0345               0.8513 2.3942e-21
                       29  2.8733     0.0345               0.7307 2.3942e-21
                       30  2.9250     0.0345               0.6790 2.3942e-21
                       31  2.9534     0.0345               0.6506 2.3942e-21
                       32  2.9762     0.0345               0.6278 2.3942e-21
                       35  3.0058     0.0345               0.5982 2.3942e-21
                       36  3.0280     0.0345               0.5760 2.3942e-21
                       38  3.0374     0.0345               0.5666 2.3942e-21
                       40  3.0460     0.0345               0.5580 2.3942e-21
                       45  3.0803     0.0345               0.5237 2.3942e-21
                       47  3.1360     0.0345               0.4680 2.3942e-21
                       49  3.1584     0.0345               0.4456 2.3942e-21
                       51  3.2608     0.0345               0.3432 2.3942e-21
                       52  3.2632     0.0345               0.3408 2.3942e-21
                       55  3.3510     0.0345               0.2530 2.3942e-21
                       58  3.3830     0.0345               0.2210 2.3942e-21
                       60  3.4318     0.0345               0.1722 2.3942e-21
                       63  3.5230     0.0345               0.0810 2.3942e-21
                       64  3.5281     0.0345               0.0759 2.3942e-21
                       67  3.6000     0.0345               0.0040 2.3942e-21
 67  3.6000    2.5-                          9.1058e-20
                       22  2.6946     0.0714               0.9054 6.5041e-21
                       24  2.7410     0.0714               0.8590 6.5041e-21
                       33  2.9840     0.0714               0.6160 6.5041e-21
                       39  3.0399     0.0714               0.5601 6.5041e-21
                       41  3.0508     0.0714               0.5492 6.5041e-21
                       44  3.0700     0.0714               0.5300 6.5041e-21
                       50  3.1953     0.0714               0.4047 6.5041e-21
                       53  3.2681     0.0714               0.3319 6.5041e-21
                       57  3.3790     0.0714               0.2210 6.5041e-21
                       59  3.4241     0.0714               0.1759 6.5041e-21
                       61  3.4800     0.0714               0.1200 6.5041e-21
                       62  3.5050     0.0714               0.0950 6.5041e-21
                       65  3.5320     0.0714               0.0680 6.5041e-21
                       66  3.5800     0.0714               0.0200 6.5041e-21
 66  3.5800    3.5+                          2.0392e-19
                        0  0.0000     0.0476               3.5800 9.7104e-21
                        1  0.1259     0.0476               3.4541 9.7104e-21
                        2  0.9843     0.0476               2.5957 9.7104e-21
                        7  1.8841     0.0476               1.6959 9.7104e-21
                        8  2.0152     0.0476               1.5648 9.7104e-21
                        9  2.1984     0.0476               1.3816 9.7104e-21
                       10  2.2150     0.0476               1.3650 9.7104e-21
                       12  2.2668     0.0476               1.3132 9.7104e-21
                       15  2.3658     0.0476               1.2142 9.7104e-21
                       17  2.3984     0.0476               1.1816 9.7104e-21
                       23  2.7273     0.0476               0.8527 9.7104e-21
                       25  2.7527     0.0476               0.8273 9.7104e-21
                       26  2.8221     0.0476               0.7579 9.7104e-21
                       27  2.8237     0.0476               0.7563 9.7104e-21
                       28  2.8284     0.0476               0.7516 9.7104e-21
                       34  2.9918     0.0476               0.5882 9.7104e-21
                       40  3.0460     0.0476               0.5340 9.7104e-21
                       43  3.0600     0.0476               0.5200 9.7104e-21
                       47  3.1360     0.0476               0.4440 9.7104e-21
                       48  3.1470     0.0476               0.4330 9.7104e-21
                       51  3.2608     0.0476               0.3192 9.7104e-21
 65  3.5320    2.5+                          3.3829e-19
                        0  0.0000     1.0000               3.5320 3.3779e-19
 64  3.5281    1.5-                          2.3504e-19
                        0  0.0000     1.0000               3.5281 2.3481e-19
 63  3.5230    0.5-                          1.4072e-19
                       13  2.2810     0.0909               1.2420 1.2793e-20
                       18  2.4265     0.0909               1.0965 1.2793e-20
                       20  2.5820     0.0909               0.9410 1.2793e-20
                       21  2.6217     0.0909               0.9013 1.2793e-20
                       33  2.9840     0.0909               0.5390 1.2793e-20
                       44  3.0700     0.0909               0.4530 1.2793e-20
                       50  3.1953     0.0909               0.3277 1.2793e-20
                       53  3.2681     0.0909               0.2549 1.2793e-20
                       57  3.3790     0.0909               0.1440 1.2793e-20
                       59  3.4241     0.0909               0.0989 1.2793e-20
                       61  3.4800     0.0909               0.0430 1.2793e-20
 62  3.5050    2.5+                          5.4914e-19
                        0  0.0000     0.0333               3.5050 1.8305e-20
                        1  0.1259     0.0333               3.3791 1.8305e-20
                        6  1.5284     0.0333               1.9766 1.8305e-20
                        7  1.8841     0.0333               1.6209 1.8305e-20
                        8  2.0152     0.0333               1.4898 1.8305e-20
                        9  2.1984     0.0333               1.3066 1.8305e-20
                       10  2.2150     0.0333               1.2900 1.8305e-20
                       11  2.2525     0.0333               1.2525 1.8305e-20
                       12  2.2668     0.0333               1.2382 1.8305e-20
                       15  2.3658     0.0333               1.1392 1.8305e-20
                       16  2.3800     0.0333               1.1250 1.8305e-20
                       19  2.5632     0.0333               0.9418 1.8305e-20
                       23  2.7273     0.0333               0.7777 1.8305e-20
                       25  2.7527     0.0333               0.7523 1.8305e-20
                       28  2.8284     0.0333               0.6766 1.8305e-20
                       30  2.9250     0.0333               0.5800 1.8305e-20
                       31  2.9534     0.0333               0.5516 1.8305e-20
                       32  2.9762     0.0333               0.5288 1.8305e-20
                       34  2.9918     0.0333               0.5132 1.8305e-20
                       35  3.0058     0.0333               0.4992 1.8305e-20
                       36  3.0280     0.0333               0.4770 1.8305e-20
                       40  3.0460     0.0333               0.4590 1.8305e-20
                       43  3.0600     0.0333               0.4450 1.8305e-20
                       45  3.0803     0.0333               0.4247 1.8305e-20
                       47  3.1360     0.0333               0.3690 1.8305e-20
                       48  3.1470     0.0333               0.3580 1.8305e-20
                       49  3.1584     0.0333               0.3466 1.8305e-20
                       51  3.2608     0.0333               0.2442 1.8305e-20
                       52  3.2632     0.0333               0.2418 1.8305e-20
                       55  3.3510     0.0333               0.1540 1.8305e-20
 61  3.4800    1.5+                          6.2917e-19
                        0  0.0000     0.0385               3.4800 2.4199e-20
                        5  1.2930     0.0385               2.1870 2.4199e-20
                        6  1.5284     0.0385               1.9516 2.4199e-20
                       10  2.2150     0.0385               1.2650 2.4199e-20
                       11  2.2525     0.0385               1.2275 2.4199e-20
                       12  2.2668     0.0385               1.2132 2.4199e-20
                       15  2.3658     0.0385               1.1142 2.4199e-20
                       16  2.3800     0.0385               1.1000 2.4199e-20
                       19  2.5632     0.0385               0.9168 2.4199e-20
                       25  2.7527     0.0385               0.7273 2.4199e-20
                       29  2.8733     0.0385               0.6067 2.4199e-20
                       30  2.9250     0.0385               0.5550 2.4199e-20
                       31  2.9534     0.0385               0.5266 2.4199e-20
                       32  2.9762     0.0385               0.5038 2.4199e-20
                       35  3.0058     0.0385               0.4742 2.4199e-20
                       36  3.0280     0.0385               0.4520 2.4199e-20
                       38  3.0374     0.0385               0.4426 2.4199e-20
                       40  3.0460     0.0385               0.4340 2.4199e-20
                       45  3.0803     0.0385               0.3997 2.4199e-20
                       47  3.1360     0.0385               0.3440 2.4199e-20
                       49  3.1584     0.0385               0.3216 2.4199e-20
                       51  3.2608     0.0385               0.2192 2.4199e-20
                       52  3.2632     0.0385               0.2168 2.4199e-20
                       55  3.3510     0.0385               0.1290 2.4199e-20
                       58  3.3830     0.0385               0.0970 2.4199e-20
                       60  3.4318     0.0385               0.0482 2.4199e-20
 60  3.4318    0.5-                          1.1542e-18                       2.2000e-14
                        0  0.0000     1.0000               3.4318 1.1531e-18
 59  3.4241    1.5+                          3.0121e-18                       1.1100e-13
                       23  2.7273     0.5292               0.6968 1.5925e-18
                        1  0.1259     0.4708               3.2982 1.4172e-18
 58  3.3830    0.5-                          2.4283e-18
                        0  0.0000     1.0000               3.3830 2.4260e-18
 57  3.3790    1.5+                          5.6056e-18
                        0  0.0000     0.0417               3.3790 2.3357e-19
                        5  1.2930     0.0417               2.0860 2.3357e-19
                        6  1.5284     0.0417               1.8506 2.3357e-19
                       10  2.2150     0.0417               1.1640 2.3357e-19
                       11  2.2525     0.0417               1.1265 2.3357e-19
                       12  2.2668     0.0417               1.1122 2.3357e-19
                       15  2.3658     0.0417               1.0132 2.3357e-19
                       16  2.3800     0.0417               0.9990 2.3357e-19
                       19  2.5632     0.0417               0.8158 2.3357e-19
                       25  2.7527     0.0417               0.6263 2.3357e-19
                       29  2.8733     0.0417               0.5057 2.3357e-19
                       30  2.9250     0.0417               0.4540 2.3357e-19
                       31  2.9534     0.0417               0.4256 2.3357e-19
                       32  2.9762     0.0417               0.4028 2.3357e-19
                       35  3.0058     0.0417               0.3732 2.3357e-19
                       36  3.0280     0.0417               0.3510 2.3357e-19
                       38  3.0374     0.0417               0.3416 2.3357e-19
                       40  3.0460     0.0417               0.3330 2.3357e-19
                       45  3.0803     0.0417               0.2987 2.3357e-19
                       47  3.1360     0.0417               0.2430 2.3357e-19
                       49  3.1584     0.0417               0.2206 2.3357e-19
                       51  3.2608     0.0417               0.1182 2.3357e-19
                       52  3.2632     0.0417               0.1158 2.3357e-19
                       55  3.3510     0.0417               0.0280 2.3357e-19
 56  3.3732    5.5+                          3.8358e-17
                        4  1.2921     1.0000               2.0811 3.8331e-17
 55  3.3510    1.5-                          7.5471e-18
                        1  0.1259     0.6494               3.2251 4.8967e-18
                        0  0.0000     0.3506               3.3510 2.6437e-18
 54  3.3420    6.5-                          2.9328e-16                       5.0000e-15
                        4  1.2921     1.0000               2.0498 2.9318e-16
 53  3.2681    1.5+                          2.9031e-17
                        9  2.1984     0.2500               1.0697 7.2558e-18
                        7  1.8841     0.3401               1.3840 9.8720e-18
                        6  1.5284     0.4099               1.7397 1.1894e-17
 52  3.2632    1.5-                          2.9523e-17
                       15  2.3658     0.4010               0.8974 1.1836e-17
                        0  0.0000     0.5990               3.2632 1.7669e-17
 51  3.2608    2.5-                          4.3683e-17                       3.5000e-14
                        1  0.1259     1.0000               3.1349 4.3648e-17
 50  3.1953    1.5+                          1.5337e-16                       1.7000e-14
                        0  0.0000     1.0000               3.1953 1.5317e-16
 49  3.1584    1.5-                          1.8928e-16                       4.6000e-14
                        6  1.5284     0.7298               1.6301 1.3811e-16
                        0  0.0000     0.2702               3.1584 5.1103e-17
 48  3.1470    3.5-                          4.2620e-16
                       22  2.6946     0.2500               0.4524 1.0655e-16
                       24  2.7410     0.2500               0.4060 1.0655e-16
                       39  3.0399     0.2500               0.1071 1.0655e-16
                       41  3.0508     0.2500               0.0962 1.0655e-16
 47  3.1360    2.5-                          3.6689e-16
                       22  2.6946     0.1667               0.4414 6.1149e-17
                       24  2.7410     0.1667               0.3950 6.1149e-17
                       33  2.9840     0.1667               0.1520 6.1149e-17
                       39  3.0399     0.1667               0.0961 6.1149e-17
                       41  3.0508     0.1667               0.0852 6.1149e-17
                       44  3.0700     0.1667               0.0660 6.1149e-17
 46  3.1261    6.5-                          2.3969e-14                       1.7000e-14
                       14  2.3114     0.1379               0.8147 3.3045e-15
                        2  0.9843     0.8621               2.1419 2.0655e-14
 45  3.0803    1.5-                          5.3936e-16                       3.0000e-14
                       15  2.3658     0.2500               0.7145 1.3479e-16
                        6  1.5284     0.6410               1.5519 3.4568e-16
                        0  0.0000     0.1090               3.0803 5.8744e-17
 44  3.0700    1.5+                          7.5441e-16                       2.4000e-14
                        0  0.0000     1.0000               3.0700 7.5345e-16
 43  3.0600    3.5-                          1.4114e-15
                       22  2.6946     0.2500               0.3654 3.5285e-16
                       24  2.7410     0.2500               0.3190 3.5285e-16
                       39  3.0399     0.2500               0.0201 3.5285e-16
                       41  3.0508     0.2500               0.0092 3.5285e-16
 42  3.0547    7.5-                          9.2764e-13                       1.8000e-13
                       14  2.3114     0.4792               0.7432 4.4441e-13
                        4  1.2921     0.5208               1.7626 4.8300e-13
 41  3.0508    2.5+                          2.8774e-15                       1.7000e-12
                        6  1.5284     0.6991               1.5225 2.0109e-15
                        1  0.1259     0.3009               2.9249 8.6476e-16
 40  3.0460    2.5-                          1.7812e-15                       1.4000e-13
                        7  1.8841     1.0000               1.1619 1.7810e-15
 39  3.0399    2.5+                          3.5987e-15                       1.7000e-13
                        1  0.1259     1.0000               2.9140 3.5944e-15
 38  3.0374    0.5-                          7.8691e-16
                       12  2.2668     1.0000               0.7706 7.8664e-16
 37  3.0359    5.5-                          1.5273e-14                       5.0000e-14
                        1  0.1259     1.0000               2.9100 1.5262e-14
 36  3.0280    1.5-                          1.6485e-15
                       13  2.2810     0.2000               0.7470 3.2971e-16
                       18  2.4265     0.2000               0.6015 3.2971e-16
                       20  2.5820     0.2000               0.4460 3.2971e-16
                       21  2.6217     0.2000               0.4063 3.2971e-16
                       33  2.9840     0.2000               0.0440 3.2971e-16
 35  3.0058    1.5-                          2.1682e-15                       1.7000e-14
                        0  0.0000     1.0000               3.0058 2.1666e-15
 34  2.9918    3.5-                          4.9677e-15                       1.2000e-14
                        2  0.9843     0.2307               2.0075 1.1457e-15
                        1  0.1259     0.7693               2.8658 3.8190e-15
 33  2.9840    1.5+                          4.3684e-15
                        0  0.0000     0.0714               2.9840 3.1203e-16
                        5  1.2930     0.0714               1.6910 3.1203e-16
                        6  1.5284     0.0714               1.4556 3.1203e-16
                       10  2.2150     0.0714               0.7690 3.1203e-16
                       11  2.2525     0.0714               0.7315 3.1203e-16
                       12  2.2668     0.0714               0.7172 3.1203e-16
                       15  2.3658     0.0714               0.6182 3.1203e-16
                       16  2.3800     0.0714               0.6040 3.1203e-16
                       19  2.5632     0.0714               0.4208 3.1203e-16
                       25  2.7527     0.0714               0.2313 3.1203e-16
                       29  2.8733     0.0714               0.1107 3.1203e-16
                       30  2.9250     0.0714               0.0590 3.1203e-16
                       31  2.9534     0.0714               0.0306 3.1203e-16
                       32  2.9762     0.0714               0.0078 3.1203e-16
 32  2.9762    1.5-                          3.3494e-15                       1.2500e-13
                        6  1.5284     0.2307               1.4478 7.7260e-16
                        0  0.0000     0.7693               2.9762 2.5749e-15
 31  2.9534    1.5-                          4.2367e-15                       1.3000e-14
                        1  0.1259     0.8475               2.8275 3.5880e-15
                        0  0.0000     0.1525               2.9534 6.4563e-16
 30  2.9250    1.5-                          5.7386e-15
                        1  0.1259     1.0000               2.7991 5.7345e-15
 29  2.8733    0.5-                          5.5137e-15                       8.3000e-14
                        6  1.5284     0.7691               1.3449 4.2401e-15
                        0  0.0000     0.2309               2.8733 1.2722e-15
 28  2.8284    3.5-                          4.9467e-14
                        4  1.2921     1.0000               1.5363 4.9458e-14
 27  2.8237    4.5-                          1.0475e-13                       1.1000e-14
                        7  1.8841     0.3006               0.9396 3.1484e-14
                        1  0.1259     0.6994               2.6977 7.3220e-14
 26  2.8221    4.5-                          1.0695e-13                       9.4000e-14
                        7  1.8841     0.3590               0.9380 3.8388e-14
                        4  1.2921     0.6410               1.5300 6.8543e-14
 25  2.7527    2.5-                          8.2379e-14                       2.5000e-14
                        7  1.8841     0.3304               0.8686 2.7212e-14
                        1  0.1259     0.4292               2.6268 3.5336e-14
                        0  0.0000     0.2404               2.7527 1.9791e-14
 24  2.7410    3.5+                          1.7469e-13
                        0  0.0000     0.0909               2.7410 1.5881e-14
                        1  0.1259     0.0909               2.6151 1.5881e-14
                        2  0.9843     0.0909               1.7567 1.5881e-14
                        7  1.8841     0.0909               0.8569 1.5881e-14
                        8  2.0152     0.0909               0.7258 1.5881e-14
                        9  2.1984     0.0909               0.5426 1.5881e-14
                       10  2.2150     0.0909               0.5260 1.5881e-14
                       12  2.2668     0.0909               0.4742 1.5881e-14
                       15  2.3658     0.0909               0.3752 1.5881e-14
                       17  2.3984     0.0909               0.3426 1.5881e-14
                       23  2.7273     0.0909               0.0137 1.5881e-14
 23  2.7273    3.5-                          1.6480e-13                       9.8000e-13
                        4  1.2921     0.1917               1.4352 3.1588e-14
                        2  0.9843     0.2901               1.7431 4.7798e-14
                        0  0.0000     0.5182               2.7273 8.5350e-14
 22  2.6946    3.5+                          2.7497e-13
                        0  0.0000     1.0000               2.6946 2.7467e-13
 21  2.6217    0.5+                          2.1869e-13
                        0  0.0000     1.0000               2.6217 2.1860e-13
 20  2.5820    0.5+                          3.0677e-13
                        5  1.2930     0.2000               1.2890 6.1353e-14
                        6  1.5284     0.2000               1.0536 6.1353e-14
                       11  2.2525     0.2000               0.3295 6.1353e-14
                       16  2.3800     0.2000               0.2020 6.1353e-14
                       19  2.5632     0.2000               0.0188 6.1353e-14
 19  2.5632    1.5-                          6.1888e-13                       7.7000e-15
                        0  0.0000     1.0000               2.5632 6.1856e-13
 18  2.4265    0.5+                          2.1891e-12                       1.4000e-12
                        6  1.5284     1.0000               0.8982 2.1889e-12
 17  2.3984    4.5-                          3.0169e-11                       1.7000e-14
                        2  0.9843     0.2592               1.4141 7.8189e-12
                        1  0.1259     0.7408               2.2725 2.2340e-11
 16  2.3800    1.5-                          4.2910e-12
                       13  2.2810     1.0000               0.0990 4.2910e-12
 15  2.3658    2.5-                          7.0295e-12                       2.3000e-14
                        1  0.1259     0.7407               2.2399 5.2045e-12
                        0  0.0000     0.2593               2.3658 1.8219e-12
 14  2.3114    6.5-                          3.6587e-09                       1.5000e-13
                        4  1.2921     0.9009               1.0193 3.2957e-09
                        2  0.9843     0.0991               1.3272 3.6253e-10
 13  2.2810    0.5+                          1.0360e-11
                        5  1.2930     0.3333               0.9880 3.4534e-12
                        6  1.5284     0.3333               0.7527 3.4534e-12
                       11  2.2525     0.3333               0.0285 3.4534e-12
 12  2.2668    2.5-                          1.6391e-11                       1.2500e-13
                        6  1.5284     0.2700               0.7385 4.4245e-12
                        0  0.0000     0.7300               2.2668 1.1960e-11
 11  2.2525    1.5-                          1.8715e-11                       2.3000e-14
                        0  0.0000     1.0000               2.2525 1.8707e-11
 10  2.2150    2.5-                          3.5572e-11                       3.8000e-13
                        0  0.0000     1.0000               2.2150 3.5558e-11
  9  2.1984    3.5-                          6.5353e-11                       1.8000e-14
                        2  0.9843     0.3292               1.2142 2.1512e-11
                        1  0.1259     0.0610               2.0725 3.9839e-12
                        0  0.0000     0.6098               2.1984 3.9838e-11
  8  2.0152    3.5-                          3.9365e-10                       5.1000e-16
                        2  0.9843     0.5681               1.0309 2.2360e-10
                        0  0.0000     0.4319               2.0152 1.6997e-10
  7  1.8841    3.5-                          1.1840e-09                       1.2000e-14
                        1  0.1259     0.3590               1.7581 4.2495e-10
                        0  0.0000     0.6410               1.8841 7.5872e-10
  6  1.5284    1.5-                          6.3254e-09                       6.2000e-14
                        1  0.1259     0.0338               1.4024 2.1389e-10
                        0  0.0000     0.9662               1.5284 6.1106e-09
  5  1.2930    0.5-                          1.5827e-08
                        0  0.0000     1.0000               1.2930 1.5825e-08
  4  1.2921    5.5-                          1.1024e-05                       1.1000e-12
                        2  0.9843     0.2484               0.3079 2.7334e-06
                        1  0.1259     0.7516               1.1662 8.2847e-06
  3  1.2891    5.5+                          1.3661e-05
                        2  0.9843     0.9010               0.3048 1.2291e-05
                        1  0.1259     0.0990               1.1632 1.3520e-06
  2  0.9843    4.5-                          4.1497e-05                       2.8000e-13
                        1  0.1259     0.9524               0.8583 3.9513e-05
                        0  0.0000     0.0476               0.9843 1.9757e-06
  1  0.1259    3.5-                          1.4312e-03                       2.5900e-10
                        0  0.0000     1.0000               0.1259 1.4067e-03
  0  0.0000    2.5-                          2.2406e-03
#......................................................................../  026-057Fe //  26.000000
#                                                                          SUM SPECTRA FOR COMPOUND
#            024-052Cr      gamma
 SpcSum[mb]            2.8116e-07
 Emean[MeV]            1.3956e+00
#......................................................................../  026-057Fe //  26.000000
#                                                                   GAMMAS FROM DISCRETE TRANSITION
#           2 1 1 0 0 0             024-052Cr
#   Ex[MeV]     Jpi    FinalState  Branching Production    Egamma Production   T(1/2)[s]
 16  4.1000    3.0-                          4.8629e-18
                        1  1.4341     0.1000               2.6659 4.8629e-19
                        2  2.3696     0.1000               1.7304 4.8629e-19
                        4  2.7678     0.1000               1.3322 4.8629e-19
                        5  2.9648     0.1000               1.1352 4.8629e-19
                        7  3.1617     0.1000               0.9383 4.8629e-19
                        8  3.4153     0.1000               0.6847 4.8629e-19
                        9  3.4722     0.1000               0.6277 4.8629e-19
                       12  3.7717     0.1000               0.3283 4.8629e-19
                       13  3.9485     0.1000               0.1515 4.8629e-19
                       15  4.0392     0.1000               0.0608 4.8629e-19
 15  4.0392    4.0+                          3.3763e-17                       2.6000e-14
                        9  3.4722     1.0000               0.5670 3.3744e-17
 14  4.0155    5.0+                          1.7201e-16                       6.1000e-13
                       10  3.6159     0.1756               0.3996 3.0160e-17
                        8  3.4153     0.3741               0.6002 6.4325e-17
                        6  3.1139     0.0423               0.9016 7.2687e-18
                        4  2.7678     0.3627               1.2477 6.2389e-17
                        2  2.3696     0.0453               1.6459 7.7829e-18
 13  3.9485    2.0+                          1.4429e-17                       3.3000e-14
                        2  2.3696     0.0000               1.5789 0.0000e+00
                        0  0.0000     1.0000               3.9485 1.4412e-17
 12  3.7717    2.0+                          1.2322e-16                       1.0900e-14
                        1  1.4341     0.7935               2.3376 9.7734e-17
                        0  0.0000     0.2065               3.7717 2.5417e-17
 11  3.7396    1.0+                          7.0939e-17
                        0  0.0000     1.0000               3.7396 7.0939e-17
 10  3.6159    5.0+                          3.1857e-14                       2.6000e-12
                        8  3.4153     0.0098               0.2006 3.0870e-16
                        6  3.1139     0.0269               0.5021 8.5757e-16
                        4  2.7678     0.4248               0.8482 1.3531e-14
                        2  2.3696     0.5384               1.2463 1.7151e-14
  9  3.4722    3.0+                          1.4002e-14                       7.2000e-12
                        4  2.7678     0.7812               0.7045 1.0936e-14
                        1  1.4341     0.2188               2.0382 3.0627e-15
  8  3.4153    4.0+                          8.5747e-14                       2.6000e-13
                        4  2.7678     0.7969               0.6475 6.8307e-14
                        3  2.6469     0.0000               0.7684 0.0000e+00
                        2  2.3696     0.1354               1.0457 1.1609e-14
                        1  1.4341     0.0677               1.9812 5.8061e-15
  7  3.1617    2.0+                          1.0753e-13                       6.6000e-14
                        1  1.4341     0.9090               1.7276 9.7728e-14
                        0  0.0000     0.0910               3.1617 9.7736e-15
  6  3.1139    6.0+                          2.5603e-11                       4.1400e-11
                        4  2.7678     0.0108               0.3461 2.7593e-13
                        2  2.3696     0.9892               0.7442 2.5317e-11
  5  2.9648    2.0+                          7.8198e-13                       4.2000e-13
                        1  1.4341     0.9911               1.5307 7.7488e-13
                        0  0.0000     0.0089               2.9648 6.9735e-15
  4  2.7678    4.0+                          8.4334e-11                       1.9000e-12
                        2  2.3696     0.0173               0.3981 1.4583e-12
                        1  1.4341     0.9827               1.3337 8.2863e-11
  3  2.6469    0.0+                          6.4321e-13
                        1  1.4341     1.0000               1.2128 6.4314e-13
  2  2.3696    4.0+                          3.0570e-09                       1.0400e-12
                        1  1.4341     1.0000               0.9355 3.0564e-09
  1  1.4341    2.0+                          2.7803e-07                       7.9300e-13
                        0  0.0000     1.0000               1.4341 2.7799e-07
  0  0.0000    0.0+                          7.8957e-05
#......................................................................../  026-057Fe //  26.000000
#                                                                          SUM SPECTRA FOR COMPOUND
#            023-049V       gamma
 SpcSum[mb]            4.8383e-22
 Emean[MeV]            1.0855e-02
#......................................................................../  026-057Fe //  26.000000
#                                                                   GAMMAS FROM DISCRETE TRANSITION
#           2 0 2 0 0 0             023-049V 
#   Ex[MeV]     Jpi    FinalState  Branching Production    Egamma Production   T(1/2)[s]
 13  1.6614    1.5-                          8.5219e-35                       1.6000e-14
                        3  0.7483     0.0499               0.9131 4.2534e-36
                        2  0.1529     0.3401               1.5085 2.8980e-35
                        1  0.0906     0.5200               1.5708 4.4309e-35
                        0  0.0000     0.0900               1.6614 7.6659e-36
 12  1.6464    0.5+                          1.0317e-34                       6.6000e-12
                        3  0.7483     0.4652               0.8982 4.7988e-35
                        2  0.1529     0.5348               1.4935 5.5165e-35
 11  1.6432    2.5-                          5.1816e-34                       3.6000e-14
                        2  0.1529     0.9766               1.4903 5.0595e-34
                        1  0.0906     0.0234               1.5526 1.2143e-35
 10  1.6100    5.5-                          1.5442e-32
                        4  1.0216     1.0000               0.5884 1.5442e-32
  9  1.6027    3.5+                          3.0970e-33                       4.7000e-13
                        6  1.1553     0.0089               0.4474 2.7612e-35
                        5  1.1405     0.0753               0.4622 2.3299e-34
                        3  0.7483     0.0836               0.8544 2.5886e-34
                        1  0.0906     0.5574               1.5120 1.7258e-33
                        0  0.0000     0.2748               1.6027 8.5078e-34
  8  1.5145    2.5-                          8.0464e-33                       3.1000e-14
                        3  0.7483     0.1719               0.7663 1.3828e-33
                        2  0.1529     0.4644               1.3616 3.7364e-33
                        1  0.0906     0.0943               1.4239 7.5855e-34
                        0  0.0000     0.2694               1.5145 2.1674e-33
  7  1.1830    3.5+                          2.4171e-29
                        0  0.0000     0.3333               1.1830 8.0571e-30
                        1  0.0906     0.3333               1.0924 8.0571e-30
                        6  1.1553     0.3333               0.0277 8.0571e-30
  6  1.1553    4.5-                          1.4057e-28                       1.1000e-12
                        4  1.0216     0.0295               0.1337 4.0922e-30
                        1  0.0906     0.2240               1.0647 3.1484e-29
                        0  0.0000     0.7465               1.1553 1.0493e-28
  5  1.1405    2.5+                          2.5864e-29                       1.3000e-12
                        3  0.7483     0.0564               0.3923 1.4569e-30
                        2  0.1529     0.1684               0.9876 4.3556e-30
                        1  0.0906     0.2387               1.0499 6.1735e-30
                        0  0.0000     0.5364               1.1405 1.3874e-29
  4  1.0216    5.5-                          3.3814e-27                       3.4000e-12
                        0  0.0000     1.0000               1.0216 3.3810e-27
  3  0.7483    1.5+                          1.1460e-26                       5.3000e-12
                        2  0.1529     0.5400               0.5953 6.1874e-27
                        1  0.0906     0.4600               0.6576 5.2710e-27
  2  0.1529    1.5-                          4.8040e-23                       1.9900e-08
                        1  0.0906     0.4149               0.0623 1.8478e-23
                        0  0.0000     0.5851               0.1529 2.6208e-23
  1  0.0906    2.5-                          4.5174e-22                       2.2800e-10
                        0  0.0000     1.0000               0.0906 4.3913e-22
  0  0.0000    3.5-                          3.4894e-21                       2.8510e+07
#......................................................................../  026-057Fe //  26.000000
#                                                                          SUM SPECTRA FOR COMPOUND
#            024-055Cr      gamma
 SpcSum[mb]            4.7181e-20
 Emean[MeV]            2.2025e-01
#......................................................................../  026-057Fe //  26.000000
#                                                                   GAMMAS FROM DISCRETE TRANSITION
#           1 3 0 0 0 0             024-055Cr
#   Ex[MeV]     Jpi    FinalState  Branching Production    Egamma Production   T(1/2)[s]
  9  1.4790    3.5-                          1.8230e-31
                        2  0.5177     1.0000               0.9613 1.8227e-31
  8  1.4742    0.5-                          5.2054e-32
                        3  0.5659     0.5023               0.9083 2.6141e-32
                        1  0.2419     0.0557               1.2323 2.9016e-33
                        0  0.0000     0.4420               1.4742 2.3004e-32
  7  1.4388    4.5-                          1.9956e-30                       4.2000e-12
                        6  1.2147     0.1865               0.2241 3.6510e-31
                        2  0.5177     0.8135               0.9211 1.6231e-30
  6  1.2147    2.5-                          1.8316e-27                       3.5000e-12
                        4  0.8807     0.2733               0.3340 4.9914e-28
                        2  0.5177     0.0779               0.6970 1.4259e-28
                        0  0.0000     0.6488               1.2147 1.1883e-27
  5  1.1310    2.5+                          1.6071e-26
                        2  0.5177     1.0000               0.6133 1.6068e-26
  4  0.8807    2.5-                          3.0269e-24
                        3  0.5659     0.0494               0.3148 1.4914e-25
                        2  0.5177     0.0705               0.3630 2.1307e-25
                        0  0.0000     0.8800               0.8807 2.6632e-24
  3  0.5659    1.5-                          5.6912e-22
                        1  0.2419     0.1153               0.3240 6.5416e-23
                        0  0.0000     0.8847               0.5659 5.0321e-22
  2  0.5177    2.5-                          1.8494e-21                       5.2000e-12
                        0  0.0000     1.0000               0.5177 1.8481e-21
  1  0.2419    0.5-                          4.5119e-20
                        0  0.0000     1.0000               0.2419 4.4761e-20
  0  0.0000    1.5-                          6.5243e-18                       2.0980e+02
#......................................................................../  026-057Fe //  26.000000
#                                                                          SUM SPECTRA FOR COMPOUND
#            023-052V       gamma
 SpcSum[mb]            2.8544e-23
 Emean[MeV]            1.4862e-01
#......................................................................../  026-057Fe //  26.000000
#                                                                   GAMMAS FROM DISCRETE TRANSITION
#           1 2 1 0 0 0             023-052V 
#   Ex[MeV]     Jpi    FinalState  Branching Production    Egamma Production   T(1/2)[s]
 12  1.5588    4.0+                          5.4362e-35
                        7  0.8459     0.1332               0.7129 7.2394e-36
                        4  0.1478     0.0225               1.4110 1.2214e-36
                        2  0.0228     0.0077               1.5361 4.2078e-37
                        1  0.0172     0.0042               1.5417 2.3074e-37
                        0  0.0000     0.8323               1.5588 4.5241e-35
 11  1.4931    7.0+                          1.7562e-34                       1.8000e-12
                        2  0.0228     1.0000               1.4703 1.7559e-34
 10  1.4188    3.0+                          4.2631e-34
                        7  0.8459     0.0261               0.5729 1.1138e-35
                        5  0.4366     0.1148               0.9822 4.8933e-35
                        4  0.1478     0.0673               1.2710 2.8687e-35
                        1  0.0172     0.3959               1.4017 1.6875e-34
                        0  0.0000     0.3959               1.4188 1.6875e-34
  9  1.2898    1.0+                          3.0182e-33
                        3  0.1416     0.2593               1.1482 7.8255e-34
                        1  0.0172     0.7407               1.2727 2.2354e-33
  8  0.8810    4.0-                          6.0967e-29
                        0  0.0000     0.2000               0.8810 1.2193e-29
                        2  0.0228     0.2000               0.8582 1.2193e-29
                        4  0.1478     0.2000               0.7332 1.2193e-29
                        6  0.7935     0.2000               0.0875 1.2193e-29
                        7  0.8459     0.2000               0.0351 1.2193e-29
  7  0.8459    4.0+                          1.0256e-28
                        4  0.1478     0.0674               0.6981 6.9066e-30
                        2  0.0228     0.5181               0.8232 5.3128e-29
                        0  0.0000     0.4145               0.8459 4.2505e-29
  6  0.7935    3.0+                          1.7793e-28
                        5  0.4366     0.0092               0.3569 1.6368e-30
                        4  0.1478     0.7669               0.6457 1.3640e-28
                        1  0.0172     0.0092               0.7764 1.6367e-30
                        0  0.0000     0.2147               0.7935 3.8192e-29
  5  0.4366    2.0+                          8.5802e-26
                        3  0.1416     0.2242               0.2950 1.9164e-26
                        1  0.0172     0.3195               0.4195 2.7381e-26
                        0  0.0000     0.4563               0.4366 3.9108e-26
  4  0.1478    4.0+                          1.8049e-23
                        2  0.0228     0.8593               0.1251 1.4229e-23
                        0  0.0000     0.1407               0.1478 2.4186e-24
  3  0.1416    1.0+                          4.8077e-24
                        1  0.0172     1.0000               0.1245 4.4107e-24
  2  0.0228    4.0+                          1.0587e-22
                        0  0.0000     1.0000               0.0228 1.4912e-24
  1  0.0172    2.0+                          4.7270e-23                       1.0800e-09
                        0  0.0000     1.0000               0.0172 5.9087e-24
  0  0.0000    3.0+                          2.3336e-22                       2.2460e+02
#......................................................................../  026-057Fe //  26.000000
#                                                                          SUM SPECTRA FOR COMPOUND
#            022-049Ti      gamma
 SpcSum[mb]            6.1698e-32
 Emean[MeV]            1.4600e+00
#......................................................................../  026-057Fe //  26.000000
#                                                                   GAMMAS FROM DISCRETE TRANSITION
#           1 1 2 0 0 0             022-049Ti
#   Ex[MeV]     Jpi    FinalState  Branching Production    Egamma Production   T(1/2)[s]
  7  1.7620    2.5-                          2.2120e-34                       2.1000e-14
                        0  0.0000     1.0000               1.7620 2.2115e-34
  6  1.7235    0.5-                          2.1455e-35                       3.5000e-13
                        3  1.5860     0.0215               0.1375 4.5720e-37
                        1  1.3818     0.9785               0.3417 2.0975e-35
  5  1.6229    2.5-                          6.0775e-34                       3.7000e-14
                        0  0.0000     1.0000               1.6229 6.0765e-34
  4  1.6100    4.5-                          1.5044e-33
                        0  0.0000     1.0000               1.6100 1.5044e-33
  3  1.5860    1.5-                          9.6867e-34                       5.5000e-12
                        0  0.0000     1.0000               1.5860 9.6851e-34
  2  1.5421    5.5-                          1.5109e-32                       1.0000e-12
                        0  0.0000     1.0000               1.5421 1.5107e-32
  1  1.3818    1.5-                          4.3273e-32                       3.4000e-12
                        0  0.0000     1.0000               1.3818 4.3268e-32
  0  0.0000    3.5-                          3.4742e-21
#......................................................................../  026-057Fe //  26.000000
#                                                                          SUM SPECTRA FOR COMPOUND
#            021-046Sc      gamma
 SpcSum[mb]            0.0000e+00
 Emean[MeV]            0.0000e+00
#......................................................................../  026-057Fe //  26.000000
#                                                                   GAMMAS FROM DISCRETE TRANSITION
#           1 0 3 0 0 0             021-046Sc
#   Ex[MeV]     Jpi    FinalState  Branching Production    Egamma Production   T(1/2)[s]
  0  0.0000    4.0+                          0.0000e+00
#......................................................................../  026-057Fe //  26.000000
#                                                                          SUM SPECTRA FOR COMPOUND
#            022-048Ti      gamma
 SpcSum[mb]            0.0000e+00
 Emean[MeV]            0.0000e+00
#......................................................................../  026-057Fe //  26.000000
#                                                                   GAMMAS FROM DISCRETE TRANSITION
#           1 0 2 1 0 0             022-048Ti
#   Ex[MeV]     Jpi    FinalState  Branching Production    Egamma Production   T(1/2)[s]
  0  0.0000    0.0+                          0.0000e+00
#......................................................................../  026-057Fe //  26.000000
#                                                                          SUM SPECTRA FOR COMPOUND
#            022-052Ti      gamma
 SpcSum[mb]            0.0000e+00
 Emean[MeV]            0.0000e+00
#......................................................................../  026-057Fe //  26.000000
#                                                                   GAMMAS FROM DISCRETE TRANSITION
#           0 3 1 0 0 0             022-052Ti
#   Ex[MeV]     Jpi    FinalState  Branching Production    Egamma Production   T(1/2)[s]
  0  0.0000    0.0+                          0.0000e+00
#......................................................................../  026-057Fe //  26.000000
#                                                                          SUM SPECTRA FOR COMPOUND
#            021-049Sc      gamma
 SpcSum[mb]            0.0000e+00
 Emean[MeV]            0.0000e+00
#......................................................................../  026-057Fe //  26.000000
#                                                                   GAMMAS FROM DISCRETE TRANSITION
#           0 2 2 0 0 0             021-049Sc
#   Ex[MeV]     Jpi    FinalState  Branching Production    Egamma Production   T(1/2)[s]
  0  0.0000    3.5-                          0.0000e+00
#......................................................................../  026-057Fe //  26.000000
#                                                                          SUM SPECTRA FOR COMPOUND
#            020-046Ca      gamma
 SpcSum[mb]            0.0000e+00
 Emean[MeV]            0.0000e+00
#......................................................................../  026-057Fe //  26.000000
#                                                                   GAMMAS FROM DISCRETE TRANSITION
#           0 1 3 0 0 0             020-046Ca
#   Ex[MeV]     Jpi    FinalState  Branching Production    Egamma Production   T(1/2)[s]
  0  0.0000    0.0+                          0.0000e+00
#......................................................................../  026-057Fe //  26.000000
#                                                                          SUM SPECTRA FOR COMPOUND
#            019-043K       gamma
 SpcSum[mb]            0.0000e+00
 Emean[MeV]            0.0000e+00
#......................................................................../  026-057Fe //  26.000000
#                                                                   GAMMAS FROM DISCRETE TRANSITION
#           0 0 4 0 0 0             019-043K 
#   Ex[MeV]     Jpi    FinalState  Branching Production    Egamma Production   T(1/2)[s]
  0  0.0000    1.5+                          0.0000e+00
#......................................................................../  026-057Fe //  26.000000
#                                                                INDIVIDUAL GROUND STATE PRODUCTION
#             Residual  Prod.[mb]  Qval[MeV]   Particles
#                                              n p a d t h
 Production  027-059Co 1.3594e-05   15.18378   0 0 0 0 0 0
 Production  027-058Co 1.4867e+02    4.72979   1 0 0 0 0 0
 Production  026-058Fe 1.8034e+02    7.82010   0 1 0 0 0 0
 Production  025-055Mn 6.8127e+00    8.24146   0 0 1 0 0 0
 Production  026-057Fe 6.2272e+00    0.00000   0 0 0 1 0 0
 Production  027-057Co 2.0721e+02   -3.84325   2 0 0 0 0 0
 Production  026-057Fe 3.4271e+02   -2.22463   1 1 0 0 0 0
 Production  025-054Mn 7.5908e+01   -1.98517   1 0 1 0 0 0
 Production  026-056Fe 3.6352e+01   -7.64619   1 0 0 1 0 0
 Production  025-057Mn 5.5116e+00   -4.13728   0 2 0 0 0 0
 Production  024-054Cr 1.0517e+01    0.17440   0 1 1 0 0 0
 Production  025-056Mn 1.7203e+00  -10.55937   0 1 0 1 0 0
 Production  023-051V  2.5244e+00    0.30851   0 0 2 0 0 0
 Production  024-053Cr 6.4509e-01   -7.32021   0 0 1 1 0 0
 Production  025-055Mn 9.6732e-03  -15.60530   0 0 0 2 0 0
 Production  027-056Co 1.2990e+02  -15.21983   3 0 0 0 0 0
 Production  026-056Fe 4.9741e+02   -9.87081   2 1 0 0 0 0
 Production  025-053Mn 6.1152e+01  -10.92408   2 0 1 0 0 0
 Production  026-055Fe 1.3328e+00  -18.84340   2 0 0 1 0 0
 Production  025-056Mn 6.9633e+00  -12.78399   1 2 0 0 0 0
 Production  024-053Cr 6.1014e+00   -9.54483   1 1 1 0 0 0
 Production  025-055Mn 1.2899e-01  -17.82992   1 1 0 1 0 0
 Production  023-050V  1.7422e-02  -10.74275   1 0 2 0 0 0
 Production  024-052Cr 8.8905e-04  -15.25944   1 0 1 1 0 0
 Production  024-056Cr 1.3382e-04  -13.63119   0 3 0 0 0 0
 Production  023-053V  2.0526e-04  -12.19834   0 2 1 0 0 0
 Production  024-055Cr 7.4881e-11  -19.65060   0 2 0 1 0 0
 Production  022-050Ti 9.3655e-03   -7.75353   0 1 2 0 0 0
 Production  023-052V  4.7449e-14  -18.45152   0 1 1 1 0 0
 Production  021-047Sc 5.0466e-10   -9.98447   0 0 3 0 0 0
 Production  022-049Ti 1.5500e-16  -16.46821   0 0 2 1 0 0
 Production  026-055Fe 3.7173e-01  -21.06803   3 1 0 0 0 0
 Production  025-052Mn 2.3581e-15  -22.97770   3 0 1 0 0 0
 Production  025-055Mn 2.2406e-03  -20.05455   2 2 0 0 0 0
 Production  024-052Cr 7.8957e-05  -17.48406   2 1 1 0 0 0
 Production  023-049V  3.4894e-21  -20.07709   2 0 2 0 0 0
 Production  024-055Cr 6.5243e-18  -21.87523   1 3 0 0 0 0
 Production  023-052V  2.3336e-22  -20.67615   1 2 1 0 0 0
 Production  022-049Ti 3.4742e-21  -18.69284   1 1 2 0 0 0
                   sum 1.7286e+03
#......................................................................../  026-057Fe //  26.000000
#                                                           STABLE AND LONG-LIVED STATE PRODUCTIONS
#       Residual    Ex[MeV]     Jpi     T(1/2)[s]  Prod.[mb] Meta
    1  019-043K     0.00000    1.5+    8.0280e+04 0.0000e+00
    2  020-046Ca    0.00000    0.0+    ---------- 0.0000e+00
    3  021-046Sc    0.00000    4.0+    7.2390e+06 0.0000e+00
    4  021-046Sc    0.14253    1.0-    1.8750e+01 0.0000e+00    1
    5  021-047Sc    0.00000    3.5-    2.8940e+05 5.0466e-10
    6  021-049Sc    0.00000    3.5-    3.4310e+03 0.0000e+00
    7  022-048Ti    0.00000    0.0+    ---------- 0.0000e+00
    8  022-048Ti    3.63300    2.0+    1.0300e+01 0.0000e+00    1
    9  022-049Ti    0.00000    3.5-    ---------- 1.5500e-16
   10  022-050Ti    0.00000    0.0+    ---------- 9.3655e-03
   11  022-052Ti    0.00000    0.0+    1.0200e+02 0.0000e+00
   12  023-049V     0.00000    3.5-    2.8510e+07 3.4894e-21
   13  023-050V     0.00000    6.0+    4.7340e+24 1.7422e-02
   14  023-051V     0.00000    3.5-    ---------- 2.5244e+00
   15  023-052V     0.00000    3.0+    2.2460e+02 4.7449e-14
   16  023-053V     0.00000    3.5-    9.2580e+01 2.0526e-04
   17  024-052Cr    0.00000    0.0+    ---------- 9.6800e-04
   18  024-053Cr    0.00000    1.5-    ---------- 6.7465e+00
   19  024-054Cr    0.00000    0.0+    ---------- 1.0517e+01
   20  024-055Cr    0.00000    1.5-    2.0980e+02 7.4881e-11
   21  024-056Cr    0.00000    0.0+    3.5640e+02 1.3382e-04
   22  025-052Mn    0.00000    6.0+    4.8310e+05 2.3581e-15
   23  025-052Mn    0.37775    2.0+    1.2660e+03 9.4622e-22    1
   24  025-053Mn    0.00000    3.5-    1.1680e+14 6.1152e+01
   25  025-054Mn    0.00000    3.0+    2.6960e+07 7.5908e+01
   26  025-055Mn    0.00000    2.5-    ---------- 6.9536e+00
   27  025-056Mn    0.00000    3.0+    9.2840e+03 8.6836e+00
   28  025-057Mn    0.00000    2.5-    8.5400e+01 5.5116e+00
   29  026-055Fe    0.00000    1.5-    8.6590e+07 1.7045e+00
   30  026-056Fe    0.00000    0.0+    ---------- 5.3376e+02
   31  026-057Fe    0.00000    0.5-    ---------- 3.4894e+02
   32  026-058Fe    0.00000    0.0+    ---------- 1.8034e+02
   33  027-056Co    0.00000    4.0+    6.6730e+06 1.2990e+02
   34  027-057Co    0.00000    3.5-    2.3480e+07 2.0721e+02
   35  027-058Co    0.00000    2.0+    6.1220e+06 1.4867e+02
   36  027-058Co    0.02495    5.0+    3.2760e+04 5.1409e+01    1
   37  027-059Co    0.00000    3.5-    ---------- 1.3594e-05
#                                         g.s.sum 1.7286e+03


#......................................................................../  026-057Fe //  26.000000
#                                                                                   ISOMERIC RATIOS
#       Residual    Ex[MeV]     Jpi     T(1/2)[s] Ratio      m/(g-m)
    1  021-046Sc    0.14253    1.0-    1.8750e+01 0.0000e+00 0.0000e+00
    2  022-048Ti    3.63300    2.0+    1.0300e+01 0.0000e+00 0.0000e+00
    3  025-052Mn    0.37775    2.0+    1.2660e+03 4.0126e-07 4.0126e-07
    4  027-058Co    0.02495    5.0+    3.2760e+04 3.4578e-01 5.2855e-01


#......................................................................../  026-057Fe //  26.000000
#                                                                               PARTICLE PRODUCTION
#             Particle  Prod.[mb] Multiplic. Emean[MeV]
 ParticlPrd      gamma 4.2777e+03 2.4747e+00 1.6662e+00
 ParticlPrd    neutron 2.5419e+03 1.4705e+00 5.0484e+00
 ParticlPrd     proton 1.0643e+03 6.1570e-01 1.2539e+01
 ParticlPrd      alpha 1.6624e+02 9.6172e-02 1.1915e+01
 ParticlPrd   deuteron 4.6426e+01 2.6858e-02 1.0252e+01


