###################################################################################################
#                                                                                    3.6.0-Cordelia
#
#                                                      .oooooo.             ooooo   ooooo        
#     Clair de Lune                                   d8P    Y8b             888     888         
#     =============                                  888           .ooooo.   888     888         
#                                                    888          d88   88b  888ooooo888         
# Votre ame est un paysage choisi                    888          888   888  888     888  dP^Y8b 
# Que vont charmant masques et bergamasques           88b    ooo  888   888  888     888      8P 
# Jouant du luth et dansant et quasi                   Y8bood8P    Y8bod8P' o888o   o888o   <8B  
# Tristes sous leurs deguisements fantasques.                                           8b    8b 
#                                                                                        Y8oo8P  
#
# Tout en chantant sur le mode mineur            Au calme clair de lune triste et beau,
# L'amour vainqueur et la vie opportune          Qui fait rever les oiseaux dans les arbres
# Ils n'ont pas l'air de croire a leur bonheur   Et sangloter d'extase les jets d'eau,
# Et leur chanson se mele au clair de lune,      Les grands jets d'eau sveltes parmi les marbres.
# 
#                                                                                   Paul Verlaine
#
######################################################################################## Moonage 11
###################################################################################################
#                                                                                    3.6.0-Cordelia
#          
#......................................................................../  026-057Fe //  16.000000
#                                                                                 SYSTEM PARAMETERS
#            AtomicNum    MassNum
#    Target         26         57
#  Incident          1          2
#            Ecms[MeV]  Elab[MeV] ReduceMass WaveNumber
     Energy 1.5453e+01 1.6000e+01 1.9453e+00 1.1993e+00
#......................................................................../  026-057Fe //  16.000000
#                                                                             ROTATIONAL STATE DATA
#             Energy       Spin   WaveNum Eout[MeV]   Coulomb   Sig0   
      Level   0.00000      -0.5   1.19928  15.45333   1.45276  -0.18326
#......................................................................../  026-057Fe //  16.000000
#                                                                            DEFORMATION PARAMETERS
#              Lambda     Beta
#......................................................................../  026-057Fe //  16.000000
#                                                                           OPTICAL MODEL POTENTIAL
# OMP  0      V         Vs        Wv        Ws        Vso       Wso       Coul
      r[fm]   1.14998   0.00000   1.33091   1.37350   0.97200   0.00000      1.30
      a[fm]   0.76749   0.00000   0.47015   0.76961   1.01100   0.00000
 Depth[MeV]  92.36709   0.00000   2.06520  10.35713   7.11400   0.00000
#......................................................................../  026-057Fe //  16.000000
#                                                                      TOTAL REACTION CROSS SECTION
  Sigma[mb] 1.6346e+03
#......................................................................../  026-057Fe //  16.000000
#                                                                     DISCRETE DIRECT CROSS SECTION
#              Ex[MeV]     Spin    Eout[MeV]  Sigma[mb]
  Direct  0    0.00000     -0.5   1.5453e+01 1.1330e+03
#......................................................................../  026-057Fe //  16.000000
#                                                                                      TARGET STATE
#           Excitation  Spin
  026-057Fe 0.0000e+00  0.5-
#......................................................................../  026-057Fe //  16.000000
#                                                                             COMPOUND NUCLEUS DATA
#              Z     A  MassExess    Ex(max) Separation     N-cont    N-level
  027-059Co              -62.2291    30.6371                   267         83
      gamma  027-059Co     0.0000                0.0000
    neutron  027-058Co     8.0714               10.4540
     proton  026-058Fe     7.2890                7.3637
      alpha  025-055Mn     2.4249                6.9423
   deuteron  026-057Fe    13.1358               15.1838
  027-058Co              -59.8466    20.1831                   180         52
      gamma  027-058Co     0.0000                0.0000
    neutron  027-057Co     8.0714                8.5730
     proton  026-057Fe     7.2890                6.9544
      alpha  025-054Mn     2.4249                6.7150
   deuteron  026-056Fe    13.1358               12.3760
  026-058Fe              -62.1545    23.2734                   186         60
      gamma  026-058Fe     0.0000                0.0000
    neutron  026-057Fe     8.0714               10.0447
     proton  025-057Mn     7.2890               11.9574
      alpha  024-054Cr     2.4249                7.6457
   deuteron  025-056Mn    13.1358               18.3795
  025-055Mn              -57.7117    23.6948                   197         92
      gamma  025-055Mn     0.0000                0.0000
    neutron  025-054Mn     8.0714               10.2266
     proton  024-054Cr     7.2890                8.0671
      alpha  023-051V      2.4249                7.9330
   deuteron  024-053Cr    13.1358               15.5617
  026-057Fe              -60.1812    15.4533                   129         30
      gamma  026-057Fe     0.0000                0.0000
    neutron  026-056Fe     8.0714                7.6462
     proton  025-056Mn     7.2890               10.5594
      alpha  024-053Cr     2.4249                7.3202
  027-057Co              -59.3449    11.6101                    79         54
      gamma  027-057Co     0.0000                0.0000
    neutron  027-056Co     8.0714               11.3766
     proton  026-056Fe     7.2890                6.0276
      alpha  025-053Mn     2.4249                7.0808
  026-057Fe              -60.1812    13.2287                   107         30
      gamma  026-057Fe     0.0000                0.0000
    neutron  026-056Fe     8.0714                7.6462
     proton  025-056Mn     7.2890               10.5594
      alpha  024-053Cr     2.4249                7.3202
  025-054Mn              -55.5565    13.4682                   112         34
      gamma  025-054Mn     0.0000                0.0000
    neutron  025-053Mn     8.0714                8.9389
     proton  024-053Cr     7.2890                7.5597
      alpha  023-050V      2.4249                8.7576
   deuteron  024-052Cr    13.1358               13.2743
  026-056Fe              -60.6064     7.8071                    25         77
      gamma  026-056Fe     0.0000                0.0000
      alpha  024-052Cr     2.4249                7.6133
  025-057Mn              -57.4861    11.3161                    86         34
      gamma  025-057Mn     0.0000                0.0000
    neutron  025-056Mn     8.0714                8.6467
     proton  024-056Cr     7.2890                9.4939
      alpha  023-053V      2.4249                8.0611
  024-054Cr              -56.9337    15.6277                   110         39
      gamma  024-054Cr     0.0000                0.0000
    neutron  024-053Cr     8.0714                9.7192
     proton  023-053V      7.2890               12.3727
      alpha  022-050Ti     2.4249                7.9279
  025-056Mn              -56.9108     4.8940                    30         46
      gamma  025-056Mn     0.0000                0.0000
  023-051V               -52.2037    15.7618                   115         69
      gamma  023-051V      0.0000                0.0000
    neutron  023-050V      8.0714               11.0513
     proton  022-050Ti     7.2890                8.0620
      alpha  021-047Sc     2.4249               10.2930
  024-053Cr              -55.2859     8.1331                    44         34
      gamma  024-053Cr     0.0000                0.0000
    neutron  024-052Cr     8.0714                7.9392
  027-056Co              -56.0398     0.2335                     0         32
      gamma  027-056Co     0.0000                0.0000
  026-056Fe              -60.6064     5.5825                     3         77
      gamma  026-056Fe     0.0000                0.0000
  025-053Mn              -54.6890     4.5293                     7         44
      gamma  025-053Mn     0.0000                0.0000
  025-056Mn              -56.9108     2.6693                     7         46
      gamma  025-056Mn     0.0000                0.0000
  024-053Cr              -55.2859     5.9085                    22         34
      gamma  024-053Cr     0.0000                0.0000
  023-050V               -49.2239     4.7106                    22         43
      gamma  023-050V      0.0000                0.0000
  024-052Cr              -55.4181     0.1939                     0         17
      gamma  024-052Cr     0.0000                0.0000
  024-056Cr              -55.2812     1.8221                     0         23
      gamma  024-056Cr     0.0000                0.0000
  023-053V               -51.8500     3.2550                     3         24
      gamma  023-053V      0.0000                0.0000
  022-050Ti              -51.4307     7.6998                    19         40
      gamma  022-050Ti     0.0000                0.0000
  021-047Sc              -44.3356     5.4689                    29         28
      gamma  021-047Sc     0.0000                0.0000
#......................................................................../  026-057Fe //  16.000000
#                                                                          LEVEL DENSITY PARAMETERS
#                 a       Pairing     T          E0         Em         Sigma2     Eshell
  027-059Co     7.7065     1.4438     1.5264    -2.9139    11.5997     7.7063  -2.757200
  027-058Co     7.5715     0.0000     1.6003    -4.5097    10.6265     8.1538  -3.270900
  026-058Fe     7.5715     2.6240     1.4533    -1.2878    11.9123     5.8167  -2.027200
  025-055Mn     7.1675     1.4696     1.6536    -3.6282    12.9169     6.5000  -2.554700
  026-057Fe     7.4367     1.5804     1.5737    -3.0878    12.2497     4.5917  -2.515600
  027-057Co     7.4367     1.4927     1.6583    -3.0254    12.2736     6.8935  -3.742600
  025-054Mn     7.0331     0.0000     1.5814    -3.6263     9.3214     7.3235  -2.894400
  026-056Fe     7.3020     2.6593     1.6240    -1.8095    13.2217     6.4286  -3.111000
  025-057Mn     7.4367     1.4198     1.4373    -2.5221    10.6638     3.7426  -1.494100
  024-054Cr     7.0331     2.6811     1.5243    -0.9696    11.7541     5.9744  -2.242300
  025-056Mn     7.3020     0.0000     1.5287    -4.3615    10.0833     4.8043  -1.982200
  023-051V      6.6309     1.4973     1.7524    -3.3151    12.8516     7.3098  -2.858800
  024-053Cr     6.8989     1.6273     1.5780    -1.9343    10.9467     8.0074  -2.552300
  025-053Mn     6.8989     1.5243     1.7121    -2.8200    12.2660     8.0568  -3.371000
  023-050V      6.4971     0.0000     1.6684    -4.1537    10.6092    10.1163  -1.868700
  023-053V      6.8989     1.4418     1.5365    -2.1568    10.4543     5.9167  -2.189000
  022-050Ti     6.4971     2.7448     1.6364    -0.2460    11.3754     7.3250  -3.035900
  021-047Sc     6.0967     1.5269     1.8071    -3.8457    13.7991     7.5893  -1.529900
#......................................................................../  026-057Fe //  16.000000
#                                                                       GIANT DIPOLE RESONANCE DATA
#          Energy[MeV] Width[MeV] Sigma0[mb]            Profile
         E1    16.6562     3.9874  51.492284                 GL
         E1    19.4148     6.3548  52.914197                 GL
         M1    10.5317     4.0000   0.732384                 SL
         E2    16.1829     5.4020   1.361737                 SL
         M2    10.5317     4.0000   0.000586                 SL
         E3    16.1829     5.4020   0.001089                 SL
         M1     3.3291     1.5000   0.741830                 SL
#......................................................................../  026-057Fe //  16.000000
#                                                                       SUM OF PRECOMPOUND EMISSION
#            027-059Co      gamma    neutron     proton      alpha   deuteron
 SpcSum[mb]            0.0000e+00 3.5039e+02 3.6800e+02 1.9581e+01 1.3555e+01
 Emean[MeV]            0.0000e+00 1.1022e+01 1.2729e+01 1.4511e+01 8.4020e+00
#          
#           TotalPreEq   Compound   Fraction
  Sigma[mb] 7.5153e+02 1.6346e+03 4.5976e-01
#......................................................................../  026-057Fe //  16.000000
#                                                                          SUM SPECTRA FOR COMPOUND
#            027-059Co      gamma    neutron     proton      alpha   deuteron
 SpcSum[mb]            2.9309e-01 6.7771e+02 1.5465e+02 4.5466e+01 5.2769e+00
 Emean[MeV]            1.0744e+01 3.0030e+00 6.1801e+00 1.0521e+01 6.2915e+00
#......................................................................../  026-057Fe //  16.000000
#                                                                   GAMMAS FROM DISCRETE TRANSITION
#           0 0 0 0 0 0             027-059Co
#   Ex[MeV]     Jpi    FinalState  Branching Production    Egamma Production   T(1/2)[s]
 82  3.9501    3.5-                          8.6893e-06
                        0  0.0000     1.0000               3.9501 8.6796e-06
 81  3.9442    3.5+                          8.6536e-06                       6.0000e-13
                        3  1.2916     1.0000               2.6526 8.6499e-06
 80  3.9263    4.5+                          1.3636e-05
                        0  0.0000     0.0435               3.9263 5.9285e-07
                        2  1.1905     0.0435               2.7359 5.9285e-07
                        5  1.4595     0.0435               2.4668 5.9285e-07
                        7  1.7447     0.0435               2.1816 5.9285e-07
                        8  2.0618     0.0435               1.8645 5.9285e-07
                       15  2.5404     0.0435               1.3859 5.9285e-07
                       17  2.5858     0.0435               1.3405 5.9285e-07
                       24  2.8262     0.0435               1.1001 5.9285e-07
                       25  2.8291     0.0435               1.0972 5.9285e-07
                       31  2.9730     0.0435               0.9533 5.9285e-07
                       33  3.0149     0.0435               0.9114 5.9285e-07
                       34  3.0168     0.0435               0.9095 5.9285e-07
                       36  3.0816     0.0435               0.8447 5.9285e-07
                       37  3.0904     0.0435               0.8359 5.9285e-07
                       38  3.1209     0.0435               0.8054 5.9285e-07
                       40  3.1405     0.0435               0.7858 5.9285e-07
                       41  3.1410     0.0435               0.7853 5.9285e-07
                       51  3.3234     0.0435               0.6029 5.9285e-07
                       56  3.3820     0.0435               0.5443 5.9285e-07
                       57  3.4145     0.0435               0.5118 5.9285e-07
                       58  3.4261     0.0435               0.5002 5.9285e-07
                       60  3.4974     0.0435               0.4289 5.9285e-07
                       65  3.6228     0.0435               0.3035 5.9285e-07
 79  3.9152    2.5+                          6.0102e-06
                        0  0.0000     0.0312               3.9152 1.8782e-07
                        1  1.0993     0.0312               2.8159 1.8782e-07
                        3  1.2916     0.0312               2.6236 1.8782e-07
                        6  1.4817     0.0312               2.4335 1.8782e-07
                        7  1.7447     0.0312               2.1705 1.8782e-07
                        8  2.0618     0.0312               1.8534 1.8782e-07
                        9  2.0872     0.0312               1.8280 1.8782e-07
                       12  2.2048     0.0312               1.7104 1.8782e-07
                       14  2.4787     0.0312               1.4365 1.8782e-07
                       15  2.5404     0.0312               1.3748 1.8782e-07
                       16  2.5817     0.0312               1.3335 1.8782e-07
                       17  2.5858     0.0312               1.3294 1.8782e-07
                       20  2.7702     0.0312               1.1450 1.8782e-07
                       21  2.7817     0.0312               1.1335 1.8782e-07
                       24  2.8262     0.0312               1.0890 1.8782e-07
                       25  2.8291     0.0312               1.0861 1.8782e-07
                       26  2.9120     0.0312               1.0032 1.8782e-07
                       28  2.9579     0.0312               0.9573 1.8782e-07
                       30  2.9659     0.0312               0.9493 1.8782e-07
                       33  3.0149     0.0312               0.9003 1.8782e-07
                       37  3.0904     0.0312               0.8248 1.8782e-07
                       40  3.1405     0.0312               0.7747 1.8782e-07
                       41  3.1410     0.0312               0.7742 1.8782e-07
                       43  3.1637     0.0312               0.7515 1.8782e-07
                       45  3.2195     0.0312               0.6957 1.8782e-07
                       49  3.2760     0.0312               0.6392 1.8782e-07
                       51  3.3234     0.0312               0.5918 1.8782e-07
                       56  3.3820     0.0312               0.5332 1.8782e-07
                       58  3.4261     0.0312               0.4891 1.8782e-07
                       60  3.4974     0.0312               0.4178 1.8782e-07
                       66  3.6260     0.0312               0.2892 1.8782e-07
                       68  3.6672     0.0312               0.2480 1.8782e-07
 78  3.8886    4.5+                          1.4091e-05
                        0  0.0000     0.0435               3.8886 6.1264e-07
                        2  1.1905     0.0435               2.6982 6.1264e-07
                        5  1.4595     0.0435               2.4291 6.1264e-07
                        7  1.7447     0.0435               2.1439 6.1264e-07
                        8  2.0618     0.0435               1.8268 6.1264e-07
                       15  2.5404     0.0435               1.3482 6.1264e-07
                       17  2.5858     0.0435               1.3028 6.1264e-07
                       24  2.8262     0.0435               1.0624 6.1264e-07
                       25  2.8291     0.0435               1.0595 6.1264e-07
                       31  2.9730     0.0435               0.9156 6.1264e-07
                       33  3.0149     0.0435               0.8737 6.1264e-07
                       34  3.0168     0.0435               0.8718 6.1264e-07
                       36  3.0816     0.0435               0.8070 6.1264e-07
                       37  3.0904     0.0435               0.7982 6.1264e-07
                       38  3.1209     0.0435               0.7677 6.1264e-07
                       40  3.1405     0.0435               0.7481 6.1264e-07
                       41  3.1410     0.0435               0.7476 6.1264e-07
                       51  3.3234     0.0435               0.5652 6.1264e-07
                       56  3.3820     0.0435               0.5066 6.1264e-07
                       57  3.4145     0.0435               0.4741 6.1264e-07
                       58  3.4261     0.0435               0.4625 6.1264e-07
                       60  3.4974     0.0435               0.3912 6.1264e-07
                       65  3.6228     0.0435               0.2658 6.1264e-07
 77  3.8549    1.5+                          4.1599e-06
                        1  1.0993     0.0526               2.7556 2.1894e-07
                        3  1.2916     0.0526               2.5633 2.1894e-07
                        4  1.4343     0.0526               2.4206 2.1894e-07
                        6  1.4817     0.0526               2.3732 2.1894e-07
                        9  2.0872     0.0526               1.7677 2.1894e-07
                       12  2.2048     0.0526               1.6501 2.1894e-07
                       14  2.4787     0.0526               1.3762 2.1894e-07
                       16  2.5817     0.0526               1.2732 2.1894e-07
                       20  2.7702     0.0526               1.0847 2.1894e-07
                       21  2.7817     0.0526               1.0732 2.1894e-07
                       26  2.9120     0.0526               0.9429 2.1894e-07
                       28  2.9579     0.0526               0.8970 2.1894e-07
                       30  2.9659     0.0526               0.8890 2.1894e-07
                       35  3.0627     0.0526               0.7922 2.1894e-07
                       43  3.1637     0.0526               0.6912 2.1894e-07
                       45  3.2195     0.0526               0.6354 2.1894e-07
                       49  3.2760     0.0526               0.5789 2.1894e-07
                       66  3.6260     0.0526               0.2289 2.1894e-07
                       68  3.6672     0.0526               0.1877 2.1894e-07
 76  3.8427    5.5+                          2.1691e-05
                        5  1.4595     0.4709               2.3832 1.0205e-05
                        2  1.1905     0.5291               2.6522 1.1464e-05
 75  3.8321    2.5+                          6.4581e-06
                        0  0.0000     0.0312               3.8321 2.0181e-07
                        1  1.0993     0.0312               2.7328 2.0181e-07
                        3  1.2916     0.0312               2.5405 2.0181e-07
                        6  1.4817     0.0312               2.3504 2.0181e-07
                        7  1.7447     0.0312               2.0874 2.0181e-07
                        8  2.0618     0.0312               1.7703 2.0181e-07
                        9  2.0872     0.0312               1.7449 2.0181e-07
                       12  2.2048     0.0312               1.6273 2.0181e-07
                       14  2.4787     0.0312               1.3534 2.0181e-07
                       15  2.5404     0.0312               1.2917 2.0181e-07
                       16  2.5817     0.0312               1.2504 2.0181e-07
                       17  2.5858     0.0312               1.2463 2.0181e-07
                       20  2.7702     0.0312               1.0619 2.0181e-07
                       21  2.7817     0.0312               1.0504 2.0181e-07
                       24  2.8262     0.0312               1.0059 2.0181e-07
                       25  2.8291     0.0312               1.0030 2.0181e-07
                       26  2.9120     0.0312               0.9201 2.0181e-07
                       28  2.9579     0.0312               0.8742 2.0181e-07
                       30  2.9659     0.0312               0.8662 2.0181e-07
                       33  3.0149     0.0312               0.8172 2.0181e-07
                       37  3.0904     0.0312               0.7417 2.0181e-07
                       40  3.1405     0.0312               0.6916 2.0181e-07
                       41  3.1410     0.0312               0.6911 2.0181e-07
                       43  3.1637     0.0312               0.6684 2.0181e-07
                       45  3.2195     0.0312               0.6126 2.0181e-07
                       49  3.2760     0.0312               0.5561 2.0181e-07
                       51  3.3234     0.0312               0.5087 2.0181e-07
                       56  3.3820     0.0312               0.4501 2.0181e-07
                       58  3.4261     0.0312               0.4060 2.0181e-07
                       60  3.4974     0.0312               0.3347 2.0181e-07
                       66  3.6260     0.0312               0.2061 2.0181e-07
                       68  3.6672     0.0312               0.1649 2.0181e-07
 74  3.8209    1.5+                          4.2862e-06
                        1  1.0993     0.0526               2.7216 2.2559e-07
                        3  1.2916     0.0526               2.5293 2.2559e-07
                        4  1.4343     0.0526               2.3866 2.2559e-07
                        6  1.4817     0.0526               2.3392 2.2559e-07
                        9  2.0872     0.0526               1.7337 2.2559e-07
                       12  2.2048     0.0526               1.6161 2.2559e-07
                       14  2.4787     0.0526               1.3422 2.2559e-07
                       16  2.5817     0.0526               1.2392 2.2559e-07
                       20  2.7702     0.0526               1.0507 2.2559e-07
                       21  2.7817     0.0526               1.0392 2.2559e-07
                       26  2.9120     0.0526               0.9089 2.2559e-07
                       28  2.9579     0.0526               0.8630 2.2559e-07
                       30  2.9659     0.0526               0.8550 2.2559e-07
                       35  3.0627     0.0526               0.7582 2.2559e-07
                       43  3.1637     0.0526               0.6572 2.2559e-07
                       45  3.2195     0.0526               0.6014 2.2559e-07
                       49  3.2760     0.0526               0.5449 2.2559e-07
                       66  3.6260     0.0526               0.1949 2.2559e-07
                       68  3.6672     0.0526               0.1537 2.2559e-07
 73  3.8077    3.5+                          9.7411e-06
                        0  0.0000     0.0345               3.8077 3.3590e-07
                        2  1.1905     0.0345               2.6173 3.3590e-07
                        6  1.4817     0.0345               2.3260 3.3590e-07
                        7  1.7447     0.0345               2.0630 3.3590e-07
                        8  2.0618     0.0345               1.7459 3.3590e-07
                        9  2.0872     0.0345               1.7205 3.3590e-07
                       12  2.2048     0.0345               1.6029 3.3590e-07
                       14  2.4787     0.0345               1.3290 3.3590e-07
                       15  2.5404     0.0345               1.2673 3.3590e-07
                       17  2.5858     0.0345               1.2219 3.3590e-07
                       20  2.7702     0.0345               1.0375 3.3590e-07
                       21  2.7817     0.0345               1.0260 3.3590e-07
                       24  2.8262     0.0345               0.9815 3.3590e-07
                       25  2.8291     0.0345               0.9786 3.3590e-07
                       28  2.9579     0.0345               0.8498 3.3590e-07
                       33  3.0149     0.0345               0.7928 3.3590e-07
                       34  3.0168     0.0345               0.7909 3.3590e-07
                       36  3.0816     0.0345               0.7261 3.3590e-07
                       37  3.0904     0.0345               0.7173 3.3590e-07
                       40  3.1405     0.0345               0.6672 3.3590e-07
                       41  3.1410     0.0345               0.6667 3.3590e-07
                       43  3.1637     0.0345               0.6440 3.3590e-07
                       51  3.3234     0.0345               0.4843 3.3590e-07
                       56  3.3820     0.0345               0.4257 3.3590e-07
                       57  3.4145     0.0345               0.3932 3.3590e-07
                       58  3.4261     0.0345               0.3816 3.3590e-07
                       60  3.4974     0.0345               0.3103 3.3590e-07
                       66  3.6260     0.0345               0.1817 3.3590e-07
                       68  3.6672     0.0345               0.1405 3.3590e-07
 72  3.7924    1.5+                          4.3961e-06
                        1  1.0993     0.0526               2.6931 2.3137e-07
                        3  1.2916     0.0526               2.5008 2.3137e-07
                        4  1.4343     0.0526               2.3581 2.3137e-07
                        6  1.4817     0.0526               2.3107 2.3137e-07
                        9  2.0872     0.0526               1.7052 2.3137e-07
                       12  2.2048     0.0526               1.5876 2.3137e-07
                       14  2.4787     0.0526               1.3137 2.3137e-07
                       16  2.5817     0.0526               1.2107 2.3137e-07
                       20  2.7702     0.0526               1.0222 2.3137e-07
                       21  2.7817     0.0526               1.0107 2.3137e-07
                       26  2.9120     0.0526               0.8804 2.3137e-07
                       28  2.9579     0.0526               0.8345 2.3137e-07
                       30  2.9659     0.0526               0.8265 2.3137e-07
                       35  3.0627     0.0526               0.7297 2.3137e-07
                       43  3.1637     0.0526               0.6287 2.3137e-07
                       45  3.2195     0.0526               0.5729 2.3137e-07
                       49  3.2760     0.0526               0.5164 2.3137e-07
                       66  3.6260     0.0526               0.1664 2.3137e-07
                       68  3.6672     0.0526               0.1252 2.3137e-07
 71  3.7689    2.5+                          6.8284e-06
                        0  0.0000     0.0312               3.7689 2.1339e-07
                        1  1.0993     0.0312               2.6696 2.1339e-07
                        3  1.2916     0.0312               2.4773 2.1339e-07
                        6  1.4817     0.0312               2.2872 2.1339e-07
                        7  1.7447     0.0312               2.0242 2.1339e-07
                        8  2.0618     0.0312               1.7071 2.1339e-07
                        9  2.0872     0.0312               1.6817 2.1339e-07
                       12  2.2048     0.0312               1.5641 2.1339e-07
                       14  2.4787     0.0312               1.2902 2.1339e-07
                       15  2.5404     0.0312               1.2285 2.1339e-07
                       16  2.5817     0.0312               1.1872 2.1339e-07
                       17  2.5858     0.0312               1.1831 2.1339e-07
                       20  2.7702     0.0312               0.9987 2.1339e-07
                       21  2.7817     0.0312               0.9872 2.1339e-07
                       24  2.8262     0.0312               0.9427 2.1339e-07
                       25  2.8291     0.0312               0.9398 2.1339e-07
                       26  2.9120     0.0312               0.8569 2.1339e-07
                       28  2.9579     0.0312               0.8110 2.1339e-07
                       30  2.9659     0.0312               0.8030 2.1339e-07
                       33  3.0149     0.0312               0.7540 2.1339e-07
                       37  3.0904     0.0312               0.6785 2.1339e-07
                       40  3.1405     0.0312               0.6284 2.1339e-07
                       41  3.1410     0.0312               0.6279 2.1339e-07
                       43  3.1637     0.0312               0.6052 2.1339e-07
                       45  3.2195     0.0312               0.5494 2.1339e-07
                       49  3.2760     0.0312               0.4929 2.1339e-07
                       51  3.3234     0.0312               0.4455 2.1339e-07
                       56  3.3820     0.0312               0.3869 2.1339e-07
                       58  3.4261     0.0312               0.3428 2.1339e-07
                       60  3.4974     0.0312               0.2715 2.1339e-07
                       66  3.6260     0.0312               0.1429 2.1339e-07
                       68  3.6672     0.0312               0.1017 2.1339e-07
 70  3.7575    3.5+                          1.0183e-05
                        0  0.0000     0.0345               3.7575 3.5113e-07
                        2  1.1905     0.0345               2.5671 3.5113e-07
                        6  1.4817     0.0345               2.2758 3.5113e-07
                        7  1.7447     0.0345               2.0128 3.5113e-07
                        8  2.0618     0.0345               1.6957 3.5113e-07
                        9  2.0872     0.0345               1.6703 3.5113e-07
                       12  2.2048     0.0345               1.5527 3.5113e-07
                       14  2.4787     0.0345               1.2788 3.5113e-07
                       15  2.5404     0.0345               1.2171 3.5113e-07
                       17  2.5858     0.0345               1.1717 3.5113e-07
                       20  2.7702     0.0345               0.9873 3.5113e-07
                       21  2.7817     0.0345               0.9758 3.5113e-07
                       24  2.8262     0.0345               0.9313 3.5113e-07
                       25  2.8291     0.0345               0.9284 3.5113e-07
                       28  2.9579     0.0345               0.7996 3.5113e-07
                       33  3.0149     0.0345               0.7426 3.5113e-07
                       34  3.0168     0.0345               0.7407 3.5113e-07
                       36  3.0816     0.0345               0.6759 3.5113e-07
                       37  3.0904     0.0345               0.6671 3.5113e-07
                       40  3.1405     0.0345               0.6170 3.5113e-07
                       41  3.1410     0.0345               0.6165 3.5113e-07
                       43  3.1637     0.0345               0.5938 3.5113e-07
                       51  3.3234     0.0345               0.4341 3.5113e-07
                       56  3.3820     0.0345               0.3755 3.5113e-07
                       57  3.4145     0.0345               0.3430 3.5113e-07
                       58  3.4261     0.0345               0.3314 3.5113e-07
                       60  3.4974     0.0345               0.2601 3.5113e-07
                       66  3.6260     0.0345               0.1315 3.5113e-07
                       68  3.6672     0.0345               0.0903 3.5113e-07
 69  3.7373    0.5+                          2.3956e-06
                        1  1.0993     0.1111               2.6380 2.6618e-07
                        3  1.2916     0.1111               2.4457 2.6618e-07
                        4  1.4343     0.1111               2.3030 2.6618e-07
                       16  2.5817     0.1111               1.1556 2.6618e-07
                       26  2.9120     0.1111               0.8253 2.6618e-07
                       30  2.9659     0.1111               0.7714 2.6618e-07
                       35  3.0627     0.1111               0.6746 2.6618e-07
                       45  3.2195     0.1111               0.5178 2.6618e-07
                       49  3.2760     0.1111               0.4613 2.6618e-07
 68  3.6672    2.5-                          9.6966e-06
                        1  1.0993     0.5713               2.5679 5.5364e-06
                        0  0.0000     0.4287               3.6672 4.1527e-06
 67  3.6528    2.5+                          7.5833e-06
                        1  1.0993     1.0000               2.5535 7.5757e-06
 66  3.6260    2.5-                          9.9820e-06                       3.0000e-14
                        6  1.4817     1.0000               2.1443 9.9781e-06
 65  3.6228    5.5-                          2.7991e-05
                        0  0.0000     1.0000               3.6228 2.7962e-05
 64  3.5995    4.5+                          1.8236e-05
                        0  0.0000     0.0455               3.5995 8.2892e-07
                        2  1.1905     0.0455               2.4090 8.2892e-07
                        5  1.4595     0.0455               2.1400 8.2892e-07
                        7  1.7447     0.0455               1.8548 8.2892e-07
                        8  2.0618     0.0455               1.5377 8.2892e-07
                       15  2.5404     0.0455               1.0591 8.2892e-07
                       17  2.5858     0.0455               1.0137 8.2892e-07
                       24  2.8262     0.0455               0.7733 8.2892e-07
                       25  2.8291     0.0455               0.7704 8.2892e-07
                       31  2.9730     0.0455               0.6265 8.2892e-07
                       33  3.0149     0.0455               0.5846 8.2892e-07
                       34  3.0168     0.0455               0.5827 8.2892e-07
                       36  3.0816     0.0455               0.5179 8.2892e-07
                       37  3.0904     0.0455               0.5091 8.2892e-07
                       38  3.1209     0.0455               0.4786 8.2892e-07
                       40  3.1405     0.0455               0.4590 8.2892e-07
                       41  3.1410     0.0455               0.4585 8.2892e-07
                       51  3.3234     0.0455               0.2761 8.2892e-07
                       56  3.3820     0.0455               0.2175 8.2892e-07
                       57  3.4145     0.0455               0.1850 8.2892e-07
                       58  3.4261     0.0455               0.1734 8.2892e-07
                       60  3.4974     0.0455               0.1021 8.2892e-07
 63  3.5801    2.5+                          8.1103e-06
                        0  0.0000     0.0333               3.5801 2.7034e-07
                        1  1.0993     0.0333               2.4808 2.7034e-07
                        3  1.2916     0.0333               2.2885 2.7034e-07
                        6  1.4817     0.0333               2.0984 2.7034e-07
                        7  1.7447     0.0333               1.8354 2.7034e-07
                        8  2.0618     0.0333               1.5183 2.7034e-07
                        9  2.0872     0.0333               1.4929 2.7034e-07
                       12  2.2048     0.0333               1.3753 2.7034e-07
                       14  2.4787     0.0333               1.1014 2.7034e-07
                       15  2.5404     0.0333               1.0397 2.7034e-07
                       16  2.5817     0.0333               0.9984 2.7034e-07
                       17  2.5858     0.0333               0.9943 2.7034e-07
                       20  2.7702     0.0333               0.8099 2.7034e-07
                       21  2.7817     0.0333               0.7984 2.7034e-07
                       24  2.8262     0.0333               0.7539 2.7034e-07
                       25  2.8291     0.0333               0.7510 2.7034e-07
                       26  2.9120     0.0333               0.6681 2.7034e-07
                       28  2.9579     0.0333               0.6222 2.7034e-07
                       30  2.9659     0.0333               0.6142 2.7034e-07
                       33  3.0149     0.0333               0.5652 2.7034e-07
                       37  3.0904     0.0333               0.4897 2.7034e-07
                       40  3.1405     0.0333               0.4396 2.7034e-07
                       41  3.1410     0.0333               0.4391 2.7034e-07
                       43  3.1637     0.0333               0.4164 2.7034e-07
                       45  3.2195     0.0333               0.3606 2.7034e-07
                       49  3.2760     0.0333               0.3041 2.7034e-07
                       51  3.3234     0.0333               0.2567 2.7034e-07
                       56  3.3820     0.0333               0.1981 2.7034e-07
                       58  3.4261     0.0333               0.1540 2.7034e-07
                       60  3.4974     0.0333               0.0827 2.7034e-07
 62  3.5701    5.5+                          2.7627e-05
                        2  1.1905     0.1111               2.3796 3.0696e-06
                        5  1.4595     0.1111               2.1106 3.0696e-06
                       10  2.1536     0.1111               1.4165 3.0696e-06
                       31  2.9730     0.1111               0.5971 3.0696e-06
                       34  3.0168     0.1111               0.5533 3.0696e-06
                       36  3.0816     0.1111               0.4885 3.0696e-06
                       38  3.1209     0.1111               0.4492 3.0696e-06
                       46  3.2238     0.1111               0.3463 3.0696e-06
                       57  3.4145     0.1111               0.1556 3.0696e-06
 61  3.5650    0.5+                          2.8133e-06
                        9  2.0872     0.3333               1.4778 9.3775e-07
                        6  1.4817     0.3333               2.0833 9.3775e-07
                        3  1.2916     0.3333               2.2734 9.3775e-07
 60  3.4974    3.5-                          1.6369e-05
                        0  0.0000     1.0000               3.4974 1.6354e-05
 59  3.4916    0.5+                          3.0216e-06
                        6  1.4817     0.3333               2.0099 1.0072e-06
                        3  1.2916     0.3333               2.2000 1.0072e-06
                        1  1.0993     0.3333               2.3923 1.0072e-06
 58  3.4261    3.5-                          1.7188e-05                       5.5000e-14
                        5  1.4595     0.6210               1.9666 1.0670e-05
                        0  0.0000     0.3790               3.4261 6.5083e-06
 57  3.4145    4.5-                          2.7413e-05
                        6  1.4817     0.4695               1.9328 1.2866e-05
                        1  1.0993     0.3708               2.3152 1.0162e-05
                        0  0.0000     0.1597               3.4145 4.3738e-06
 56  3.3820    3.5-                          1.7723e-05                       7.6000e-14
                        7  1.7447     0.2276               1.6373 4.0329e-06
                        5  1.4595     0.6896               1.9225 1.2218e-05
                        0  0.0000     0.0828               3.3820 1.4663e-06
 55  3.3660    4.5+                          2.2586e-05
                        0  0.0000     0.0556               3.3660 1.2548e-06
                        2  1.1905     0.0556               2.1756 1.2548e-06
                        5  1.4595     0.0556               1.9065 1.2548e-06
                        7  1.7447     0.0556               1.6213 1.2548e-06
                        8  2.0618     0.0556               1.3042 1.2548e-06
                       15  2.5404     0.0556               0.8256 1.2548e-06
                       17  2.5858     0.0556               0.7802 1.2548e-06
                       24  2.8262     0.0556               0.5398 1.2548e-06
                       25  2.8291     0.0556               0.5369 1.2548e-06
                       31  2.9730     0.0556               0.3930 1.2548e-06
                       33  3.0149     0.0556               0.3511 1.2548e-06
                       34  3.0168     0.0556               0.3492 1.2548e-06
                       36  3.0816     0.0556               0.2844 1.2548e-06
                       37  3.0904     0.0556               0.2756 1.2548e-06
                       38  3.1209     0.0556               0.2451 1.2548e-06
                       40  3.1405     0.0556               0.2255 1.2548e-06
                       41  3.1410     0.0556               0.2250 1.2548e-06
                       51  3.3234     0.0556               0.0426 1.2548e-06
 54  3.3509    0.5+                          3.4812e-06
                        1  1.0993     0.1111               2.2516 3.8680e-07
                        3  1.2916     0.1111               2.0593 3.8680e-07
                        4  1.4343     0.1111               1.9166 3.8680e-07
                       16  2.5817     0.1111               0.7692 3.8680e-07
                       26  2.9120     0.1111               0.4389 3.8680e-07
                       30  2.9659     0.1111               0.3850 3.8680e-07
                       35  3.0627     0.1111               0.2882 3.8680e-07
                       45  3.2195     0.1111               0.1314 3.8680e-07
                       49  3.2760     0.1111               0.0749 3.8680e-07
 53  3.3298    2.5+                          1.0306e-05
                        0  0.0000     1.0000               3.3298 1.0291e-05
 52  3.3254    7.5+                          1.8659e-04                       3.2000e-13
                       10  2.1536     1.0000               1.1718 1.8657e-04
 51  3.3234    3.5-                          1.9723e-05
                       21  2.7817     0.0617               0.5417 1.2159e-06
                       10  2.1536     0.1234               1.1698 2.4323e-06
                        6  1.4817     0.0487               1.8417 9.5997e-07
                        4  1.4343     0.2759               1.8891 5.4399e-06
                        3  1.2916     0.1656               2.0318 3.2646e-06
                        0  0.0000     0.3248               3.3234 6.3998e-06
 50  3.3200    2.5+                          1.0405e-05
                        6  1.4817     0.5000               1.8383 5.2027e-06
                        1  1.0993     0.5000               2.2207 5.2027e-06
 49  3.2760    1.5-                          9.4345e-06
                        0  0.0000     1.0000               3.2760 9.4259e-06
 48  3.2410    3.5+                          1.6388e-05
                        1  1.0993     1.0000               2.1417 1.6384e-05
 47  3.2364    2.5+                          1.1303e-05
                        0  0.0000     0.0400               3.2364 4.5211e-07
                        1  1.0993     0.0400               2.1371 4.5211e-07
                        3  1.2916     0.0400               1.9448 4.5211e-07
                        6  1.4817     0.0400               1.7547 4.5211e-07
                        7  1.7447     0.0400               1.4917 4.5211e-07
                        8  2.0618     0.0400               1.1746 4.5211e-07
                        9  2.0872     0.0400               1.1492 4.5211e-07
                       12  2.2048     0.0400               1.0316 4.5211e-07
                       14  2.4787     0.0400               0.7577 4.5211e-07
                       15  2.5404     0.0400               0.6960 4.5211e-07
                       16  2.5817     0.0400               0.6547 4.5211e-07
                       17  2.5858     0.0400               0.6506 4.5211e-07
                       20  2.7702     0.0400               0.4662 4.5211e-07
                       21  2.7817     0.0400               0.4547 4.5211e-07
                       24  2.8262     0.0400               0.4102 4.5211e-07
                       25  2.8291     0.0400               0.4073 4.5211e-07
                       26  2.9120     0.0400               0.3244 4.5211e-07
                       28  2.9579     0.0400               0.2785 4.5211e-07
                       30  2.9659     0.0400               0.2705 4.5211e-07
                       33  3.0149     0.0400               0.2215 4.5211e-07
                       37  3.0904     0.0400               0.1460 4.5211e-07
                       40  3.1405     0.0400               0.0959 4.5211e-07
                       41  3.1410     0.0400               0.0954 4.5211e-07
                       43  3.1637     0.0400               0.0727 4.5211e-07
                       45  3.2195     0.0400               0.0169 4.5211e-07
 46  3.2238    6.5-                          6.5433e-05                       7.0000e-13
                       11  2.1835     0.5494               1.0403 3.5946e-05
                        5  1.4595     0.4506               1.7643 2.9477e-05
 45  3.2195    1.5-                          1.0281e-05
                       24  2.8262     0.2403               0.3933 2.4621e-06
                       13  2.3948     0.2694               0.8247 2.7673e-06
                        0  0.0000     0.4903               3.2195 5.0361e-06
 44  3.1938    2.5+                          1.1795e-05
                       10  2.1536     0.2986               1.0402 3.5165e-06
                        3  1.2916     0.1094               1.9022 1.2895e-06
                        2  1.1905     0.0944               2.0034 1.1136e-06
                        0  0.0000     0.4976               3.1938 5.8609e-06
 43  3.1637    2.5-                          1.4827e-05
                        1  1.0993     1.0000               2.0644 1.4822e-05
 42  3.1604    1.5+                          8.1312e-06
                        0  0.0000     1.0000               3.1604 8.1264e-06
 41  3.1410    3.5-                          2.2776e-05
                        7  1.7447     0.5000               1.3964 1.1388e-05
                        5  1.4595     0.5000               1.6815 1.1388e-05
 40  3.1405    3.5-                          2.2784e-05
                        9  2.0872     0.2926               1.0533 6.6654e-06
                        2  1.1905     0.2195               1.9500 4.9995e-06
                        0  0.0000     0.4879               3.1405 1.1107e-05
 39  3.1221    3.5+                          1.8357e-05
                        1  1.0993     1.0000               2.0228 1.8352e-05
 38  3.1209    5.5-                          4.7867e-05
                        0  0.0000     1.0000               3.1209 4.7826e-05
 37  3.0904    3.5-                          2.3580e-05                       2.1000e-13
                        9  2.0872     0.4807               1.0032 1.1334e-05
                        3  1.2916     0.2596               1.7988 6.1202e-06
                        1  1.0993     0.2596               1.9911 6.1197e-06
 36  3.0816    4.5-                          3.6089e-05                       2.1000e-13
                        2  1.1905     1.0000               1.8912 3.6079e-05
 35  3.0627    0.5-                          6.1758e-06
                       15  2.5404     1.0000               0.5223 6.1364e-06
 34  3.0168    4.5-                          3.7815e-05
                       13  2.3948     0.2010               0.6220 7.5987e-06
                        7  1.7447     0.4902               1.2721 1.8534e-05
                        5  1.4595     0.3088               1.5573 1.1675e-05
 33  3.0149    3.5-                          2.4851e-05                       2.3000e-13
                        8  2.0618     0.1759               0.9531 4.3704e-06
                        5  1.4595     0.3257               1.5554 8.0926e-06
                        3  1.2916     0.2182               1.7233 5.4212e-06
                        0  0.0000     0.2802               3.0149 6.9581e-06
 32  2.9770    1.5+                          9.8750e-06
                        1  1.0993     0.0769               1.8777 7.5961e-07
                        3  1.2916     0.0769               1.6854 7.5961e-07
                        4  1.4343     0.0769               1.5427 7.5961e-07
                        6  1.4817     0.0769               1.4953 7.5961e-07
                        9  2.0872     0.0769               0.8898 7.5961e-07
                       12  2.2048     0.0769               0.7722 7.5961e-07
                       14  2.4787     0.0769               0.4983 7.5961e-07
                       16  2.5817     0.0769               0.3953 7.5961e-07
                       20  2.7702     0.0769               0.2068 7.5961e-07
                       21  2.7817     0.0769               0.1953 7.5961e-07
                       26  2.9120     0.0769               0.0650 7.5961e-07
                       28  2.9579     0.0769               0.0191 7.5961e-07
                       30  2.9659     0.0769               0.0111 7.5961e-07
 31  2.9730    5.5-                          5.3638e-05
                        7  1.7447     1.0000               1.2283 5.3630e-05
 30  2.9659    1.5-                          1.3104e-05                       3.0000e-14
                       11  2.1835     0.2555               0.7824 3.3349e-06
                        1  1.0993     0.0914               1.8666 1.1973e-06
                        0  0.0000     0.6531               2.9659 8.5516e-06
 29  2.9631    3.5+                          2.1398e-05
                        7  1.7447     0.3333               1.2184 7.1325e-06
                        2  1.1905     0.3333               1.7726 7.1325e-06
                        0  0.0000     0.3333               2.9631 7.1325e-06
 28  2.9579    2.5-                          1.8094e-05
                       17  2.5858     0.3289               0.3721 5.9345e-06
                       12  2.2048     0.1740               0.7531 3.1472e-06
                        1  1.0993     0.4971               1.8586 8.9920e-06
 27  2.9146    2.5+                          1.5693e-05
                       13  2.3948     0.2819               0.5198 4.4181e-06
                        9  2.0872     0.2487               0.8274 3.9026e-06
                        2  1.1905     0.4693               1.7242 7.3639e-06
 26  2.9120    1.5-                          1.3611e-05                       4.3000e-14
                        8  2.0618     0.2907               0.8502 3.9555e-06
                        0  0.0000     0.7093               2.9120 9.6471e-06
 25  2.8291    3.5-                          2.8387e-05
                        1  1.0993     1.0000               1.7298 2.8380e-05
 24  2.8262    3.5-                          3.0918e-05                       8.0000e-14
                        2  1.1905     0.0621               1.6358 1.9196e-06
                        1  1.0993     0.6210               1.7269 1.9195e-05
                        0  0.0000     0.3169               2.8262 9.7910e-06
 23  2.8242    6.5+                          1.0113e-04                       5.5000e-14
                       10  2.1536     0.2009               0.6706 2.0313e-05
                        9  2.0872     0.2410               0.7370 2.4254e-05
                        0  0.0000     0.5581               2.8242 5.6414e-05
 22  2.8168    2.5+                          1.7380e-05
                        0  0.0000     1.0000               2.8168 1.7360e-05
 21  2.7817    2.5-                          2.1876e-05                       9.7000e-14
                        1  1.0993     0.1525               1.6824 3.3354e-06
                        0  0.0000     0.8475               2.7817 1.8528e-05
 20  2.7702    2.5-                          2.0842e-05
                        8  2.0618     0.5000               0.7084 1.0421e-05
                        4  1.4343     0.5000               1.3359 1.0421e-05
 19  2.7224    3.5+                          2.7065e-05
                       15  2.5404     0.2011               0.1820 5.3996e-06
                       11  2.1835     0.7989               0.5389 2.1596e-05
 18  2.7131    0.5+                          7.0168e-06
                       10  2.1536     0.1999               0.5595 1.4027e-06
                        1  1.0993     0.8001               1.6138 5.6119e-06
 17  2.5858    3.5-                          3.9970e-05                       6.8000e-14
                        2  1.1905     0.4219               1.3953 1.6861e-05
                        0  0.0000     0.5781               2.5858 2.3093e-05
 16  2.5817    1.5-                          1.7334e-05                       2.1000e-13
                        0  0.0000     1.0000               2.5817 1.7323e-05
 15  2.5404    3.5-                          4.6830e-05                       1.5000e-13
                        7  1.7447     0.7246               0.7957 3.3921e-05
                        2  1.1905     0.1377               1.3499 6.4475e-06
                        0  0.0000     0.1377               2.5404 6.4448e-06
 14  2.4787    2.5-                          2.6159e-05                       2.9000e-14
                       12  2.2048     0.1312               0.2739 3.4082e-06
                        0  0.0000     0.8688               2.4787 2.2715e-05
 13  2.3948    4.5+                          7.1316e-05                       1.3000e-13
                        8  2.0618     0.0527               0.3330 3.7515e-06
                        7  1.7447     0.4385               0.6501 3.1260e-05
                        5  1.4595     0.1754               0.9353 1.2506e-05
                        0  0.0000     0.3335               2.3948 2.3760e-05
 12  2.2048    2.5-                          3.9132e-05                       6.9000e-13
                        6  1.4817     0.3597               0.7231 1.4070e-05
                        4  1.4343     0.0935               0.7705 3.6589e-06
                        3  1.2916     0.2590               0.9132 1.0133e-05
                        2  1.1905     0.2194               1.0143 8.5838e-06
                        0  0.0000     0.0684               2.2048 2.6736e-06
 11  2.1835    5.5+                          1.6201e-04                       4.1000e-14
                        7  1.7447     0.0000               0.4388 0.0000e+00
                        3  1.2916     0.1243               0.8919 2.0088e-05
                        2  1.1905     0.7749               0.9930 1.2553e-04
                        0  0.0000     0.1008               2.1835 1.6326e-05
 10  2.1536    6.5-                          3.9390e-04                       1.4000e-14
                        5  1.4595     1.0000               0.6941 3.9371e-04
  9  2.0872    2.5-                          8.2991e-05                       1.7000e-14
                        7  1.7447     0.1581               0.3425 1.3074e-05
                        3  1.2916     0.3917               0.7956 3.2498e-05
                        0  0.0000     0.4502               2.0872 3.7350e-05
  8  2.0618    3.5-                          7.3486e-05                       1.3000e-13
                        7  1.7447     0.0374               0.3171 2.7327e-06
                        6  1.4817     0.4140               0.5800 3.0404e-05
                        2  1.1905     0.4650               0.8713 3.4161e-05
                        0  0.0000     0.0837               2.0618 6.1489e-06
  7  1.7447    3.5-                          2.4092e-04                       3.2000e-13
                        6  1.4817     0.1059               0.2630 2.5421e-05
                        2  1.1905     0.3389               0.5542 8.1589e-05
                        0  0.0000     0.5552               1.7447 1.3374e-04
  6  1.4817    2.5-                          1.5845e-04                       1.6600e-13
                        3  1.2916     0.0110               0.1901 1.6925e-06
                        1  1.0993     0.2261               0.3825 3.5773e-05
                        0  0.0000     0.7629               1.4817 1.2087e-04
  5  1.4595    5.5-                          6.7667e-04                       1.0700e-12
                        2  1.1905     0.0711               0.2691 4.7760e-05
                        0  0.0000     0.9289               1.4595 6.2842e-04
  4  1.4343    0.5-                          4.2091e-05                       2.1000e-10
                        3  1.2916     0.7929               0.1427 3.2826e-05
                        1  1.0993     0.2071               0.3350 8.6999e-06
  3  1.2916    1.5-                          1.6962e-04                       5.5100e-10
                        1  1.0993     0.0669               0.1923 1.1237e-05
                        0  0.0000     0.9331               1.2916 1.5826e-04
  2  1.1905    4.5-                          5.3711e-04                       5.2000e-14
                        0  0.0000     1.0000               1.1905 5.3704e-04
  1  1.0993    1.5-                          2.5851e-04                       3.1000e-12
                        0  0.0000     1.0000               1.0993 2.5846e-04
  0  0.0000    3.5-                          2.4603e-03
#......................................................................../  026-057Fe //  16.000000
#                                                                          SUM SPECTRA FOR COMPOUND
#            027-058Co      gamma    neutron     proton      alpha   deuteron
 SpcSum[mb]            4.8072e+02 6.5414e+02 1.4688e+02 4.6116e+01 9.2180e-01
 Emean[MeV]            2.0055e+00 2.4663e+00 5.5850e+00 9.2115e+00 4.4239e+00
#......................................................................../  026-057Fe //  16.000000
#                                                                   GAMMAS FROM DISCRETE TRANSITION
#           1 0 0 0 0 0             027-058Co
#   Ex[MeV]     Jpi    FinalState  Branching Production    Egamma Production   T(1/2)[s]
 51  2.2600    3.0-                          1.1073e+00
                        0  0.0000     0.0400               2.2600 4.4294e-02
                        2  0.0532     0.0400               2.2068 4.4294e-02
                        3  0.1118     0.0400               2.1482 4.4294e-02
                        4  0.3657     0.0400               1.8943 4.4294e-02
                        6  0.4575     0.0400               1.8025 4.4294e-02
                        7  0.8856     0.0400               1.3744 4.4294e-02
                        8  1.0401     0.0400               1.2199 4.4294e-02
                        9  1.0443     0.0400               1.2157 4.4294e-02
                       14  1.2366     0.0400               1.0234 4.4294e-02
                       16  1.3535     0.0400               0.9065 4.4294e-02
                       20  1.4240     0.0400               0.8360 4.4294e-02
                       23  1.5133     0.0400               0.7467 4.4294e-02
                       24  1.5226     0.0400               0.7374 4.4294e-02
                       25  1.5244     0.0400               0.7356 4.4294e-02
                       27  1.5547     0.0400               0.7053 4.4294e-02
                       28  1.6056     0.0400               0.6544 4.4294e-02
                       29  1.6699     0.0400               0.5901 4.4294e-02
                       32  1.7493     0.0400               0.5106 4.4294e-02
                       37  1.8430     0.0400               0.4170 4.4294e-02
                       38  1.8658     0.0400               0.3942 4.4294e-02
                       40  1.9250     0.0400               0.3350 4.4294e-02
                       42  1.9788     0.0400               0.2812 4.4294e-02
                       43  2.0070     0.0400               0.2530 4.4294e-02
                       44  2.0700     0.0400               0.1900 4.4294e-02
                       47  2.1660     0.0400               0.0940 4.4294e-02
 50  2.2488    1.0+                          5.6769e-01
                        0  0.0000     1.0000               2.2488 5.6744e-01
 49  2.2250    5.0+                          1.0445e+00
                       46  2.1050     1.0000               0.1200 1.0445e+00
 48  2.1848    6.0+                          1.2290e+00
                       13  1.1846     1.0000               1.0002 1.2288e+00
 47  2.1660    3.0+                          1.1223e+00
                       46  2.1050     1.0000               0.0610 1.1223e+00
 46  2.1050    4.0-                          3.6198e+00
                        1  0.0249     0.0385               2.0800 1.3922e-01
                        2  0.0532     0.0385               2.0518 1.3922e-01
                        3  0.1118     0.0385               1.9932 1.3922e-01
                        4  0.3657     0.0385               1.7393 1.3922e-01
                        5  0.3739     0.0385               1.7311 1.3922e-01
                        6  0.4575     0.0385               1.6475 1.3922e-01
                        7  0.8856     0.0385               1.2194 1.3922e-01
                        8  1.0401     0.0385               1.0649 1.3922e-01
                        9  1.0443     0.0385               1.0607 1.3922e-01
                       13  1.1846     0.0385               0.9204 1.3922e-01
                       15  1.3515     0.0385               0.7535 1.3922e-01
                       19  1.4181     0.0385               0.6869 1.3922e-01
                       20  1.4240     0.0385               0.6810 1.3922e-01
                       23  1.5133     0.0385               0.5917 1.3922e-01
                       25  1.5244     0.0385               0.5806 1.3922e-01
                       26  1.5488     0.0385               0.5562 1.3922e-01
                       27  1.5547     0.0385               0.5503 1.3922e-01
                       28  1.6056     0.0385               0.4994 1.3922e-01
                       29  1.6699     0.0385               0.4351 1.3922e-01
                       31  1.7405     0.0385               0.3645 1.3922e-01
                       32  1.7493     0.0385               0.3557 1.3922e-01
                       34  1.7780     0.0385               0.3270 1.3922e-01
                       37  1.8430     0.0385               0.2620 1.3922e-01
                       42  1.9788     0.0385               0.1262 1.3922e-01
                       43  2.0070     0.0385               0.0980 1.3922e-01
                       44  2.0700     0.0385               0.0350 1.3922e-01
 45  2.0805    6.0+                          1.3964e+00
                       13  1.1846     1.0000               0.8959 1.3960e+00
 44  2.0700    4.0+                          1.4728e+00
                        2  0.0532     1.0000               2.0168 1.4728e+00
 43  2.0070    3.0+                          1.4751e+00
                        3  0.1118     1.0000               1.8952 1.4751e+00
 42  1.9788    3.0+                          1.5180e+00
                        9  1.0443     1.0000               0.9345 1.5177e+00
 41  1.9290    7.0+                          3.8469e+00                       2.7700e-13
                       21  1.4246     0.7296               0.5044 2.8036e+00
                        5  0.3739     0.2704               1.5551 1.0400e+00
 40  1.9250    2.0+                          1.3321e+00
                       12  1.1330     1.0000               0.7920 1.3321e+00
 39  1.8677    1.0+                          9.3001e-01
                       10  1.0502     0.0000               0.8175 0.0000e+00
                        2  0.0532     0.4012               1.8145 3.7304e-01
                        0  0.0000     0.5988               1.8677 5.5674e-01
 38  1.8658    2.0+                          1.4329e+00
                        7  0.8856     0.2500               0.9802 3.5823e-01
                        6  0.4575     0.2500               1.4083 3.5823e-01
                        2  0.0532     0.2500               1.8126 3.5823e-01
                        0  0.0000     0.2500               1.8658 3.5823e-01
 37  1.8430    3.0+                          1.7497e+00
                        3  0.1118     1.0000               1.7312 1.7497e+00
 36  1.8280    0.0-                          4.5681e-01
                       10  1.0502     0.1667               0.7778 7.6135e-02
                       17  1.3690     0.1667               0.4590 7.6135e-02
                       18  1.3769     0.1667               0.4511 7.6135e-02
                       22  1.4349     0.1667               0.3931 7.6135e-02
                       30  1.7292     0.1667               0.0988 7.6135e-02
                       33  1.7572     0.1667               0.0708 7.6135e-02
 35  1.8133    0.0+                          3.9906e-01
                        0  0.0000     1.0000               1.8133 3.9894e-01
 34  1.7780    5.0+                          1.8339e+00
                        1  0.0249     1.0000               1.7530 1.8339e+00
 33  1.7572    1.0+                          1.1606e+00
                       10  1.0502     0.4083               0.7070 4.7365e-01
                        3  0.1118     0.5917               1.6454 6.8656e-01
 32  1.7493    4.0+                          2.0334e+00
                        7  0.8856     0.4630               0.8637 9.4112e-01
                        2  0.0532     0.2454               1.6962 4.9884e-01
                        0  0.0000     0.2917               1.7493 5.9294e-01
 31  1.7405    5.0+                          1.9073e+00
                        3  0.1118     1.0000               1.6287 1.9069e+00
 30  1.7292    1.0+                          1.2042e+00
                        5  0.3739     0.1567               1.3553 1.8865e-01
                        4  0.3657     0.7463               1.3636 8.9852e-01
                        0  0.0000     0.0970               1.7292 1.1682e-01
 29  1.6699    3.0+                          2.1141e+00
                       10  1.0502     1.0000               0.6197 2.1124e+00
 28  1.6056    3.0+                          2.2725e+00
                        6  0.4575     0.0000               1.1481 0.0000e+00
                        3  0.1118     0.7407               1.4939 1.6829e+00
                        0  0.0000     0.2593               1.6056 5.8914e-01
 27  1.5547    3.0+                          2.4077e+00
                       10  1.0502     0.7197               0.5046 1.7302e+00
                        4  0.3657     0.0000               1.1891 0.0000e+00
                        0  0.0000     0.2803               1.5547 6.7476e-01
 26  1.5488    5.0+                          2.3423e+00
                       11  1.0755     0.3335               0.4733 7.8013e-01
                        7  0.8856     0.6665               0.6632 1.5601e+00
 25  1.5244    3.0+                          2.4928e+00
                        4  0.3657     0.4505               1.1587 1.1228e+00
                        0  0.0000     0.5495               1.5244 1.3696e+00
 24  1.5226    2.0+                          2.2240e+00
                        4  0.3657     0.4413               1.1569 9.8132e-01
                        3  0.1118     0.5587               1.4108 1.2424e+00
 23  1.5133    3.0+                          2.5247e+00
                        8  1.0401     0.1306               0.4732 3.2930e-01
                        5  0.3739     0.0988               1.1394 2.4940e-01
                        4  0.3657     0.3952               1.1477 9.9761e-01
                        1  0.0249     0.3754               1.4884 9.4760e-01
 22  1.4349    1.0+                          1.8029e+00                       6.0000e-13
                        0  0.0000     1.0000               1.4349 1.8026e+00
 21  1.4246    6.0+                          6.3757e+00                       7.6000e-14
                        5  0.3739     0.8961               1.0507 5.7122e+00
                        1  0.0249     0.1039               1.3997 6.6234e-01
 20  1.4240    3.0+                          2.7994e+00
                        3  0.1118     1.0000               1.3122 2.7994e+00
 19  1.4181    5.0+                          2.7045e+00
                        5  0.3739     1.0000               1.0442 2.7041e+00
 18  1.3769    1.0+                          1.9568e+00                       1.6000e-13
                       10  1.0502     0.0683               0.3267 1.3302e-01
                        9  1.0443     0.4461               0.3326 8.4564e-01
                        0  0.0000     0.4856               1.3769 9.5012e-01
 17  1.3690    1.0+                          1.9788e+00
                       12  1.1330     1.0000               0.2360 1.9788e+00
 16  1.3535    2.0+                          2.7799e+00                       6.0000e-13
                        4  0.3657     0.5650               0.9878 1.5703e+00
                        3  0.1118     0.2373               1.2417 6.5957e-01
                        0  0.0000     0.1977               1.3535 5.4950e-01
 15  1.3515    5.0+                          2.9128e+00
                        7  0.8856     0.0742               0.4659 2.1568e-01
                        6  0.4575     0.9258               0.8940 2.6961e+00
 14  1.2366    2.0+                          3.2466e+00
                        3  0.1118     0.2537               1.1248 8.2352e-01
                        0  0.0000     0.7463               1.2366 2.4226e+00
 13  1.1846    5.0+                          6.1401e+00                       9.7000e-14
                        6  0.4575     0.6897               0.7271 4.2330e+00
                        2  0.0532     0.2069               1.1315 1.2702e+00
                        1  0.0249     0.1034               1.1597 6.3479e-01
 12  1.1330    1.0-                          6.7004e+00
                        0  0.0000     0.5000               1.1330 3.3502e+00
                       10  1.0502     0.5000               0.0828 3.3502e+00
 11  1.0755    6.0+                          7.0569e+00                       6.9000e-14
                        5  0.3739     0.1327               0.7016 9.3602e-01
                        1  0.0249     0.8673               1.0505 6.1194e+00
 10  1.0502    1.0+                          1.0930e+01                       1.4000e-13
                        4  0.3657     0.0305               0.6845 3.3316e-01
                        3  0.1118     0.3598               0.9384 3.9315e+00
                        0  0.0000     0.6097               1.0502 6.6628e+00
  9  1.0443    4.0+                          6.8061e+00                       1.2000e-12
                        5  0.3739     0.0000               0.6703 0.0000e+00
                        3  0.1118     0.1803               0.9325 1.2269e+00
                        0  0.0000     0.8197               1.0443 5.5778e+00
  8  1.0401    3.0+                          4.7366e+00                       1.4000e-13
                        6  0.4575     0.4609               0.5826 2.1819e+00
                        4  0.3657     0.2350               0.6745 1.1125e+00
                        0  0.0000     0.3041               1.0401 1.4401e+00
  7  0.8856    3.0+                          8.3774e+00                       1.5000e-13
                        5  0.3739     0.1727               0.5117 1.4447e+00
                        4  0.3657     0.2036               0.5200 1.7040e+00
                        3  0.1118     0.4423               0.7739 3.7041e+00
                        2  0.0532     0.0531               0.8325 4.4455e-01
                        1  0.0249     0.1283               0.8607 1.0745e+00
  6  0.4575    4.0+                          1.8055e+01                       9.0000e-13
                        4  0.3657     0.0171               0.0918 2.2092e-01
                        3  0.1118     0.1596               0.3457 2.8716e+00
                        2  0.0532     0.0065               0.4043 1.1783e-01
                        1  0.0249     0.8167               0.4325 1.4730e+01
  5  0.3739    5.0+                          2.1177e+01                       8.0000e-13
                        2  0.0532     0.9424               0.3208 1.9915e+01
                        1  0.0249     0.0576               0.3490 1.2149e+00
  4  0.3657    3.0+                          1.8924e+01                       1.1000e-12
                        3  0.1118     0.0090               0.2539 1.6852e-01
                        2  0.0532     0.0000               0.3125 0.0000e+00
                        0  0.0000     0.9910               0.3657 1.8724e+01
  3  0.1118    3.0+                          3.8381e+01                       1.4000e-10
                        2  0.0532     0.4185               0.0586 1.3647e+01
                        0  0.0000     0.5815               0.1118 2.1658e+01
  2  0.0532    4.0+                          5.4211e+01                       1.0500e-05
                        1  0.0249     0.3332               0.0282 2.2300e+00
                        0  0.0000     0.6668               0.0532 5.1862e+00
  1  0.0249    5.0+                          5.8652e+01                       3.2760e+04
                        0  0.0000     1.0000               0.0249 2.3265e-02
  0  0.0000    2.0+                          1.8003e+02                       6.1220e+06
#......................................................................../  026-057Fe //  16.000000
#                                                                         ISOMERIC STATE PRODUCTION
#            027-058Co
#   Ex[MeV]     Jpi     T(1/2)[s]  Prod.[mb]
  1  0.0249    5.0+    3.2760e+04 5.8652e+01
#......................................................................../  026-057Fe //  16.000000
#                                                                          SUM SPECTRA FOR COMPOUND
#            026-058Fe      gamma    neutron     proton      alpha   deuteron
 SpcSum[mb]            7.0041e+02 3.2893e+02 1.8496e+00 2.0534e+00 8.4859e-05
 Emean[MeV]            2.0008e+00 1.9723e+00 4.5586e+00 8.1910e+00 2.4370e+00
#......................................................................../  026-057Fe //  16.000000
#                                                                   GAMMAS FROM DISCRETE TRANSITION
#           0 1 0 0 0 0             026-058Fe
#   Ex[MeV]     Jpi    FinalState  Branching Production    Egamma Production   T(1/2)[s]
 59  4.7200    1.0-                          5.1991e-01
                        0  0.0000     0.0303               4.7200 1.5755e-02
                        1  0.8108     0.0303               3.9092 1.5755e-02
                        2  1.6747     0.0303               3.0453 1.5755e-02
                        5  2.2580     0.0303               2.4620 1.5755e-02
                        7  2.7821     0.0303               1.9379 1.5755e-02
                        9  2.8763     0.0303               1.8437 1.5755e-02
                       11  3.0837     0.0303               1.6363 1.5755e-02
                       13  3.2333     0.0303               1.4867 1.5755e-02
                       14  3.2440     0.0303               1.4760 1.5755e-02
                       15  3.3890     0.0303               1.3310 1.5755e-02
                       17  3.5380     0.0303               1.1820 1.5755e-02
                       18  3.5430     0.0303               1.1770 1.5755e-02
                       20  3.6296     0.0303               1.0904 1.5755e-02
                       23  3.8540     0.0303               0.8660 1.5755e-02
                       25  3.8801     0.0303               0.8399 1.5755e-02
                       28  4.0108     0.0303               0.7092 1.5755e-02
                       29  4.0150     0.0303               0.7050 1.5755e-02
                       31  4.1392     0.0303               0.5808 1.5755e-02
                       32  4.1580     0.0303               0.5620 1.5755e-02
                       35  4.2370     0.0303               0.4830 1.5755e-02
                       36  4.2978     0.0303               0.4222 1.5755e-02
                       37  4.3129     0.0303               0.4071 1.5755e-02
                       38  4.3225     0.0303               0.3975 1.5755e-02
                       40  4.3480     0.0303               0.3720 1.5755e-02
                       41  4.3500     0.0303               0.3700 1.5755e-02
                       42  4.3527     0.0303               0.3673 1.5755e-02
                       46  4.4443     0.0303               0.2757 1.5755e-02
                       47  4.4500     0.0303               0.2700 1.5755e-02
                       49  4.4931     0.0303               0.2269 1.5755e-02
                       51  4.5301     0.0303               0.1898 1.5755e-02
                       52  4.5504     0.0303               0.1696 1.5755e-02
                       55  4.6200     0.0303               0.1000 1.5755e-02
                       58  4.7110     0.0303               0.0090 1.5755e-02
 58  4.7110    2.0+                          7.5035e-01
                       24  3.8609     0.2000               0.8501 1.5007e-01
                       44  4.4380     0.2000               0.2730 1.5007e-01
                       48  4.4680     0.2000               0.2430 1.5007e-01
                       53  4.5900     0.2000               0.1210 1.5007e-01
                       54  4.6100     0.2000               0.1010 1.5007e-01
 57  4.6694    7.0+                          1.4523e+00                       3.8000e-13
                       33  4.2146     0.1742               0.4547 2.5251e-01
                       26  3.8864     0.5240               0.7830 7.6082e-01
                       19  3.5969     0.2515               1.0725 3.6521e-01
                       16  3.4497     0.0000               1.2197 0.0000e+00
                        8  2.8647     0.0503               1.8047 7.3038e-02
 56  4.6610    4.0-                          1.0517e+00
                        3  2.0765     0.0909               2.5845 9.5610e-02
                        4  2.1339     0.0909               2.5271 9.5610e-02
                        6  2.6004     0.0909               2.0606 9.5610e-02
                       12  3.1340     0.0909               1.5270 9.5610e-02
                       16  3.4497     0.0909               1.2113 9.5610e-02
                       21  3.7542     0.0909               0.9068 9.5610e-02
                       27  3.9016     0.0909               0.7594 9.5610e-02
                       30  4.0885     0.0909               0.5725 9.5610e-02
                       33  4.2146     0.0909               0.4464 9.5610e-02
                       39  4.3400     0.0909               0.3210 9.5610e-02
                       50  4.5140     0.0909               0.1470 9.5610e-02
 55  4.6200    2.0+                          8.2643e-01
                       24  3.8609     0.2000               0.7591 1.6529e-01
                       44  4.4380     0.2000               0.1820 1.6529e-01
                       48  4.4680     0.2000               0.1520 1.6529e-01
                       53  4.5900     0.2000               0.0300 1.6529e-01
                       54  4.6100     0.2000               0.0100 1.6529e-01
 54  4.6100    3.0-                          1.4059e+00
                        1  0.8108     0.0385               3.7992 5.4073e-02
                        2  1.6747     0.0385               2.9353 5.4073e-02
                        3  2.0765     0.0385               2.5335 5.4073e-02
                        4  2.1339     0.0385               2.4761 5.4073e-02
                        6  2.6004     0.0385               2.0096 5.4073e-02
                        9  2.8763     0.0385               1.7337 5.4073e-02
                       11  3.0837     0.0385               1.5263 5.4073e-02
                       12  3.1340     0.0385               1.4760 5.4073e-02
                       13  3.2333     0.0385               1.3767 5.4073e-02
                       15  3.3890     0.0385               1.2210 5.4073e-02
                       16  3.4497     0.0385               1.1603 5.4073e-02
                       18  3.5430     0.0385               1.0670 5.4073e-02
                       20  3.6296     0.0385               0.9804 5.4073e-02
                       21  3.7542     0.0385               0.8558 5.4073e-02
                       23  3.8540     0.0385               0.7560 5.4073e-02
                       27  3.9016     0.0385               0.7084 5.4073e-02
                       28  4.0108     0.0385               0.5992 5.4073e-02
                       30  4.0885     0.0385               0.5215 5.4073e-02
                       35  4.2370     0.0385               0.3730 5.4073e-02
                       36  4.2978     0.0385               0.3122 5.4073e-02
                       37  4.3129     0.0385               0.2971 5.4073e-02
                       39  4.3400     0.0385               0.2700 5.4073e-02
                       40  4.3480     0.0385               0.2620 5.4073e-02
                       49  4.4931     0.0385               0.1169 5.4073e-02
                       50  4.5140     0.0385               0.0960 5.4073e-02
                       51  4.5301     0.0385               0.0799 5.4073e-02
 53  4.5900    3.0-                          1.4320e+00
                        3  2.0765     0.2591               2.5135 3.7067e-01
                        1  0.8108     0.7409               3.7792 1.0593e+00
 52  4.5504    1.0+                          6.1588e-01                       2.1000e-14
                       31  4.1392     0.0075               0.4111 4.5993e-03
                       14  3.2440     0.0747               1.3064 4.5990e-02
                        9  2.8763     0.3574               1.6740 2.2008e-01
                        2  1.6747     0.5337               2.8756 3.2849e-01
                        1  0.8108     0.0267               3.7396 1.6427e-02
 51  4.5301    2.0+                          9.6416e-01
                       11  3.0837     0.4998               1.4465 4.8187e-01
                        2  1.6747     0.3200               2.8554 3.0835e-01
                        0  0.0000     0.1801               4.5301 1.7343e-01
 50  4.5140    3.0+                          1.3665e+00
                       24  3.8609     0.1667               0.6531 2.2775e-01
                       34  4.2300     0.1667               0.2840 2.2775e-01
                       43  4.3980     0.1667               0.1160 2.2775e-01
                       44  4.4380     0.1667               0.0760 2.2775e-01
                       45  4.4400     0.1667               0.0740 2.2775e-01
                       48  4.4680     0.1667               0.0460 2.2775e-01
 49  4.4931    2.0+                          1.0014e+00
                        2  1.6747     0.9233               2.8184 9.2397e-01
                        1  0.8108     0.0767               3.6823 7.6690e-02
 48  4.4680    3.0-                          1.8347e+00
                        1  0.8108     0.0435               3.6572 7.9772e-02
                        2  1.6747     0.0435               2.7933 7.9772e-02
                        3  2.0765     0.0435               2.3915 7.9772e-02
                        4  2.1339     0.0435               2.3341 7.9772e-02
                        6  2.6004     0.0435               1.8676 7.9772e-02
                        9  2.8763     0.0435               1.5917 7.9772e-02
                       11  3.0837     0.0435               1.3843 7.9772e-02
                       12  3.1340     0.0435               1.3340 7.9772e-02
                       13  3.2333     0.0435               1.2347 7.9772e-02
                       15  3.3890     0.0435               1.0790 7.9772e-02
                       16  3.4497     0.0435               1.0183 7.9772e-02
                       18  3.5430     0.0435               0.9250 7.9772e-02
                       20  3.6296     0.0435               0.8384 7.9772e-02
                       21  3.7542     0.0435               0.7138 7.9772e-02
                       23  3.8540     0.0435               0.6140 7.9772e-02
                       27  3.9016     0.0435               0.5664 7.9772e-02
                       28  4.0108     0.0435               0.4572 7.9772e-02
                       30  4.0885     0.0435               0.3795 7.9772e-02
                       35  4.2370     0.0435               0.2310 7.9772e-02
                       36  4.2978     0.0435               0.1702 7.9772e-02
                       37  4.3129     0.0435               0.1551 7.9772e-02
                       39  4.3400     0.0435               0.1280 7.9772e-02
                       40  4.3480     0.0435               0.1200 7.9772e-02
 47  4.4500    0.0+                          2.0545e-01
                        7  2.7821     1.0000               1.6679 2.0545e-01
 46  4.4443    1.0+                          6.9442e-01                       6.0000e-15
                        7  2.7821     0.5615               1.6622 3.8984e-01
                        0  0.0000     0.4385               4.4443 3.0414e-01
 45  4.4400    4.0-                          1.5755e+00
                        3  2.0765     0.1000               2.3635 1.5755e-01
                        4  2.1339     0.1000               2.3061 1.5755e-01
                        6  2.6004     0.1000               1.8396 1.5755e-01
                       12  3.1340     0.1000               1.3060 1.5755e-01
                       16  3.4497     0.1000               0.9903 1.5755e-01
                       21  3.7542     0.1000               0.6858 1.5755e-01
                       27  3.9016     0.1000               0.5384 1.5755e-01
                       30  4.0885     0.1000               0.3515 1.5755e-01
                       33  4.2146     0.1000               0.2254 1.5755e-01
                       39  4.3400     0.1000               0.1000 1.5755e-01
 44  4.4380    2.0-                          1.5857e+00
                        1  0.8108     0.0435               3.6272 6.8945e-02
                        2  1.6747     0.0435               2.7633 6.8945e-02
                        4  2.1339     0.0435               2.3041 6.8945e-02
                        7  2.7821     0.0435               1.6559 6.8945e-02
                        9  2.8763     0.0435               1.5617 6.8945e-02
                       11  3.0837     0.0435               1.3543 6.8945e-02
                       13  3.2333     0.0435               1.2047 6.8945e-02
                       15  3.3890     0.0435               1.0490 6.8945e-02
                       17  3.5380     0.0435               0.9000 6.8945e-02
                       18  3.5430     0.0435               0.8950 6.8945e-02
                       20  3.6296     0.0435               0.8084 6.8945e-02
                       23  3.8540     0.0435               0.5840 6.8945e-02
                       25  3.8801     0.0435               0.5579 6.8945e-02
                       27  3.9016     0.0435               0.5364 6.8945e-02
                       28  4.0108     0.0435               0.4272 6.8945e-02
                       29  4.0150     0.0435               0.4230 6.8945e-02
                       31  4.1392     0.0435               0.2988 6.8945e-02
                       35  4.2370     0.0435               0.2010 6.8945e-02
                       36  4.2978     0.0435               0.1402 6.8945e-02
                       37  4.3129     0.0435               0.1251 6.8945e-02
                       38  4.3225     0.0435               0.1155 6.8945e-02
                       40  4.3480     0.0435               0.0900 6.8945e-02
                       42  4.3527     0.0435               0.0853 6.8945e-02
 43  4.3980    4.0-                          1.6417e+00
                        3  2.0765     0.1000               2.3215 1.6417e-01
                        4  2.1339     0.1000               2.2641 1.6417e-01
                        6  2.6004     0.1000               1.7976 1.6417e-01
                       12  3.1340     0.1000               1.2640 1.6417e-01
                       16  3.4497     0.1000               0.9483 1.6417e-01
                       21  3.7542     0.1000               0.6438 1.6417e-01
                       27  3.9016     0.1000               0.4964 1.6417e-01
                       30  4.0885     0.1000               0.3095 1.6417e-01
                       33  4.2146     0.1000               0.1834 1.6417e-01
                       39  4.3400     0.1000               0.0580 1.6417e-01
 42  4.3527    1.0+                          8.4054e-01
                        7  2.7821     1.0000               1.5706 8.4054e-01
 41  4.3500    0.0+                          2.2686e-01
                        7  2.7821     1.0000               1.5679 2.2686e-01
 40  4.3480    2.0+                          1.3128e+00
                       24  3.8609     1.0000               0.4871 1.3128e+00
 39  4.3400    4.0+                          2.0587e+00
                        8  2.8647     0.2000               1.4753 4.1173e-01
                       10  2.9700     0.2000               1.3700 4.1173e-01
                       22  3.7895     0.2000               0.5505 4.1173e-01
                       24  3.8609     0.2000               0.4791 4.1173e-01
                       34  4.2300     0.2000               0.1100 4.1173e-01
 38  4.3225    1.0+                          8.6808e-01
                       11  3.0837     0.0344               1.2388 2.9850e-02
                        9  2.8763     0.6033               1.4462 5.2364e-01
                        0  0.0000     0.3623               4.3225 3.1414e-01
 37  4.3129    2.0+                          1.3566e+00                       1.1000e-14
                        9  2.8763     0.0151               1.4366 2.0440e-02
                        6  2.6004     0.0307               1.7125 4.1662e-02
                        4  2.1339     0.2087               2.1790 2.8299e-01
                        3  2.0765     0.1507               2.2364 2.0433e-01
                        2  1.6747     0.5798               2.6382 7.8603e-01
                        1  0.8108     0.0075               3.5022 1.0217e-02
                        0  0.0000     0.0075               4.3129 1.0218e-02
 36  4.2978    2.0+                          1.3761e+00                       2.8000e-15
                        1  0.8108     0.4999               3.4870 6.8724e-01
                        0  0.0000     0.5001               4.2978 6.8728e-01
 35  4.2370    2.0+                          1.4579e+00
                       24  3.8609     1.0000               0.3761 1.4579e+00
 34  4.2300    4.0-                          2.3564e+00
                        3  2.0765     0.1111               2.1535 2.6182e-01
                        4  2.1339     0.1111               2.0961 2.6182e-01
                        6  2.6004     0.1111               1.6296 2.6182e-01
                       12  3.1340     0.1111               1.0960 2.6182e-01
                       16  3.4497     0.1111               0.7803 2.6182e-01
                       21  3.7542     0.1111               0.4758 2.6182e-01
                       27  3.9016     0.1111               0.3284 2.6182e-01
                       30  4.0885     0.1111               0.1415 2.6182e-01
                       33  4.2146     0.1111               0.0154 2.6182e-01
 33  4.2146    5.0+                          2.6903e+00                       4.5000e-13
                        6  2.6004     0.8130               1.6142 2.1868e+00
                        3  2.0765     0.1870               2.1381 5.0290e-01
 32  4.1580    0.0+                          2.7582e-01
                        7  2.7821     1.0000               1.3759 2.7582e-01
 31  4.1392    1.0+                          1.0651e+00                       2.8000e-15
                        0  0.0000     1.0000               4.1392 1.0639e+00
 30  4.0885    4.0+                          2.7949e+00                       6.0000e-14
                       20  3.6296     0.0000               0.4589 0.0000e+00
                        6  2.6004     0.5000               1.4881 1.3972e+00
                        3  2.0765     0.5000               2.0120 1.3970e+00
 29  4.0150    1.0+                          1.2192e+00                       8.0000e-15
                        1  0.8108     1.0000               3.2042 1.2181e+00
 28  4.0108    2.0+                          1.8194e+00
                       24  3.8609     1.0000               0.1499 1.8194e+00
 27  3.9016    3.0+                          3.3142e+00                       3.1000e-14
                        6  2.6004     0.1615               1.3012 5.3519e-01
                        4  2.1339     0.7342               1.7677 2.4328e+00
                        3  2.0765     0.0081               1.8251 2.6759e-02
                        2  1.6747     0.0690               2.2269 2.2869e-01
                        1  0.8108     0.0228               3.0909 7.5407e-02
                        0  0.0000     0.0044               3.9016 1.4597e-02
 26  3.8864    6.0+                          3.4061e+00                       4.8000e-13
                       19  3.5969     0.3165               0.2895 1.0753e+00
                       16  3.4497     0.0518               0.4367 1.7599e-01
                        6  2.6004     0.0574               1.2860 1.9555e-01
                        3  2.0765     0.5743               1.8099 1.9556e+00
 25  3.8801    1.0+                          1.4220e+00                       4.0000e-15
                        7  2.7821     0.1173               1.0980 1.6678e-01
                        1  0.8108     0.4695               3.0693 6.6714e-01
                        0  0.0000     0.4132               3.8801 5.8697e-01
 24  3.8609    3.0-                          8.2754e+00                       9.0000e-14
                        2  1.6747     1.0000               2.1862 8.2690e+00
                        0  0.0000     0.0000               3.8609 0.0000e+00
 23  3.8540    2.0+                          2.1316e+00
                        1  0.8108     1.0000               3.0432 2.1316e+00
 22  3.7895    5.0-                          3.2972e+00                       2.6000e-14
                        3  2.0765     1.0000               1.7130 3.2957e+00
 21  3.7542    4.0+                          3.6706e+00                       1.3000e-14
                        3  2.0765     1.0000               1.6777 3.6698e+00
 20  3.6296    2.0+                          2.6845e+00                       8.0000e-15
                        1  0.8108     0.9233               2.8188 2.4770e+00
                        0  0.0000     0.0767               3.6296 2.0561e-01
 19  3.5969    6.0+                          5.4130e+00                       2.0000e-13
                        3  2.0765     1.0000               1.5204 5.4121e+00
 18  3.5430    2.0+                          2.9362e+00
                        1  0.8108     1.0000               2.7322 2.9362e+00
 17  3.5380    1.0+                          2.1131e+00                       8.0000e-15
                        2  1.6747     0.1496               1.8632 3.1604e-01
                        1  0.8108     0.6803               2.7272 1.4367e+00
                        0  0.0000     0.1701               3.5380 3.5911e-01
 16  3.4497    4.0+                          4.9625e+00                       3.6000e-13
                        6  2.6004     0.6897               0.8493 3.4217e+00
                        4  2.1339     0.3103               1.3158 1.5397e+00
                        3  2.0765     0.0000               1.3732 0.0000e+00
 15  3.3890    2.0+                          3.4437e+00
                        1  0.8108     1.0000               2.5782 3.4437e+00
 14  3.2440    0.0+                          7.7596e-01                       3.1000e-14
                        1  0.8108     1.0000               2.4332 7.7553e-01
 13  3.2333    2.0+                          4.0428e+00                       2.2000e-13
                        6  2.6004     0.1711               0.6329 6.9124e-01
                        3  2.0765     0.3214               1.1567 1.2991e+00
                        2  1.6747     0.1573               1.5585 6.3582e-01
                        1  0.8108     0.3420               2.4225 1.3819e+00
                        0  0.0000     0.0082               3.2333 3.3169e-02
 12  3.1340    4.0+                          6.3522e+00
                        8  2.8647     0.5000               0.2693 3.1761e+00
                       10  2.9700     0.5000               0.1640 3.1761e+00
 11  3.0837    2.0+                          5.2196e+00                       3.1000e-14
                        1  0.8108     0.7518               2.2729 3.9225e+00
                        0  0.0000     0.2482               3.0837 1.2944e+00
 10  2.9700    5.0-                          1.1030e+01
                        3  2.0765     0.5000               0.8935 5.5152e+00
                        6  2.6004     0.5000               0.3696 5.5152e+00
  9  2.8763    2.0+                          6.5522e+00                       9.5000e-14
                        1  0.8108     0.8546               2.0656 5.5977e+00
                        0  0.0000     0.1454               2.8763 9.5198e-01
  8  2.8647    5.0-                          1.2097e+01                       3.1000e-12
                        6  2.6004     1.0000               0.2643 1.2068e+01
  7  2.7821    1.0+                          7.0949e+00                       1.8000e-13
                        5  2.2580     0.0780               0.5242 5.5287e-01
                        2  1.6747     0.2233               1.1074 1.5841e+00
                        1  0.8108     0.4753               1.9714 3.3713e+00
                        0  0.0000     0.2234               2.7821 1.5841e+00
  6  2.6004    4.0+                          3.6305e+01                       5.5000e-13
                        4  2.1339     0.1334               0.4665 4.8373e+00
                        3  2.0765     0.3888               0.5239 1.4107e+01
                        2  1.6747     0.1769               0.9257 6.4208e+00
                        1  0.8108     0.3009               1.7896 1.0921e+01
  5  2.2580    0.0+                          2.4426e+00                       2.5000e-12
                        1  0.8108     1.0000               1.4472 2.4422e+00
  4  2.1339    3.0+                          2.4505e+01                       2.2000e-12
                        2  1.6747     0.2649               0.4592 6.4829e+00
                        1  0.8108     0.7351               1.3231 1.8011e+01
  3  2.0765    4.0+                          5.3562e+01                       2.8000e-13
                        1  0.8108     1.0000               1.2658 5.3555e+01
  2  1.6747    2.0+                          4.1115e+01                       1.6000e-12
                        1  0.8108     0.5669               0.8640 2.3303e+01
                        0  0.0000     0.4331               1.6747 1.7803e+01
  1  0.8108    2.0+                          1.5936e+02                       6.5400e-12
                        0  0.0000     1.0000               0.8108 1.5931e+02
  0  0.0000    0.0+                          1.8982e+02
#......................................................................../  026-057Fe //  16.000000
#                                                                          SUM SPECTRA FOR COMPOUND
#            025-055Mn      gamma    neutron     proton      alpha   deuteron
 SpcSum[mb]            5.9292e+01 4.5457e+01 1.4200e+00 1.5740e-01 6.5187e-06
 Emean[MeV]            2.2960e+00 1.6086e+00 3.6935e+00 7.2236e+00 2.5150e+00
#......................................................................../  026-057Fe //  16.000000
#                                                                   GAMMAS FROM DISCRETE TRANSITION
#           0 0 1 0 0 0             025-055Mn
#   Ex[MeV]     Jpi    FinalState  Branching Production    Egamma Production   T(1/2)[s]
 91  4.0030    4.5+                          8.5258e-02                       3.0000e-15
                        2  0.9843     0.1228               3.0187 1.0457e-02
                        0  0.0000     0.8772               4.0030 7.4724e-02
 90  3.9980    0.5-                          1.8324e-02
                       13  2.2810     0.0667               1.7170 1.2216e-03
                       18  2.4265     0.0667               1.5715 1.2216e-03
                       20  2.5820     0.0667               1.4160 1.2216e-03
                       21  2.6217     0.0667               1.3763 1.2216e-03
                       33  2.9840     0.0667               1.0140 1.2216e-03
                       44  3.0700     0.0667               0.9280 1.2216e-03
                       50  3.1953     0.0667               0.8027 1.2216e-03
                       53  3.2681     0.0667               0.7299 1.2216e-03
                       57  3.3790     0.0667               0.6190 1.2216e-03
                       59  3.4241     0.0667               0.5739 1.2216e-03
                       61  3.4800     0.0667               0.5180 1.2216e-03
                       68  3.6040     0.0667               0.3940 1.2216e-03
                       70  3.6108     0.0667               0.3872 1.2216e-03
                       74  3.6730     0.0667               0.3250 1.2216e-03
                       75  3.6820     0.0667               0.3160 1.2216e-03
 89  3.9832    4.5+                          8.6839e-02
                        1  0.1259     1.0000               3.8573 8.6698e-02
 88  3.9460    3.5+                          7.8580e-02
                        6  1.5284     1.0000               2.4177 7.8553e-02
 87  3.9320    5.5+                          9.1079e-02
                        2  0.9843     0.0909               2.9477 8.2799e-03
                        4  1.2921     0.0909               2.6399 8.2799e-03
                       14  2.3114     0.0909               1.6206 8.2799e-03
                       17  2.3984     0.0909               1.5336 8.2799e-03
                       26  2.8221     0.0909               1.1099 8.2799e-03
                       27  2.8237     0.0909               1.1083 8.2799e-03
                       37  3.0359     0.0909               0.8961 8.2799e-03
                       46  3.1261     0.0909               0.8059 8.2799e-03
                       54  3.3420     0.0909               0.5900 8.2799e-03
                       81  3.8131     0.0909               0.1189 8.2799e-03
                       83  3.8449     0.0909               0.0871 8.2799e-03
 86  3.9174    1.5-                          4.1886e-02
                       15  2.3658     1.0000               1.5516 4.1879e-02
 85  3.8829    1.5-                          4.3230e-02
                       15  2.3658     0.3226               1.5171 1.3942e-02
                        6  1.5284     0.3546               2.3546 1.5320e-02
                        0  0.0000     0.3229               3.8829 1.3942e-02
 84  3.8600    2.5+                          6.8026e-02
                        0  0.0000     0.0294               3.8600 2.0008e-03
                        1  0.1259     0.0294               3.7341 2.0008e-03
                        6  1.5284     0.0294               2.3316 2.0008e-03
                        7  1.8841     0.0294               1.9759 2.0008e-03
                        8  2.0152     0.0294               1.8448 2.0008e-03
                        9  2.1984     0.0294               1.6616 2.0008e-03
                       10  2.2150     0.0294               1.6450 2.0008e-03
                       11  2.2525     0.0294               1.6075 2.0008e-03
                       12  2.2668     0.0294               1.5932 2.0008e-03
                       15  2.3658     0.0294               1.4942 2.0008e-03
                       16  2.3800     0.0294               1.4800 2.0008e-03
                       19  2.5632     0.0294               1.2968 2.0008e-03
                       23  2.7273     0.0294               1.1327 2.0008e-03
                       25  2.7527     0.0294               1.1073 2.0008e-03
                       28  2.8284     0.0294               1.0316 2.0008e-03
                       30  2.9250     0.0294               0.9350 2.0008e-03
                       31  2.9534     0.0294               0.9066 2.0008e-03
                       32  2.9762     0.0294               0.8838 2.0008e-03
                       34  2.9918     0.0294               0.8682 2.0008e-03
                       35  3.0058     0.0294               0.8542 2.0008e-03
                       36  3.0280     0.0294               0.8320 2.0008e-03
                       40  3.0460     0.0294               0.8140 2.0008e-03
                       43  3.0600     0.0294               0.8000 2.0008e-03
                       45  3.0803     0.0294               0.7797 2.0008e-03
                       47  3.1360     0.0294               0.7240 2.0008e-03
                       48  3.1470     0.0294               0.7130 2.0008e-03
                       49  3.1584     0.0294               0.7016 2.0008e-03
                       51  3.2608     0.0294               0.5992 2.0008e-03
                       52  3.2632     0.0294               0.5968 2.0008e-03
                       55  3.3510     0.0294               0.5090 2.0008e-03
                       64  3.5281     0.0294               0.3319 2.0008e-03
                       67  3.6000     0.0294               0.2600 2.0008e-03
                       69  3.6080     0.0294               0.2520 2.0008e-03
                       76  3.7035     0.0294               0.1565 2.0008e-03
 83  3.8449    5.5-                          1.0691e-01                       2.0000e-13
                       14  2.3114     1.0000               1.5335 1.0689e-01
 82  3.8315    3.5+                          8.7677e-02
                        9  2.1984     0.4997               1.6331 4.3795e-02
                        1  0.1259     0.5003               3.7056 4.3796e-02
 81  3.8131    6.5-                          1.0674e-01                       8.3000e-14
                       42  3.0547     1.0000               0.7584 1.0670e-01
 80  3.8000    4.5+                          1.0327e-01
                        1  0.1259     0.0625               3.6741 6.4545e-03
                        2  0.9843     0.0625               2.8157 6.4545e-03
                        4  1.2921     0.0625               2.5079 6.4545e-03
                        7  1.8841     0.0625               1.9159 6.4545e-03
                        8  2.0152     0.0625               1.7848 6.4545e-03
                        9  2.1984     0.0625               1.6016 6.4545e-03
                       17  2.3984     0.0625               1.4016 6.4545e-03
                       23  2.7273     0.0625               1.0727 6.4545e-03
                       26  2.8221     0.0625               0.9779 6.4545e-03
                       27  2.8237     0.0625               0.9763 6.4545e-03
                       28  2.8284     0.0625               0.9716 6.4545e-03
                       34  2.9918     0.0625               0.8082 6.4545e-03
                       37  3.0359     0.0625               0.7641 6.4545e-03
                       43  3.0600     0.0625               0.7400 6.4545e-03
                       48  3.1470     0.0625               0.6530 6.4545e-03
                       76  3.7035     0.0625               0.0965 6.4545e-03
 79  3.7910    2.5+                          7.2801e-02
                        0  0.0000     0.0294               3.7910 2.1412e-03
                        1  0.1259     0.0294               3.6651 2.1412e-03
                        6  1.5284     0.0294               2.2626 2.1412e-03
                        7  1.8841     0.0294               1.9069 2.1412e-03
                        8  2.0152     0.0294               1.7758 2.1412e-03
                        9  2.1984     0.0294               1.5926 2.1412e-03
                       10  2.2150     0.0294               1.5760 2.1412e-03
                       11  2.2525     0.0294               1.5385 2.1412e-03
                       12  2.2668     0.0294               1.5242 2.1412e-03
                       15  2.3658     0.0294               1.4252 2.1412e-03
                       16  2.3800     0.0294               1.4110 2.1412e-03
                       19  2.5632     0.0294               1.2278 2.1412e-03
                       23  2.7273     0.0294               1.0637 2.1412e-03
                       25  2.7527     0.0294               1.0383 2.1412e-03
                       28  2.8284     0.0294               0.9626 2.1412e-03
                       30  2.9250     0.0294               0.8660 2.1412e-03
                       31  2.9534     0.0294               0.8376 2.1412e-03
                       32  2.9762     0.0294               0.8148 2.1412e-03
                       34  2.9918     0.0294               0.7992 2.1412e-03
                       35  3.0058     0.0294               0.7852 2.1412e-03
                       36  3.0280     0.0294               0.7630 2.1412e-03
                       40  3.0460     0.0294               0.7450 2.1412e-03
                       43  3.0600     0.0294               0.7310 2.1412e-03
                       45  3.0803     0.0294               0.7107 2.1412e-03
                       47  3.1360     0.0294               0.6550 2.1412e-03
                       48  3.1470     0.0294               0.6440 2.1412e-03
                       49  3.1584     0.0294               0.6326 2.1412e-03
                       51  3.2608     0.0294               0.5302 2.1412e-03
                       52  3.2632     0.0294               0.5278 2.1412e-03
                       55  3.3510     0.0294               0.4400 2.1412e-03
                       64  3.5281     0.0294               0.2629 2.1412e-03
                       67  3.6000     0.0294               0.1910 2.1412e-03
                       69  3.6080     0.0294               0.1830 2.1412e-03
                       76  3.7035     0.0294               0.0875 2.1412e-03
 78  3.7718    2.5+                          7.4201e-02
                       12  2.2668     0.1979               1.5050 1.4679e-02
                       11  2.2525     0.1979               1.5193 1.4678e-02
                        9  2.1984     0.1979               1.5734 1.4678e-02
                        7  1.8841     0.2083               1.8877 1.5446e-02
                        0  0.0000     0.1981               3.7718 1.4674e-02
 77  3.7535    0.5-                          2.3026e-02
                        0  0.0000     1.0000               3.7535 2.3000e-02
 76  3.7035    3.5-                          1.1291e-01                       1.3000e-14
                        9  2.1984     0.5100               1.5050 5.7574e-02
                        0  0.0000     0.4900               3.7035 5.5267e-02
 75  3.6820    0.5+                          2.5823e-02
                        5  1.2930     0.0500               2.3890 1.2912e-03
                        6  1.5284     0.0500               2.1536 1.2912e-03
                       11  2.2525     0.0500               1.4295 1.2912e-03
                       16  2.3800     0.0500               1.3020 1.2912e-03
                       19  2.5632     0.0500               1.1188 1.2912e-03
                       29  2.8733     0.0500               0.8087 1.2912e-03
                       30  2.9250     0.0500               0.7570 1.2912e-03
                       31  2.9534     0.0500               0.7286 1.2912e-03
                       32  2.9762     0.0500               0.7058 1.2912e-03
                       35  3.0058     0.0500               0.6762 1.2912e-03
                       36  3.0280     0.0500               0.6540 1.2912e-03
                       38  3.0374     0.0500               0.6446 1.2912e-03
                       45  3.0803     0.0500               0.6017 1.2912e-03
                       49  3.1584     0.0500               0.5236 1.2912e-03
                       52  3.2632     0.0500               0.4188 1.2912e-03
                       55  3.3510     0.0500               0.3310 1.2912e-03
                       58  3.3830     0.0500               0.2990 1.2912e-03
                       60  3.4318     0.0500               0.2502 1.2912e-03
                       63  3.5230     0.0500               0.1590 1.2912e-03
                       64  3.5281     0.0500               0.1539 1.2912e-03
 74  3.6730    0.5+                          2.6048e-02
                        5  1.2930     0.0500               2.3800 1.3024e-03
                        6  1.5284     0.0500               2.1446 1.3024e-03
                       11  2.2525     0.0500               1.4205 1.3024e-03
                       16  2.3800     0.0500               1.2930 1.3024e-03
                       19  2.5632     0.0500               1.1098 1.3024e-03
                       29  2.8733     0.0500               0.7997 1.3024e-03
                       30  2.9250     0.0500               0.7480 1.3024e-03
                       31  2.9534     0.0500               0.7196 1.3024e-03
                       32  2.9762     0.0500               0.6968 1.3024e-03
                       35  3.0058     0.0500               0.6672 1.3024e-03
                       36  3.0280     0.0500               0.6450 1.3024e-03
                       38  3.0374     0.0500               0.6356 1.3024e-03
                       45  3.0803     0.0500               0.5927 1.3024e-03
                       49  3.1584     0.0500               0.5146 1.3024e-03
                       52  3.2632     0.0500               0.4098 1.3024e-03
                       55  3.3510     0.0500               0.3220 1.3024e-03
                       58  3.3830     0.0500               0.2900 1.3024e-03
                       60  3.4318     0.0500               0.2412 1.3024e-03
                       63  3.5230     0.0500               0.1500 1.3024e-03
                       64  3.5281     0.0500               0.1449 1.3024e-03
 73  3.6609    2.5+                          8.2961e-02
                       15  2.3658     0.0000               1.2951 0.0000e+00
                        9  2.1984     0.7998               1.4625 6.6334e-02
                        0  0.0000     0.2002               3.6609 1.6583e-02
 72  3.6420    3.5+                          1.0566e-01
                        0  0.0000     0.0435               3.6420 4.5941e-03
                        1  0.1259     0.0435               3.5161 4.5941e-03
                        2  0.9843     0.0435               2.6577 4.5941e-03
                        7  1.8841     0.0435               1.7579 4.5941e-03
                        8  2.0152     0.0435               1.6268 4.5941e-03
                        9  2.1984     0.0435               1.4436 4.5941e-03
                       10  2.2150     0.0435               1.4270 4.5941e-03
                       12  2.2668     0.0435               1.3752 4.5941e-03
                       15  2.3658     0.0435               1.2762 4.5941e-03
                       17  2.3984     0.0435               1.2436 4.5941e-03
                       23  2.7273     0.0435               0.9147 4.5941e-03
                       25  2.7527     0.0435               0.8893 4.5941e-03
                       26  2.8221     0.0435               0.8199 4.5941e-03
                       27  2.8237     0.0435               0.8183 4.5941e-03
                       28  2.8284     0.0435               0.8136 4.5941e-03
                       34  2.9918     0.0435               0.6502 4.5941e-03
                       40  3.0460     0.0435               0.5960 4.5941e-03
                       43  3.0600     0.0435               0.5820 4.5941e-03
                       47  3.1360     0.0435               0.5060 4.5941e-03
                       48  3.1470     0.0435               0.4950 4.5941e-03
                       51  3.2608     0.0435               0.3812 4.5941e-03
                       67  3.6000     0.0435               0.0420 4.5941e-03
                       69  3.6080     0.0435               0.0340 4.5941e-03
 71  3.6310    5.5+                          1.2020e-01
                        2  0.9843     0.1111               2.6467 1.3355e-02
                        4  1.2921     0.1111               2.3389 1.3355e-02
                       14  2.3114     0.1111               1.3196 1.3355e-02
                       17  2.3984     0.1111               1.2326 1.3355e-02
                       26  2.8221     0.1111               0.8089 1.3355e-02
                       27  2.8237     0.1111               0.8073 1.3355e-02
                       37  3.0359     0.1111               0.5951 1.3355e-02
                       46  3.1261     0.1111               0.5049 1.3355e-02
                       54  3.3420     0.1111               0.2890 1.3355e-02
 70  3.6108    1.5+                          5.6834e-02
                        1  0.1259     1.0000               3.4849 5.6795e-02
 69  3.6080    2.5-                          9.7663e-02
                       22  2.6946     0.0667               0.9134 6.5108e-03
                       24  2.7410     0.0667               0.8670 6.5108e-03
                       33  2.9840     0.0667               0.6240 6.5108e-03
                       39  3.0399     0.0667               0.5681 6.5108e-03
                       41  3.0508     0.0667               0.5572 6.5108e-03
                       44  3.0700     0.0667               0.5380 6.5108e-03
                       50  3.1953     0.0667               0.4127 6.5108e-03
                       53  3.2681     0.0667               0.3399 6.5108e-03
                       57  3.3790     0.0667               0.2290 6.5108e-03
                       59  3.4241     0.0667               0.1839 6.5108e-03
                       61  3.4800     0.0667               0.1280 6.5108e-03
                       62  3.5050     0.0667               0.1030 6.5108e-03
                       65  3.5320     0.0667               0.0760 6.5108e-03
                       66  3.5800     0.0667               0.0280 6.5108e-03
                       68  3.6040     0.0667               0.0040 6.5108e-03
 68  3.6040    1.5+                          6.3736e-02
                        0  0.0000     0.0345               3.6040 2.1978e-03
                        5  1.2930     0.0345               2.3110 2.1978e-03
                        6  1.5284     0.0345               2.0756 2.1978e-03
                       10  2.2150     0.0345               1.3890 2.1978e-03
                       11  2.2525     0.0345               1.3515 2.1978e-03
                       12  2.2668     0.0345               1.3372 2.1978e-03
                       15  2.3658     0.0345               1.2382 2.1978e-03
                       16  2.3800     0.0345               1.2240 2.1978e-03
                       19  2.5632     0.0345               1.0408 2.1978e-03
                       25  2.7527     0.0345               0.8513 2.1978e-03
                       29  2.8733     0.0345               0.7307 2.1978e-03
                       30  2.9250     0.0345               0.6790 2.1978e-03
                       31  2.9534     0.0345               0.6506 2.1978e-03
                       32  2.9762     0.0345               0.6278 2.1978e-03
                       35  3.0058     0.0345               0.5982 2.1978e-03
                       36  3.0280     0.0345               0.5760 2.1978e-03
                       38  3.0374     0.0345               0.5666 2.1978e-03
                       40  3.0460     0.0345               0.5580 2.1978e-03
                       45  3.0803     0.0345               0.5237 2.1978e-03
                       47  3.1360     0.0345               0.4680 2.1978e-03
                       49  3.1584     0.0345               0.4456 2.1978e-03
                       51  3.2608     0.0345               0.3432 2.1978e-03
                       52  3.2632     0.0345               0.3408 2.1978e-03
                       55  3.3510     0.0345               0.2530 2.1978e-03
                       58  3.3830     0.0345               0.2210 2.1978e-03
                       60  3.4318     0.0345               0.1722 2.1978e-03
                       63  3.5230     0.0345               0.0810 2.1978e-03
                       64  3.5281     0.0345               0.0759 2.1978e-03
                       67  3.6000     0.0345               0.0040 2.1978e-03
 67  3.6000    2.5-                          1.0053e-01
                       22  2.6946     0.0714               0.9054 7.1808e-03
                       24  2.7410     0.0714               0.8590 7.1808e-03
                       33  2.9840     0.0714               0.6160 7.1808e-03
                       39  3.0399     0.0714               0.5601 7.1808e-03
                       41  3.0508     0.0714               0.5492 7.1808e-03
                       44  3.0700     0.0714               0.5300 7.1808e-03
                       50  3.1953     0.0714               0.4047 7.1808e-03
                       53  3.2681     0.0714               0.3319 7.1808e-03
                       57  3.3790     0.0714               0.2210 7.1808e-03
                       59  3.4241     0.0714               0.1759 7.1808e-03
                       61  3.4800     0.0714               0.1200 7.1808e-03
                       62  3.5050     0.0714               0.0950 7.1808e-03
                       65  3.5320     0.0714               0.0680 7.1808e-03
                       66  3.5800     0.0714               0.0200 7.1808e-03
 66  3.5800    3.5+                          1.2616e-01
                        0  0.0000     0.0476               3.5800 6.0074e-03
                        1  0.1259     0.0476               3.4541 6.0074e-03
                        2  0.9843     0.0476               2.5957 6.0074e-03
                        7  1.8841     0.0476               1.6959 6.0074e-03
                        8  2.0152     0.0476               1.5648 6.0074e-03
                        9  2.1984     0.0476               1.3816 6.0074e-03
                       10  2.2150     0.0476               1.3650 6.0074e-03
                       12  2.2668     0.0476               1.3132 6.0074e-03
                       15  2.3658     0.0476               1.2142 6.0074e-03
                       17  2.3984     0.0476               1.1816 6.0074e-03
                       23  2.7273     0.0476               0.8527 6.0074e-03
                       25  2.7527     0.0476               0.8273 6.0074e-03
                       26  2.8221     0.0476               0.7579 6.0074e-03
                       27  2.8237     0.0476               0.7563 6.0074e-03
                       28  2.8284     0.0476               0.7516 6.0074e-03
                       34  2.9918     0.0476               0.5882 6.0074e-03
                       40  3.0460     0.0476               0.5340 6.0074e-03
                       43  3.0600     0.0476               0.5200 6.0074e-03
                       47  3.1360     0.0476               0.4440 6.0074e-03
                       48  3.1470     0.0476               0.4330 6.0074e-03
                       51  3.2608     0.0476               0.3192 6.0074e-03
 65  3.5320    2.5+                          1.0843e-01
                        0  0.0000     1.0000               3.5320 1.0827e-01
 64  3.5281    1.5-                          6.9446e-02
                        0  0.0000     1.0000               3.5281 6.9379e-02
 63  3.5230    0.5-                          3.3672e-02
                       13  2.2810     0.0909               1.2420 3.0611e-03
                       18  2.4265     0.0909               1.0965 3.0611e-03
                       20  2.5820     0.0909               0.9410 3.0611e-03
                       21  2.6217     0.0909               0.9013 3.0611e-03
                       33  2.9840     0.0909               0.5390 3.0611e-03
                       44  3.0700     0.0909               0.4530 3.0611e-03
                       50  3.1953     0.0909               0.3277 3.0611e-03
                       53  3.2681     0.0909               0.2549 3.0611e-03
                       57  3.3790     0.0909               0.1440 3.0611e-03
                       59  3.4241     0.0909               0.0989 3.0611e-03
                       61  3.4800     0.0909               0.0430 3.0611e-03
 62  3.5050    2.5+                          1.1114e-01
                        0  0.0000     0.0333               3.5050 3.7048e-03
                        1  0.1259     0.0333               3.3791 3.7048e-03
                        6  1.5284     0.0333               1.9766 3.7048e-03
                        7  1.8841     0.0333               1.6209 3.7048e-03
                        8  2.0152     0.0333               1.4898 3.7048e-03
                        9  2.1984     0.0333               1.3066 3.7048e-03
                       10  2.2150     0.0333               1.2900 3.7048e-03
                       11  2.2525     0.0333               1.2525 3.7048e-03
                       12  2.2668     0.0333               1.2382 3.7048e-03
                       15  2.3658     0.0333               1.1392 3.7048e-03
                       16  2.3800     0.0333               1.1250 3.7048e-03
                       19  2.5632     0.0333               0.9418 3.7048e-03
                       23  2.7273     0.0333               0.7777 3.7048e-03
                       25  2.7527     0.0333               0.7523 3.7048e-03
                       28  2.8284     0.0333               0.6766 3.7048e-03
                       30  2.9250     0.0333               0.5800 3.7048e-03
                       31  2.9534     0.0333               0.5516 3.7048e-03
                       32  2.9762     0.0333               0.5288 3.7048e-03
                       34  2.9918     0.0333               0.5132 3.7048e-03
                       35  3.0058     0.0333               0.4992 3.7048e-03
                       36  3.0280     0.0333               0.4770 3.7048e-03
                       40  3.0460     0.0333               0.4590 3.7048e-03
                       43  3.0600     0.0333               0.4450 3.7048e-03
                       45  3.0803     0.0333               0.4247 3.7048e-03
                       47  3.1360     0.0333               0.3690 3.7048e-03
                       48  3.1470     0.0333               0.3580 3.7048e-03
                       49  3.1584     0.0333               0.3466 3.7048e-03
                       51  3.2608     0.0333               0.2442 3.7048e-03
                       52  3.2632     0.0333               0.2418 3.7048e-03
                       55  3.3510     0.0333               0.1540 3.7048e-03
 61  3.4800    1.5+                          8.1726e-02
                        0  0.0000     0.0385               3.4800 3.1433e-03
                        5  1.2930     0.0385               2.1870 3.1433e-03
                        6  1.5284     0.0385               1.9516 3.1433e-03
                       10  2.2150     0.0385               1.2650 3.1433e-03
                       11  2.2525     0.0385               1.2275 3.1433e-03
                       12  2.2668     0.0385               1.2132 3.1433e-03
                       15  2.3658     0.0385               1.1142 3.1433e-03
                       16  2.3800     0.0385               1.1000 3.1433e-03
                       19  2.5632     0.0385               0.9168 3.1433e-03
                       25  2.7527     0.0385               0.7273 3.1433e-03
                       29  2.8733     0.0385               0.6067 3.1433e-03
                       30  2.9250     0.0385               0.5550 3.1433e-03
                       31  2.9534     0.0385               0.5266 3.1433e-03
                       32  2.9762     0.0385               0.5038 3.1433e-03
                       35  3.0058     0.0385               0.4742 3.1433e-03
                       36  3.0280     0.0385               0.4520 3.1433e-03
                       38  3.0374     0.0385               0.4426 3.1433e-03
                       40  3.0460     0.0385               0.4340 3.1433e-03
                       45  3.0803     0.0385               0.3997 3.1433e-03
                       47  3.1360     0.0385               0.3440 3.1433e-03
                       49  3.1584     0.0385               0.3216 3.1433e-03
                       51  3.2608     0.0385               0.2192 3.1433e-03
                       52  3.2632     0.0385               0.2168 3.1433e-03
                       55  3.3510     0.0385               0.1290 3.1433e-03
                       58  3.3830     0.0385               0.0970 3.1433e-03
                       60  3.4318     0.0385               0.0482 3.1433e-03
 60  3.4318    0.5-                          3.9612e-02                       2.2000e-14
                        0  0.0000     1.0000               3.4318 3.9573e-02
 59  3.4241    1.5+                          8.5635e-02                       1.1100e-13
                       23  2.7273     0.5292               0.6968 4.5275e-02
                        1  0.1259     0.4708               3.2982 4.0292e-02
 58  3.3830    0.5-                          4.1237e-02
                        0  0.0000     1.0000               3.3830 4.1197e-02
 57  3.3790    1.5+                          8.8996e-02
                        0  0.0000     0.0417               3.3790 3.7082e-03
                        5  1.2930     0.0417               2.0860 3.7082e-03
                        6  1.5284     0.0417               1.8506 3.7082e-03
                       10  2.2150     0.0417               1.1640 3.7082e-03
                       11  2.2525     0.0417               1.1265 3.7082e-03
                       12  2.2668     0.0417               1.1122 3.7082e-03
                       15  2.3658     0.0417               1.0132 3.7082e-03
                       16  2.3800     0.0417               0.9990 3.7082e-03
                       19  2.5632     0.0417               0.8158 3.7082e-03
                       25  2.7527     0.0417               0.6263 3.7082e-03
                       29  2.8733     0.0417               0.5057 3.7082e-03
                       30  2.9250     0.0417               0.4540 3.7082e-03
                       31  2.9534     0.0417               0.4256 3.7082e-03
                       32  2.9762     0.0417               0.4028 3.7082e-03
                       35  3.0058     0.0417               0.3732 3.7082e-03
                       36  3.0280     0.0417               0.3510 3.7082e-03
                       38  3.0374     0.0417               0.3416 3.7082e-03
                       40  3.0460     0.0417               0.3330 3.7082e-03
                       45  3.0803     0.0417               0.2987 3.7082e-03
                       47  3.1360     0.0417               0.2430 3.7082e-03
                       49  3.1584     0.0417               0.2206 3.7082e-03
                       51  3.2608     0.0417               0.1182 3.7082e-03
                       52  3.2632     0.0417               0.1158 3.7082e-03
                       55  3.3510     0.0417               0.0280 3.7082e-03
 56  3.3732    5.5+                          1.5362e-01
                        4  1.2921     1.0000               2.0811 1.5351e-01
 55  3.3510    1.5-                          9.1564e-02
                        1  0.1259     0.6494               3.2251 5.9409e-02
                        0  0.0000     0.3506               3.3510 3.2074e-02
 54  3.3420    6.5-                          1.6740e-01                       5.0000e-15
                        4  1.2921     1.0000               2.0498 1.6735e-01
 53  3.2681    1.5+                          9.8120e-02
                        9  2.1984     0.2500               1.0697 2.4523e-02
                        7  1.8841     0.3401               1.3840 3.3365e-02
                        6  1.5284     0.4099               1.7397 4.0200e-02
 52  3.2632    1.5-                          9.8208e-02
                       15  2.3658     0.4010               0.8974 3.9374e-02
                        0  0.0000     0.5990               3.2632 5.8776e-02
 51  3.2608    2.5-                          1.5124e-01                       3.5000e-14
                        1  0.1259     1.0000               3.1349 1.5112e-01
 50  3.1953    1.5+                          1.0484e-01                       1.7000e-14
                        0  0.0000     1.0000               3.1953 1.0470e-01
 49  3.1584    1.5-                          1.0704e-01                       4.6000e-14
                        6  1.5284     0.7298               1.6301 7.8106e-02
                        0  0.0000     0.2702               3.1584 2.8900e-02
 48  3.1470    3.5-                          1.9439e-01
                       22  2.6946     0.2500               0.4524 4.8596e-02
                       24  2.7410     0.2500               0.4060 4.8596e-02
                       39  3.0399     0.2500               0.1071 4.8596e-02
                       41  3.0508     0.2500               0.0962 4.8596e-02
 47  3.1360    2.5-                          1.6713e-01
                       22  2.6946     0.1667               0.4414 2.7855e-02
                       24  2.7410     0.1667               0.3950 2.7855e-02
                       33  2.9840     0.1667               0.1520 2.7855e-02
                       39  3.0399     0.1667               0.0961 2.7855e-02
                       41  3.0508     0.1667               0.0852 2.7855e-02
                       44  3.0700     0.1667               0.0660 2.7855e-02
 46  3.1261    6.5-                          1.9794e-01                       1.7000e-14
                       14  2.3114     0.1379               0.8147 2.7289e-02
                        2  0.9843     0.8621               2.1419 1.7057e-01
 45  3.0803    1.5-                          1.1434e-01                       3.0000e-14
                       15  2.3658     0.2500               0.7145 2.8575e-02
                        6  1.5284     0.6410               1.5519 7.3280e-02
                        0  0.0000     0.1090               3.0803 1.2453e-02
 44  3.0700    1.5+                          1.4580e-01                       2.4000e-14
                        0  0.0000     1.0000               3.0700 1.4562e-01
 43  3.0600    3.5-                          2.0845e-01
                       22  2.6946     0.2500               0.3654 5.2113e-02
                       24  2.7410     0.2500               0.3190 5.2113e-02
                       39  3.0399     0.2500               0.0201 5.2113e-02
                       41  3.0508     0.2500               0.0092 5.2113e-02
 42  3.0547    7.5-                          3.6458e-01                       1.8000e-13
                       14  2.3114     0.4792               0.7432 1.7466e-01
                        4  1.2921     0.5208               1.7626 1.8983e-01
 41  3.0508    2.5+                          3.0143e-01                       1.7000e-12
                        6  1.5284     0.6991               1.5225 2.1066e-01
                        1  0.1259     0.3009               2.9249 9.0591e-02
 40  3.0460    2.5-                          1.7993e-01                       1.4000e-13
                        7  1.8841     1.0000               1.1619 1.7991e-01
 39  3.0399    2.5+                          3.0337e-01                       1.7000e-13
                        1  0.1259     1.0000               2.9140 3.0300e-01
 38  3.0374    0.5-                          5.9563e-02
                       12  2.2668     1.0000               0.7706 5.9542e-02
 37  3.0359    5.5-                          2.2172e-01                       5.0000e-14
                        1  0.1259     1.0000               2.9100 2.2156e-01
 36  3.0280    1.5-                          1.1959e-01
                       13  2.2810     0.2000               0.7470 2.3918e-02
                       18  2.4265     0.2000               0.6015 2.3918e-02
                       20  2.5820     0.2000               0.4460 2.3918e-02
                       21  2.6217     0.2000               0.4063 2.3918e-02
                       33  2.9840     0.2000               0.0440 2.3918e-02
 35  3.0058    1.5-                          1.2191e-01                       1.7000e-14
                        0  0.0000     1.0000               3.0058 1.2182e-01
 34  2.9918    3.5-                          2.2033e-01                       1.2000e-14
                        2  0.9843     0.2307               2.0075 5.0813e-02
                        1  0.1259     0.7693               2.8658 1.6938e-01
 33  2.9840    1.5+                          1.7998e-01
                        0  0.0000     0.0714               2.9840 1.2856e-02
                        5  1.2930     0.0714               1.6910 1.2856e-02
                        6  1.5284     0.0714               1.4556 1.2856e-02
                       10  2.2150     0.0714               0.7690 1.2856e-02
                       11  2.2525     0.0714               0.7315 1.2856e-02
                       12  2.2668     0.0714               0.7172 1.2856e-02
                       15  2.3658     0.0714               0.6182 1.2856e-02
                       16  2.3800     0.0714               0.6040 1.2856e-02
                       19  2.5632     0.0714               0.4208 1.2856e-02
                       25  2.7527     0.0714               0.2313 1.2856e-02
                       29  2.8733     0.0714               0.1107 1.2856e-02
                       30  2.9250     0.0714               0.0590 1.2856e-02
                       31  2.9534     0.0714               0.0306 1.2856e-02
                       32  2.9762     0.0714               0.0078 1.2856e-02
 32  2.9762    1.5-                          1.3796e-01                       1.2500e-13
                        6  1.5284     0.2307               1.4478 3.1823e-02
                        0  0.0000     0.7693               2.9762 1.0606e-01
 31  2.9534    1.5-                          1.4048e-01                       1.3000e-14
                        1  0.1259     0.8475               2.8275 1.1897e-01
                        0  0.0000     0.1525               2.9534 2.1408e-02
 30  2.9250    1.5-                          1.4372e-01
                        1  0.1259     1.0000               2.7991 1.4362e-01
 29  2.8733    0.5-                          8.1696e-02                       8.3000e-14
                        6  1.5284     0.7691               1.3449 6.2825e-02
                        0  0.0000     0.2309               2.8733 1.8850e-02
 28  2.8284    3.5-                          2.5210e-01
                        4  1.2921     1.0000               1.5363 2.5206e-01
 27  2.8237    4.5-                          2.8687e-01                       1.1000e-14
                        7  1.8841     0.3006               0.9396 8.6217e-02
                        1  0.1259     0.6994               2.6977 2.0051e-01
 26  2.8221    4.5-                          2.8721e-01                       9.4000e-14
                        7  1.8841     0.3590               0.9380 1.0309e-01
                        4  1.2921     0.6410               1.5300 1.8407e-01
 25  2.7527    2.5-                          2.4381e-01                       2.5000e-14
                        7  1.8841     0.3304               0.8686 8.0538e-02
                        1  0.1259     0.4292               2.6268 1.0458e-01
                        0  0.0000     0.2404               2.7527 5.8574e-02
 24  2.7410    3.5+                          4.1297e-01
                        0  0.0000     0.0909               2.7410 3.7543e-02
                        1  0.1259     0.0909               2.6151 3.7543e-02
                        2  0.9843     0.0909               1.7567 3.7543e-02
                        7  1.8841     0.0909               0.8569 3.7543e-02
                        8  2.0152     0.0909               0.7258 3.7543e-02
                        9  2.1984     0.0909               0.5426 3.7543e-02
                       10  2.2150     0.0909               0.5260 3.7543e-02
                       12  2.2668     0.0909               0.4742 3.7543e-02
                       15  2.3658     0.0909               0.3752 3.7543e-02
                       17  2.3984     0.0909               0.3426 3.7543e-02
                       23  2.7273     0.0909               0.0137 3.7543e-02
 23  2.7273    3.5-                          3.5726e-01                       9.8000e-13
                        4  1.2921     0.1917               1.4352 6.8478e-02
                        2  0.9843     0.2901               1.7431 1.0362e-01
                        0  0.0000     0.5182               2.7273 1.8503e-01
 22  2.6946    3.5+                          4.2658e-01
                        0  0.0000     1.0000               2.6946 4.2612e-01
 21  2.6217    0.5+                          1.0815e-01
                        0  0.0000     1.0000               2.6217 1.0811e-01
 20  2.5820    0.5+                          1.1201e-01
                        5  1.2930     0.2000               1.2890 2.2402e-02
                        6  1.5284     0.2000               1.0536 2.2402e-02
                       11  2.2525     0.2000               0.3295 2.2402e-02
                       16  2.3800     0.2000               0.2020 2.2402e-02
                       19  2.5632     0.2000               0.0188 2.2402e-02
 19  2.5632    1.5-                          2.1753e-01                       7.7000e-15
                        0  0.0000     1.0000               2.5632 2.1742e-01
 18  2.4265    0.5+                          1.2907e-01                       1.4000e-12
                        6  1.5284     1.0000               0.8982 1.2906e-01
 17  2.3984    4.5-                          4.3645e-01                       1.7000e-14
                        2  0.9843     0.2592               1.4141 1.1311e-01
                        1  0.1259     0.7408               2.2725 3.2318e-01
 16  2.3800    1.5-                          2.5217e-01
                       13  2.2810     1.0000               0.0990 2.5217e-01
 15  2.3658    2.5-                          5.0064e-01                       2.3000e-14
                        1  0.1259     0.7407               2.2399 3.7066e-01
                        0  0.0000     0.2593               2.3658 1.2975e-01
 14  2.3114    6.5-                          7.1141e-01                       1.5000e-13
                        4  1.2921     0.9009               1.0193 6.4083e-01
                        2  0.9843     0.0991               1.3272 7.0492e-02
 13  2.2810    0.5+                          4.0043e-01
                        5  1.2930     0.3333               0.9880 1.3348e-01
                        6  1.5284     0.3333               0.7527 1.3348e-01
                       11  2.2525     0.3333               0.0285 1.3348e-01
 12  2.2668    2.5-                          4.8201e-01                       1.2500e-13
                        6  1.5284     0.2700               0.7385 1.3011e-01
                        0  0.0000     0.7300               2.2668 3.5171e-01
 11  2.2525    1.5-                          4.2859e-01                       2.3000e-14
                        0  0.0000     1.0000               2.2525 4.2840e-01
 10  2.2150    2.5-                          4.2515e-01                       3.8000e-13
                        0  0.0000     1.0000               2.2150 4.2497e-01
  9  2.1984    3.5-                          6.7705e-01                       1.8000e-14
                        2  0.9843     0.3292               1.2142 2.2287e-01
                        1  0.1259     0.0610               2.0725 4.1273e-02
                        0  0.0000     0.6098               2.1984 4.1272e-01
  8  2.0152    3.5-                          5.4462e-01                       5.1000e-16
                        2  0.9843     0.5681               1.0309 3.0935e-01
                        0  0.0000     0.4319               2.0152 2.3515e-01
  7  1.8841    3.5-                          1.1037e+00                       1.2000e-14
                        1  0.1259     0.3590               1.7581 3.9613e-01
                        0  0.0000     0.6410               1.8841 7.0727e-01
  6  1.5284    1.5-                          1.5017e+00                       6.2000e-14
                        1  0.1259     0.0338               1.4024 5.0780e-02
                        0  0.0000     0.9662               1.5284 1.4507e+00
  5  1.2930    0.5-                          4.6489e-01
                        0  0.0000     1.0000               1.2930 4.6483e-01
  4  1.2921    5.5-                          2.4546e+00                       1.1000e-12
                        2  0.9843     0.2484               0.3079 6.0860e-01
                        1  0.1259     0.7516               1.1662 1.8446e+00
  3  1.2891    5.5+                          8.6684e-01
                        2  0.9843     0.9010               0.3048 7.7992e-01
                        1  0.1259     0.0990               1.1632 8.5790e-02
  2  0.9843    4.5-                          3.5493e+00                       2.8000e-13
                        1  0.1259     0.9524               0.8583 3.3796e+00
                        0  0.0000     0.0476               0.9843 1.6898e-01
  1  0.1259    3.5-                          9.7391e+00                       2.5900e-10
                        0  0.0000     1.0000               0.1259 9.5725e+00
  0  0.0000    2.5-                          1.8013e+01
#......................................................................../  026-057Fe //  16.000000
#                                                                          SUM SPECTRA FOR COMPOUND
#            026-057Fe      gamma    neutron     proton      alpha
 SpcSum[mb]            3.2494e+01 8.0236e+00 1.4239e-04 2.6339e-05
 Emean[MeV]            1.9539e+00 1.1016e+00 2.0940e+00 5.0991e+00
#......................................................................../  026-057Fe //  16.000000
#                                                                   GAMMAS FROM DISCRETE TRANSITION
#           0 0 0 1 0 0             026-057Fe
#   Ex[MeV]     Jpi    FinalState  Branching Production    Egamma Production   T(1/2)[s]
 29  2.5994    1.5+                          7.5515e-02
                        2  0.1365     0.6993               2.4629 5.2757e-02
                        0  0.0000     0.3007               2.5994 2.2684e-02
 28  2.5936    1.5-                          6.9443e-02                       3.7000e-14
                        5  1.0071     0.4100               1.5865 2.8465e-02
                        4  0.7064     0.5000               1.8872 3.4711e-02
                        0  0.0000     0.0900               2.5936 6.2481e-03
 27  2.5745    0.5-                          3.2282e-02                       1.8000e-14
                        3  0.3668     0.2753               2.2077 8.8835e-03
                        0  0.0000     0.7247               2.5745 2.3382e-02
 26  2.5642    1.5-                          7.1517e-02
                       11  1.7254     0.6369               0.8388 4.5537e-02
                        0  0.0000     0.3631               2.5642 2.5953e-02
 25  2.5053    2.5+                          1.3887e-01                       7.8000e-14
                       11  1.7254     0.0278               0.7799 3.8549e-03
                        4  0.7064     0.0555               1.7989 7.7097e-03
                        3  0.3668     0.5556               2.1385 7.7093e-02
                        2  0.1365     0.2611               2.3688 3.6231e-02
                        1  0.0144     0.1000               2.4909 1.3875e-02
 24  2.4560    3.5+                          2.1108e-01
                        2  0.1365     0.1000               2.3195 2.1108e-02
                        4  0.7064     0.1000               1.7496 2.1108e-02
                        5  1.0071     0.1000               1.4489 2.1108e-02
                        7  1.1978     0.1000               1.2582 2.1108e-02
                        9  1.3568     0.1000               1.0992 2.1108e-02
                       13  1.9897     0.1000               0.4663 2.1108e-02
                       15  2.1131     0.1000               0.3429 2.1108e-02
                       16  2.1186     0.1000               0.3374 2.1108e-02
                       17  2.2069     0.1000               0.2491 2.1108e-02
                       19  2.2202     0.1000               0.2358 2.1108e-02
 23  2.4556    4.5+                          2.7360e-01                       1.4000e-12
                        5  1.0071     1.0000               1.4484 2.7353e-01
 22  2.3580    1.5-                          8.8200e-02
                        6  1.1399     0.3333               1.2181 2.9400e-02
                       18  2.2177     0.3333               0.1403 2.9400e-02
                       20  2.3304     0.3333               0.0276 2.9400e-02
 21  2.3560    5.5-                          5.2435e-01                       6.0000e-14
                        7  1.1978     0.2908               1.1582 1.5246e-01
                        5  1.0071     0.7092               1.3488 3.7181e-01
 20  2.3304    1.5+                          1.3263e-01
                       10  1.6273     1.0000               0.7032 1.3260e-01
 19  2.2202    3.5-                          2.5850e-01                       3.0000e-13
                        3  0.3668     0.0490               1.8534 1.2665e-02
                        2  0.1365     0.4608               2.0837 1.1907e-01
                        1  0.0144     0.4902               2.2058 1.2666e-01
 18  2.2177    2.5+                          2.2666e-01
                        3  0.3668     0.2062               1.8509 4.6710e-02
                        2  0.1365     0.3453               2.0812 7.8208e-02
                        1  0.0144     0.4485               2.2032 1.0157e-01
 17  2.2069    2.5-                          1.9350e-01                       1.0000e-14
                        8  1.2655     0.0342               0.9414 6.6123e-03
                        5  1.0071     0.1794               1.1997 3.4710e-02
                        3  0.3668     0.0000               1.8401 0.0000e+00
                        1  0.0144     0.4274               2.1925 8.2668e-02
                        0  0.0000     0.3590               2.2069 6.9436e-02
 16  2.1186    2.5-                          2.1014e-01                       4.6000e-14
                        5  1.0071     0.1465               1.1115 3.0782e-02
                        4  0.7064     0.5050               1.4122 1.0611e-01
                        1  0.0144     0.3485               2.1042 7.3208e-02
 15  2.1131    2.5-                          2.1123e-01
                        8  1.2655     0.2126               0.8476 4.4895e-02
                        0  0.0000     0.7874               2.1131 1.6626e-01
 14  1.9910    0.5-                          5.9477e-02
                        6  1.1399     1.0000               0.8511 5.9477e-02
 13  1.9897    4.5-                          4.2234e-01                       1.8000e-13
                        7  1.1978     0.2705               0.7918 1.1421e-01
                        5  1.0071     0.3197               0.9825 1.3500e-01
                        4  0.7064     0.4098               1.2832 1.7305e-01
 12  1.9766    0.5-                          6.0393e-02
                       11  1.7254     0.1690               0.2513 1.0115e-02
                        2  0.1365     0.6702               1.8402 4.0464e-02
                        0  0.0000     0.1608               1.9766 9.7084e-03
 11  1.7254    1.5-                          2.3093e-01                       3.1000e-14
                        8  1.2655     0.0033               0.4599 7.5716e-04
                        4  0.7064     0.1885               1.0190 4.3523e-02
                        3  0.3668     0.0977               1.3586 2.2554e-02
                        1  0.0144     0.0273               1.7110 6.3100e-03
                        0  0.0000     0.6832               1.7254 1.5774e-01
 10  1.6273    1.5-                          3.2245e-01                       5.6000e-14
                        4  0.7064     0.0860               0.9208 2.7717e-02
                        3  0.3668     0.2805               1.2605 9.0431e-02
                        1  0.0144     0.6098               1.6128 1.9658e-01
                        0  0.0000     0.0238               1.6273 7.6660e-03
  9  1.3568    3.5-                          6.4570e-01                       1.8000e-13
                        4  0.7064     0.5466               0.6504 3.5273e-01
                        3  0.3668     0.2349               0.9901 1.5166e-01
                        1  0.0144     0.2185               1.3424 1.4108e-01
  8  1.2655    0.5-                          1.7868e-01                       8.2000e-14
                        3  0.3668     0.9302               0.8988 1.6618e-01
                        1  0.0144     0.0447               1.2511 7.9776e-03
                        0  0.0000     0.0251               1.2655 4.4864e-03
  7  1.1978    4.5-                          1.4082e+00                       2.9000e-12
                        2  0.1365     1.0000               1.0613 1.4080e+00
  6  1.1399    1.5+                          5.4047e-01
                        0  0.0000     0.2000               1.1399 1.0809e-01
                        1  0.0144     0.2000               1.1255 1.0809e-01
                        2  0.1365     0.2000               1.0034 1.0809e-01
                        3  0.3668     0.2000               0.7731 1.0809e-01
                        4  0.7064     0.2000               0.4335 1.0809e-01
  5  1.0071    3.5-                          1.8387e+00                       1.3000e-13
                        3  0.3668     0.0301               0.6404 5.5274e-02
                        2  0.1365     0.6398               0.8707 1.1762e+00
                        1  0.0144     0.3301               0.9927 6.0686e-01
  4  0.7064    2.5-                          1.6820e+00                       4.1000e-12
                        3  0.3668     0.0144               0.3397 2.4145e-02
                        2  0.1365     0.0929               0.5699 1.5620e-01
                        1  0.0144     0.8446               0.6920 1.4200e+00
                        0  0.0000     0.0481               0.7064 8.0942e-02
  3  0.3668    1.5-                          1.3989e+00                       1.0500e-11
                        2  0.1365     0.0727               0.2303 1.0124e-01
                        1  0.0144     0.7878               0.3523 1.1004e+00
                        0  0.0000     0.1395               0.3668 1.9480e-01
  2  0.1365    2.5-                          4.6931e+00                       8.7000e-09
                        1  0.0144     0.8824               0.1221 4.0441e+00
                        0  0.0000     0.1176               0.1365 4.8541e-01
  1  0.0144    1.5-                          8.9896e+00                       9.8300e-08
                        0  0.0000     1.0000               0.0144 9.4033e-01
  0  0.0000    0.5-                          1.0808e+01
#......................................................................../  026-057Fe //  16.000000
#                                                                          SUM SPECTRA FOR COMPOUND
#            027-057Co      gamma    neutron     proton      alpha
 SpcSum[mb]            1.3903e+03 5.2692e-03 5.3438e+01 1.7541e-04
 Emean[MeV]            2.0427e+00 3.3373e-02 2.6015e+00 3.7855e+00
#......................................................................../  026-057Fe //  16.000000
#                                                                   GAMMAS FROM DISCRETE TRANSITION
#           2 0 0 0 0 0             027-057Co
#   Ex[MeV]     Jpi    FinalState  Branching Production    Egamma Production   T(1/2)[s]
 53  3.7696    4.5+                          5.4473e+00
                        0  0.0000     0.1000               3.7696 5.4473e-01
                        1  1.2240     0.1000               2.5456 5.4473e-01
                        4  1.6896     0.1000               2.0800 5.4473e-01
                        6  1.8974     0.1000               1.8722 5.4473e-01
                       10  2.3114     0.1000               1.4582 5.4473e-01
                       12  2.4861     0.1000               1.2835 5.4473e-01
                       15  2.5598     0.1000               1.2098 5.4473e-01
                       16  2.6112     0.1000               1.1584 5.4473e-01
                       32  3.2722     0.1000               0.4974 5.4473e-01
                       48  3.7011     0.1000               0.0685 5.4473e-01
 52  3.7620    3.5+                          3.7864e+00
                        0  0.0000     0.0667               3.7620 2.5243e-01
                        1  1.2240     0.0667               2.5380 2.5243e-01
                        6  1.8974     0.0667               1.8646 2.5243e-01
                        7  1.9195     0.0667               1.8425 2.5243e-01
                        9  2.1331     0.0667               1.6289 2.5243e-01
                       10  2.3114     0.0667               1.4506 2.5243e-01
                       12  2.4861     0.0667               1.2759 2.5243e-01
                       15  2.5598     0.0667               1.2022 2.5243e-01
                       16  2.6112     0.0667               1.1508 2.5243e-01
                       21  2.8043     0.0667               0.9577 2.5243e-01
                       28  3.1774     0.0667               0.5846 2.5243e-01
                       30  3.2463     0.0667               0.5157 2.5243e-01
                       32  3.2722     0.0667               0.4898 2.5243e-01
                       47  3.6813     0.0667               0.0807 2.5243e-01
                       48  3.7011     0.0667               0.0609 2.5243e-01
 51  3.7280    3.5+                          3.8873e+00
                        0  0.0000     0.0667               3.7280 2.5915e-01
                        1  1.2240     0.0667               2.5040 2.5915e-01
                        6  1.8974     0.0667               1.8306 2.5915e-01
                        7  1.9195     0.0667               1.8085 2.5915e-01
                        9  2.1331     0.0667               1.5949 2.5915e-01
                       10  2.3114     0.0667               1.4166 2.5915e-01
                       12  2.4861     0.0667               1.2419 2.5915e-01
                       15  2.5598     0.0667               1.1682 2.5915e-01
                       16  2.6112     0.0667               1.1168 2.5915e-01
                       21  2.8043     0.0667               0.9237 2.5915e-01
                       28  3.1774     0.0667               0.5506 2.5915e-01
                       30  3.2463     0.0667               0.4817 2.5915e-01
                       32  3.2722     0.0667               0.4558 2.5915e-01
                       47  3.6813     0.0667               0.0467 2.5915e-01
                       48  3.7011     0.0667               0.0269 2.5915e-01
 50  3.7220    0.5+                          8.0874e-01
                        2  1.3777     0.0833               2.3443 6.7395e-02
                        3  1.5048     0.0833               2.2172 6.7395e-02
                        5  1.7576     0.0833               1.9644 6.7395e-02
                       19  2.7310     0.0833               0.9910 6.7395e-02
                       22  2.8792     0.0833               0.8428 6.7395e-02
                       25  3.1082     0.0833               0.6138 6.7395e-02
                       27  3.1649     0.0833               0.5571 6.7395e-02
                       35  3.3567     0.0833               0.3653 6.7395e-02
                       36  3.3650     0.0833               0.3570 6.7395e-02
                       39  3.4606     0.0833               0.2614 6.7395e-02
                       40  3.4686     0.0833               0.2534 6.7395e-02
                       42  3.5404     0.0833               0.1816 6.7395e-02
 49  3.7197    2.5+                          2.6575e+00
                        0  0.0000     1.0000               3.7197 2.6534e+00
 48  3.7011    3.5-                          5.1274e+00
                        0  0.0000     1.0000               3.7011 5.1222e+00
 47  3.6813    2.5-                          3.2973e+00
                        8  2.1330     0.0833               1.5483 2.7477e-01
                       13  2.5140     0.0833               1.1673 2.7477e-01
                       17  2.6145     0.0833               1.0668 2.7477e-01
                       24  2.9821     0.0833               0.6992 2.7477e-01
                       26  3.1214     0.0833               0.5599 2.7477e-01
                       29  3.1842     0.0833               0.4971 2.7477e-01
                       31  3.2627     0.0833               0.4186 2.7477e-01
                       34  3.3430     0.0833               0.3383 2.7477e-01
                       37  3.3937     0.0833               0.2876 2.7477e-01
                       43  3.5539     0.0833               0.1274 2.7477e-01
                       44  3.6223     0.0833               0.0590 2.7477e-01
                       46  3.6716     0.0833               0.0097 2.7477e-01
 46  3.6716    2.5+                          3.0489e+00
                        6  1.8974     0.5000               1.7742 1.5244e+00
                        0  0.0000     0.5000               3.6716 1.5244e+00
 45  3.6650    4.5+                          5.8990e+00
                        0  0.0000     0.1111               3.6650 6.5544e-01
                        1  1.2240     0.1111               2.4410 6.5544e-01
                        4  1.6896     0.1111               1.9754 6.5544e-01
                        6  1.8974     0.1111               1.7676 6.5544e-01
                       10  2.3114     0.1111               1.3536 6.5544e-01
                       12  2.4861     0.1111               1.1789 6.5544e-01
                       15  2.5598     0.1111               1.1052 6.5544e-01
                       16  2.6112     0.1111               1.0538 6.5544e-01
                       32  3.2722     0.1111               0.3928 6.5544e-01
 44  3.6223    2.5+                          3.1662e+00
                        0  0.0000     0.0476               3.6223 1.5077e-01
                        2  1.3777     0.0476               2.2446 1.5077e-01
                        5  1.7576     0.0476               1.8647 1.5077e-01
                        6  1.8974     0.0476               1.7249 1.5077e-01
                        7  1.9195     0.0476               1.7028 1.5077e-01
                        9  2.1331     0.0476               1.4892 1.5077e-01
                       10  2.3114     0.0476               1.3109 1.5077e-01
                       16  2.6112     0.0476               1.0111 1.5077e-01
                       19  2.7310     0.0476               0.8913 1.5077e-01
                       21  2.8043     0.0476               0.8180 1.5077e-01
                       22  2.8792     0.0476               0.7431 1.5077e-01
                       25  3.1082     0.0476               0.5141 1.5077e-01
                       27  3.1649     0.0476               0.4574 1.5077e-01
                       28  3.1774     0.0476               0.4449 1.5077e-01
                       30  3.2463     0.0476               0.3760 1.5077e-01
                       32  3.2722     0.0476               0.3501 1.5077e-01
                       35  3.3567     0.0476               0.2656 1.5077e-01
                       36  3.3650     0.0476               0.2573 1.5077e-01
                       39  3.4606     0.0476               0.1617 1.5077e-01
                       40  3.4686     0.0476               0.1537 1.5077e-01
                       42  3.5404     0.0476               0.0819 1.5077e-01
 43  3.5539    2.5+                          3.3491e+00
                        5  1.7576     0.4594               1.7963 1.5378e+00
                        2  1.3777     0.5406               2.1762 1.8091e+00
 42  3.5404    1.5-                          2.1351e+00
                       23  2.9809     1.0000               0.5595 2.1344e+00
 41  3.5221    6.5-                          1.4531e+01
                       12  2.4861     1.0000               1.0360 1.4528e+01
 40  3.4686    1.5-                          2.2654e+00
                        7  1.9195     0.5000               1.5491 1.1327e+00
                        2  1.3777     0.5000               2.0909 1.1327e+00
 39  3.4606    1.5-                          2.2802e+00
                        7  1.9195     0.3333               1.5411 7.6007e-01
                        2  1.3777     0.3333               2.0829 7.6007e-01
                        0  0.0000     0.3333               3.4606 7.6007e-01
 38  3.4310    5.5+                          1.0333e+01
                        1  1.2240     0.2000               2.2070 2.0665e+00
                        4  1.6896     0.2000               1.7414 2.0665e+00
                       12  2.4861     0.2000               0.9449 2.0665e+00
                       14  2.5241     0.2000               0.9069 2.0665e+00
                       15  2.5598     0.2000               0.8712 2.0665e+00
 37  3.3937    1.5+                          2.5158e+00
                        2  1.3777     0.0714               2.0160 1.7970e-01
                        3  1.5048     0.0714               1.8889 1.7970e-01
                        5  1.7576     0.0714               1.6361 1.7970e-01
                        7  1.9195     0.0714               1.4742 1.7970e-01
                        9  2.1331     0.0714               1.2606 1.7970e-01
                       19  2.7310     0.0714               0.6627 1.7970e-01
                       21  2.8043     0.0714               0.5894 1.7970e-01
                       22  2.8792     0.0714               0.5145 1.7970e-01
                       25  3.1082     0.0714               0.2855 1.7970e-01
                       27  3.1649     0.0714               0.2288 1.7970e-01
                       28  3.1774     0.0714               0.2163 1.7970e-01
                       30  3.2463     0.0714               0.1474 1.7970e-01
                       35  3.3567     0.0714               0.0370 1.7970e-01
                       36  3.3650     0.0714               0.0287 1.7970e-01
 36  3.3650    1.5-                          2.6501e+00
                        8  2.1330     0.1667               1.2320 4.4168e-01
                       17  2.6145     0.1667               0.7505 4.4168e-01
                       23  2.9809     0.1667               0.3841 4.4168e-01
                       24  2.9821     0.1667               0.3830 4.4168e-01
                       29  3.1842     0.1667               0.1808 4.4168e-01
                       31  3.2627     0.1667               0.1023 4.4168e-01
 35  3.3567    1.5-                          2.6672e+00
                        2  1.3777     0.5000               1.9790 1.3336e+00
                        0  0.0000     0.5000               3.3567 1.3336e+00
 34  3.3430    3.5+                          5.6298e+00
                        0  0.0000     0.0769               3.3430 4.3306e-01
                        1  1.2240     0.0769               2.1190 4.3306e-01
                        6  1.8974     0.0769               1.4456 4.3306e-01
                        7  1.9195     0.0769               1.4235 4.3306e-01
                        9  2.1331     0.0769               1.2099 4.3306e-01
                       10  2.3114     0.0769               1.0316 4.3306e-01
                       12  2.4861     0.0769               0.8569 4.3306e-01
                       15  2.5598     0.0769               0.7832 4.3306e-01
                       16  2.6112     0.0769               0.7318 4.3306e-01
                       21  2.8043     0.0769               0.5387 4.3306e-01
                       28  3.1774     0.0769               0.1656 4.3306e-01
                       30  3.2463     0.0769               0.0967 4.3306e-01
                       32  3.2722     0.0769               0.0708 4.3306e-01
 33  3.2960    4.5+                          7.9216e+00
                        0  0.0000     0.1111               3.2960 8.8018e-01
                        1  1.2240     0.1111               2.0720 8.8018e-01
                        4  1.6896     0.1111               1.6064 8.8018e-01
                        6  1.8974     0.1111               1.3986 8.8018e-01
                       10  2.3114     0.1111               0.9846 8.8018e-01
                       12  2.4861     0.1111               0.8099 8.8018e-01
                       15  2.5598     0.1111               0.7362 8.8018e-01
                       16  2.6112     0.1111               0.6848 8.8018e-01
                       32  3.2722     0.1111               0.0238 8.8018e-01
 32  3.2722    3.5-                          8.9407e+00
                       13  2.5140     0.1429               0.7582 1.2772e+00
                       17  2.6145     0.1429               0.6577 1.2772e+00
                       18  2.7230     0.1429               0.5492 1.2772e+00
                       20  2.7435     0.1429               0.5287 1.2772e+00
                       26  3.1214     0.1429               0.1508 1.2772e+00
                       29  3.1842     0.1429               0.0880 1.2772e+00
                       31  3.2627     0.1429               0.0095 1.2772e+00
 31  3.2627    2.5+                          6.0095e+00
                        5  1.7576     0.5206               1.5051 3.1276e+00
                        0  0.0000     0.4794               3.2627 2.8770e+00
 30  3.2463    2.5-                          5.3442e+00
                        1  1.2240     1.0000               2.0223 5.3422e+00
 29  3.1842    2.5+                          6.3243e+00
                        2  1.3777     0.5000               1.8065 3.1621e+00
                        0  0.0000     0.5000               3.1842 3.1621e+00
 28  3.1774    2.5-                          5.6072e+00                       1.5200e-13
                        6  1.8974     0.4651               1.2800 2.6075e+00
                        0  0.0000     0.5349               3.1774 2.9968e+00
 27  3.1649    1.5-                          3.1180e+00
                        6  1.8974     0.5000               1.2675 1.5590e+00
                        0  0.0000     0.5000               3.1649 1.5590e+00
 26  3.1214    3.5+                          8.0601e+00
                       10  2.3114     0.5000               0.8100 4.0300e+00
                        1  1.2240     0.5000               1.8974 4.0300e+00
 25  3.1082    1.5-                          3.2687e+00                       5.4000e-14
                       21  2.8043     0.0346               0.3039 1.1267e-01
                        5  1.7576     0.0345               1.3506 1.1266e-01
                        3  1.5048     0.0690               1.6033 2.2534e-01
                        2  1.3777     0.8619               1.7305 2.8167e+00
                        0  0.0000     0.0000               3.1082 0.0000e+00
 24  2.9821    1.5+                          4.1056e+00
                        2  1.3777     0.1250               1.6044 5.1320e-01
                        3  1.5048     0.1250               1.4772 5.1320e-01
                        5  1.7576     0.1250               1.2244 5.1320e-01
                        7  1.9195     0.1250               1.0626 5.1320e-01
                        9  2.1331     0.1250               0.8490 5.1320e-01
                       19  2.7310     0.1250               0.2511 5.1320e-01
                       21  2.8043     0.1250               0.1778 5.1320e-01
                       22  2.8792     0.1250               0.1029 5.1320e-01
 23  2.9809    0.5+                          4.2865e+00
                        9  2.1331     0.3333               0.8478 1.4288e+00
                        5  1.7576     0.3333               1.2233 1.4288e+00
                        2  1.3777     0.3333               1.6032 1.4288e+00
 22  2.8792    1.5-                          4.5055e+00                       1.1100e-13
                        7  1.9195     0.3999               0.9597 1.8015e+00
                        5  1.7576     0.1999               1.1216 9.0060e-01
                        0  0.0000     0.4001               2.8792 1.8015e+00
 21  2.8043    2.5-                          8.0230e+00                       3.7000e-14
                        6  1.8974     0.2100               0.9069 1.6846e+00
                        5  1.7576     0.4565               1.0467 3.6622e+00
                        0  0.0000     0.3334               2.8043 2.6733e+00
 20  2.7435    4.5+                          1.4189e+01                       4.7000e-14
                        4  1.6896     1.0000               1.0539 1.4188e+01
 19  2.7310    1.5-                          5.0743e+00                       9.1000e-14
                        0  0.0000     1.0000               2.7310 5.0708e+00
 18  2.7230    4.5+                          1.4433e+01
                        1  1.2240     1.0000               1.4990 1.4428e+01
 17  2.6145    2.5+                          9.7316e+00
                        0  0.0000     0.1250               2.6145 1.2164e+00
                        2  1.3777     0.1250               1.2368 1.2164e+00
                        5  1.7576     0.1250               0.8569 1.2164e+00
                        6  1.8974     0.1250               0.7171 1.2164e+00
                        7  1.9195     0.1250               0.6950 1.2164e+00
                        9  2.1331     0.1250               0.4814 1.2164e+00
                       10  2.3114     0.1250               0.3031 1.2164e+00
                       16  2.6112     0.1250               0.0033 1.2164e+00
 16  2.6112    3.5-                          1.4526e+01                       8.5000e-14
                        7  1.9195     0.0000               0.6917 0.0000e+00
                        0  0.0000     1.0000               2.6112 1.4517e+01
 15  2.5598    4.5-                          1.9999e+01                       4.5000e-13
                        4  1.6896     0.1597               0.8702 3.1927e+00
                        1  1.2240     0.4201               1.3358 8.3997e+00
                        0  0.0000     0.4203               2.5598 8.4001e+00
 14  2.5241    6.5-                          4.7954e+01                       2.6000e-13
                        4  1.6896     1.0000               0.8345 4.7941e+01
 13  2.5140    3.5+                          1.3229e+01
                        0  0.0000     0.1429               2.5140 1.8899e+00
                        1  1.2240     0.1429               1.2900 1.8899e+00
                        6  1.8974     0.1429               0.6166 1.8899e+00
                        7  1.9195     0.1429               0.5945 1.8899e+00
                        9  2.1331     0.1429               0.3809 1.8899e+00
                       10  2.3114     0.1429               0.2026 1.8899e+00
                       12  2.4861     0.1429               0.0279 1.8899e+00
 12  2.4861    4.5-                          3.7390e+01                       5.9000e-14
                        6  1.8974     0.1111               0.5887 4.1515e+00
                        4  1.6896     0.1176               0.7965 4.3961e+00
                        1  1.2240     0.1176               1.2621 4.3969e+00
                        0  0.0000     0.6537               2.4861 2.4427e+01
 11  2.4790    5.5+                          2.4269e+01
                        1  1.2240     0.5000               1.2550 1.2135e+01
                        4  1.6896     0.5000               0.7894 1.2135e+01
 10  2.3114    3.5-                          2.3581e+01                       2.1000e-13
                        2  1.3777     0.0979               0.9337 2.3082e+00
                        1  1.2240     0.6993               1.0874 1.6488e+01
                        0  0.0000     0.2028               2.3114 4.7801e+00
  9  2.1331    2.5-                          1.8113e+01                       3.4000e-13
                        3  1.5048     0.0331               0.6282 5.9855e-01
                        2  1.3777     0.1405               0.7554 2.5441e+00
                        0  0.0000     0.8264               2.1331 1.4963e+01
  8  2.1330    1.5+                          9.4439e+00
                        2  1.3777     0.2500               0.7553 2.3610e+00
                        3  1.5048     0.2500               0.6282 2.3610e+00
                        5  1.7576     0.2500               0.3754 2.3610e+00
                        7  1.9195     0.2500               0.2135 2.3610e+00
  7  1.9195    2.5-                          2.5591e+01                       2.2000e-14
                        5  1.7576     0.0020               0.1619 5.1040e-02
                        2  1.3777     0.0003               0.5418 7.6576e-03
                        1  1.2240     0.0001               0.6955 2.5523e-03
                        0  0.0000     0.9976               1.9195 2.5523e+01
  6  1.8974    3.5-                          3.7377e+01                       1.1000e-13
                        1  1.2240     0.5348               0.6734 1.9981e+01
                        0  0.0000     0.4652               1.8974 1.7383e+01
  5  1.7576    1.5-                          2.6721e+01                       2.7000e-13
                        3  1.5048     0.0050               0.2528 1.3159e-01
                        2  1.3777     0.0099               0.3799 2.6318e-01
                        0  0.0000     0.9852               1.7576 2.6318e+01
  4  1.6896    5.5-                          1.3495e+02                       2.4000e-13
                        1  1.2240     0.5407               0.4656 7.2901e+01
                        0  0.0000     0.4593               1.6896 6.1967e+01
  3  1.5048    0.5-                          1.1999e+01                       2.1000e-10
                        2  1.3777     1.0000               0.1272 1.1739e+01
  2  1.3777    1.5-                          5.1395e+01                       1.9000e-11
                        0  0.0000     1.0000               1.3777 5.1387e+01
  1  1.2240    4.5-                          2.1504e+02                       5.4000e-14
                        0  0.0000     1.0000               1.2240 2.1502e+02
  0  0.0000    3.5-                          6.0070e+02                       2.3480e+07
#......................................................................../  026-057Fe //  16.000000
#                                                                          SUM SPECTRA FOR COMPOUND
#            026-057Fe      gamma    neutron     proton      alpha
 SpcSum[mb]            1.0735e+03 1.5010e+01 1.9424e-09 4.2154e-08
 Emean[MeV]            1.4798e+00 6.1274e-01 1.1893e+00 3.6017e+00
#......................................................................../  026-057Fe //  16.000000
#                                                                   GAMMAS FROM DISCRETE TRANSITION
#           1 1 0 0 0 0             026-057Fe
#   Ex[MeV]     Jpi    FinalState  Branching Production    Egamma Production   T(1/2)[s]
 29  2.5994    1.5+                          2.9667e+00
                        2  0.1365     0.6993               2.4629 2.0727e+00
                        0  0.0000     0.3007               2.5994 8.9117e-01
 28  2.5936    1.5-                          2.7087e+00                       3.7000e-14
                        5  1.0071     0.4100               1.5865 1.1103e+00
                        4  0.7064     0.5000               1.8872 1.3539e+00
                        0  0.0000     0.0900               2.5936 2.4372e-01
 27  2.5745    0.5-                          1.3240e+00                       1.8000e-14
                        3  0.3668     0.2753               2.2077 3.6433e-01
                        0  0.0000     0.7247               2.5745 9.5897e-01
 26  2.5642    1.5-                          2.7821e+00
                       11  1.7254     0.6369               0.8388 1.7715e+00
                        0  0.0000     0.3631               2.5642 1.0096e+00
 25  2.5053    2.5+                          5.3741e+00                       7.8000e-14
                       11  1.7254     0.0278               0.7799 1.4918e-01
                        4  0.7064     0.0555               1.7989 2.9835e-01
                        3  0.3668     0.5556               2.1385 2.9834e+00
                        2  0.1365     0.2611               2.3688 1.4021e+00
                        1  0.0144     0.1000               2.4909 5.3694e-01
 24  2.4560    3.5+                          8.7359e+00
                        2  0.1365     0.1000               2.3195 8.7359e-01
                        4  0.7064     0.1000               1.7496 8.7359e-01
                        5  1.0071     0.1000               1.4489 8.7359e-01
                        7  1.1978     0.1000               1.2582 8.7359e-01
                        9  1.3568     0.1000               1.0992 8.7359e-01
                       13  1.9897     0.1000               0.4663 8.7359e-01
                       15  2.1131     0.1000               0.3429 8.7359e-01
                       16  2.1186     0.1000               0.3374 8.7359e-01
                       17  2.2069     0.1000               0.2491 8.7359e-01
                       19  2.2202     0.1000               0.2358 8.7359e-01
 23  2.4556    4.5+                          1.3023e+01                       1.4000e-12
                        5  1.0071     1.0000               1.4484 1.3020e+01
 22  2.3580    1.5-                          3.3808e+00
                        6  1.1399     0.3333               1.2181 1.1269e+00
                       18  2.2177     0.3333               0.1403 1.1269e+00
                       20  2.3304     0.3333               0.0276 1.1269e+00
 21  2.3560    5.5-                          2.7419e+01                       6.0000e-14
                        7  1.1978     0.2908               1.1582 7.9723e+00
                        5  1.0071     0.7092               1.3488 1.9442e+01
 20  2.3304    1.5+                          5.0712e+00
                       10  1.6273     1.0000               0.7032 5.0703e+00
 19  2.2202    3.5-                          1.0562e+01                       3.0000e-13
                        3  0.3668     0.0490               1.8534 5.1749e-01
                        2  0.1365     0.4608               2.0837 4.8652e+00
                        1  0.0144     0.4902               2.2058 5.1752e+00
 18  2.2177    2.5+                          8.5503e+00
                        3  0.3668     0.2062               1.8509 1.7621e+00
                        2  0.1365     0.3453               2.0812 2.9503e+00
                        1  0.0144     0.4485               2.2032 3.8318e+00
 17  2.2069    2.5-                          7.3263e+00                       1.0000e-14
                        8  1.2655     0.0342               0.9414 2.5036e-01
                        5  1.0071     0.1794               1.1997 1.3142e+00
                        3  0.3668     0.0000               1.8401 0.0000e+00
                        1  0.0144     0.4274               2.1925 3.1300e+00
                        0  0.0000     0.3590               2.2069 2.6290e+00
 16  2.1186    2.5-                          7.9105e+00                       4.6000e-14
                        5  1.0071     0.1465               1.1115 1.1587e+00
                        4  0.7064     0.5050               1.4122 3.9943e+00
                        1  0.0144     0.3485               2.1042 2.7558e+00
 15  2.1131    2.5-                          7.9499e+00
                        8  1.2655     0.2126               0.8476 1.6896e+00
                        0  0.0000     0.7874               2.1131 6.2572e+00
 14  1.9910    0.5-                          2.3315e+00
                        6  1.1399     1.0000               0.8511 2.3315e+00
 13  1.9897    4.5-                          1.9358e+01                       1.8000e-13
                        7  1.1978     0.2705               0.7918 5.2347e+00
                        5  1.0071     0.3197               0.9825 6.1874e+00
                        4  0.7064     0.4098               1.2832 7.9317e+00
 12  1.9766    0.5-                          2.3646e+00
                       11  1.7254     0.1690               0.2513 3.9605e-01
                        2  0.1365     0.6702               1.8402 1.5843e+00
                        0  0.0000     0.1608               1.9766 3.8011e-01
 11  1.7254    1.5-                          8.6497e+00                       3.1000e-14
                        8  1.2655     0.0033               0.4599 2.8360e-02
                        4  0.7064     0.1885               1.0190 1.6302e+00
                        3  0.3668     0.0977               1.3586 8.4480e-01
                        1  0.0144     0.0273               1.7110 2.3635e-01
                        0  0.0000     0.6832               1.7254 5.9083e+00
 10  1.6273    1.5-                          1.2057e+01                       5.6000e-14
                        4  0.7064     0.0860               0.9208 1.0364e+00
                        3  0.3668     0.2805               1.2605 3.3815e+00
                        1  0.0144     0.6098               1.6128 7.3509e+00
                        0  0.0000     0.0238               1.6273 2.8665e-01
  9  1.3568    3.5-                          2.5542e+01                       1.8000e-13
                        4  0.7064     0.5466               0.6504 1.3953e+01
                        3  0.3668     0.2349               0.9901 5.9992e+00
                        1  0.0144     0.2185               1.3424 5.5807e+00
  8  1.2655    0.5-                          6.7888e+00                       8.2000e-14
                        3  0.3668     0.9302               0.8988 6.3138e+00
                        1  0.0144     0.0447               1.2511 3.0309e-01
                        0  0.0000     0.0251               1.2655 1.7045e-01
  7  1.1978    4.5-                          6.6072e+01                       2.9000e-12
                        2  0.1365     1.0000               1.0613 6.6061e+01
  6  1.1399    1.5+                          1.9718e+01
                        0  0.0000     0.2000               1.1399 3.9436e+00
                        1  0.0144     0.2000               1.1255 3.9436e+00
                        2  0.1365     0.2000               1.0034 3.9436e+00
                        3  0.3668     0.2000               0.7731 3.9436e+00
                        4  0.7064     0.2000               0.4335 3.9436e+00
  5  1.0071    3.5-                          8.1436e+01                       1.3000e-13
                        3  0.3668     0.0301               0.6404 2.4480e+00
                        2  0.1365     0.6398               0.8707 5.2092e+01
                        1  0.0144     0.3301               0.9927 2.6877e+01
  4  0.7064    2.5-                          6.5452e+01                       4.1000e-12
                        3  0.3668     0.0144               0.3397 9.3959e-01
                        2  0.1365     0.0929               0.5699 6.0784e+00
                        1  0.0144     0.8446               0.6920 5.5257e+01
                        0  0.0000     0.0481               0.7064 3.1498e+00
  3  0.3668    1.5-                          5.4696e+01                       1.0500e-11
                        2  0.1365     0.0727               0.2303 3.9584e+00
                        1  0.0144     0.7878               0.3523 4.3026e+01
                        0  0.0000     0.1395               0.3668 7.6167e+00
  2  0.1365    2.5-                          2.0887e+02                       8.7000e-09
                        1  0.0144     0.8824               0.1221 1.7999e+02
                        0  0.0000     0.1176               0.1365 2.1603e+01
  1  0.0144    1.5-                          3.8390e+02                       9.8300e-08
                        0  0.0000     1.0000               0.0144 4.0157e+01
  0  0.0000    0.5-                          4.6080e+02
#......................................................................../  026-057Fe //  16.000000
#                                                                          SUM SPECTRA FOR COMPOUND
#            025-054Mn      gamma    neutron     proton      alpha   deuteron
 SpcSum[mb]            2.0601e+02 5.3435e-05 6.4428e-06 7.1223e-20 0.0000e+00
 Emean[MeV]            9.0806e-01 1.7993e-01 1.2840e+00 2.0845e+00 0.0000e+00
#......................................................................../  026-057Fe //  16.000000
#                                                                   GAMMAS FROM DISCRETE TRANSITION
#           1 0 1 0 0 0             025-054Mn
#   Ex[MeV]     Jpi    FinalState  Branching Production    Egamma Production   T(1/2)[s]
 33  2.3545    2.0+                          4.9460e-01                       9.0000e-15
                        6  1.0096     0.0000               1.3449 0.0000e+00
                        2  0.1563     0.6370               2.1982 3.1490e-01
                        1  0.0549     0.2420               2.2997 1.1965e-01
                        0  0.0000     0.1210               2.3545 5.9824e-02
 32  2.3200    5.0+                          1.3656e+00
                        3  0.3683     1.0000               1.9517 1.3656e+00
 31  2.2916    2.0+                          5.2891e-01                       1.2000e-14
                        2  0.1563     0.5102               2.1353 2.6974e-01
                        1  0.0549     0.2602               2.2367 1.3756e-01
                        0  0.0000     0.2296               2.2916 1.2138e-01
 30  2.2800    5.0+                          1.4185e+00
                        3  0.3683     1.0000               1.9117 1.4185e+00
 29  2.2676    2.0+                          5.4273e-01                       1.2500e-14
                       11  1.4544     0.0800               0.8132 4.3403e-02
                        4  0.4076     0.3600               1.8600 1.9533e-01
                        1  0.0549     0.4000               2.2127 2.1701e-01
                        0  0.0000     0.1600               2.2676 8.6799e-02
 28  2.2340    4.0+                          1.1389e+00
                        2  0.1563     1.0000               2.0777 1.1389e+00
 27  2.1361    1.0+                          3.6727e-01                       7.0000e-14
                        1  0.0549     0.6579               2.0813 2.4154e-01
                        0  0.0000     0.3421               2.1361 1.2559e-01
 26  2.1339    1.0+                          3.6823e-01                       2.4000e-14
                       11  1.4544     0.0661               0.6795 2.4339e-02
                       10  1.3910     0.0496               0.7429 1.8252e-02
                        9  1.3750     0.0579               0.7589 2.1296e-02
                        1  0.0549     0.8264               2.0790 3.0421e-01
 25  2.1130    4.0+                          1.2866e+00                       1.1000e-14
                        4  0.4076     0.8928               1.7054 1.1484e+00
                        0  0.0000     0.1072               2.1130 1.3787e-01
 24  2.1098    1.0+                          3.7859e-01                       4.1600e-13
                       10  1.3910     0.5988               0.7188 2.2662e-01
                        1  0.0549     0.4012               2.0549 1.5184e-01
 23  2.0560    2.0+                          6.8723e-01
                        1  0.0549     1.0000               2.0011 6.8723e-01
 22  1.9253    7.0+                          3.4803e+00                       7.3000e-13
                        7  1.0733     0.9434               0.8520 3.2826e+00
                        3  0.3683     0.0566               1.5570 1.9695e-01
 21  1.9223    1.0+                          4.7514e-01                       2.9000e-14
                       10  1.3910     0.0400               0.5313 1.9000e-02
                        9  1.3750     0.0298               0.5473 1.4141e-02
                        1  0.0549     0.9302               1.8674 4.4185e-01
 20  1.8530    3.0+                          1.2343e+00                       9.5000e-14
                       13  1.5084     0.3794               0.3446 4.6694e-01
                        9  1.3750     0.0606               0.4780 7.4704e-02
                        2  0.1563     0.2195               1.6967 2.7085e-01
                        1  0.0549     0.3406               1.7981 4.2026e-01
 19  1.7845    1.0+                          5.6355e-01                       1.6000e-14
                        6  1.0096     0.0798               0.7749 4.4955e-02
                        4  0.4076     0.3564               1.3769 2.0082e-01
                        1  0.0549     0.0319               1.7296 1.7979e-02
                        0  0.0000     0.5319               1.7845 2.9967e-01
 18  1.7834    7.0+                          4.2951e+00                       7.7000e-13
                        7  1.0733     0.0403               0.7101 1.7311e-01
                        3  0.3683     0.9597               1.4151 4.1213e+00
 17  1.6790    0.0+                          2.2014e-01
                       10  1.3910     1.0000               0.2880 2.2014e-01
 16  1.6511    1.0+                          6.6973e-01                       3.3000e-13
                        1  0.0549     1.0000               1.5962 6.6962e-01
 15  1.6342    2.0+                          1.1122e+00                       1.5000e-14
                        4  0.4076     0.4118               1.2267 4.5792e-01
                        2  0.1563     0.0980               1.4779 1.0902e-01
                        1  0.0549     0.4902               1.5793 5.4507e-01
 14  1.5440    2.0+                          1.2353e+00                       1.3000e-14
                        0  0.0000     1.0000               1.5440 1.2351e+00
 13  1.5084    2.0+                          1.7550e+00                       1.2000e-13
                        5  0.8389     0.0806               0.6695 1.4133e-01
                        1  0.0549     0.2483               1.4535 4.3572e-01
                        0  0.0000     0.6711               1.5084 1.1776e+00
 12  1.4608    4.0+                          2.4945e+00                       2.8000e-13
                        7  1.0733     1.0000               0.3875 2.4871e+00
 11  1.4544    1.0+                          9.3599e-01                       8.0000e-11
                        1  0.0549     0.9497               1.3995 8.8878e-01
                        0  0.0000     0.0503               1.4544 4.7100e-02
 10  1.3910    1.0+                          1.4282e+00                       3.8000e-13
                        1  0.0549     1.0000               1.3361 1.4281e+00
  9  1.3750    3.0+                          2.1578e+00                       1.1200e-14
                        4  0.4076     0.2013               0.9674 4.3430e-01
                        1  0.0549     0.1698               1.3201 3.6635e-01
                        0  0.0000     0.6289               1.3750 1.3569e+00
  8  1.1367    5.0+                          4.4501e+00                       6.0000e-13
                        5  0.8389     0.0709               0.2978 3.1394e-01
                        3  0.3683     0.5881               0.7685 2.6164e+00
                        2  0.1563     0.3410               0.9804 1.5172e+00
  7  1.0733    6.0+                          1.2887e+01                       2.2000e-10
                        3  0.3683     0.9900               0.7050 1.2754e+01
                        2  0.1563     0.0100               0.9170 1.2881e-01
  6  1.0096    3.0+                          3.0693e+00                       4.4000e-14
                        2  0.1563     0.4414               0.8533 1.3545e+00
                        1  0.0549     0.5586               0.9547 1.7142e+00
  5  0.8389    4.0+                          5.1552e+00                       4.1000e-13
                        3  0.3683     0.3613               0.4706 1.8613e+00
                        2  0.1563     0.0997               0.6826 5.1391e-01
                        0  0.0000     0.5390               0.8389 2.7779e+00
  4  0.4076    3.0+                          8.2039e+00                       1.8000e-12
                        2  0.1563     0.6223               0.2513 5.0903e+00
                        1  0.0549     0.0920               0.3527 7.5339e-01
                        0  0.0000     0.2857               0.4076 2.3417e+00
  3  0.3683    5.0+                          3.4640e+01                       6.9000e-12
                        2  0.1563     0.9911               0.2120 3.4176e+01
                        0  0.0000     0.0089               0.3683 3.0759e-01
  2  0.1563    4.0+                          5.5076e+01                       1.8600e-10
                        0  0.0000     1.0000               0.1563 5.4542e+01
  1  0.0549    2.0+                          1.6862e+01                       4.9000e-11
                        0  0.0000     1.0000               0.0549 1.3917e+01
  0  0.0000    3.0+                          9.1572e+01                       2.6960e+07
#......................................................................../  026-057Fe //  16.000000
#                                                                          SUM SPECTRA FOR COMPOUND
#            026-056Fe      gamma      alpha
 SpcSum[mb]            1.1134e+01 0.0000e+00
 Emean[MeV]            1.0344e+00 0.0000e+00
#......................................................................../  026-057Fe //  16.000000
#                                                                   GAMMAS FROM DISCRETE TRANSITION
#           1 0 0 1 0 0             026-056Fe
#   Ex[MeV]     Jpi    FinalState  Branching Production    Egamma Production   T(1/2)[s]
 76  5.3078    5.0-                          3.7392e-04
                       24  4.2981     0.3333               1.0097 1.2464e-04
                        9  3.3885     0.3333               1.9193 1.2464e-04
                        2  2.0851     0.3333               3.2227 1.2464e-04
 75  5.3029    4.0+                          1.9175e-04                       2.8000e-14
                       33  4.5395     0.1106               0.7634 2.1200e-05
                       24  4.2981     0.0711               1.0048 1.3634e-05
                        9  3.3885     0.1580               1.9144 3.0289e-05
                        7  3.1230     0.1067               2.1800 2.0453e-05
                        2  2.0851     0.3953               3.2178 7.5741e-05
                        1  0.8468     0.1582               4.4562 3.0297e-05
 74  5.2960    0.0+                          1.8644e-05
                       17  3.7596     0.5000               1.5364 9.3218e-06
                       30  4.4477     0.5000               0.8483 9.3218e-06
 73  5.2839    4.0-                          3.1644e-04
                        2  2.0851     0.0476               3.1988 1.5069e-05
                        7  3.1230     0.0476               2.1609 1.5069e-05
                       10  3.4453     0.0476               1.8386 1.5069e-05
                       19  3.8565     0.0476               1.4274 1.5069e-05
                       20  4.0489     0.0476               1.2350 1.5069e-05
                       22  4.1004     0.0476               1.1835 1.5069e-05
                       23  4.1199     0.0476               1.1640 1.5069e-05
                       24  4.2981     0.0476               0.9858 1.5069e-05
                       28  4.3949     0.0476               0.8890 1.5069e-05
                       31  4.4585     0.0476               0.8254 1.5069e-05
                       34  4.5548     0.0476               0.7291 1.5069e-05
                       36  4.6108     0.0476               0.6731 1.5069e-05
                       40  4.6830     0.0476               0.6009 1.5069e-05
                       41  4.6923     0.0476               0.5916 1.5069e-05
                       48  4.8127     0.0476               0.4712 1.5069e-05
                       57  5.0330     0.0476               0.2509 1.5069e-05
                       58  5.0385     0.0476               0.2454 1.5069e-05
                       59  5.0559     0.0476               0.2280 1.5069e-05
                       68  5.2326     0.0476               0.0513 1.5069e-05
                       69  5.2359     0.0476               0.0480 1.5069e-05
                       70  5.2490     0.0476               0.0349 1.5069e-05
 72  5.2569    2.0+                          1.1007e-04                       2.0000e-14
                        1  0.8468     0.4999               4.4101 5.4954e-05
                        0  0.0000     0.5001               5.2569 5.4959e-05
 71  5.2557    8.0+                          8.4260e-04                       3.5000e-13
                       16  3.7556     0.2805               1.5001 2.3631e-04
                        9  3.3885     0.7195               1.8672 6.0607e-04
 70  5.2490    4.0+                          2.6625e-04
                       27  4.3681     0.1667               0.8809 4.4375e-05
                       32  4.5096     0.1667               0.7394 4.4375e-05
                       37  4.6200     0.1667               0.6290 4.4375e-05
                       47  4.8020     0.1667               0.4470 4.4375e-05
                       53  4.8817     0.1667               0.3673 4.4375e-05
                       60  5.1221     0.1667               0.1269 4.4375e-05
 69  5.2359    4.0+                          2.7943e-04                       1.0400e-13
                       41  4.6923     0.0590               0.5436 1.6484e-05
                       31  4.4585     0.0798               0.7774 2.2305e-05
                       24  4.2981     0.0555               0.9378 1.5516e-05
                       22  4.1004     0.1180               1.1355 3.2968e-05
                       20  4.0489     0.0208               1.1870 5.8197e-06
                       16  3.7556     0.0174               1.4803 4.8501e-06
                       10  3.4453     0.0590               1.7905 1.6485e-05
                        9  3.3885     0.1146               1.8473 3.2013e-05
                        5  2.9600     0.0417               2.2759 1.1638e-05
                        3  2.6576     0.0868               2.5783 2.4245e-05
                        2  2.0851     0.3473               3.1508 9.6967e-05
 68  5.2326    3.0+                          1.9713e-04                       8.0000e-15
                       22  4.1004     0.0478               1.1322 9.4279e-06
                       20  4.0489     0.1542               1.1837 3.0389e-05
                       11  3.4484     0.0319               1.7842 6.2858e-06
                       10  3.4453     0.1489               1.7872 2.9341e-05
                        2  2.0851     0.0851               3.1475 1.6761e-05
                        1  0.8468     0.5321               4.3858 1.0476e-04
 67  5.2273    1.0+                          7.3438e-05                       1.2300e-14
                        0  0.0000     1.0000               5.2273 7.3333e-05
 66  5.2190    0.0-                          3.5988e-05
                        6  3.1201     0.1667               2.0989 5.9981e-06
                       11  3.4484     0.1667               1.7706 5.9981e-06
                       46  4.7841     0.1667               0.4349 5.9981e-06
                       51  4.8665     0.1667               0.3525 5.9981e-06
                       54  4.8871     0.1667               0.3319 5.9981e-06
                       55  5.0235     0.1667               0.1955 5.9981e-06
 65  5.1948    2.0+                          1.4937e-04
                       14  3.6102     0.0898               1.5846 1.3409e-05
                        6  3.1201     0.0898               2.0747 1.3410e-05
                        4  2.9415     0.1796               2.2533 2.6814e-05
                        3  2.6576     0.2500               2.5372 3.7322e-05
                        1  0.8468     0.3908               4.3480 5.8302e-05
 64  5.1868    2.0+                          1.5578e-04
                       20  4.0489     0.5000               1.1379 7.7889e-05
                        2  2.0851     0.5000               3.1017 7.7889e-05
 63  5.1843    8.0+                          1.2336e-03
                       16  3.7556     1.0000               1.4287 1.2334e-03
 62  5.1495    2.0+                          1.8165e-04
                        7  3.1230     0.2125               2.0266 3.8585e-05
                        2  2.0851     0.7875               3.0644 1.4293e-04
 61  5.1317    2.0+                          1.9365e-04                       7.3000e-14
                       31  4.4585     0.1191               0.6731 2.3050e-05
                       20  4.0489     0.0912               1.0828 1.7665e-05
                       10  3.4453     0.3967               1.6863 7.6802e-05
                        7  3.1230     0.2381               2.0087 4.6090e-05
                        1  0.8468     0.1549               4.2849 2.9959e-05
 60  5.1221    5.0-                          1.0416e-03
                        2  2.0851     1.0000               3.0370 1.0403e-03
 59  5.0559    4.0+                          6.3917e-04                       6.6000e-14
                       24  4.2981     0.5951               0.7578 3.8024e-04
                        2  2.0851     0.4049               2.9708 2.5861e-04
 58  5.0385    4.0+                          6.7997e-04                       7.8000e-14
                        7  3.1230     1.0000               1.9155 6.7977e-04
 57  5.0330    4.0+                          6.9290e-04                       1.0000e-14
                       16  3.7556     0.1674               1.2774 1.1598e-04
                        9  3.3885     0.0890               1.6445 6.1630e-05
                        2  2.0851     0.5236               2.9479 3.6255e-04
                        1  0.8468     0.2200               4.1862 1.5225e-04
 56  5.0267    2.0-                          4.3674e-04
                        1  0.8468     0.0333               4.1799 1.4558e-05
                        3  2.6576     0.0333               2.3691 1.4558e-05
                        5  2.9600     0.0333               2.0667 1.4558e-05
                        6  3.1201     0.0333               1.9066 1.4558e-05
                        8  3.3699     0.0333               1.6568 1.4558e-05
                       10  3.4453     0.0333               1.5814 1.4558e-05
                       11  3.4484     0.0333               1.5783 1.4558e-05
                       12  3.6002     0.0333               1.4265 1.4558e-05
                       13  3.6057     0.0333               1.4210 1.4558e-05
                       15  3.7441     0.0333               1.2826 1.4558e-05
                       18  3.8298     0.0333               1.1969 1.4558e-05
                       19  3.8565     0.0333               1.1702 1.4558e-05
                       20  4.0489     0.0333               0.9778 1.4558e-05
                       21  4.0859     0.0333               0.9408 1.4558e-05
                       23  4.1199     0.0333               0.9068 1.4558e-05
                       26  4.3200     0.0333               0.7067 1.4558e-05
                       28  4.3949     0.0333               0.6318 1.4558e-05
                       29  4.4013     0.0333               0.6254 1.4558e-05
                       33  4.5395     0.0333               0.4872 1.4558e-05
                       35  4.6086     0.0333               0.4181 1.4558e-05
                       38  4.6583     0.0333               0.3684 1.4558e-05
                       40  4.6830     0.0333               0.3437 1.4558e-05
                       43  4.7281     0.0333               0.2986 1.4558e-05
                       45  4.7373     0.0333               0.2894 1.4558e-05
                       46  4.7841     0.0333               0.2426 1.4558e-05
                       50  4.8479     0.0333               0.1788 1.4558e-05
                       51  4.8665     0.0333               0.1602 1.4558e-05
                       52  4.8780     0.0333               0.1487 1.4558e-05
                       54  4.8871     0.0333               0.1396 1.4558e-05
                       55  5.0235     0.0333               0.0032 1.4558e-05
 55  5.0235    1.0+                          2.0524e-04                       6.0000e-15
                       23  4.1199     0.0294               0.9036 6.0290e-06
                       18  3.8298     0.0000               1.1937 0.0000e+00
                       11  3.4484     0.2361               1.5751 4.8453e-05
                        8  3.3699     0.2454               1.6535 5.0361e-05
                        6  3.1201     0.0099               1.9034 2.0222e-06
                        5  2.9600     0.3719               2.0635 7.6309e-05
                        3  2.6576     0.0079               2.3659 1.6179e-06
                        1  0.8468     0.0264               4.1767 5.4186e-06
                        0  0.0000     0.0730               5.0235 1.4957e-05
 54  4.8871    1.0+                          3.5851e-04
                       18  3.8298     1.0000               1.0573 3.5845e-04
 53  4.8817    4.0-                          2.1561e-03
                        2  2.0851     0.0667               2.7966 1.4374e-04
                        7  3.1230     0.0667               1.7587 1.4374e-04
                       10  3.4453     0.0667               1.4364 1.4374e-04
                       19  3.8565     0.0667               1.0252 1.4374e-04
                       20  4.0489     0.0667               0.8328 1.4374e-04
                       22  4.1004     0.0667               0.7813 1.4374e-04
                       23  4.1199     0.0667               0.7618 1.4374e-04
                       24  4.2981     0.0667               0.5836 1.4374e-04
                       28  4.3949     0.0667               0.4868 1.4374e-04
                       31  4.4585     0.0667               0.4232 1.4374e-04
                       34  4.5548     0.0667               0.3269 1.4374e-04
                       36  4.6108     0.0667               0.2709 1.4374e-04
                       40  4.6830     0.0667               0.1987 1.4374e-04
                       41  4.6923     0.0667               0.1894 1.4374e-04
                       48  4.8127     0.0667               0.0690 1.4374e-04
 52  4.8780    2.0+                          6.0436e-04
                        5  2.9600     0.1958               1.9180 1.1830e-04
                        2  2.0851     0.2736               2.7929 1.6523e-04
                        1  0.8468     0.3379               4.0312 2.0398e-04
                        0  0.0000     0.1927               4.8780 1.1629e-04
 51  4.8665    1.0+                          3.8572e-04                       9.7000e-15
                       12  3.6002     0.0051               1.2663 1.9719e-06
                       11  3.4484     0.0818               1.4181 3.1548e-05
                       10  3.4453     0.0092               1.4212 3.5492e-06
                        8  3.3699     0.0399               1.4966 1.5380e-05
                        6  3.1201     0.0112               1.7464 4.3383e-06
                        5  2.9600     0.2807               1.9065 1.0824e-04
                        3  2.6576     0.0307               2.2089 1.1829e-05
                        2  2.0851     0.0040               2.7814 1.5381e-06
                        1  0.8468     0.5118               4.0197 1.9719e-04
                        0  0.0000     0.0256               4.8665 9.8574e-06
 50  4.8479    2.0+                          6.6886e-04                       6.4000e-14
                        3  2.6576     0.3333               2.1903 2.2295e-04
                        2  2.0851     0.3333               2.7628 2.2295e-04
                        0  0.0000     0.3333               4.8479 2.2295e-04
 49  4.8200    2.0-                          1.0335e-03
                        1  0.8468     0.0400               3.9732 4.1341e-05
                        3  2.6576     0.0400               2.1624 4.1341e-05
                        5  2.9600     0.0400               1.8600 4.1341e-05
                        6  3.1201     0.0400               1.6999 4.1341e-05
                        8  3.3699     0.0400               1.4501 4.1341e-05
                       10  3.4453     0.0400               1.3747 4.1341e-05
                       11  3.4484     0.0400               1.3716 4.1341e-05
                       12  3.6002     0.0400               1.2198 4.1341e-05
                       13  3.6057     0.0400               1.2143 4.1341e-05
                       15  3.7441     0.0400               1.0759 4.1341e-05
                       18  3.8298     0.0400               0.9902 4.1341e-05
                       19  3.8565     0.0400               0.9635 4.1341e-05
                       20  4.0489     0.0400               0.7711 4.1341e-05
                       21  4.0859     0.0400               0.7341 4.1341e-05
                       23  4.1199     0.0400               0.7001 4.1341e-05
                       26  4.3200     0.0400               0.5000 4.1341e-05
                       28  4.3949     0.0400               0.4251 4.1341e-05
                       29  4.4013     0.0400               0.4187 4.1341e-05
                       33  4.5395     0.0400               0.2805 4.1341e-05
                       35  4.6086     0.0400               0.2114 4.1341e-05
                       38  4.6583     0.0400               0.1617 4.1341e-05
                       40  4.6830     0.0400               0.1370 4.1341e-05
                       43  4.7281     0.0400               0.0919 4.1341e-05
                       45  4.7373     0.0400               0.0827 4.1341e-05
                       46  4.7841     0.0400               0.0359 4.1341e-05
 48  4.8127    4.0+                          1.8425e-03
                       23  4.1199     0.3333               0.6927 6.1417e-04
                       16  3.7556     0.3333               1.0571 6.1417e-04
                       10  3.4453     0.3333               1.3673 6.1417e-04
 47  4.8020    3.0-                          1.7756e-03
                        1  0.8468     0.0333               3.9552 5.9186e-05
                        2  2.0851     0.0333               2.7169 5.9186e-05
                        3  2.6576     0.0333               2.1444 5.9186e-05
                        5  2.9600     0.0333               1.8420 5.9186e-05
                        7  3.1230     0.0333               1.6790 5.9186e-05
                        8  3.3699     0.0333               1.4320 5.9186e-05
                       10  3.4453     0.0333               1.3567 5.9186e-05
                       12  3.6002     0.0333               1.2018 5.9186e-05
                       13  3.6057     0.0333               1.1963 5.9186e-05
                       15  3.7441     0.0333               1.0579 5.9186e-05
                       18  3.8298     0.0333               0.9722 5.9186e-05
                       19  3.8565     0.0333               0.9455 5.9186e-05
                       20  4.0489     0.0333               0.7531 5.9186e-05
                       21  4.0859     0.0333               0.7161 5.9186e-05
                       22  4.1004     0.0333               0.7016 5.9186e-05
                       23  4.1199     0.0333               0.6821 5.9186e-05
                       24  4.2981     0.0333               0.5039 5.9186e-05
                       26  4.3200     0.0333               0.4820 5.9186e-05
                       28  4.3949     0.0333               0.4071 5.9186e-05
                       29  4.4013     0.0333               0.4007 5.9186e-05
                       31  4.4585     0.0333               0.3435 5.9186e-05
                       33  4.5395     0.0333               0.2625 5.9186e-05
                       34  4.5548     0.0333               0.2472 5.9186e-05
                       35  4.6086     0.0333               0.1934 5.9186e-05
                       36  4.6108     0.0333               0.1912 5.9186e-05
                       38  4.6583     0.0333               0.1437 5.9186e-05
                       40  4.6830     0.0333               0.1190 5.9186e-05
                       41  4.6923     0.0333               0.1097 5.9186e-05
                       43  4.7281     0.0333               0.0739 5.9186e-05
                       45  4.7373     0.0333               0.0647 5.9186e-05
 46  4.7841    1.0+                          5.6762e-04
                        6  3.1201     0.1008               1.6640 5.7205e-05
                        1  0.8468     0.4587               3.9373 2.6008e-04
                        0  0.0000     0.4405               4.7841 2.4971e-04
 45  4.7373    2.0+                          1.1086e-03                       3.2000e-14
                       23  4.1199     0.0857               0.6174 9.4961e-05
                        6  3.1201     0.1190               1.6172 1.3190e-04
                        3  2.6576     0.4761               2.0797 5.2760e-04
                        1  0.8468     0.1286               3.8906 1.4241e-04
                        0  0.0000     0.1906               4.7373 2.1099e-04
 44  4.7300    0.0+                          2.0291e-04
                        1  0.8468     1.0000               3.8832 2.0268e-04
 43  4.7281    2.0+                          1.1361e-03                       6.3000e-14
                        1  0.8468     0.9009               3.8814 1.0223e-03
                        0  0.0000     0.0991               4.7281 1.1246e-04
 42  4.7006    7.0+                          8.2838e-03                       8.3000e-14
                       16  3.7556     0.1597               0.9451 1.3227e-03
                        9  3.3885     0.8403               1.3121 6.9600e-03
 41  4.6923    4.0+                          3.0225e-03                       3.3000e-14
                       16  3.7556     0.1179               0.9367 3.5629e-04
                       15  3.7441     0.0142               0.9482 4.2762e-05
                        7  3.1230     0.0755               1.5693 2.2802e-04
                        3  2.6576     0.2405               2.0347 7.2669e-04
                        2  2.0851     0.4717               2.6072 1.4250e-03
                        1  0.8468     0.0802               3.8455 2.4227e-04
 40  4.6830    3.0+                          2.1940e-03                       6.6000e-14
                        8  3.3699     0.1927               1.3131 4.2271e-04
                        7  3.1230     0.0963               1.5601 2.1133e-04
                        5  2.9600     0.0000               1.7231 0.0000e+00
                        2  2.0851     0.3092               2.5979 6.7798e-04
                        1  0.8468     0.4018               3.8363 8.8057e-04
 39  4.6734    2.0-                          1.9482e-03
                        1  0.8468     0.0476               3.8266 9.2769e-05
                        3  2.6576     0.0476               2.0158 9.2769e-05
                        5  2.9600     0.0476               1.7134 9.2769e-05
                        6  3.1201     0.0476               1.5533 9.2769e-05
                        8  3.3699     0.0476               1.3035 9.2769e-05
                       10  3.4453     0.0476               1.2281 9.2769e-05
                       11  3.4484     0.0476               1.2250 9.2769e-05
                       12  3.6002     0.0476               1.0732 9.2769e-05
                       13  3.6057     0.0476               1.0677 9.2769e-05
                       15  3.7441     0.0476               0.9293 9.2769e-05
                       18  3.8298     0.0476               0.8436 9.2769e-05
                       19  3.8565     0.0476               0.8169 9.2769e-05
                       20  4.0489     0.0476               0.6245 9.2769e-05
                       21  4.0859     0.0476               0.5875 9.2769e-05
                       23  4.1199     0.0476               0.5535 9.2769e-05
                       26  4.3200     0.0476               0.3534 9.2769e-05
                       28  4.3949     0.0476               0.2785 9.2769e-05
                       29  4.4013     0.0476               0.2721 9.2769e-05
                       33  4.5395     0.0476               0.1339 9.2769e-05
                       35  4.6086     0.0476               0.0648 9.2769e-05
                       38  4.6583     0.0476               0.0151 9.2769e-05
 38  4.6583    2.0+                          1.5573e-03                       4.9000e-14
                       10  3.4453     0.0178               1.2129 2.7730e-05
                        8  3.3699     0.0178               1.2883 2.7730e-05
                        5  2.9600     0.0270               1.6983 4.2004e-05
                        3  2.6576     0.0178               2.0007 2.7725e-05
                        2  2.0851     0.5399               2.5732 8.4021e-04
                        1  0.8468     0.3619               3.8115 5.6295e-04
                        0  0.0000     0.0178               4.6583 2.7726e-05
 37  4.6200    3.0-                          3.4493e-03
                        1  0.8468     0.0400               3.7732 1.3797e-04
                        2  2.0851     0.0400               2.5349 1.3797e-04
                        3  2.6576     0.0400               1.9624 1.3797e-04
                        5  2.9600     0.0400               1.6600 1.3797e-04
                        7  3.1230     0.0400               1.4970 1.3797e-04
                        8  3.3699     0.0400               1.2501 1.3797e-04
                       10  3.4453     0.0400               1.1747 1.3797e-04
                       12  3.6002     0.0400               1.0198 1.3797e-04
                       13  3.6057     0.0400               1.0143 1.3797e-04
                       15  3.7441     0.0400               0.8759 1.3797e-04
                       18  3.8298     0.0400               0.7902 1.3797e-04
                       19  3.8565     0.0400               0.7635 1.3797e-04
                       20  4.0489     0.0400               0.5711 1.3797e-04
                       21  4.0859     0.0400               0.5341 1.3797e-04
                       22  4.1004     0.0400               0.5196 1.3797e-04
                       23  4.1199     0.0400               0.5001 1.3797e-04
                       24  4.2981     0.0400               0.3219 1.3797e-04
                       26  4.3200     0.0400               0.3000 1.3797e-04
                       28  4.3949     0.0400               0.2251 1.3797e-04
                       29  4.4013     0.0400               0.2187 1.3797e-04
                       31  4.4585     0.0400               0.1615 1.3797e-04
                       33  4.5395     0.0400               0.0805 1.3797e-04
                       34  4.5548     0.0400               0.0652 1.3797e-04
                       35  4.6086     0.0400               0.0114 1.3797e-04
                       36  4.6108     0.0400               0.0092 1.3797e-04
 36  4.6108    4.0+                          3.9889e-03                       2.7000e-14
                       19  3.8565     0.0262               0.7543 1.0451e-04
                       18  3.8298     0.1310               0.7811 5.2232e-04
                        5  2.9600     0.0561               1.6508 2.2392e-04
                        3  2.6576     0.1236               1.9532 4.9284e-04
                        2  2.0851     0.2884               2.5257 1.1497e-03
                        1  0.8468     0.3747               3.7640 1.4929e-03
 35  4.6086    2.0+                          1.9033e-03                       4.7000e-14
                        7  3.1230     0.1027               1.4856 1.9543e-04
                        4  2.9415     0.0540               1.6671 1.0281e-04
                        3  2.6576     0.0486               1.9510 9.2524e-05
                        2  2.0851     0.5405               2.5235 1.0281e-03
                        1  0.8468     0.2542               3.7618 4.8329e-04
 34  4.5548    4.0+                          4.9408e-03                       9.4000e-14
                       16  3.7556     0.0693               0.7992 3.4227e-04
                       15  3.7441     0.0495               0.8106 2.4448e-04
                       10  3.4453     0.0495               1.1094 2.4448e-04
                        9  3.3885     0.0792               1.1662 3.9120e-04
                        7  3.1230     0.1683               1.4318 8.3141e-04
                        3  2.6576     0.0544               1.8972 2.6894e-04
                        2  2.0851     0.4951               2.4697 2.4449e-03
                        1  0.8468     0.0347               3.7080 1.7116e-04
 33  4.5395    2.0+                          2.4023e-03                       2.5000e-14
                        5  2.9600     0.5700               1.5795 1.3691e-03
                        3  2.6576     0.2999               1.8819 7.2024e-04
                        0  0.0000     0.1301               4.5395 3.1211e-04
 32  4.5096    3.0-                          5.1406e-03                       8.3000e-14
                       16  3.7556     0.0673               0.7540 3.4574e-04
                       10  3.4453     0.0192               1.0642 9.8800e-05
                        8  3.3699     0.1249               1.1396 6.4204e-04
                        7  3.1230     0.0897               1.3866 4.6098e-04
                        3  2.6576     0.3204               1.8520 1.6462e-03
                        2  2.0851     0.0641               2.4245 3.2927e-04
                        1  0.8468     0.3143               3.6628 1.6133e-03
 31  4.4585    4.0+                          6.8346e-03                       2.6000e-14
                        7  3.1230     0.5854               1.3356 4.0003e-03
                        2  2.0851     0.3748               2.3734 2.5603e-03
                        1  0.8468     0.0398               3.6118 2.7200e-04
 30  4.4477    1.0-                          2.4942e-03
                        1  0.8468     1.0000               3.6009 2.4904e-03
 29  4.4013    2.0+                          3.6075e-03                       5.6000e-14
                       10  3.4453     0.2647               0.9559 9.5473e-04
                        8  3.3699     0.0115               1.0313 4.1516e-05
                        5  2.9600     0.0673               1.4413 2.4283e-04
                        4  2.9415     0.0443               1.4598 1.5983e-04
                        2  2.0851     0.0363               2.3162 1.3074e-04
                        1  0.8468     0.5759               3.5545 2.0756e-03
 28  4.3949    3.0+                          5.7575e-03                       3.5000e-14
                        7  3.1230     0.0933               1.2720 5.3716e-04
                        1  0.8468     0.9067               3.5482 5.2155e-03
 27  4.3681    3.0-                          9.0946e-03
                        1  0.8468     0.0556               3.5214 5.0525e-04
                        2  2.0851     0.0556               2.2830 5.0525e-04
                        3  2.6576     0.0556               1.7105 5.0525e-04
                        5  2.9600     0.0556               1.4082 5.0525e-04
                        7  3.1230     0.0556               1.2452 5.0525e-04
                        8  3.3699     0.0556               0.9982 5.0525e-04
                       10  3.4453     0.0556               0.9228 5.0525e-04
                       12  3.6002     0.0556               0.7679 5.0525e-04
                       13  3.6057     0.0556               0.7624 5.0525e-04
                       15  3.7441     0.0556               0.6240 5.0525e-04
                       18  3.8298     0.0556               0.5384 5.0525e-04
                       19  3.8565     0.0556               0.5116 5.0525e-04
                       20  4.0489     0.0556               0.3192 5.0525e-04
                       21  4.0859     0.0556               0.2822 5.0525e-04
                       22  4.1004     0.0556               0.2678 5.0525e-04
                       23  4.1199     0.0556               0.2482 5.0525e-04
                       24  4.2981     0.0556               0.0700 5.0525e-04
                       26  4.3200     0.0556               0.0481 5.0525e-04
 26  4.3200    2.0+                          5.0139e-03
                       17  3.7596     1.0000               0.5604 5.0139e-03
 25  4.3020    0.0+                          8.6907e-04
                        1  0.8468     1.0000               3.4552 8.6821e-04
 24  4.2981    4.0+                          1.2364e-02                       1.1000e-13
                       10  3.4453     0.0133               0.8527 1.6441e-04
                        7  3.1230     0.6098               1.1751 7.5393e-03
                        3  2.6576     0.0168               1.6405 2.0806e-04
                        2  2.0851     0.1043               2.2130 1.2891e-03
                        1  0.8468     0.2557               3.4513 3.1586e-03
 23  4.1199    3.0+                          1.3938e-02                       1.4000e-13
                       19  3.8565     0.0024               0.2634 3.2562e-05
                       10  3.4453     0.0035               0.6746 4.8843e-05
                        7  3.1230     0.0117               0.9970 1.6276e-04
                        5  2.9600     0.0089               1.1600 1.2374e-04
                        3  2.6576     0.0078               1.4623 1.0853e-04
                        2  2.0851     0.7790               2.0348 1.0854e-02
                        1  0.8468     0.1868               3.2732 2.6014e-03
 22  4.1004    4.0+                          2.1059e-02                       4.3000e-14
                       10  3.4453     0.0028               0.6550 5.8916e-05
                        7  3.1230     0.1122               0.9774 2.3625e-03
                        5  2.9600     0.0104               1.1404 2.1983e-04
                        3  2.6576     0.0142               1.4428 2.9984e-04
                        2  2.0851     0.2381               2.0153 5.0126e-03
                        1  0.8468     0.6222               3.2536 1.3091e-02
 21  4.0859    2.0+                          9.5096e-03
                        1  0.8468     0.7518               3.2392 7.1432e-03
                        0  0.0000     0.2482               4.0859 2.3574e-03
 20  4.0489    3.0+                          1.6432e-02                       7.0000e-15
                        5  2.9600     0.0137               1.0889 2.2573e-04
                        2  2.0851     0.1778               1.9638 2.9206e-03
                        1  0.8468     0.8085               3.2021 1.3274e-02
 19  3.8565    3.0+                          2.7523e-02                       2.5000e-14
                       10  3.4453     0.0016               0.4111 4.2942e-05
                        8  3.3699     0.0035               0.4865 9.5979e-05
                        7  3.1230     0.0114               0.7335 3.1310e-04
                        5  2.9600     0.0042               0.8965 1.1618e-04
                        3  2.6576     0.0026               1.1989 7.0726e-05
                        2  2.0851     0.9178               1.7714 2.5256e-02
                        1  0.8468     0.0590               3.0097 1.6214e-03
 18  3.8298    2.0+                          1.9005e-02                       3.9000e-14
                        3  2.6576     0.3004               1.1722 5.7085e-03
                        1  0.8468     0.5182               2.9830 9.8413e-03
                        0  0.0000     0.1814               3.8298 3.4437e-03
 17  3.7596    1.0-                          2.3862e-02
                        0  0.0000     0.0833               3.7596 1.9885e-03
                        1  0.8468     0.0833               2.9128 1.9885e-03
                        3  2.6576     0.0833               1.1020 1.9885e-03
                        4  2.9415     0.0833               0.8181 1.9885e-03
                        5  2.9600     0.0833               0.7996 1.9885e-03
                        6  3.1201     0.0833               0.6395 1.9885e-03
                        8  3.3699     0.0833               0.3897 1.9885e-03
                       11  3.4484     0.0833               0.3112 1.9885e-03
                       12  3.6002     0.0833               0.1594 1.9885e-03
                       13  3.6057     0.0833               0.1539 1.9885e-03
                       14  3.6102     0.0833               0.1494 1.9885e-03
                       15  3.7441     0.0833               0.0155 1.9885e-03
 16  3.7556    6.0+                          1.0213e-01                       1.3000e-13
                        9  3.3885     0.1776               0.3670 1.8113e-02
                        7  3.1230     0.0161               0.6326 1.6462e-03
                        2  2.0851     0.8063               1.6705 8.2328e-02
 15  3.7441    2.0+                          2.4838e-02
                        1  0.8468     1.0000               2.8974 2.4820e-02
 14  3.6102    0.0+                          7.3360e-03                       5.2000e-14
                        3  2.6576     0.0137               0.9526 1.0070e-04
                        2  2.0851     0.0064               1.5251 4.6998e-05
                        1  0.8468     0.9158               2.7634 6.7136e-03
                        0  0.0000     0.0641               3.6102 4.6995e-04
 13  3.6057    2.0+                          3.3453e-02                       1.5000e-13
                        3  2.6576     0.0827               0.9481 2.7665e-03
                        2  2.0851     0.0082               1.5206 2.7274e-04
                        1  0.8468     0.5827               2.7589 1.9481e-02
                        0  0.0000     0.3264               3.6057 1.0908e-02
 12  3.6002    2.0+                          3.4122e-02                       5.9000e-14
                        3  2.6576     0.0192               0.9426 6.5566e-04
                        2  2.0851     0.0192               1.5151 6.5568e-04
                        1  0.8468     0.1602               2.7534 5.4626e-03
                        0  0.0000     0.8014               3.6002 2.7316e-02
 11  3.4484    1.0+                          2.7155e-02                       8.0000e-15
                        3  2.6576     0.0052               0.7908 1.4206e-04
                        1  0.8468     0.2468               2.6016 6.6977e-03
                        0  0.0000     0.7480               3.4484 2.0294e-02
 10  3.4453    3.0+                          7.7403e-02                       2.9000e-14
                        3  2.6576     0.0144               0.7878 1.1112e-03
                        2  2.0851     0.2010               1.3602 1.5557e-02
                        1  0.8468     0.7846               2.5986 6.0700e-02
  9  3.3885    6.0+                          2.9797e-01                       2.9000e-12
                        7  3.1230     0.0130               0.2656 3.8225e-03
                        2  2.0851     0.9870               1.3034 2.9406e-01
  8  3.3699    2.0+                          5.8560e-02                       1.7000e-14
                        1  0.8468     0.8546               2.5232 5.0019e-02
                        0  0.0000     0.1454               3.3699 8.5065e-03
  7  3.1230    4.0+                          2.4360e-01                       4.7000e-14
                        2  2.0851     0.9916               1.0379 2.4151e-01
                        1  0.8468     0.0084               2.2762 2.0527e-03
  6  3.1201    1.0+                          5.3353e-02                       1.9000e-14
                        3  2.6576     0.0099               0.4625 5.2891e-04
                        1  0.8468     0.9445               2.2733 5.0371e-02
                        0  0.0000     0.0455               3.1201 2.4280e-03
  5  2.9600    2.0+                          1.3638e-01                       2.8000e-14
                        1  0.8468     0.9788               2.1132 1.3345e-01
                        0  0.0000     0.0212               2.9600 2.8824e-03
  4  2.9415    0.0+                          2.5193e-02                       4.5000e-13
                        1  0.8468     1.0000               2.0947 2.5183e-02
                        0  0.0000     0.0000               2.9415 0.0000e+00
  3  2.6576    2.0+                          2.5104e-01                       2.1000e-14
                        1  0.8468     0.9699               1.8108 2.4343e-01
                        0  0.0000     0.0301               2.6576 7.5464e-03
  2  2.0851    4.0+                          2.4366e+00                       6.4000e-13
                        1  0.8468     1.0000               1.2383 2.4363e+00
  1  0.8468    2.0+                          7.0906e+00                       6.0700e-12
                        0  0.0000     1.0000               0.8468 7.0885e+00
  0  0.0000    0.0+                          8.9454e+00
#......................................................................../  026-057Fe //  16.000000
#                                                                          SUM SPECTRA FOR COMPOUND
#            025-057Mn      gamma    neutron     proton      alpha
 SpcSum[mb]            3.2249e+00 5.4501e-09 1.1061e-27 2.1244e-28
 Emean[MeV]            9.3426e-01 1.2512e-01 5.3731e-01 1.7961e+00
#......................................................................../  026-057Fe //  16.000000
#                                                                   GAMMAS FROM DISCRETE TRANSITION
#           0 2 0 0 0 0             025-057Mn
#   Ex[MeV]     Jpi    FinalState  Branching Production    Egamma Production   T(1/2)[s]
 33  2.7720    2.5+                          1.2770e-02
                        0  0.0000     0.1111               2.7720 1.4189e-03
                        1  0.0832     0.1111               2.6888 1.4189e-03
                        2  0.8501     0.1111               1.9219 1.4189e-03
                        3  1.0558     0.1111               1.7162 1.4189e-03
                        4  1.0729     0.1111               1.6991 1.4189e-03
                       12  1.7254     0.1111               1.0466 1.4189e-03
                       14  1.8354     0.1111               0.9366 1.4189e-03
                       19  2.1467     0.1111               0.6253 1.4189e-03
                       21  2.2329     0.1111               0.5391 1.4189e-03
 32  2.7584    1.5+                          8.1694e-03                       1.4000e-12
                        5  1.2275     1.0000               1.5309 8.1682e-03
 31  2.7410    2.5+                          1.3295e-02
                        0  0.0000     0.1111               2.7410 1.4772e-03
                        1  0.0832     0.1111               2.6578 1.4772e-03
                        2  0.8501     0.1111               1.8909 1.4772e-03
                        3  1.0558     0.1111               1.6852 1.4772e-03
                        4  1.0729     0.1111               1.6681 1.4772e-03
                       12  1.7254     0.1111               1.0156 1.4772e-03
                       14  1.8354     0.1111               0.9056 1.4772e-03
                       19  2.1467     0.1111               0.5943 1.4772e-03
                       21  2.2329     0.1111               0.5081 1.4772e-03
 30  2.7021    0.5-                          4.5346e-03
                        8  1.4927     0.2279               1.2094 1.0332e-03
                        6  1.3750     0.1302               1.3271 5.9030e-04
                        2  0.8501     0.4651               1.8520 2.1085e-03
                        1  0.0832     0.1768               2.6189 8.0149e-04
 29  2.6400    0.5+                          4.7716e-03
                        2  0.8501     0.3333               1.7899 1.5905e-03
                       19  2.1467     0.3333               0.4933 1.5905e-03
                       20  2.1858     0.3333               0.4542 1.5905e-03
 28  2.6070    0.5+                          4.9844e-03
                        2  0.8501     0.3333               1.7569 1.6615e-03
                       19  2.1467     0.3333               0.4603 1.6615e-03
                       20  2.1858     0.3333               0.4212 1.6615e-03
 27  2.5590    3.5+                          2.6168e-02
                        0  0.0000     0.1429               2.5590 3.7383e-03
                        1  0.0832     0.1429               2.4758 3.7383e-03
                        3  1.0558     0.1429               1.5032 3.7383e-03
                        4  1.0729     0.1429               1.4861 3.7383e-03
                       12  1.7254     0.1429               0.8336 3.7383e-03
                       14  1.8354     0.1429               0.7236 3.7383e-03
                       21  2.2329     0.1429               0.3261 3.7383e-03
 26  2.5200    0.5+                          5.5911e-03
                        2  0.8501     0.3333               1.6699 1.8637e-03
                       19  2.1467     0.3333               0.3733 1.8637e-03
                       20  2.1858     0.3333               0.3342 1.8637e-03
 25  2.5030    0.5+                          5.7179e-03
                        2  0.8501     0.3333               1.6529 1.9060e-03
                       19  2.1467     0.3333               0.3563 1.9060e-03
                       20  2.1858     0.3333               0.3172 1.9060e-03
 24  2.4932    2.5+                          1.8221e-02
                        1  0.0832     0.5208               2.4100 9.4808e-03
                        0  0.0000     0.4792               2.4932 8.7231e-03
 23  2.4220    1.5+                          1.2634e-02
                        0  0.0000     0.1667               2.4220 2.1057e-03
                        2  0.8501     0.1667               1.5719 2.1057e-03
                        3  1.0558     0.1667               1.3662 2.1057e-03
                       19  2.1467     0.1667               0.2753 2.1057e-03
                       20  2.1858     0.1667               0.2362 2.1057e-03
                       21  2.2329     0.1667               0.1891 2.1057e-03
 22  2.3406    1.5+                          1.4018e-02
                        1  0.0832     1.0000               2.2574 1.4013e-02
 21  2.2329    2.5-                          3.4276e-02
                        5  1.2275     0.1000               1.0054 3.4276e-03
                        6  1.3750     0.1000               0.8579 3.4276e-03
                        8  1.4927     0.1000               0.7402 3.4276e-03
                        9  1.5348     0.1000               0.6981 3.4276e-03
                       10  1.6180     0.1000               0.6149 3.4276e-03
                       11  1.6300     0.1000               0.6029 3.4276e-03
                       15  1.9160     0.1000               0.3169 3.4276e-03
                       16  1.9280     0.1000               0.3049 3.4276e-03
                       17  1.9620     0.1000               0.2709 3.4276e-03
                       18  2.0080     0.1000               0.2249 3.4276e-03
 20  2.1858    0.5-                          1.8190e-02
                        3  1.0558     0.5405               1.1300 9.8302e-03
                        2  0.8501     0.4595               1.3357 8.3572e-03
 19  2.1467    1.5-                          3.0452e-02
                        1  0.0832     1.0000               2.0635 3.0440e-02
 18  2.0080    2.5+                          3.6254e-02
                        0  0.0000     0.1429               2.0080 5.1791e-03
                        1  0.0832     0.1429               1.9248 5.1791e-03
                        2  0.8501     0.1429               1.1579 5.1791e-03
                        3  1.0558     0.1429               0.9522 5.1791e-03
                        4  1.0729     0.1429               0.9351 5.1791e-03
                       12  1.7254     0.1429               0.2826 5.1791e-03
                       14  1.8354     0.1429               0.1726 5.1791e-03
 17  1.9620    1.5+                          2.6053e-02
                        0  0.0000     0.3333               1.9620 8.6844e-03
                        2  0.8501     0.3333               1.1119 8.6844e-03
                        3  1.0558     0.3333               0.9062 8.6844e-03
 16  1.9280    2.5+                          3.9502e-02
                        0  0.0000     0.1429               1.9280 5.6432e-03
                        1  0.0832     0.1429               1.8448 5.6432e-03
                        2  0.8501     0.1429               1.0779 5.6432e-03
                        3  1.0558     0.1429               0.8722 5.6432e-03
                        4  1.0729     0.1429               0.8551 5.6432e-03
                       12  1.7254     0.1429               0.2026 5.6432e-03
                       14  1.8354     0.1429               0.0926 5.6432e-03
 15  1.9160    3.5+                          6.0849e-02
                        0  0.0000     0.1667               1.9160 1.0142e-02
                        1  0.0832     0.1667               1.8328 1.0142e-02
                        3  1.0558     0.1667               0.8602 1.0142e-02
                        4  1.0729     0.1667               0.8431 1.0142e-02
                       12  1.7254     0.1667               0.1906 1.0142e-02
                       14  1.8354     0.1667               0.0806 1.0142e-02
 14  1.8354    3.5-                          8.9658e-02
                        8  1.4927     0.0711               0.3427 6.3690e-03
                        1  0.0832     0.7326               1.7522 6.5668e-02
                        0  0.0000     0.1963               1.8354 1.7595e-02
 13  1.7530    0.5+                          1.5461e-02
                        2  0.8501     1.0000               0.9029 1.5461e-02
 12  1.7254    3.5-                          9.7713e-02
                        1  0.0832     1.0000               1.6422 9.7695e-02
 11  1.6300    2.5+                          5.4487e-02
                        0  0.0000     0.2000               1.6300 1.0897e-02
                        1  0.0832     0.2000               1.5468 1.0897e-02
                        2  0.8501     0.2000               0.7799 1.0897e-02
                        3  1.0558     0.2000               0.5742 1.0897e-02
                        4  1.0729     0.2000               0.5571 1.0897e-02
 10  1.6180    3.5+                          8.5178e-02
                        5  1.2275     1.0000               0.3905 8.5016e-02
  9  1.5348    1.5+                          4.2217e-02
                        3  1.0558     0.0330               0.4790 1.3947e-03
                        2  0.8501     0.0974               0.6848 4.1103e-03
                        0  0.0000     0.8696               1.5348 3.6699e-02
  8  1.4927    2.5+                          7.0680e-02
                        1  0.0832     0.4898               1.4095 3.4611e-02
                        0  0.0000     0.5102               1.4927 3.6051e-02
  7  1.4770    0.5+                          2.2489e-02
                        2  0.8501     1.0000               0.6269 2.2489e-02
  6  1.3750    3.5+                          1.1278e-01
                        2  0.8501     0.2810               0.5249 3.1614e-02
                        1  0.0832     0.7190               1.2918 8.1073e-02
  5  1.2275    2.5+                          1.7805e-01                       3.5000e-13
                        4  1.0729     0.0834               0.1546 1.4687e-02
                        1  0.0832     0.9166               1.1443 1.6318e-01
  4  1.0729    3.5-                          1.9214e-01
                        1  0.0832     0.9434               0.9897 1.8124e-01
                        0  0.0000     0.0566               1.0729 1.0874e-02
  3  1.0558    2.5-                          1.5544e-01
                        2  0.8501     0.8027               0.2058 1.2268e-01
                        0  0.0000     0.1973               1.0558 3.0663e-02
  2  0.8501    1.5-                          3.3755e-01
                        1  0.0832     0.0412               0.7669 1.3912e-02
                        0  0.0000     0.9588               0.8501 3.2356e-01
  1  0.0832    3.5-                          1.0787e+00
                        0  0.0000     1.0000               0.0832 1.0265e+00
  0  0.0000    2.5-                          1.8496e+00                       8.5400e+01
#......................................................................../  026-057Fe //  16.000000
#                                                                          SUM SPECTRA FOR COMPOUND
#            024-054Cr      gamma    neutron     proton      alpha
 SpcSum[mb]            6.3425e+00 8.6557e-08 5.5279e-30 2.5449e-16
 Emean[MeV]            1.2190e+00 2.0638e-01 4.9346e-01 2.6749e+00
#......................................................................../  026-057Fe //  16.000000
#                                                                   GAMMAS FROM DISCRETE TRANSITION
#           0 1 1 0 0 0             024-054Cr
#   Ex[MeV]     Jpi    FinalState  Branching Production    Egamma Production   T(1/2)[s]
 38  4.6870    1.0-                          3.5643e-03
                        0  0.0000     0.0500               4.6870 1.7822e-04
                        1  0.8349     0.0500               3.8521 1.7822e-04
                        3  2.6197     0.0500               2.0673 1.7822e-04
                        4  2.8296     0.0500               1.8574 1.7822e-04
                        5  3.0741     0.0500               1.6129 1.7822e-04
                        9  3.4369     0.0500               1.2501 1.7822e-04
                       13  3.7200     0.0500               0.9670 1.7822e-04
                       16  3.8610     0.0500               0.8260 1.7822e-04
                       19  3.9277     0.0500               0.7593 1.7822e-04
                       20  3.9874     0.0500               0.6996 1.7822e-04
                       21  4.0129     0.0500               0.6741 1.7822e-04
                       23  4.0832     0.0500               0.6038 1.7822e-04
                       24  4.1260     0.0500               0.5610 1.7822e-04
                       26  4.1908     0.0500               0.4962 1.7822e-04
                       27  4.2175     0.0500               0.4695 1.7822e-04
                       28  4.2391     0.0500               0.4479 1.7822e-04
                       29  4.2564     0.0500               0.4306 1.7822e-04
                       32  4.4584     0.0500               0.2286 1.7822e-04
                       34  4.5830     0.0500               0.1040 1.7822e-04
                       36  4.6336     0.0500               0.0534 1.7822e-04
 37  4.6815    8.0+                          6.9253e-02                       5.5000e-13
                        7  3.2224     1.0000               1.4590 6.9244e-02
 36  4.6336    2.0+                          6.7707e-03
                        4  2.8296     1.0000               1.8040 6.7689e-03
                        3  2.6197     0.0000               2.0139 0.0000e+00
 35  4.6180    3.0-                          1.0776e-02
                        1  0.8349     0.0526               3.7831 5.6715e-04
                        2  1.8239     0.0526               2.7941 5.6715e-04
                        3  2.6197     0.0526               1.9983 5.6715e-04
                        5  3.0741     0.0526               1.5439 5.6715e-04
                        6  3.1596     0.0526               1.4584 5.6715e-04
                        9  3.4369     0.0526               1.1811 5.6715e-04
                       12  3.6552     0.0526               0.9628 5.6715e-04
                       13  3.7200     0.0526               0.8980 5.6715e-04
                       15  3.7985     0.0526               0.8195 5.6715e-04
                       16  3.8610     0.0526               0.7570 5.6715e-04
                       19  3.9277     0.0526               0.6903 5.6715e-04
                       23  4.0832     0.0526               0.5348 5.6715e-04
                       24  4.1260     0.0526               0.4920 5.6715e-04
                       26  4.1908     0.0526               0.4272 5.6715e-04
                       27  4.2175     0.0526               0.4005 5.6715e-04
                       28  4.2391     0.0526               0.3789 5.6715e-04
                       29  4.2564     0.0526               0.3616 5.6715e-04
                       31  4.4510     0.0526               0.1670 5.6715e-04
                       32  4.4584     0.0526               0.1596 5.6715e-04
 34  4.5830    0.0+                          1.5119e-03
                       20  3.9874     1.0000               0.5956 1.5119e-03
 33  4.5708    2.0-                          7.4891e-03
                        2  1.8239     1.0000               2.7469 7.4858e-03
 32  4.4584    2.0+                          9.6179e-03
                        0  0.0000     1.0000               4.4584 9.6051e-03
 31  4.4510    4.0+                          2.1809e-02
                        2  1.8239     1.0000               2.6271 2.1796e-02
 30  4.3810    3.0-                          1.6114e-02
                        1  0.8349     1.0000               3.5461 1.6090e-02
 29  4.2564    2.0+                          1.3080e-02
                        1  0.8349     0.5000               3.4215 6.5400e-03
                        0  0.0000     0.5000               4.2564 6.5400e-03
 28  4.2391    2.0+                          1.3425e-02
                        3  2.6197     0.5000               1.6194 6.7125e-03
                        1  0.8349     0.5000               3.4042 6.7125e-03
 27  4.2175    2.0+                          1.3867e-02
                        3  2.6197     0.1238               1.5978 1.7165e-03
                        2  1.8239     0.4174               2.3936 5.7851e-03
                        1  0.8349     0.4588               3.3827 6.3566e-03
 26  4.1908    2.0+                          1.4433e-02
                        1  0.8349     0.5000               3.3559 7.2165e-03
                        0  0.0000     0.5000               4.1908 7.2165e-03
 25  4.1270    3.0-                          2.4304e-02
                        3  2.6197     0.3148               1.5074 7.6486e-03
                        1  0.8349     0.6852               3.2922 1.6630e-02
 24  4.1260    2.0+                          1.5894e-02
                        5  3.0741     1.0000               1.0519 1.5892e-02
 23  4.0832    2.0+                          1.6930e-02
                        9  3.4369     0.0339               0.6464 5.7384e-04
                        6  3.1596     0.1225               0.9237 2.0734e-03
                        5  3.0741     0.0208               1.0092 3.5140e-04
                        3  2.6197     0.1308               1.4636 2.2141e-03
                        2  1.8239     0.6921               2.2593 1.1711e-02
 22  4.0433    5.0+                          6.1694e-02                       2.8000e-14
                        7  3.2224     0.8439               0.8209 5.2052e-02
                        2  1.8239     0.1561               2.2194 9.6265e-03
 21  4.0129    0.0+                          3.4618e-03                       1.4000e-15
                        3  2.6197     0.0000               1.3932 0.0000e+00
                        1  0.8349     1.0000               3.1780 3.4588e-03
 20  3.9874    1.0+                          1.3251e-02
                        8  3.3934     1.0000               0.5940 1.3248e-02
 19  3.9277    2.0+                          2.1237e-02
                        0  0.0000     1.0000               3.9277 2.1212e-02
 18  3.9255    2.0-                          2.1137e-02
                       13  3.7200     0.1456               0.2055 3.0651e-03
                        4  2.8296     0.0000               1.0959 0.0000e+00
                        2  1.8239     0.0000               2.1016 0.0000e+00
                        1  0.8349     0.8544               3.0907 1.8036e-02
 17  3.8704    4.0-                          5.3955e-02
                        3  2.6197     1.0000               1.2507 5.3946e-02
                        1  0.8349     0.0000               3.0355 0.0000e+00
 16  3.8610    2.0+                          2.3366e-02
                        3  2.6197     0.6248               1.2413 1.4597e-02
                        1  0.8349     0.3752               3.0262 8.7602e-03
 15  3.7985    4.0+                          5.9369e-02                       5.1000e-14
                        6  3.1596     0.3101               0.6390 1.8403e-02
                        2  1.8239     0.3875               1.9746 2.2998e-02
                        1  0.8349     0.3024               2.9637 1.7939e-02
 14  3.7857    5.0+                          9.1111e-02
                        7  3.2224     0.2819               0.5633 2.5670e-02
                        6  3.1596     0.0470               0.6261 4.2786e-03
                        2  1.8239     0.6711               1.9618 6.1127e-02
 13  3.7200    2.0+                          3.1579e-02                       1.6600e-14
                        4  2.8296     0.0866               0.8904 2.7328e-03
                        3  2.6197     0.1259               1.1004 3.9752e-03
                        0  0.0000     0.7876               3.7200 2.4843e-02
 12  3.6552    4.0+                          7.2789e-02                       6.0000e-15
                        2  1.8239     1.0000               1.8313 7.2771e-02
 11  3.5140    3.0-                          6.0779e-02
                        1  0.8349     0.1667               2.6791 1.0130e-02
                        2  1.8239     0.1667               1.6901 1.0130e-02
                        3  2.6197     0.1667               0.8943 1.0130e-02
                        5  3.0741     0.1667               0.4399 1.0130e-02
                        6  3.1596     0.1667               0.3544 1.0130e-02
                        9  3.4369     0.1667               0.0771 1.0130e-02
 10  3.4680    3.0-                          6.4861e-02
                        1  0.8349     0.1667               2.6331 1.0810e-02
                        2  1.8239     0.1667               1.6441 1.0810e-02
                        3  2.6197     0.1667               0.8483 1.0810e-02
                        5  3.0741     0.1667               0.3939 1.0810e-02
                        6  3.1596     0.1667               0.3084 1.0810e-02
                        9  3.4369     0.1667               0.0311 1.0810e-02
  9  3.4369    2.0+                          6.3417e-02                       8.0000e-15
                        3  2.6197     0.0291               0.8172 1.8463e-03
                        1  0.8349     0.9709               2.6020 6.1538e-02
  8  3.3934    2.0-                          5.8754e-02                       1.5000e-14
                        1  0.8349     0.6330               2.5586 3.7154e-02
                        0  0.0000     0.3670               3.3934 2.1549e-02
  7  3.2224    6.0+                          4.4181e-01                       4.9000e-13
                        2  1.8239     1.0000               1.3985 4.4175e-01
  6  3.1596    4.0+                          1.8690e-01                       2.4000e-13
                        2  1.8239     0.5318               1.3356 9.9382e-02
                        1  0.8349     0.4682               2.3247 8.7462e-02
  5  3.0741    2.0+                          1.0409e-01                       7.1000e-15
                        1  0.8349     0.9892               2.2392 1.0293e-01
                        0  0.0000     0.0108               3.0741 1.1222e-03
  4  2.8296    0.0+                          2.5528e-02                       1.5000e-13
                        1  0.8349     1.0000               1.9948 2.5519e-02
  3  2.6197    2.0+                          2.2938e-01                       7.8000e-14
                        1  0.8349     0.9588               1.7848 2.1987e-01
                        0  0.0000     0.0412               2.6197 9.4532e-03
  2  1.8239    4.0+                          1.4142e+00                       1.7000e-12
                        1  0.8349     1.0000               0.9891 1.4140e+00
  1  0.8349    2.0+                          2.7891e+00                       7.9000e-12
                        0  0.0000     1.0000               0.8349 2.7884e+00
  0  0.0000    0.0+                          3.4734e+00
#......................................................................../  026-057Fe //  16.000000
#                                                                          SUM SPECTRA FOR COMPOUND
#            025-056Mn      gamma
 SpcSum[mb]            2.3373e-04
 Emean[MeV]            1.8837e-01
#......................................................................../  026-057Fe //  16.000000
#                                                                   GAMMAS FROM DISCRETE TRANSITION
#           0 1 0 1 0 0             025-056Mn
#   Ex[MeV]     Jpi    FinalState  Branching Production    Egamma Production   T(1/2)[s]
 45  1.9802    2.0-                          4.5102e-10
                        0  0.0000     0.0455               1.9802 2.0501e-11
                        1  0.0266     0.0455               1.9536 2.0501e-11
                        2  0.1105     0.0455               1.8697 2.0501e-11
                        4  0.2151     0.0455               1.7651 2.0501e-11
                        6  0.3410     0.0455               1.6392 2.0501e-11
                        7  0.4543     0.0455               1.5259 2.0501e-11
                        8  0.4863     0.0455               1.4939 2.0501e-11
                       11  0.7162     0.0455               1.2640 2.0501e-11
                       12  0.7535     0.0455               1.2267 2.0501e-11
                       18  1.1677     0.0455               0.8125 2.0501e-11
                       20  1.1950     0.0455               0.7852 2.0501e-11
                       22  1.2390     0.0455               0.7412 2.0501e-11
                       23  1.2937     0.0455               0.6865 2.0501e-11
                       24  1.3509     0.0455               0.6293 2.0501e-11
                       30  1.5099     0.0455               0.4703 2.0501e-11
                       31  1.5600     0.0455               0.4202 2.0501e-11
                       32  1.6136     0.0455               0.3666 2.0501e-11
                       33  1.6550     0.0455               0.3252 2.0501e-11
                       37  1.7444     0.0455               0.2358 2.0501e-11
                       39  1.8337     0.0455               0.1465 2.0501e-11
                       40  1.8660     0.0455               0.1142 2.0501e-11
                       44  1.9700     0.0455               0.0102 2.0501e-11
 44  1.9700    3.0+                          6.9811e-10
                        9  0.5410     0.0769               1.4290 5.3701e-11
                       10  0.6610     0.0769               1.3090 5.3701e-11
                       14  0.8530     0.0769               1.1170 5.3701e-11
                       17  1.1400     0.0769               0.8300 5.3701e-11
                       25  1.3640     0.0769               0.6060 5.3701e-11
                       26  1.3840     0.0769               0.5860 5.3701e-11
                       27  1.4470     0.0769               0.5230 5.3701e-11
                       28  1.4840     0.0769               0.4860 5.3701e-11
                       34  1.6740     0.0769               0.2960 5.3701e-11
                       36  1.7275     0.0769               0.2425 5.3701e-11
                       38  1.7800     0.0769               0.1900 5.3701e-11
                       41  1.8780     0.0769               0.0920 5.3701e-11
                       42  1.9110     0.0769               0.0590 5.3701e-11
 43  1.9490    1.0-                          3.5476e-10
                        1  0.0266     0.0769               1.9224 2.7289e-11
                        2  0.1105     0.0769               1.8385 2.7289e-11
                        4  0.2151     0.0769               1.7339 2.7289e-11
                       11  0.7162     0.0769               1.2328 2.7289e-11
                       18  1.1677     0.0769               0.7813 2.7289e-11
                       23  1.2937     0.0769               0.6553 2.7289e-11
                       24  1.3509     0.0769               0.5981 2.7289e-11
                       30  1.5099     0.0769               0.4391 2.7289e-11
                       31  1.5600     0.0769               0.3890 2.7289e-11
                       33  1.6550     0.0769               0.2940 2.7289e-11
                       37  1.7444     0.0769               0.2046 2.7289e-11
                       39  1.8337     0.0769               0.1153 2.7289e-11
                       40  1.8660     0.0769               0.0830 2.7289e-11
 42  1.9110    3.0-                          1.2484e-09
                        0  0.0000     0.0556               1.9110 6.9356e-11
                        1  0.0266     0.0556               1.8844 6.9356e-11
                        3  0.2120     0.0556               1.6990 6.9356e-11
                        4  0.2151     0.0556               1.6959 6.9356e-11
                        6  0.3410     0.0556               1.5700 6.9356e-11
                        7  0.4543     0.0556               1.4567 6.9356e-11
                        8  0.4863     0.0556               1.4247 6.9356e-11
                       12  0.7535     0.0556               1.1575 6.9356e-11
                       19  1.1923     0.0556               0.7187 6.9356e-11
                       20  1.1950     0.0556               0.7160 6.9356e-11
                       22  1.2390     0.0556               0.6720 6.9356e-11
                       23  1.2937     0.0556               0.6173 6.9356e-11
                       24  1.3509     0.0556               0.5601 6.9356e-11
                       29  1.4845     0.0556               0.4265 6.9356e-11
                       30  1.5099     0.0556               0.4011 6.9356e-11
                       32  1.6136     0.0556               0.2974 6.9356e-11
                       37  1.7444     0.0556               0.1666 6.9356e-11
                       40  1.8660     0.0556               0.0450 6.9356e-11
 41  1.8780    3.0-                          1.6226e-09
                        0  0.0000     0.0556               1.8780 9.0145e-11
                        1  0.0266     0.0556               1.8514 9.0145e-11
                        3  0.2120     0.0556               1.6660 9.0145e-11
                        4  0.2151     0.0556               1.6629 9.0145e-11
                        6  0.3410     0.0556               1.5370 9.0145e-11
                        7  0.4543     0.0556               1.4237 9.0145e-11
                        8  0.4863     0.0556               1.3917 9.0145e-11
                       12  0.7535     0.0556               1.1245 9.0145e-11
                       19  1.1923     0.0556               0.6857 9.0145e-11
                       20  1.1950     0.0556               0.6830 9.0145e-11
                       22  1.2390     0.0556               0.6390 9.0145e-11
                       23  1.2937     0.0556               0.5843 9.0145e-11
                       24  1.3509     0.0556               0.5271 9.0145e-11
                       29  1.4845     0.0556               0.3935 9.0145e-11
                       30  1.5099     0.0556               0.3681 9.0145e-11
                       32  1.6136     0.0556               0.2644 9.0145e-11
                       37  1.7444     0.0556               0.1336 9.0145e-11
                       40  1.8660     0.0556               0.0120 9.0145e-11
 40  1.8660    2.0+                          1.2853e-09
                        9  0.5410     0.0769               1.3250 9.8866e-11
                       10  0.6610     0.0769               1.2050 9.8866e-11
                       14  0.8530     0.0769               1.0130 9.8866e-11
                       15  0.8840     0.0769               0.9820 9.8866e-11
                       16  0.9740     0.0769               0.8920 9.8866e-11
                       25  1.3640     0.0769               0.5020 9.8866e-11
                       26  1.3840     0.0769               0.4820 9.8866e-11
                       27  1.4470     0.0769               0.4190 9.8866e-11
                       28  1.4840     0.0769               0.3820 9.8866e-11
                       34  1.6740     0.0769               0.1920 9.8866e-11
                       35  1.6929     0.0769               0.1731 9.8866e-11
                       36  1.7275     0.0769               0.1385 9.8866e-11
                       38  1.7800     0.0769               0.0860 9.8866e-11
 39  1.8337    1.0+                          8.8512e-10
                        9  0.5410     0.0909               1.2927 8.0465e-11
                       14  0.8530     0.0909               0.9807 8.0465e-11
                       15  0.8840     0.0909               0.9497 8.0465e-11
                       16  0.9740     0.0909               0.8597 8.0465e-11
                       25  1.3640     0.0909               0.4697 8.0465e-11
                       26  1.3840     0.0909               0.4497 8.0465e-11
                       27  1.4470     0.0909               0.3867 8.0465e-11
                       28  1.4840     0.0909               0.3497 8.0465e-11
                       35  1.6929     0.0909               0.1408 8.0465e-11
                       36  1.7275     0.0909               0.1062 8.0465e-11
                       38  1.7800     0.0909               0.0537 8.0465e-11
 38  1.7800    2.0-                          2.5606e-09
                        0  0.0000     0.0526               1.7800 1.3477e-10
                        1  0.0266     0.0526               1.7534 1.3477e-10
                        2  0.1105     0.0526               1.6695 1.3477e-10
                        4  0.2151     0.0526               1.5649 1.3477e-10
                        6  0.3410     0.0526               1.4390 1.3477e-10
                        7  0.4543     0.0526               1.3257 1.3477e-10
                        8  0.4863     0.0526               1.2937 1.3477e-10
                       11  0.7162     0.0526               1.0638 1.3477e-10
                       12  0.7535     0.0526               1.0265 1.3477e-10
                       18  1.1677     0.0526               0.6123 1.3477e-10
                       20  1.1950     0.0526               0.5850 1.3477e-10
                       22  1.2390     0.0526               0.5410 1.3477e-10
                       23  1.2937     0.0526               0.4863 1.3477e-10
                       24  1.3509     0.0526               0.4291 1.3477e-10
                       30  1.5099     0.0526               0.2701 1.3477e-10
                       31  1.5600     0.0526               0.2200 1.3477e-10
                       32  1.6136     0.0526               0.1664 1.3477e-10
                       33  1.6550     0.0526               0.1250 1.3477e-10
                       37  1.7444     0.0526               0.0356 1.3477e-10
 37  1.7444    2.0+                          3.1396e-09
                        9  0.5410     0.0833               1.2034 2.6163e-10
                       10  0.6610     0.0833               1.0834 2.6163e-10
                       14  0.8530     0.0833               0.8914 2.6163e-10
                       15  0.8840     0.0833               0.8604 2.6163e-10
                       16  0.9740     0.0833               0.7704 2.6163e-10
                       25  1.3640     0.0833               0.3804 2.6163e-10
                       26  1.3840     0.0833               0.3604 2.6163e-10
                       27  1.4470     0.0833               0.2974 2.6163e-10
                       28  1.4840     0.0833               0.2604 2.6163e-10
                       34  1.6740     0.0833               0.0704 2.6163e-10
                       35  1.6929     0.0833               0.0515 2.6163e-10
                       36  1.7275     0.0833               0.0169 2.6163e-10
 36  1.7275    2.0-                          3.9832e-09
                        0  0.0000     0.0556               1.7275 2.2129e-10
                        1  0.0266     0.0556               1.7009 2.2129e-10
                        2  0.1105     0.0556               1.6170 2.2129e-10
                        4  0.2151     0.0556               1.5123 2.2129e-10
                        6  0.3410     0.0556               1.3865 2.2129e-10
                        7  0.4543     0.0556               1.2731 2.2129e-10
                        8  0.4863     0.0556               1.2411 2.2129e-10
                       11  0.7162     0.0556               1.0113 2.2129e-10
                       12  0.7535     0.0556               0.9740 2.2129e-10
                       18  1.1677     0.0556               0.5598 2.2129e-10
                       20  1.1950     0.0556               0.5325 2.2129e-10
                       22  1.2390     0.0556               0.4885 2.2129e-10
                       23  1.2937     0.0556               0.4338 2.2129e-10
                       24  1.3509     0.0556               0.3766 2.2129e-10
                       30  1.5099     0.0556               0.2176 2.2129e-10
                       31  1.5600     0.0556               0.1675 2.2129e-10
                       32  1.6136     0.0556               0.1139 2.2129e-10
                       33  1.6550     0.0556               0.0725 2.2129e-10
 35  1.6929    1.0-                          3.1634e-09
                        1  0.0266     0.1000               1.6663 3.1634e-10
                        2  0.1105     0.1000               1.5824 3.1634e-10
                        4  0.2151     0.1000               1.4778 3.1634e-10
                       11  0.7162     0.1000               0.9767 3.1634e-10
                       18  1.1677     0.1000               0.5252 3.1634e-10
                       23  1.2937     0.1000               0.3992 3.1634e-10
                       24  1.3509     0.1000               0.3420 3.1634e-10
                       30  1.5099     0.1000               0.1830 3.1634e-10
                       31  1.5600     0.1000               0.1329 3.1634e-10
                       33  1.6550     0.1000               0.0379 3.1634e-10
 34  1.6740    3.0-                          8.1107e-09
                        0  0.0000     0.0625               1.6740 5.0692e-10
                        1  0.0266     0.0625               1.6474 5.0692e-10
                        3  0.2120     0.0625               1.4620 5.0692e-10
                        4  0.2151     0.0625               1.4589 5.0692e-10
                        6  0.3410     0.0625               1.3330 5.0692e-10
                        7  0.4543     0.0625               1.2197 5.0692e-10
                        8  0.4863     0.0625               1.1877 5.0692e-10
                       12  0.7535     0.0625               0.9205 5.0692e-10
                       19  1.1923     0.0625               0.4817 5.0692e-10
                       20  1.1950     0.0625               0.4790 5.0692e-10
                       22  1.2390     0.0625               0.4350 5.0692e-10
                       23  1.2937     0.0625               0.3803 5.0692e-10
                       24  1.3509     0.0625               0.3231 5.0692e-10
                       29  1.4845     0.0625               0.1895 5.0692e-10
                       30  1.5099     0.0625               0.1641 5.0692e-10
                       32  1.6136     0.0625               0.0604 5.0692e-10
 33  1.6550    1.0+                          3.9809e-09
                        9  0.5410     0.1250               1.1140 4.9761e-10
                       14  0.8530     0.1250               0.8020 4.9761e-10
                       15  0.8840     0.1250               0.7710 4.9761e-10
                       16  0.9740     0.1250               0.6810 4.9761e-10
                       25  1.3640     0.1250               0.2910 4.9761e-10
                       26  1.3840     0.1250               0.2710 4.9761e-10
                       27  1.4470     0.1250               0.2080 4.9761e-10
                       28  1.4840     0.1250               0.1710 4.9761e-10
 32  1.6136    3.0+                          1.2041e-08                       5.9000e-13
                       21  1.2367     0.0743               0.3769 8.9163e-10
                        5  0.3355     0.9257               1.2780 1.1145e-08
 31  1.5600    1.0+                          7.1384e-09
                        9  0.5410     0.1250               1.0190 8.9230e-10
                       14  0.8530     0.1250               0.7070 8.9230e-10
                       15  0.8840     0.1250               0.6760 8.9230e-10
                       16  0.9740     0.1250               0.5860 8.9230e-10
                       25  1.3640     0.1250               0.1960 8.9230e-10
                       26  1.3840     0.1250               0.1760 8.9230e-10
                       27  1.4470     0.1250               0.1130 8.9230e-10
                       28  1.4840     0.1250               0.0760 8.9230e-10
 30  1.5099    2.0+                          1.6548e-08
                        9  0.5410     0.1111               0.9689 1.8387e-09
                       10  0.6610     0.1111               0.8489 1.8387e-09
                       14  0.8530     0.1111               0.6569 1.8387e-09
                       15  0.8840     0.1111               0.6259 1.8387e-09
                       16  0.9740     0.1111               0.5359 1.8387e-09
                       25  1.3640     0.1111               0.1459 1.8387e-09
                       26  1.3840     0.1111               0.1259 1.8387e-09
                       27  1.4470     0.1111               0.0629 1.8387e-09
                       28  1.4840     0.1111               0.0259 1.8387e-09
 29  1.4845    4.0+                          4.0722e-08
                       12  0.7535     0.4414               0.7311 1.7969e-08
                        5  0.3355     0.5586               1.1490 2.2744e-08
 28  1.4840    2.0-                          2.3824e-08
                        0  0.0000     0.0714               1.4840 1.7017e-09
                        1  0.0266     0.0714               1.4574 1.7017e-09
                        2  0.1105     0.0714               1.3735 1.7017e-09
                        4  0.2151     0.0714               1.2689 1.7017e-09
                        6  0.3410     0.0714               1.1430 1.7017e-09
                        7  0.4543     0.0714               1.0297 1.7017e-09
                        8  0.4863     0.0714               0.9977 1.7017e-09
                       11  0.7162     0.0714               0.7678 1.7017e-09
                       12  0.7535     0.0714               0.7305 1.7017e-09
                       18  1.1677     0.0714               0.3163 1.7017e-09
                       20  1.1950     0.0714               0.2890 1.7017e-09
                       22  1.2390     0.0714               0.2450 1.7017e-09
                       23  1.2937     0.0714               0.1903 1.7017e-09
                       24  1.3509     0.0714               0.1331 1.7017e-09
 27  1.4470    2.0-                          2.9527e-08
                        0  0.0000     0.0714               1.4470 2.1091e-09
                        1  0.0266     0.0714               1.4204 2.1091e-09
                        2  0.1105     0.0714               1.3365 2.1091e-09
                        4  0.2151     0.0714               1.2319 2.1091e-09
                        6  0.3410     0.0714               1.1060 2.1091e-09
                        7  0.4543     0.0714               0.9927 2.1091e-09
                        8  0.4863     0.0714               0.9607 2.1091e-09
                       11  0.7162     0.0714               0.7308 2.1091e-09
                       12  0.7535     0.0714               0.6935 2.1091e-09
                       18  1.1677     0.0714               0.2793 2.1091e-09
                       20  1.1950     0.0714               0.2520 2.1091e-09
                       22  1.2390     0.0714               0.2080 2.1091e-09
                       23  1.2937     0.0714               0.1533 2.1091e-09
                       24  1.3509     0.0714               0.0961 2.1091e-09
 26  1.3840    2.0-                          4.2845e-08
                        0  0.0000     0.0714               1.3840 3.0604e-09
                        1  0.0266     0.0714               1.3574 3.0604e-09
                        2  0.1105     0.0714               1.2735 3.0604e-09
                        4  0.2151     0.0714               1.1689 3.0604e-09
                        6  0.3410     0.0714               1.0430 3.0604e-09
                        7  0.4543     0.0714               0.9297 3.0604e-09
                        8  0.4863     0.0714               0.8977 3.0604e-09
                       11  0.7162     0.0714               0.6678 3.0604e-09
                       12  0.7535     0.0714               0.6305 3.0604e-09
                       18  1.1677     0.0714               0.2163 3.0604e-09
                       20  1.1950     0.0714               0.1890 3.0604e-09
                       22  1.2390     0.0714               0.1450 3.0604e-09
                       23  1.2937     0.0714               0.0903 3.0604e-09
                       24  1.3509     0.0714               0.0331 3.0604e-09
 25  1.3640    2.0-                          4.8266e-08
                        0  0.0000     0.0714               1.3640 3.4476e-09
                        1  0.0266     0.0714               1.3374 3.4476e-09
                        2  0.1105     0.0714               1.2535 3.4476e-09
                        4  0.2151     0.0714               1.1489 3.4476e-09
                        6  0.3410     0.0714               1.0230 3.4476e-09
                        7  0.4543     0.0714               0.9097 3.4476e-09
                        8  0.4863     0.0714               0.8777 3.4476e-09
                       11  0.7162     0.0714               0.6478 3.4476e-09
                       12  0.7535     0.0714               0.6105 3.4476e-09
                       18  1.1677     0.0714               0.1963 3.4476e-09
                       20  1.1950     0.0714               0.1690 3.4476e-09
                       22  1.2390     0.0714               0.1250 3.4476e-09
                       23  1.2937     0.0714               0.0703 3.4476e-09
                       24  1.3509     0.0714               0.0131 3.4476e-09
 24  1.3509    2.0+                          5.4928e-08
                        9  0.5410     0.2000               0.8099 1.0986e-08
                       10  0.6610     0.2000               0.6899 1.0986e-08
                       14  0.8530     0.2000               0.4979 1.0986e-08
                       15  0.8840     0.2000               0.4669 1.0986e-08
                       16  0.9740     0.2000               0.3769 1.0986e-08
 23  1.2937    2.0+                          7.3626e-08
                        9  0.5410     0.2000               0.7527 1.4725e-08
                       10  0.6610     0.2000               0.6327 1.4725e-08
                       14  0.8530     0.2000               0.4407 1.4725e-08
                       15  0.8840     0.2000               0.4097 1.4725e-08
                       16  0.9740     0.2000               0.3197 1.4725e-08
 22  1.2390    3.0+                          1.4184e-07
                        9  0.5410     0.2500               0.6980 3.5460e-08
                       10  0.6610     0.2500               0.5780 3.5460e-08
                       14  0.8530     0.2500               0.3860 3.5460e-08
                       17  1.1400     0.2500               0.0990 3.5460e-08
 21  1.2367    5.0+                          3.1006e-07                       2.6000e-12
                       12  0.7535     0.7815               0.4832 2.4197e-07
                        5  0.3355     0.2185               0.9011 6.7734e-08
 20  1.1950    3.0+                          1.8151e-07
                        9  0.5410     0.2500               0.6540 4.5377e-08
                       10  0.6610     0.2500               0.5340 4.5377e-08
                       14  0.8530     0.2500               0.3420 4.5377e-08
                       17  1.1400     0.2500               0.0550 4.5377e-08
 19  1.1923    4.0+                          2.5810e-07                       5.0000e-13
                       12  0.7535     0.0295               0.4388 7.6039e-09
                       11  0.7162     0.5933               0.4761 1.5210e-07
                        5  0.3355     0.3772               0.8567 9.7332e-08
 18  1.1677    1.0+                          9.0143e-08
                        9  0.5410     0.2500               0.6267 2.2536e-08
                       14  0.8530     0.2500               0.3147 2.2536e-08
                       15  0.8840     0.2500               0.2837 2.2536e-08
                       16  0.9740     0.2500               0.1937 2.2536e-08
 17  1.1400    4.0-                          4.8422e-07
                        0  0.0000     0.1250               1.1400 6.0528e-08
                        3  0.2120     0.1250               0.9280 6.0528e-08
                        5  0.3355     0.1250               0.8045 6.0528e-08
                        6  0.3410     0.1250               0.7990 6.0528e-08
                        7  0.4543     0.1250               0.6857 6.0528e-08
                        8  0.4863     0.1250               0.6537 6.0528e-08
                       12  0.7535     0.1250               0.3865 6.0528e-08
                       13  0.8404     0.1250               0.2996 6.0528e-08
 16  0.9740    1.0-                          3.2533e-07
                        1  0.0266     0.2500               0.9474 8.1334e-08
                        2  0.1105     0.2500               0.8635 8.1334e-08
                        4  0.2151     0.2500               0.7589 8.1334e-08
                       11  0.7162     0.2500               0.2578 8.1334e-08
 15  0.8840    1.0-                          4.9719e-07
                        1  0.0266     0.2500               0.8574 1.2430e-07
                        2  0.1105     0.2500               0.7735 1.2430e-07
                        4  0.2151     0.2500               0.6689 1.2430e-07
                       11  0.7162     0.2500               0.1678 1.2430e-07
 14  0.8530    2.0-                          1.0114e-06
                        0  0.0000     0.1111               0.8530 1.1238e-07
                        1  0.0266     0.1111               0.8264 1.1238e-07
                        2  0.1105     0.1111               0.7425 1.1238e-07
                        4  0.2151     0.1111               0.6379 1.1238e-07
                        6  0.3410     0.1111               0.5120 1.1238e-07
                        7  0.4543     0.1111               0.3987 1.1238e-07
                        8  0.4863     0.1111               0.3667 1.1238e-07
                       11  0.7162     0.1111               0.1368 1.1238e-07
                       12  0.7535     0.1111               0.0995 1.1238e-07
 13  0.8404    5.0+                          2.9777e-06
                        8  0.4863     0.4209               0.3541 1.2483e-06
                        6  0.3410     0.1679               0.4994 4.9932e-07
                        5  0.3355     0.4112               0.5049 1.2233e-06
 12  0.7535    3.0+                          2.3726e-06                       5.0000e-13
                        7  0.4543     0.0292               0.2991 6.9049e-08
                        3  0.2120     0.9708               0.5414 2.3015e-06
 11  0.7162    1.0+                          1.3824e-06
                        8  0.4863     0.2432               0.2299 3.2973e-07
                        6  0.3410     0.3989               0.3752 5.4955e-07
                        0  0.0000     0.3580               0.7162 4.9462e-07
 10  0.6610    3.0-                          3.6076e-06
                        0  0.0000     0.1429               0.6610 5.1537e-07
                        1  0.0266     0.1429               0.6344 5.1537e-07
                        3  0.2120     0.1429               0.4490 5.1537e-07
                        4  0.2151     0.1429               0.4459 5.1537e-07
                        6  0.3410     0.1429               0.3200 5.1537e-07
                        7  0.4543     0.1429               0.2067 5.1537e-07
                        8  0.4863     0.1429               0.1747 5.1537e-07
  9  0.5410    2.0-                          4.3061e-06
                        0  0.0000     0.1429               0.5410 6.1515e-07
                        1  0.0266     0.1429               0.5144 6.1515e-07
                        2  0.1105     0.1429               0.4305 6.1515e-07
                        4  0.2151     0.1429               0.3259 6.1515e-07
                        6  0.3410     0.1429               0.2000 6.1515e-07
                        7  0.4543     0.1429               0.0867 6.1515e-07
                        8  0.4863     0.1429               0.0547 6.1515e-07
  8  0.4863    3.0+                          9.8500e-06
                        6  0.3410     0.0021               0.1453 1.9589e-08
                        4  0.2151     0.7146               0.2712 6.9969e-06
                        3  0.2120     0.0579               0.2743 5.6672e-07
                        1  0.0266     0.1991               0.4597 1.9588e-06
                        0  0.0000     0.0263               0.4863 2.5890e-07
  7  0.4543    3.0+                          9.4220e-06
                        6  0.3410     0.0187               0.1133 1.5330e-07
                        3  0.2120     0.0232               0.2423 2.1637e-07
                        0  0.0000     0.9581               0.4543 9.0166e-06
  6  0.3410    3.0+                          1.5885e-05
                        4  0.2151     0.0036               0.1259 5.1499e-08
                        3  0.2120     0.0083               0.1290 1.2065e-07
                        1  0.0266     0.9296               0.3144 1.4712e-05
                        0  0.0000     0.0585               0.3410 9.2679e-07
  5  0.3355    5.0+                          3.4257e-05                       2.0000e-09
                        3  0.2120     0.6054               0.1235 1.8684e-05
                        0  0.0000     0.3946               0.3355 1.3452e-05
  4  0.2151    2.0+                          2.3274e-05
                        2  0.1105     0.7914               0.1046 1.5349e-05
                        1  0.0266     0.1417               0.1885 3.2238e-06
                        0  0.0000     0.0669               0.2151 1.5351e-06
  3  0.2120    4.0+                          5.9786e-05                       3.0000e-11
                        0  0.0000     1.0000               0.2120 5.8902e-05
  2  0.1105    1.0+                          3.2655e-05                       5.0800e-09
                        1  0.0266     0.9959               0.0839 3.0984e-05
                        0  0.0000     0.0041               0.1105 1.0226e-07
  1  0.0266    2.0+                          8.5544e-05                       8.7000e-09
                        0  0.0000     1.0000               0.0266 3.8189e-05
  0  0.0000    3.0+                          2.2725e-04                       9.2840e+03
#......................................................................../  026-057Fe //  16.000000
#                                                                          SUM SPECTRA FOR COMPOUND
#            023-051V       gamma    neutron     proton      alpha
 SpcSum[mb]            1.3184e-01 0.0000e+00 4.2315e-15 0.0000e+00
 Emean[MeV]            6.9197e-01 0.0000e+00 1.1791e+00 0.0000e+00
#......................................................................../  026-057Fe //  16.000000
#                                                                   GAMMAS FROM DISCRETE TRANSITION
#           0 0 2 0 0 0             023-051V 
#   Ex[MeV]     Jpi    FinalState  Branching Production    Egamma Production   T(1/2)[s]
 68  4.2655    0.5-                          2.2594e-06
                        1  0.3201     0.5000               3.9454 1.1297e-06
                        0  0.0000     0.5000               4.2655 1.1297e-06
 67  4.2395    1.5-                          4.8965e-06
                        9  2.4108     0.5986               1.8287 2.9304e-06
                        1  0.3201     0.4014               3.9194 1.9633e-06
 66  4.2248    5.5-                          2.0303e-05
                       37  3.6141     0.0266               0.6107 5.4002e-07
                       32  3.5169     0.0179               0.7079 3.6331e-07
                        7  1.8132     0.4838               2.4116 9.8174e-06
                        6  1.6092     0.4548               2.6156 9.2281e-06
                        0  0.0000     0.0169               4.2248 3.4349e-07
 65  4.2000    1.5+                          5.5715e-06
                        1  0.3201     0.0476               3.8799 2.6531e-07
                        3  0.9286     0.0476               3.2714 2.6531e-07
                        9  2.4108     0.0476               1.7893 2.6531e-07
                       16  3.0835     0.0476               1.1165 2.6531e-07
                       17  3.1500     0.0476               1.0500 2.6531e-07
                       18  3.2155     0.0476               0.9845 2.6531e-07
                       19  3.2644     0.0476               0.9356 2.6531e-07
                       20  3.2800     0.0476               0.9200 2.6531e-07
                       23  3.3720     0.0476               0.8280 2.6531e-07
                       25  3.3811     0.0476               0.8189 2.6531e-07
                       30  3.4439     0.0476               0.7561 2.6531e-07
                       35  3.5682     0.0476               0.6318 2.6531e-07
                       36  3.5768     0.0476               0.6232 2.6531e-07
                       38  3.6231     0.0476               0.5769 2.6531e-07
                       39  3.6320     0.0476               0.5680 2.6531e-07
                       40  3.6631     0.0476               0.5369 2.6531e-07
                       41  3.6675     0.0476               0.5325 2.6531e-07
                       42  3.6785     0.0476               0.5215 2.6531e-07
                       49  3.7965     0.0476               0.4035 2.6531e-07
                       60  4.0253     0.0476               0.1747 2.6531e-07
                       64  4.1800     0.0476               0.0200 2.6531e-07
 64  4.1800    0.5-                          3.1763e-06
                        2  0.4700     0.1000               3.7100 3.1763e-07
                        5  1.1900     0.1000               2.9900 3.1763e-07
                       10  2.5464     0.1000               1.6336 3.1763e-07
                       12  2.6775     0.1000               1.5025 3.1763e-07
                       15  2.8700     0.1000               1.3100 3.1763e-07
                       43  3.6808     0.1000               0.4992 3.1763e-07
                       45  3.7430     0.1000               0.4370 3.1763e-07
                       46  3.7482     0.1000               0.4318 3.1763e-07
                       47  3.7653     0.1000               0.4147 3.1763e-07
                       54  3.8739     0.1000               0.3061 3.1763e-07
 63  4.1240    4.5-                          2.0460e-05                       8.0000e-15
                       24  3.3777     0.0070               0.7464 1.4335e-07
                        6  1.6092     0.8873               2.5148 1.8144e-05
                        0  0.0000     0.1057               4.1240 2.1601e-06
 62  4.0525    2.5+                          1.3246e-05                       6.6000e-14
                        1  0.3201     1.0000               3.7324 1.3225e-05
 61  4.0300    2.5+                          1.4130e-05
                        0  0.0000     0.0455               4.0300 6.4226e-07
                        1  0.3201     0.0455               3.7099 6.4226e-07
                        3  0.9286     0.0455               3.1014 6.4226e-07
                        9  2.4108     0.0455               1.6193 6.4226e-07
                       16  3.0835     0.0455               0.9465 6.4226e-07
                       17  3.1500     0.0455               0.8800 6.4226e-07
                       18  3.2155     0.0455               0.8145 6.4226e-07
                       19  3.2644     0.0455               0.7656 6.4226e-07
                       20  3.2800     0.0455               0.7500 6.4226e-07
                       23  3.3720     0.0455               0.6580 6.4226e-07
                       25  3.3811     0.0455               0.6489 6.4226e-07
                       30  3.4439     0.0455               0.5861 6.4226e-07
                       34  3.5626     0.0455               0.4674 6.4226e-07
                       35  3.5682     0.0455               0.4618 6.4226e-07
                       36  3.5768     0.0455               0.4532 6.4226e-07
                       38  3.6231     0.0455               0.4069 6.4226e-07
                       39  3.6320     0.0455               0.3980 6.4226e-07
                       40  3.6631     0.0455               0.3669 6.4226e-07
                       41  3.6675     0.0455               0.3625 6.4226e-07
                       42  3.6785     0.0455               0.3515 6.4226e-07
                       49  3.7965     0.0455               0.2335 6.4226e-07
                       60  4.0253     0.0455               0.0047 6.4226e-07
 60  4.0253    2.5-                          1.5009e-05                       1.7000e-14
                        7  1.8132     1.0000               2.2121 1.5002e-05
 59  4.0026    4.5-                          2.9006e-05                       1.7000e-16
                        1  0.3201     0.1589               3.6825 4.6042e-06
                        0  0.0000     0.8411               4.0026 2.4370e-05
 58  3.9433    4.5-                          3.4296e-05                       9.0000e-14
                        7  1.8132     0.3280               2.1301 1.1246e-05
                        6  1.6092     0.5468               2.3341 1.8746e-05
                        3  0.9286     0.1093               3.0147 3.7475e-06
                        1  0.3201     0.0158               3.6232 5.4170e-07
 57  3.9390    2.5+                          1.8308e-05
                        0  0.0000     0.0476               3.9390 8.7183e-07
                        1  0.3201     0.0476               3.6189 8.7183e-07
                        3  0.9286     0.0476               3.0104 8.7183e-07
                        9  2.4108     0.0476               1.5282 8.7183e-07
                       16  3.0835     0.0476               0.8555 8.7183e-07
                       17  3.1500     0.0476               0.7890 8.7183e-07
                       18  3.2155     0.0476               0.7235 8.7183e-07
                       19  3.2644     0.0476               0.6746 8.7183e-07
                       20  3.2800     0.0476               0.6590 8.7183e-07
                       23  3.3720     0.0476               0.5670 8.7183e-07
                       25  3.3811     0.0476               0.5579 8.7183e-07
                       30  3.4439     0.0476               0.4951 8.7183e-07
                       34  3.5626     0.0476               0.3764 8.7183e-07
                       35  3.5682     0.0476               0.3708 8.7183e-07
                       36  3.5768     0.0476               0.3622 8.7183e-07
                       38  3.6231     0.0476               0.3159 8.7183e-07
                       39  3.6320     0.0476               0.3070 8.7183e-07
                       40  3.6631     0.0476               0.2759 8.7183e-07
                       41  3.6675     0.0476               0.2715 8.7183e-07
                       42  3.6785     0.0476               0.2605 8.7183e-07
                       49  3.7965     0.0476               0.1425 8.7183e-07
 56  3.9195    4.5-                          3.6671e-05                       1.4000e-14
                       24  3.3777     0.0096               0.5418 3.5300e-07
                        7  1.8132     0.1792               2.1062 6.5689e-06
                        6  1.6092     0.1792               2.3102 6.5683e-06
                        1  0.3201     0.4079               3.5994 1.4942e-05
                        0  0.0000     0.2241               3.9195 8.2087e-06
 55  3.9024    4.5+                          3.9242e-05                       3.7000e-14
                        7  1.8132     0.3243               2.0891 1.2717e-05
                        6  1.6092     0.6757               2.2931 2.6493e-05
 54  3.8739    1.5+                          1.4530e-05
                        3  0.9286     0.0495               2.9453 7.1774e-07
                        1  0.3201     0.4013               3.5538 5.8218e-06
                        0  0.0000     0.5493               3.8739 7.9744e-06
 53  3.8737    7.5-                          8.2813e-05                       1.5000e-13
                       27  3.3856     0.0926               0.4881 7.6604e-06
                       13  2.6996     0.8982               1.1741 7.4373e-05
                        6  1.6092     0.0093               2.2645 7.6605e-07
 52  3.8400    3.5+                          3.4054e-05
                        0  0.0000     0.0526               3.8400 1.7923e-06
                        1  0.3201     0.0526               3.5199 1.7923e-06
                        7  1.8132     0.0526               2.0268 1.7923e-06
                       16  3.0835     0.0526               0.7565 1.7923e-06
                       19  3.2644     0.0526               0.5756 1.7923e-06
                       20  3.2800     0.0526               0.5600 1.7923e-06
                       24  3.3777     0.0526               0.4623 1.7923e-06
                       25  3.3811     0.0526               0.4589 1.7923e-06
                       26  3.3832     0.0526               0.4568 1.7923e-06
                       30  3.4439     0.0526               0.3961 1.7923e-06
                       31  3.4541     0.0526               0.3859 1.7923e-06
                       32  3.5169     0.0526               0.3231 1.7923e-06
                       34  3.5626     0.0526               0.2774 1.7923e-06
                       35  3.5682     0.0526               0.2718 1.7923e-06
                       37  3.6141     0.0526               0.2259 1.7923e-06
                       39  3.6320     0.0526               0.2080 1.7923e-06
                       41  3.6675     0.0526               0.1725 1.7923e-06
                       49  3.7965     0.0526               0.0435 1.7923e-06
                       50  3.8036     0.0526               0.0364 1.7923e-06
 51  3.8100    3.5+                          3.6995e-05
                        0  0.0000     0.0526               3.8100 1.9471e-06
                        1  0.3201     0.0526               3.4899 1.9471e-06
                        7  1.8132     0.0526               1.9968 1.9471e-06
                       16  3.0835     0.0526               0.7265 1.9471e-06
                       19  3.2644     0.0526               0.5456 1.9471e-06
                       20  3.2800     0.0526               0.5300 1.9471e-06
                       24  3.3777     0.0526               0.4323 1.9471e-06
                       25  3.3811     0.0526               0.4289 1.9471e-06
                       26  3.3832     0.0526               0.4268 1.9471e-06
                       30  3.4439     0.0526               0.3661 1.9471e-06
                       31  3.4541     0.0526               0.3559 1.9471e-06
                       32  3.5169     0.0526               0.2931 1.9471e-06
                       34  3.5626     0.0526               0.2474 1.9471e-06
                       35  3.5682     0.0526               0.2418 1.9471e-06
                       37  3.6141     0.0526               0.1959 1.9471e-06
                       39  3.6320     0.0526               0.1780 1.9471e-06
                       41  3.6675     0.0526               0.1425 1.9471e-06
                       49  3.7965     0.0526               0.0135 1.9471e-06
                       50  3.8036     0.0526               0.0064 1.9471e-06
 50  3.8036    4.5-                          5.4297e-05
                        7  1.8132     0.3976               1.9904 2.1582e-05
                        6  1.6092     0.4142               2.1944 2.2481e-05
                        0  0.0000     0.1882               3.8036 1.0208e-05
 49  3.7965    2.5-                          3.2356e-05                       2.4000e-14
                        3  0.9286     0.4011               2.8679 1.2969e-05
                        0  0.0000     0.5989               3.7965 1.9358e-05
 48  3.7795    3.5+                          4.0231e-05                       2.6000e-14
                        1  0.3201     0.5988               3.4594 2.4055e-05
                        0  0.0000     0.4012               3.7795 1.6115e-05
 47  3.7653    0.5+                          9.8917e-06
                        1  0.3201     1.0000               3.4452 9.8851e-06
 46  3.7482    0.5+                          1.0348e-05
                        1  0.3201     1.0000               3.4281 1.0341e-05
 45  3.7430    1.5+                          2.0708e-05
                        1  0.3201     0.0556               3.4229 1.1505e-06
                        3  0.9286     0.0556               2.8144 1.1505e-06
                        9  2.4108     0.0556               1.3322 1.1505e-06
                       16  3.0835     0.0556               0.6595 1.1505e-06
                       17  3.1500     0.0556               0.5930 1.1505e-06
                       18  3.2155     0.0556               0.5275 1.1505e-06
                       19  3.2644     0.0556               0.4786 1.1505e-06
                       20  3.2800     0.0556               0.4630 1.1505e-06
                       23  3.3720     0.0556               0.3710 1.1505e-06
                       25  3.3811     0.0556               0.3619 1.1505e-06
                       30  3.4439     0.0556               0.2991 1.1505e-06
                       35  3.5682     0.0556               0.1748 1.1505e-06
                       36  3.5768     0.0556               0.1662 1.1505e-06
                       38  3.6231     0.0556               0.1199 1.1505e-06
                       39  3.6320     0.0556               0.1110 1.1505e-06
                       40  3.6631     0.0556               0.0799 1.1505e-06
                       41  3.6675     0.0556               0.0755 1.1505e-06
                       42  3.6785     0.0556               0.0645 1.1505e-06
 44  3.7231    3.5+                          4.6914e-05
                        0  0.0000     1.0000               3.7231 4.6841e-05
 43  3.6808    1.5+                          2.4453e-05
                       16  3.0835     0.2480               0.5973 6.0632e-06
                        0  0.0000     0.7520               3.6808 1.8375e-05
 42  3.6785    1.5-                          2.6971e-05                       3.4000e-11
                        0  0.0000     1.0000               3.6785 2.6943e-05
 41  3.6675    2.5-                          4.4810e-05
                        9  2.4108     0.2616               1.2567 1.1721e-05
                        3  0.9286     0.0671               2.7389 3.0053e-06
                        1  0.3201     0.6713               3.3474 3.0054e-05
 40  3.6631    1.5-                          2.7990e-05
                        0  0.0000     1.0000               3.6631 2.7960e-05
 39  3.6320    2.5-                          4.8616e-05                       1.3000e-14
                        1  0.3201     0.7576               3.3119 3.6800e-05
                        0  0.0000     0.2424               3.6320 1.1773e-05
 38  3.6231    1.5-                          3.0824e-05
                        3  0.9286     0.2256               2.6945 6.9489e-06
                        1  0.3201     0.6097               3.3030 1.8778e-05
                        0  0.0000     0.1647               3.6231 5.0709e-06
 37  3.6141    4.5-                          8.8571e-05                       1.8700e-13
                        7  1.8132     0.2191               1.8008 1.9403e-05
                        6  1.6092     0.7558               2.0048 6.6918e-05
                        0  0.0000     0.0251               3.6141 2.2220e-06
 36  3.5768    1.5-                          3.4483e-05                       6.0000e-14
                        1  0.3201     0.4012               3.2567 1.3823e-05
                        0  0.0000     0.5988               3.5768 2.0627e-05
 35  3.5682    2.5-                          5.6383e-05                       8.0000e-14
                        1  0.3201     1.0000               3.2481 5.6335e-05
 34  3.5626    3.5-                          7.6961e-05
                        0  0.0000     1.0000               3.5626 7.6887e-05
 33  3.5555    3.5+                          7.3410e-05
                        0  0.0000     1.0000               3.5555 7.3300e-05
 32  3.5169    4.5-                          1.1289e-04                       1.7000e-14
                        7  1.8132     0.0718               1.7037 8.1018e-06
                        1  0.3201     0.2239               3.1969 2.5255e-05
                        0  0.0000     0.7043               3.5169 7.9435e-05
 31  3.4541    4.5-                          1.3175e-04                       1.0000e-14
                        1  0.3201     0.6211               3.1340 8.1759e-05
                        0  0.0000     0.3789               3.4541 4.9873e-05
 30  3.4439    2.5-                          7.5470e-05                       7.0000e-15
                        3  0.9286     1.0000               2.5153 7.5429e-05
 29  3.4128    3.5+                          1.0632e-04
                        1  0.3201     1.0000               3.0927 1.0619e-04
 28  3.3950    6.5-                          2.4107e-04                       1.5000e-14
                        7  1.8132     0.5650               1.5818 1.3618e-04
                        6  1.6092     0.4350               1.7858 1.0484e-04
 27  3.3856    6.5-                          2.5452e-04                       8.7000e-13
                       13  2.6996     0.0297               0.6860 7.5673e-06
                        7  1.8132     0.0110               1.5723 2.8069e-06
                        6  1.6092     0.9592               1.7764 2.4409e-04
 26  3.3832    4.5-                          1.5717e-04                       6.7000e-14
                        7  1.8132     0.1280               1.5700 2.0115e-05
                        6  1.6092     0.2621               1.7740 4.1186e-05
                        0  0.0000     0.6099               3.3832 9.5775e-05
 25  3.3811    2.5-                          8.7525e-05                       7.3000e-14
                        0  0.0000     1.0000               3.3811 8.7446e-05
 24  3.3777    4.5-                          1.5984e-04                       5.6000e-14
                        1  0.3201     0.1150               3.0576 1.8366e-05
                        0  0.0000     0.8850               3.3777 1.4133e-04
 23  3.3720    1.5-                          5.6662e-05
                        2  0.4700     0.1429               2.9020 8.0946e-06
                        5  1.1900     0.1429               2.1820 8.0946e-06
                       10  2.5464     0.1429               0.8256 8.0946e-06
                       11  2.6000     0.1429               0.7720 8.0946e-06
                       12  2.6775     0.1429               0.6945 8.0946e-06
                       14  2.7900     0.1429               0.5820 8.0946e-06
                       15  2.8700     0.1429               0.5020 8.0946e-06
 22  3.3200    4.5+                          1.8327e-04
                        0  0.0000     0.3333               3.3200 6.1089e-05
                        6  1.6092     0.3333               1.7108 6.1089e-05
                        7  1.8132     0.3333               1.5068 6.1089e-05
 21  3.3100    3.5+                          1.3802e-04
                        0  0.0000     0.1667               3.3100 2.3003e-05
                        1  0.3201     0.1667               2.9899 2.3003e-05
                        7  1.8132     0.1667               1.4968 2.3003e-05
                       16  3.0835     0.1667               0.2265 2.3003e-05
                       19  3.2644     0.1667               0.0456 2.3003e-05
                       20  3.2800     0.1667               0.0300 2.3003e-05
 20  3.2800    2.5-                          1.3411e-04                       1.3900e-13
                        9  2.4108     0.1381               0.8692 1.8516e-05
                        3  0.9286     0.3094               2.3514 4.1471e-05
                        1  0.3201     0.5525               2.9599 7.4050e-05
 19  3.2644    2.5-                          1.3828e-04                       5.3000e-14
                        9  2.4108     0.0098               0.8536 1.3560e-06
                        3  0.9286     0.0981               2.3357 1.3559e-05
                        1  0.3201     0.8921               2.9443 1.2327e-04
 18  3.2155    1.5-                          8.2562e-05                       2.6000e-14
                        9  2.4108     0.2989               0.8047 2.4671e-05
                        3  0.9286     0.5434               2.2869 4.4848e-05
                        1  0.3201     0.1577               2.8954 1.3010e-05
 17  3.1500    1.5-                          9.6504e-05
                        2  0.4700     0.1429               2.6800 1.3786e-05
                        5  1.1900     0.1429               1.9600 1.3786e-05
                       10  2.5464     0.1429               0.6036 1.3786e-05
                       11  2.6000     0.1429               0.5500 1.3786e-05
                       12  2.6775     0.1429               0.4725 1.3786e-05
                       14  2.7900     0.1429               0.3600 1.3786e-05
                       15  2.8700     0.1429               0.2800 1.3786e-05
 16  3.0835    2.5-                          2.0517e-04                       1.0400e-14
                        9  2.4108     0.0600               0.6728 1.2303e-05
                        3  0.9286     0.3079               2.1549 6.3154e-05
                        1  0.3201     0.4000               2.7634 8.2023e-05
                        0  0.0000     0.2320               3.0835 4.7567e-05
 15  2.8700    1.5+                          2.0589e-04
                        1  0.3201     0.3333               2.5499 6.8629e-05
                        3  0.9286     0.3333               1.9414 6.8629e-05
                        9  2.4108     0.3333               0.4592 6.8629e-05
 14  2.7900    2.5+                          3.6388e-04
                        0  0.0000     0.2500               2.7900 9.0969e-05
                        1  0.3201     0.2500               2.4699 9.0969e-05
                        3  0.9286     0.2500               1.8614 9.0969e-05
                        9  2.4108     0.2500               0.3792 9.0969e-05
 13  2.6996    7.5-                          1.5583e-03                       5.5000e-12
                        6  1.6092     1.0000               1.0904 1.5582e-03
 12  2.6775    1.5+                          3.0686e-04                       5.8000e-13
                        3  0.9286     1.0000               1.7488 3.0672e-04
 11  2.6000    2.5+                          5.4554e-04
                        0  0.0000     0.2500               2.6000 1.3638e-04
                        1  0.3201     0.2500               2.2799 1.3638e-04
                        3  0.9286     0.2500               1.6714 1.3638e-04
                        9  2.4108     0.2500               0.1892 1.3638e-04
 10  2.5464    0.5+                          2.1096e-04                       7.0000e-13
                        3  0.9286     1.0000               1.6178 2.1088e-04
  9  2.4108    1.5-                          8.7655e-04                       1.3900e-14
                        3  0.9286     0.0863               1.4821 7.5645e-05
                        1  0.3201     0.7194               2.0907 6.3038e-04
                        0  0.0000     0.1943               2.4108 1.7022e-04
  8  1.9100    4.5+                          4.0308e-03
                        0  0.0000     0.3333               1.9100 1.3436e-03
                        6  1.6092     0.3333               0.3008 1.3436e-03
                        7  1.8132     0.3333               0.0968 1.3436e-03
  7  1.8132    4.5-                          6.4629e-03                       5.8000e-13
                        6  1.6092     0.0106               0.2040 6.7687e-05
                        1  0.3201     0.2410               1.4932 1.5573e-03
                        0  0.0000     0.7484               1.8132 4.8355e-03
  6  1.6092    5.5-                          1.2408e-02                       5.5000e-13
                        0  0.0000     1.0000               1.6092 1.2406e-02
  5  1.1900    0.5+                          2.5314e-03
                        3  0.9286     1.0000               0.2614 2.5314e-03
  4  1.0100    3.5+                          1.4559e-02
                        0  0.0000     0.5000               1.0100 7.2797e-03
                        1  0.3201     0.5000               0.6899 7.2797e-03
  3  0.9286    1.5-                          1.1445e-02                       8.3000e-12
                        1  0.3201     0.1402               0.6086 1.6038e-03
                        0  0.0000     0.8598               0.9286 9.8390e-03
  2  0.4700    1.5+                          1.5546e-02
                        1  0.3201     1.0000               0.1499 1.5546e-02
  1  0.3201    2.5-                          5.7237e-02                       1.8400e-10
                        0  0.0000     1.0000               0.3201 5.7130e-02
  0  0.0000    3.5-                          1.5740e-01
#......................................................................../  026-057Fe //  16.000000
#                                                                          SUM SPECTRA FOR COMPOUND
#            024-053Cr      gamma    neutron
 SpcSum[mb]            3.2951e-06 0.0000e+00
 Emean[MeV]            8.0811e-01 0.0000e+00
#......................................................................../  026-057Fe //  16.000000
#                                                                   GAMMAS FROM DISCRETE TRANSITION
#           0 0 1 1 0 0             024-053Cr
#   Ex[MeV]     Jpi    FinalState  Branching Production    Egamma Production   T(1/2)[s]
 33  3.7810    0.5+                          9.2701e-15
                        0  0.0000     0.0909               3.7810 8.4273e-16
                        1  0.5640     0.0909               3.2170 8.4273e-16
                        8  2.3207     0.0909               1.4603 8.4273e-16
                       10  2.4620     0.0909               1.3190 8.4273e-16
                       12  2.6699     0.0909               1.1111 8.4273e-16
                       14  2.7085     0.0909               1.0725 8.4273e-16
                       15  2.7230     0.0909               1.0580 8.4273e-16
                       21  3.1721     0.0909               0.6089 8.4273e-16
                       22  3.1801     0.0909               0.6010 8.4273e-16
                       29  3.5950     0.0909               0.1860 8.4273e-16
                       30  3.6165     0.0909               0.1645 8.4273e-16
 32  3.7065    4.5+                          1.2002e-13
                        3  1.2895     1.0000               2.4170 1.1991e-13
 31  3.6955    3.5+                          9.3877e-14
                        0  0.0000     1.0000               3.6955 9.3806e-14
 30  3.6165    0.5-                          3.5951e-14
                        0  0.0000     1.0000               3.6165 3.5915e-14
 29  3.5950    0.5-                          4.3251e-14
                        1  0.5640     1.0000               3.0310 4.3251e-14
 28  3.5924    6.5-                          5.4666e-13                       1.3000e-13
                       17  2.8265     1.0000               0.7659 5.4655e-13
 27  3.4346    3.5-                          7.5361e-13
                        3  1.2895     1.0000               2.1451 7.5332e-13
 26  3.3817    4.5-                          1.7231e-12
                        4  1.5366     1.0000               1.8451 1.7227e-12
 25  3.3510    3.5-                          1.4930e-12
                       20  3.1371     0.5000               0.2139 7.4648e-13
                       24  3.2621     0.5000               0.0889 7.4648e-13
 24  3.2621    2.5+                          3.2722e-12                       2.1000e-14
                        4  1.5366     0.1999               1.7255 6.5381e-13
                        2  1.0063     0.2285               2.2559 7.4708e-13
                        0  0.0000     0.5716               3.2621 1.8678e-12
 23  3.2436    6.5-                          1.0338e-11                       6.0000e-13
                       19  3.0841     0.5000               0.1595 5.1692e-12
                        6  2.1723     0.5000               1.0713 5.1692e-12
 22  3.1801    1.5-                          2.5212e-12
                        3  1.2895     0.1000               1.8905 2.5196e-13
                        2  1.0063     0.1500               2.1738 3.7801e-13
                        1  0.5640     0.5000               2.6160 1.2598e-12
                        0  0.0000     0.2501               3.1801 6.3000e-13
 21  3.1721    1.5-                          2.6784e-12
                        0  0.0000     1.0000               3.1721 2.6762e-12
 20  3.1371    2.5+                          7.4025e-12                       4.0000e-14
                        3  1.2895     1.0000               1.8476 7.3984e-12
 19  3.0841    7.5-                          5.2083e-11                       3.0000e-11
                       13  2.7059     0.0070               0.3782 3.6199e-13
                        6  2.1723     0.9930               0.9118 5.1710e-11
 18  2.9925    2.5-                          1.5875e-11
                       11  2.6565     0.0000               0.3360 0.0000e+00
                        3  1.2895     0.5814               1.7030 9.2276e-12
                        2  1.0063     0.4186               1.9862 6.6430e-12
 17  2.8265    5.5-                          1.5124e-10                       1.1000e-13
                        7  2.2332     1.0000               0.5933 1.5119e-10
 16  2.7710    3.5-                          1.0646e-10
                        3  1.2895     1.0000               1.4815 1.0644e-10
 15  2.7230    1.5-                          6.4341e-11
                        0  0.0000     1.0000               2.7230 6.4341e-11
 14  2.7085    1.5-                          7.0783e-11
                        8  2.3207     0.0483               0.3878 3.4134e-12
                        5  1.9737     0.1316               0.7348 9.3114e-12
                        2  1.0063     0.2763               1.7022 1.9551e-11
                        1  0.5640     0.4386               2.1445 3.1030e-11
                        0  0.0000     0.1053               2.7085 7.4480e-12
 13  2.7059    5.5-                          3.4232e-10                       2.4000e-12
                        6  2.1723     1.0000               0.5335 3.4209e-10
 12  2.6699    0.5-                          4.5259e-11                       7.0000e-15
                        1  0.5640     0.4011               2.1059 1.8147e-11
                        0  0.0000     0.5989               2.6699 2.7089e-11
 11  2.6565    2.5-                          1.5724e-10                       1.7000e-14
                        3  1.2895     0.2671               1.3670 4.1995e-11
                        2  1.0063     0.6849               1.6502 1.0768e-10
                        0  0.0000     0.0480               2.6565 7.5383e-12
 10  2.4620    1.5-                          3.3713e-10
                        0  0.0000     1.0000               2.4620 3.3713e-10
  9  2.4531    4.5-                          1.2719e-09
                        6  2.1723     0.0000               0.2808 0.0000e+00
                        3  1.2895     0.4012               1.1636 5.1021e-10
                        2  1.0063     0.5988               1.4468 7.6148e-10
  8  2.3207    1.5-                          7.8834e-10                       8.0000e-16
                        0  0.0000     1.0000               2.3207 7.8801e-10
  7  2.2332    4.5-                          4.9779e-09                       3.6000e-13
                        4  1.5366     1.0000               0.6965 4.9766e-09
  6  2.1723    5.5-                          1.0056e-08                       9.6000e-12
                        3  1.2895     1.0000               0.8828 1.0054e-08
  5  1.9737    2.5-                          8.7868e-09                       3.9000e-13
                        3  1.2895     0.1597               0.6841 1.4029e-09
                        0  0.0000     0.8403               1.9737 7.3815e-09
  4  1.5366    3.5-                          1.2246e-07                       2.3000e-11
                        3  1.2895     0.2612               0.2471 3.1733e-08
                        2  1.0063     0.6481               0.5304 7.9331e-08
                        0  0.0000     0.0907               1.5366 1.1107e-08
  3  1.2895    3.5-                          4.2132e-07                       1.1700e-12
                        2  1.0063     0.0567               0.2833 2.3843e-08
                        0  0.0000     0.9433               1.2895 3.9739e-07
  2  1.0063    2.5-                          1.0264e-06                       7.1000e-12
                        1  0.5640     0.0043               0.4422 4.3939e-09
                        0  0.0000     0.9957               1.0063 1.0219e-06
  1  0.5640    0.5-                          1.6992e-06                       5.1000e-13
                        0  0.0000     1.0000               0.5640 1.6982e-06
  0  0.0000    1.5-                          3.2858e-05
#......................................................................../  026-057Fe //  16.000000
#                                                                          SUM SPECTRA FOR COMPOUND
#            027-056Co      gamma
 SpcSum[mb]            3.0108e-05
 Emean[MeV]            2.0000e-01
#......................................................................../  026-057Fe //  16.000000
#                                                                   GAMMAS FROM DISCRETE TRANSITION
#           3 0 0 0 0 0             027-056Co
#   Ex[MeV]     Jpi    FinalState  Branching Production    Egamma Production   T(1/2)[s]
  1  0.1584    3.0+                          3.0485e-05                       1.0000e-10
                        0  0.0000     1.0000               0.1584 3.0108e-05
  0  0.0000    4.0+                          5.2692e-03                       6.6730e+06
#......................................................................../  026-057Fe //  16.000000
#                                                                          SUM SPECTRA FOR COMPOUND
#            026-056Fe      gamma
 SpcSum[mb]            4.6841e+01
 Emean[MeV]            8.4656e-01
#......................................................................../  026-057Fe //  16.000000
#                                                                   GAMMAS FROM DISCRETE TRANSITION
#           2 1 0 0 0 0             026-056Fe
#   Ex[MeV]     Jpi    FinalState  Branching Production    Egamma Production   T(1/2)[s]
 76  5.3078    5.0-                          2.9255e-19
                       24  4.2981     0.3333               1.0097 9.7515e-20
                        9  3.3885     0.3333               1.9193 9.7515e-20
                        2  2.0851     0.3333               3.2227 9.7515e-20
 75  5.3029    4.0+                          9.9572e-20                       2.8000e-14
                       33  4.5395     0.1106               0.7634 1.1009e-20
                       24  4.2981     0.0711               1.0048 7.0799e-21
                        9  3.3885     0.1580               1.9144 1.5729e-20
                        7  3.1230     0.1067               2.1800 1.0621e-20
                        2  2.0851     0.3953               3.2178 3.9331e-20
                        1  0.8468     0.1582               4.4562 1.5733e-20
 74  5.2960    0.0+                          1.8470e-20
                       17  3.7596     0.5000               1.5364 9.2351e-21
                       30  4.4477     0.5000               0.8483 9.2351e-21
 73  5.2839    4.0-                          8.4547e-19
                        2  2.0851     0.0476               3.1988 4.0260e-20
                        7  3.1230     0.0476               2.1609 4.0260e-20
                       10  3.4453     0.0476               1.8386 4.0260e-20
                       19  3.8565     0.0476               1.4274 4.0260e-20
                       20  4.0489     0.0476               1.2350 4.0260e-20
                       22  4.1004     0.0476               1.1835 4.0260e-20
                       23  4.1199     0.0476               1.1640 4.0260e-20
                       24  4.2981     0.0476               0.9858 4.0260e-20
                       28  4.3949     0.0476               0.8890 4.0260e-20
                       31  4.4585     0.0476               0.8254 4.0260e-20
                       34  4.5548     0.0476               0.7291 4.0260e-20
                       36  4.6108     0.0476               0.6731 4.0260e-20
                       40  4.6830     0.0476               0.6009 4.0260e-20
                       41  4.6923     0.0476               0.5916 4.0260e-20
                       48  4.8127     0.0476               0.4712 4.0260e-20
                       57  5.0330     0.0476               0.2509 4.0260e-20
                       58  5.0385     0.0476               0.2454 4.0260e-20
                       59  5.0559     0.0476               0.2280 4.0260e-20
                       68  5.2326     0.0476               0.0513 4.0260e-20
                       69  5.2359     0.0476               0.0480 4.0260e-20
                       70  5.2490     0.0476               0.0349 4.0260e-20
 72  5.2569    2.0+                          2.4365e-18                       2.0000e-14
                        1  0.8468     0.4999               4.4101 1.2165e-18
                        0  0.0000     0.5001               5.2569 1.2166e-18
 71  5.2557    8.0+                          2.0359e-15                       3.5000e-13
                       16  3.7556     0.2805               1.5001 5.7096e-16
                        9  3.3885     0.7195               1.8672 1.4644e-15
 70  5.2490    4.0+                          1.4455e-17
                       27  4.3681     0.1667               0.8809 2.4091e-18
                       32  4.5096     0.1667               0.7394 2.4091e-18
                       37  4.6200     0.1667               0.6290 2.4091e-18
                       47  4.8020     0.1667               0.4470 2.4091e-18
                       53  4.8817     0.1667               0.3673 2.4091e-18
                       60  5.1221     0.1667               0.1269 2.4091e-18
 69  5.2359    4.0+                          3.0479e-17                       1.0400e-13
                       41  4.6923     0.0590               0.5436 1.7980e-18
                       31  4.4585     0.0798               0.7774 2.4329e-18
                       24  4.2981     0.0555               0.9378 1.6924e-18
                       22  4.1004     0.1180               1.1355 3.5959e-18
                       20  4.0489     0.0208               1.1870 6.3477e-19
                       16  3.7556     0.0174               1.4803 5.2901e-19
                       10  3.4453     0.0590               1.7905 1.7981e-18
                        9  3.3885     0.1146               1.8473 3.4918e-18
                        5  2.9600     0.0417               2.2759 1.2694e-18
                        3  2.6576     0.0868               2.5783 2.6445e-18
                        2  2.0851     0.3473               3.1508 1.0576e-17
 68  5.2326    3.0+                          1.9431e-17                       8.0000e-15
                       22  4.1004     0.0478               1.1322 9.2932e-19
                       20  4.0489     0.1542               1.1837 2.9955e-18
                       11  3.4484     0.0319               1.7842 6.1960e-19
                       10  3.4453     0.1489               1.7872 2.8922e-18
                        2  2.0851     0.0851               3.1475 1.6522e-18
                        1  0.8468     0.5321               4.3858 1.0327e-17
 67  5.2273    1.0+                          9.0572e-18                       1.2300e-14
                        0  0.0000     1.0000               5.2273 9.0443e-18
 66  5.2190    0.0-                          4.7430e-18
                        6  3.1201     0.1667               2.0989 7.9050e-19
                       11  3.4484     0.1667               1.7706 7.9050e-19
                       46  4.7841     0.1667               0.4349 7.9050e-19
                       51  4.8665     0.1667               0.3525 7.9050e-19
                       54  4.8871     0.1667               0.3319 7.9050e-19
                       55  5.0235     0.1667               0.1955 7.9050e-19
 65  5.1948    2.0+                          9.7166e-17
                       14  3.6102     0.0898               1.5846 8.7228e-18
                        6  3.1201     0.0898               2.0747 8.7233e-18
                        4  2.9415     0.1796               2.2533 1.7443e-17
                        3  2.6576     0.2500               2.5372 2.4278e-17
                        1  0.8468     0.3908               4.3480 3.7925e-17
 64  5.1868    2.0+                          1.4634e-16
                       20  4.0489     0.5000               1.1379 7.3169e-17
                        2  2.0851     0.5000               3.1017 7.3169e-17
 63  5.1843    8.0+                          1.3651e-13
                       16  3.7556     1.0000               1.4287 1.3649e-13
 62  5.1495    2.0+                          1.0198e-15
                        7  3.1230     0.2125               2.0266 2.1662e-16
                        2  2.0851     0.7875               3.0644 8.0239e-16
 61  5.1317    2.0+                          2.1566e-15                       7.3000e-14
                       31  4.4585     0.1191               0.6731 2.5669e-16
                       20  4.0489     0.0912               1.0828 1.9673e-16
                       10  3.4453     0.3967               1.6863 8.5530e-16
                        7  3.1230     0.2381               2.0087 5.1327e-16
                        1  0.8468     0.1549               4.2849 3.3363e-16
 60  5.1221    5.0-                          3.4667e-14
                        2  2.0851     1.0000               3.0370 3.4623e-14
 59  5.0559    4.0+                          1.6555e-13                       6.6000e-14
                       24  4.2981     0.5951               0.7578 9.8486e-14
                        2  2.0851     0.4049               2.9708 6.6982e-14
 58  5.0385    4.0+                          2.9832e-13                       7.8000e-14
                        7  3.1230     1.0000               1.9155 2.9824e-13
 57  5.0330    4.0+                          3.5821e-13                       1.0000e-14
                       16  3.7556     0.1674               1.2774 5.9958e-14
                        9  3.3885     0.0890               1.6445 3.1861e-14
                        2  2.0851     0.5236               2.9479 1.8743e-13
                        1  0.8468     0.2200               4.1862 7.8711e-14
 56  5.0267    2.0-                          1.3018e-13
                        1  0.8468     0.0333               4.1799 4.3394e-15
                        3  2.6576     0.0333               2.3691 4.3394e-15
                        5  2.9600     0.0333               2.0667 4.3394e-15
                        6  3.1201     0.0333               1.9066 4.3394e-15
                        8  3.3699     0.0333               1.6568 4.3394e-15
                       10  3.4453     0.0333               1.5814 4.3394e-15
                       11  3.4484     0.0333               1.5783 4.3394e-15
                       12  3.6002     0.0333               1.4265 4.3394e-15
                       13  3.6057     0.0333               1.4210 4.3394e-15
                       15  3.7441     0.0333               1.2826 4.3394e-15
                       18  3.8298     0.0333               1.1969 4.3394e-15
                       19  3.8565     0.0333               1.1702 4.3394e-15
                       20  4.0489     0.0333               0.9778 4.3394e-15
                       21  4.0859     0.0333               0.9408 4.3394e-15
                       23  4.1199     0.0333               0.9068 4.3394e-15
                       26  4.3200     0.0333               0.7067 4.3394e-15
                       28  4.3949     0.0333               0.6318 4.3394e-15
                       29  4.4013     0.0333               0.6254 4.3394e-15
                       33  4.5395     0.0333               0.4872 4.3394e-15
                       35  4.6086     0.0333               0.4181 4.3394e-15
                       38  4.6583     0.0333               0.3684 4.3394e-15
                       40  4.6830     0.0333               0.3437 4.3394e-15
                       43  4.7281     0.0333               0.2986 4.3394e-15
                       45  4.7373     0.0333               0.2894 4.3394e-15
                       46  4.7841     0.0333               0.2426 4.3394e-15
                       50  4.8479     0.0333               0.1788 4.3394e-15
                       51  4.8665     0.0333               0.1602 4.3394e-15
                       52  4.8780     0.0333               0.1487 4.3394e-15
                       54  4.8871     0.0333               0.1396 4.3394e-15
                       55  5.0235     0.0333               0.0032 4.3394e-15
 55  5.0235    1.0+                          8.5027e-14                       6.0000e-15
                       23  4.1199     0.0294               0.9036 2.4976e-15
                       18  3.8298     0.0000               1.1937 0.0000e+00
                       11  3.4484     0.2361               1.5751 2.0073e-14
                        8  3.3699     0.2454               1.6535 2.0863e-14
                        6  3.1201     0.0099               1.9034 8.3776e-16
                        5  2.9600     0.3719               2.0635 3.1613e-14
                        3  2.6576     0.0079               2.3659 6.7025e-16
                        1  0.8468     0.0264               4.1767 2.2448e-15
                        0  0.0000     0.0730               5.0235 6.1964e-15
 54  4.8871    1.0+                          4.5381e-12
                       18  3.8298     1.0000               1.0573 4.5374e-12
 53  4.8817    4.0-                          5.2715e-11
                        2  2.0851     0.0667               2.7966 3.5144e-12
                        7  3.1230     0.0667               1.7587 3.5144e-12
                       10  3.4453     0.0667               1.4364 3.5144e-12
                       19  3.8565     0.0667               1.0252 3.5144e-12
                       20  4.0489     0.0667               0.8328 3.5144e-12
                       22  4.1004     0.0667               0.7813 3.5144e-12
                       23  4.1199     0.0667               0.7618 3.5144e-12
                       24  4.2981     0.0667               0.5836 3.5144e-12
                       28  4.3949     0.0667               0.4868 3.5144e-12
                       31  4.4585     0.0667               0.4232 3.5144e-12
                       34  4.5548     0.0667               0.3269 3.5144e-12
                       36  4.6108     0.0667               0.2709 3.5144e-12
                       40  4.6830     0.0667               0.1987 3.5144e-12
                       41  4.6923     0.0667               0.1894 3.5144e-12
                       48  4.8127     0.0667               0.0690 3.5144e-12
 52  4.8780    2.0+                          1.1927e-11
                        5  2.9600     0.1958               1.9180 2.3347e-12
                        2  2.0851     0.2736               2.7929 3.2610e-12
                        1  0.8468     0.3379               4.0312 4.0256e-12
                        0  0.0000     0.1927               4.8780 2.2950e-12
 51  4.8665    1.0+                          9.4315e-12                       9.7000e-15
                       12  3.6002     0.0051               1.2663 4.8217e-14
                       11  3.4484     0.0818               1.4181 7.7138e-13
                       10  3.4453     0.0092               1.4212 8.6784e-14
                        8  3.3699     0.0399               1.4966 3.7607e-13
                        6  3.1201     0.0112               1.7464 1.0608e-13
                        5  2.9600     0.2807               1.9065 2.6466e-12
                        3  2.6576     0.0307               2.2089 2.8923e-13
                        2  2.0851     0.0040               2.7814 3.7610e-14
                        1  0.8468     0.5118               4.0197 4.8216e-12
                        0  0.0000     0.0256               4.8665 2.4103e-13
 50  4.8479    2.0+                          2.5602e-11                       6.4000e-14
                        3  2.6576     0.3333               2.1903 8.5342e-12
                        2  2.0851     0.3333               2.7628 8.5342e-12
                        0  0.0000     0.3333               4.8479 8.5342e-12
 49  4.8200    2.0-                          5.2222e-11
                        1  0.8468     0.0400               3.9732 2.0889e-12
                        3  2.6576     0.0400               2.1624 2.0889e-12
                        5  2.9600     0.0400               1.8600 2.0889e-12
                        6  3.1201     0.0400               1.6999 2.0889e-12
                        8  3.3699     0.0400               1.4501 2.0889e-12
                       10  3.4453     0.0400               1.3747 2.0889e-12
                       11  3.4484     0.0400               1.3716 2.0889e-12
                       12  3.6002     0.0400               1.2198 2.0889e-12
                       13  3.6057     0.0400               1.2143 2.0889e-12
                       15  3.7441     0.0400               1.0759 2.0889e-12
                       18  3.8298     0.0400               0.9902 2.0889e-12
                       19  3.8565     0.0400               0.9635 2.0889e-12
                       20  4.0489     0.0400               0.7711 2.0889e-12
                       21  4.0859     0.0400               0.7341 2.0889e-12
                       23  4.1199     0.0400               0.7001 2.0889e-12
                       26  4.3200     0.0400               0.5000 2.0889e-12
                       28  4.3949     0.0400               0.4251 2.0889e-12
                       29  4.4013     0.0400               0.4187 2.0889e-12
                       33  4.5395     0.0400               0.2805 2.0889e-12
                       35  4.6086     0.0400               0.2114 2.0889e-12
                       38  4.6583     0.0400               0.1617 2.0889e-12
                       40  4.6830     0.0400               0.1370 2.0889e-12
                       43  4.7281     0.0400               0.0919 2.0889e-12
                       45  4.7373     0.0400               0.0827 2.0889e-12
                       46  4.7841     0.0400               0.0359 2.0889e-12
 48  4.8127    4.0+                          2.2345e-10
                       23  4.1199     0.3333               0.6927 7.4484e-11
                       16  3.7556     0.3333               1.0571 7.4484e-11
                       10  3.4453     0.3333               1.3673 7.4484e-11
 47  4.8020    3.0-                          1.2796e-10
                        1  0.8468     0.0333               3.9552 4.2652e-12
                        2  2.0851     0.0333               2.7169 4.2652e-12
                        3  2.6576     0.0333               2.1444 4.2652e-12
                        5  2.9600     0.0333               1.8420 4.2652e-12
                        7  3.1230     0.0333               1.6790 4.2652e-12
                        8  3.3699     0.0333               1.4320 4.2652e-12
                       10  3.4453     0.0333               1.3567 4.2652e-12
                       12  3.6002     0.0333               1.2018 4.2652e-12
                       13  3.6057     0.0333               1.1963 4.2652e-12
                       15  3.7441     0.0333               1.0579 4.2652e-12
                       18  3.8298     0.0333               0.9722 4.2652e-12
                       19  3.8565     0.0333               0.9455 4.2652e-12
                       20  4.0489     0.0333               0.7531 4.2652e-12
                       21  4.0859     0.0333               0.7161 4.2652e-12
                       22  4.1004     0.0333               0.7016 4.2652e-12
                       23  4.1199     0.0333               0.6821 4.2652e-12
                       24  4.2981     0.0333               0.5039 4.2652e-12
                       26  4.3200     0.0333               0.4820 4.2652e-12
                       28  4.3949     0.0333               0.4071 4.2652e-12
                       29  4.4013     0.0333               0.4007 4.2652e-12
                       31  4.4585     0.0333               0.3435 4.2652e-12
                       33  4.5395     0.0333               0.2625 4.2652e-12
                       34  4.5548     0.0333               0.2472 4.2652e-12
                       35  4.6086     0.0333               0.1934 4.2652e-12
                       36  4.6108     0.0333               0.1912 4.2652e-12
                       38  4.6583     0.0333               0.1437 4.2652e-12
                       40  4.6830     0.0333               0.1190 4.2652e-12
                       41  4.6923     0.0333               0.1097 4.2652e-12
                       43  4.7281     0.0333               0.0739 4.2652e-12
                       45  4.7373     0.0333               0.0647 4.2652e-12
 46  4.7841    1.0+                          5.8222e-11
                        6  3.1201     0.1008               1.6640 5.8676e-12
                        1  0.8468     0.4587               3.9373 2.6677e-11
                        0  0.0000     0.4405               4.7841 2.5613e-11
 45  4.7373    2.0+                          3.2175e-10                       3.2000e-14
                       23  4.1199     0.0857               0.6174 2.7562e-11
                        6  3.1201     0.1190               1.6172 3.8281e-11
                        3  2.6576     0.4761               2.0797 1.5313e-10
                        1  0.8468     0.1286               3.8906 4.1332e-11
                        0  0.0000     0.1906               4.7373 6.1239e-11
 44  4.7300    0.0+                          6.4094e-11
                        1  0.8468     1.0000               3.8832 6.4021e-11
 43  4.7281    2.0+                          3.8167e-10                       6.3000e-14
                        1  0.8468     0.9009               3.8814 3.4346e-10
                        0  0.0000     0.0991               4.7281 3.7780e-11
 42  4.7006    7.0+                          1.8950e-07                       8.3000e-14
                       16  3.7556     0.1597               0.9451 3.0257e-08
                        9  3.3885     0.8403               1.3121 1.5922e-07
 41  4.6923    4.0+                          3.1411e-09                       3.3000e-14
                       16  3.7556     0.1179               0.9367 3.7027e-10
                       15  3.7441     0.0142               0.9482 4.4439e-11
                        7  3.1230     0.0755               1.5693 2.3697e-10
                        3  2.6576     0.2405               2.0347 7.5519e-10
                        2  2.0851     0.4717               2.6072 1.4809e-09
                        1  0.8468     0.0802               3.8455 2.5177e-10
 40  4.6830    3.0+                          1.8000e-09                       6.6000e-14
                        8  3.3699     0.1927               1.3131 3.4681e-10
                        7  3.1230     0.0963               1.5601 1.7338e-10
                        5  2.9600     0.0000               1.7231 0.0000e+00
                        2  2.0851     0.3092               2.5979 5.5624e-10
                        1  0.8468     0.4018               3.8363 7.2245e-10
 39  4.6734    2.0-                          1.4645e-09
                        1  0.8468     0.0476               3.8266 6.9737e-11
                        3  2.6576     0.0476               2.0158 6.9737e-11
                        5  2.9600     0.0476               1.7134 6.9737e-11
                        6  3.1201     0.0476               1.5533 6.9737e-11
                        8  3.3699     0.0476               1.3035 6.9737e-11
                       10  3.4453     0.0476               1.2281 6.9737e-11
                       11  3.4484     0.0476               1.2250 6.9737e-11
                       12  3.6002     0.0476               1.0732 6.9737e-11
                       13  3.6057     0.0476               1.0677 6.9737e-11
                       15  3.7441     0.0476               0.9293 6.9737e-11
                       18  3.8298     0.0476               0.8436 6.9737e-11
                       19  3.8565     0.0476               0.8169 6.9737e-11
                       20  4.0489     0.0476               0.6245 6.9737e-11
                       21  4.0859     0.0476               0.5875 6.9737e-11
                       23  4.1199     0.0476               0.5535 6.9737e-11
                       26  4.3200     0.0476               0.3534 6.9737e-11
                       28  4.3949     0.0476               0.2785 6.9737e-11
                       29  4.4013     0.0476               0.2721 6.9737e-11
                       33  4.5395     0.0476               0.1339 6.9737e-11
                       35  4.6086     0.0476               0.0648 6.9737e-11
                       38  4.6583     0.0476               0.0151 6.9737e-11
 38  4.6583    2.0+                          1.6463e-09                       4.9000e-14
                       10  3.4453     0.0178               1.2129 2.9315e-11
                        8  3.3699     0.0178               1.2883 2.9315e-11
                        5  2.9600     0.0270               1.6983 4.4405e-11
                        3  2.6576     0.0178               2.0007 2.9309e-11
                        2  2.0851     0.5399               2.5732 8.8824e-10
                        1  0.8468     0.3619               3.8115 5.9513e-10
                        0  0.0000     0.0178               4.6583 2.9311e-11
 37  4.6200    3.0-                          6.1922e-09
                        1  0.8468     0.0400               3.7732 2.4769e-10
                        2  2.0851     0.0400               2.5349 2.4769e-10
                        3  2.6576     0.0400               1.9624 2.4769e-10
                        5  2.9600     0.0400               1.6600 2.4769e-10
                        7  3.1230     0.0400               1.4970 2.4769e-10
                        8  3.3699     0.0400               1.2501 2.4769e-10
                       10  3.4453     0.0400               1.1747 2.4769e-10
                       12  3.6002     0.0400               1.0198 2.4769e-10
                       13  3.6057     0.0400               1.0143 2.4769e-10
                       15  3.7441     0.0400               0.8759 2.4769e-10
                       18  3.8298     0.0400               0.7902 2.4769e-10
                       19  3.8565     0.0400               0.7635 2.4769e-10
                       20  4.0489     0.0400               0.5711 2.4769e-10
                       21  4.0859     0.0400               0.5341 2.4769e-10
                       22  4.1004     0.0400               0.5196 2.4769e-10
                       23  4.1199     0.0400               0.5001 2.4769e-10
                       24  4.2981     0.0400               0.3219 2.4769e-10
                       26  4.3200     0.0400               0.3000 2.4769e-10
                       28  4.3949     0.0400               0.2251 2.4769e-10
                       29  4.4013     0.0400               0.2187 2.4769e-10
                       31  4.4585     0.0400               0.1615 2.4769e-10
                       33  4.5395     0.0400               0.0805 2.4769e-10
                       34  4.5548     0.0400               0.0652 2.4769e-10
                       35  4.6086     0.0400               0.0114 2.4769e-10
                       36  4.6108     0.0400               0.0092 2.4769e-10
 36  4.6108    4.0+                          1.5556e-08                       2.7000e-14
                       19  3.8565     0.0262               0.7543 4.0756e-10
                       18  3.8298     0.1310               0.7811 2.0369e-09
                        5  2.9600     0.0561               1.6508 8.7323e-10
                        3  2.6576     0.1236               1.9532 1.9220e-09
                        2  2.0851     0.2884               2.5257 4.4836e-09
                        1  0.8468     0.3747               3.7640 5.8221e-09
 35  4.6086    2.0+                          3.9104e-09                       4.7000e-14
                        7  3.1230     0.1027               1.4856 4.0151e-10
                        4  2.9415     0.0540               1.6671 2.1122e-10
                        3  2.6576     0.0486               1.9510 1.9009e-10
                        2  2.0851     0.5405               2.5235 2.1122e-09
                        1  0.8468     0.2542               3.7618 9.9294e-10
 34  4.5548    4.0+                          4.2638e-08                       9.4000e-14
                       16  3.7556     0.0693               0.7992 2.9537e-09
                       15  3.7441     0.0495               0.8106 2.1098e-09
                       10  3.4453     0.0495               1.1094 2.1098e-09
                        9  3.3885     0.0792               1.1662 3.3760e-09
                        7  3.1230     0.1683               1.4318 7.1749e-09
                        3  2.6576     0.0544               1.8972 2.3209e-09
                        2  2.0851     0.4951               2.4697 2.1099e-08
                        1  0.8468     0.0347               3.7080 1.4771e-09
 33  4.5395    2.0+                          1.2352e-08                       2.5000e-14
                        5  2.9600     0.5700               1.5795 7.0393e-09
                        3  2.6576     0.2999               1.8819 3.7033e-09
                        0  0.0000     0.1301               4.5395 1.6048e-09
 32  4.5096    3.0-                          4.0281e-08                       8.3000e-14
                       16  3.7556     0.0673               0.7540 2.7092e-09
                       10  3.4453     0.0192               1.0642 7.7419e-10
                        8  3.3699     0.1249               1.1396 5.0310e-09
                        7  3.1230     0.0897               1.3866 3.6122e-09
                        3  2.6576     0.3204               1.8520 1.2900e-08
                        2  2.0851     0.0641               2.4245 2.5802e-09
                        1  0.8468     0.3143               3.6628 1.2642e-08
 31  4.4585    4.0+                          1.9633e-07                       2.6000e-14
                        7  3.1230     0.5854               1.3356 1.1491e-07
                        2  2.0851     0.3748               2.3734 7.3546e-08
                        1  0.8468     0.0398               3.6118 7.8133e-09
 30  4.4477    1.0-                          3.2771e-08
                        1  0.8468     1.0000               3.6009 3.2722e-08
 29  4.4013    2.0+                          8.9031e-08                       5.6000e-14
                       10  3.4453     0.2647               0.9559 2.3562e-08
                        8  3.3699     0.0115               1.0313 1.0246e-09
                        5  2.9600     0.0673               1.4413 5.9927e-09
                        4  2.9415     0.0443               1.4598 3.9443e-09
                        2  2.0851     0.0363               2.3162 3.2267e-09
                        1  0.8468     0.5759               3.5545 5.1223e-08
 28  4.3949    3.0+                          2.1686e-07                       3.5000e-14
                        7  3.1230     0.0933               1.2720 2.0232e-08
                        1  0.8468     0.9067               3.5482 1.9644e-07
 27  4.3681    3.0-                          3.6172e-07
                        1  0.8468     0.0556               3.5214 2.0096e-08
                        2  2.0851     0.0556               2.2830 2.0096e-08
                        3  2.6576     0.0556               1.7105 2.0096e-08
                        5  2.9600     0.0556               1.4082 2.0096e-08
                        7  3.1230     0.0556               1.2452 2.0096e-08
                        8  3.3699     0.0556               0.9982 2.0096e-08
                       10  3.4453     0.0556               0.9228 2.0096e-08
                       12  3.6002     0.0556               0.7679 2.0096e-08
                       13  3.6057     0.0556               0.7624 2.0096e-08
                       15  3.7441     0.0556               0.6240 2.0096e-08
                       18  3.8298     0.0556               0.5384 2.0096e-08
                       19  3.8565     0.0556               0.5116 2.0096e-08
                       20  4.0489     0.0556               0.3192 2.0096e-08
                       21  4.0859     0.0556               0.2822 2.0096e-08
                       22  4.1004     0.0556               0.2678 2.0096e-08
                       23  4.1199     0.0556               0.2482 2.0096e-08
                       24  4.2981     0.0556               0.0700 2.0096e-08
                       26  4.3200     0.0556               0.0481 2.0096e-08
 26  4.3200    2.0+                          2.8325e-07
                       17  3.7596     1.0000               0.5604 2.8325e-07
 25  4.3020    0.0+                          5.0886e-08
                        1  0.8468     1.0000               3.4552 5.0836e-08
 24  4.2981    4.0+                          1.7433e-06                       1.1000e-13
                       10  3.4453     0.0133               0.8527 2.3181e-08
                        7  3.1230     0.6098               1.1751 1.0630e-06
                        3  2.6576     0.0168               1.6405 2.9335e-08
                        2  2.0851     0.1043               2.2130 1.8175e-07
                        1  0.8468     0.2557               3.4513 4.4534e-07
 23  4.1199    3.0+                          6.1493e-06                       1.4000e-13
                       19  3.8565     0.0024               0.2634 1.4367e-08
                       10  3.4453     0.0035               0.6746 2.1550e-08
                        7  3.1230     0.0117               0.9970 7.1811e-08
                        5  2.9600     0.0089               1.1600 5.4593e-08
                        3  2.6576     0.0078               1.4623 4.7884e-08
                        2  2.0851     0.7790               2.0348 4.7888e-06
                        1  0.8468     0.1868               3.2732 1.1477e-06
 22  4.1004    4.0+                          1.6807e-05                       4.3000e-14
                       10  3.4453     0.0028               0.6550 4.7020e-08
                        7  3.1230     0.1122               0.9774 1.8855e-06
                        5  2.9600     0.0104               1.1404 1.7544e-07
                        3  2.6576     0.0142               1.4428 2.3930e-07
                        2  2.0851     0.2381               2.0153 4.0005e-06
                        1  0.8468     0.6222               3.2536 1.0448e-05
 21  4.0859    2.0+                          3.5041e-06
                        1  0.8468     0.7518               3.2392 2.6322e-06
                        0  0.0000     0.2482               4.0859 8.6867e-07
 20  4.0489    3.0+                          1.2918e-05                       7.0000e-15
                        5  2.9600     0.0137               1.0889 1.7747e-07
                        2  2.0851     0.1778               1.9638 2.2961e-06
                        1  0.8468     0.8085               3.2021 1.0436e-05
 19  3.8565    3.0+                          7.6293e-05                       2.5000e-14
                       10  3.4453     0.0016               0.4111 1.1903e-07
                        8  3.3699     0.0035               0.4865 2.6605e-07
                        7  3.1230     0.0114               0.7335 8.6791e-07
                        5  2.9600     0.0042               0.8965 3.2204e-07
                        3  2.6576     0.0026               1.1989 1.9605e-07
                        2  2.0851     0.9178               1.7714 7.0008e-05
                        1  0.8468     0.0590               3.0097 4.4944e-06
 18  3.8298    2.0+                          3.6511e-05                       3.9000e-14
                        3  2.6576     0.3004               1.1722 1.0967e-05
                        1  0.8468     0.5182               2.9830 1.8906e-05
                        0  0.0000     0.1814               3.8298 6.6157e-06
 17  3.7596    1.0-                          4.3907e-05
                        0  0.0000     0.0833               3.7596 3.6589e-06
                        1  0.8468     0.0833               2.9128 3.6589e-06
                        3  2.6576     0.0833               1.1020 3.6589e-06
                        4  2.9415     0.0833               0.8181 3.6589e-06
                        5  2.9600     0.0833               0.7996 3.6589e-06
                        6  3.1201     0.0833               0.6395 3.6589e-06
                        8  3.3699     0.0833               0.3897 3.6589e-06
                       11  3.4484     0.0833               0.3112 3.6589e-06
                       12  3.6002     0.0833               0.1594 3.6589e-06
                       13  3.6057     0.0833               0.1539 3.6589e-06
                       14  3.6102     0.0833               0.1494 3.6589e-06
                       15  3.7441     0.0833               0.0155 3.6589e-06
 16  3.7556    6.0+                          5.4566e-03                       1.3000e-13
                        9  3.3885     0.1776               0.3670 9.6770e-04
                        7  3.1230     0.0161               0.6326 8.7952e-05
                        2  2.0851     0.8063               1.6705 4.3985e-03
 15  3.7441    2.0+                          7.6275e-05
                        1  0.8468     1.0000               2.8974 7.6221e-05
 14  3.6102    0.0+                          3.0232e-05                       5.2000e-14
                        3  2.6576     0.0137               0.9526 4.1500e-07
                        2  2.0851     0.0064               1.5251 1.9368e-07
                        1  0.8468     0.9158               2.7634 2.7667e-05
                        0  0.0000     0.0641               3.6102 1.9367e-06
 13  3.6057    2.0+                          2.0152e-04                       1.5000e-13
                        3  2.6576     0.0827               0.9481 1.6665e-05
                        2  2.0851     0.0082               1.5206 1.6430e-06
                        1  0.8468     0.5827               2.7589 1.1735e-04
                        0  0.0000     0.3264               3.6057 6.5710e-05
 12  3.6002    2.0+                          2.0864e-04                       5.9000e-14
                        3  2.6576     0.0192               0.9426 4.0091e-06
                        2  2.0851     0.0192               1.5151 4.0092e-06
                        1  0.8468     0.1602               2.7534 3.3401e-05
                        0  0.0000     0.8014               3.6002 1.6702e-04
 11  3.4484    1.0+                          2.8684e-04                       8.0000e-15
                        3  2.6576     0.0052               0.7908 1.5005e-06
                        1  0.8468     0.2468               2.6016 7.0748e-05
                        0  0.0000     0.7480               3.4484 2.1436e-04
 10  3.4453    3.0+                          1.6916e-03                       2.9000e-14
                        3  2.6576     0.0144               0.7878 2.4284e-05
                        2  2.0851     0.2010               1.3602 3.3998e-04
                        1  0.8468     0.7846               2.5986 1.3265e-03
  9  3.3885    6.0+                          8.2716e-02                       2.9000e-12
                        7  3.1230     0.0130               0.2656 1.0611e-03
                        2  2.0851     0.9870               1.3034 8.1630e-02
  8  3.3699    2.0+                          9.6901e-04                       1.7000e-14
                        1  0.8468     0.8546               2.5232 8.2769e-04
                        0  0.0000     0.1454               3.3699 1.4076e-04
  7  3.1230    4.0+                          3.1168e-02                       4.7000e-14
                        2  2.0851     0.9916               1.0379 3.0900e-02
                        1  0.8468     0.0084               2.2762 2.6264e-04
  6  3.1201    1.0+                          1.9204e-03                       1.9000e-14
                        3  2.6576     0.0099               0.4625 1.9038e-05
                        1  0.8468     0.9445               2.2733 1.8131e-03
                        0  0.0000     0.0455               3.1201 8.7394e-05
  5  2.9600    2.0+                          9.5770e-03                       2.8000e-14
                        1  0.8468     0.9788               2.1132 9.3712e-03
                        0  0.0000     0.0212               2.9600 2.0240e-04
  4  2.9415    0.0+                          1.3103e-03                       4.5000e-13
                        1  0.8468     1.0000               2.0947 1.3098e-03
                        0  0.0000     0.0000               2.9415 0.0000e+00
  3  2.6576    2.0+                          4.0909e-02                       2.1000e-14
                        1  0.8468     0.9699               1.8108 3.9669e-02
                        0  0.0000     0.0301               2.6576 1.2298e-03
  2  2.0851    4.0+                          5.1631e+00                       6.4000e-13
                        1  0.8468     1.0000               1.2383 5.1624e+00
  1  0.8468    2.0+                          4.1514e+01                       6.0700e-12
                        0  0.0000     1.0000               0.8468 4.1502e+01
  0  0.0000    0.0+                          6.8448e+01
#......................................................................../  026-057Fe //  16.000000
#                                                                          SUM SPECTRA FOR COMPOUND
#            025-053Mn      gamma
 SpcSum[mb]            8.9200e-06
 Emean[MeV]            4.0307e-01
#......................................................................../  026-057Fe //  16.000000
#                                                                   GAMMAS FROM DISCRETE TRANSITION
#           2 0 1 0 0 0             025-053Mn
#   Ex[MeV]     Jpi    FinalState  Branching Production    Egamma Production   T(1/2)[s]
 16  2.8760    1.5-                          9.1037e-21                       4.1000e-11
                        6  2.4070     0.0083               0.4689 7.5824e-23
                        2  1.2898     0.0167               1.5861 1.5164e-22
                        1  0.3779     0.8333               2.4981 7.5823e-21
                        0  0.0000     0.1417               2.8760 1.2890e-21
 15  2.7610    3.5-                          3.1047e-18
                        1  0.3779     1.0000               2.3831 3.1031e-18
 14  2.7069    0.5+                          2.0442e-18                       8.0000e-13
                        2  1.2898     1.0000               1.4171 2.0438e-18
 13  2.6977    5.5-                          4.5659e-17
                        4  1.6201     0.6494               1.0776 2.9647e-17
                        3  1.4411     0.3506               1.2566 1.6006e-17
 12  2.6933    7.5-                          7.7425e-16                       2.7000e-12
                        8  2.5630     0.0575               0.1303 4.3783e-17
                        3  1.4411     0.9425               1.2521 7.2967e-16
 11  2.6862    3.5-                          1.0416e-17                       5.0000e-14
                        2  1.2898     0.0880               1.3963 9.1599e-19
                        1  0.3779     0.1120               2.3083 1.1660e-18
                        0  0.0000     0.8001               2.6862 8.3280e-18
 10  2.6712    0.5-                          2.4640e-18                       2.1000e-14
                        6  2.4070     0.2316               0.2641 5.6668e-19
                        2  1.2898     0.3082               1.3813 7.5930e-19
                        1  0.3779     0.4602               2.2933 1.1334e-18
  9  2.5731    3.5-                          2.4256e-16                       6.0000e-14
                        1  0.3779     0.6211               2.1952 1.5059e-16
                        0  0.0000     0.3789               2.5731 9.1856e-17
  8  2.5630    6.5-                          1.9931e-14                       1.0700e-11
                        3  1.4411     1.0000               1.1218 1.9929e-14
  7  2.4481    1.5+                          9.5470e-16
                        1  0.3779     1.0000               2.0702 9.5403e-16
  6  2.4070    1.5-                          1.4366e-15                       1.1000e-13
                        2  1.2898     0.4694               1.1172 6.7418e-16
                        1  0.3779     0.1315               2.0291 1.8883e-16
                        0  0.0000     0.3992               2.4070 5.7311e-16
  5  2.2739    2.5-                          4.2344e-14                       2.5000e-13
                        2  1.2898     0.0370               0.9841 1.5677e-15
                        1  0.3779     0.2222               1.8960 9.4061e-15
                        0  0.0000     0.7408               2.2739 3.1355e-14
  4  1.6201    4.5-                          1.8776e-09                       4.8000e-13
                        1  0.3779     0.0991               1.2422 1.8603e-10
                        0  0.0000     0.9009               1.6201 1.6912e-09
  3  1.4411    5.5-                          2.3809e-08                       6.0000e-13
                        0  0.0000     1.0000               1.4411 2.3806e-08
  2  1.2898    1.5-                          1.9331e-09                       5.5000e-13
                        1  0.3779     0.4595               0.9119 8.8809e-10
                        0  0.0000     0.5405               1.2898 1.0447e-09
  1  0.3779    2.5-                          8.9071e-06                       1.1700e-10
                        0  0.0000     1.0000               0.3779 8.8924e-06
  0  0.0000    3.5-                          2.2885e-04                       1.1680e+14
#......................................................................../  026-057Fe //  16.000000
#                                                                          SUM SPECTRA FOR COMPOUND
#            025-056Mn      gamma
 SpcSum[mb]            2.3465e-09
 Emean[MeV]            9.4707e-02
#......................................................................../  026-057Fe //  16.000000
#                                                                   GAMMAS FROM DISCRETE TRANSITION
#           1 2 0 0 0 0             025-056Mn
#   Ex[MeV]     Jpi    FinalState  Branching Production    Egamma Production   T(1/2)[s]
 45  1.9802    2.0-                          6.1549e-30
                        0  0.0000     0.0455               1.9802 2.7977e-31
                        1  0.0266     0.0455               1.9536 2.7977e-31
                        2  0.1105     0.0455               1.8697 2.7977e-31
                        4  0.2151     0.0455               1.7651 2.7977e-31
                        6  0.3410     0.0455               1.6392 2.7977e-31
                        7  0.4543     0.0455               1.5259 2.7977e-31
                        8  0.4863     0.0455               1.4939 2.7977e-31
                       11  0.7162     0.0455               1.2640 2.7977e-31
                       12  0.7535     0.0455               1.2267 2.7977e-31
                       18  1.1677     0.0455               0.8125 2.7977e-31
                       20  1.1950     0.0455               0.7852 2.7977e-31
                       22  1.2390     0.0455               0.7412 2.7977e-31
                       23  1.2937     0.0455               0.6865 2.7977e-31
                       24  1.3509     0.0455               0.6293 2.7977e-31
                       30  1.5099     0.0455               0.4703 2.7977e-31
                       31  1.5600     0.0455               0.4202 2.7977e-31
                       32  1.6136     0.0455               0.3666 2.7977e-31
                       33  1.6550     0.0455               0.3252 2.7977e-31
                       37  1.7444     0.0455               0.2358 2.7977e-31
                       39  1.8337     0.0455               0.1465 2.7977e-31
                       40  1.8660     0.0455               0.1142 2.7977e-31
                       44  1.9700     0.0455               0.0102 2.7977e-31
 44  1.9700    3.0+                          1.8807e-29
                        9  0.5410     0.0769               1.4290 1.4467e-30
                       10  0.6610     0.0769               1.3090 1.4467e-30
                       14  0.8530     0.0769               1.1170 1.4467e-30
                       17  1.1400     0.0769               0.8300 1.4467e-30
                       25  1.3640     0.0769               0.6060 1.4467e-30
                       26  1.3840     0.0769               0.5860 1.4467e-30
                       27  1.4470     0.0769               0.5230 1.4467e-30
                       28  1.4840     0.0769               0.4860 1.4467e-30
                       34  1.6740     0.0769               0.2960 1.4467e-30
                       36  1.7275     0.0769               0.2425 1.4467e-30
                       38  1.7800     0.0769               0.1900 1.4467e-30
                       41  1.8780     0.0769               0.0920 1.4467e-30
                       42  1.9110     0.0769               0.0590 1.4467e-30
 43  1.9490    1.0-                          2.9601e-29
                        1  0.0266     0.0769               1.9224 2.2770e-30
                        2  0.1105     0.0769               1.8385 2.2770e-30
                        4  0.2151     0.0769               1.7339 2.2770e-30
                       11  0.7162     0.0769               1.2328 2.2770e-30
                       18  1.1677     0.0769               0.7813 2.2770e-30
                       23  1.2937     0.0769               0.6553 2.2770e-30
                       24  1.3509     0.0769               0.5981 2.2770e-30
                       30  1.5099     0.0769               0.4391 2.2770e-30
                       31  1.5600     0.0769               0.3890 2.2770e-30
                       33  1.6550     0.0769               0.2940 2.2770e-30
                       37  1.7444     0.0769               0.2046 2.2770e-30
                       39  1.8337     0.0769               0.1153 2.2770e-30
                       40  1.8660     0.0769               0.0830 2.2770e-30
 42  1.9110    3.0-                          6.5543e-28
                        0  0.0000     0.0556               1.9110 3.6413e-29
                        1  0.0266     0.0556               1.8844 3.6413e-29
                        3  0.2120     0.0556               1.6990 3.6413e-29
                        4  0.2151     0.0556               1.6959 3.6413e-29
                        6  0.3410     0.0556               1.5700 3.6413e-29
                        7  0.4543     0.0556               1.4567 3.6413e-29
                        8  0.4863     0.0556               1.4247 3.6413e-29
                       12  0.7535     0.0556               1.1575 3.6413e-29
                       19  1.1923     0.0556               0.7187 3.6413e-29
                       20  1.1950     0.0556               0.7160 3.6413e-29
                       22  1.2390     0.0556               0.6720 3.6413e-29
                       23  1.2937     0.0556               0.6173 3.6413e-29
                       24  1.3509     0.0556               0.5601 3.6413e-29
                       29  1.4845     0.0556               0.4265 3.6413e-29
                       30  1.5099     0.0556               0.4011 3.6413e-29
                       32  1.6136     0.0556               0.2974 3.6413e-29
                       37  1.7444     0.0556               0.1666 3.6413e-29
                       40  1.8660     0.0556               0.0450 3.6413e-29
 41  1.8780    3.0-                          3.7727e-27
                        0  0.0000     0.0556               1.8780 2.0959e-28
                        1  0.0266     0.0556               1.8514 2.0959e-28
                        3  0.2120     0.0556               1.6660 2.0959e-28
                        4  0.2151     0.0556               1.6629 2.0959e-28
                        6  0.3410     0.0556               1.5370 2.0959e-28
                        7  0.4543     0.0556               1.4237 2.0959e-28
                        8  0.4863     0.0556               1.3917 2.0959e-28
                       12  0.7535     0.0556               1.1245 2.0959e-28
                       19  1.1923     0.0556               0.6857 2.0959e-28
                       20  1.1950     0.0556               0.6830 2.0959e-28
                       22  1.2390     0.0556               0.6390 2.0959e-28
                       23  1.2937     0.0556               0.5843 2.0959e-28
                       24  1.3509     0.0556               0.5271 2.0959e-28
                       29  1.4845     0.0556               0.3935 2.0959e-28
                       30  1.5099     0.0556               0.3681 2.0959e-28
                       32  1.6136     0.0556               0.2644 2.0959e-28
                       37  1.7444     0.0556               0.1336 2.0959e-28
                       40  1.8660     0.0556               0.0120 2.0959e-28
 40  1.8660    2.0+                          4.5606e-27
                        9  0.5410     0.0769               1.3250 3.5081e-28
                       10  0.6610     0.0769               1.2050 3.5081e-28
                       14  0.8530     0.0769               1.0130 3.5081e-28
                       15  0.8840     0.0769               0.9820 3.5081e-28
                       16  0.9740     0.0769               0.8920 3.5081e-28
                       25  1.3640     0.0769               0.5020 3.5081e-28
                       26  1.3840     0.0769               0.4820 3.5081e-28
                       27  1.4470     0.0769               0.4190 3.5081e-28
                       28  1.4840     0.0769               0.3820 3.5081e-28
                       34  1.6740     0.0769               0.1920 3.5081e-28
                       35  1.6929     0.0769               0.1731 3.5081e-28
                       36  1.7275     0.0769               0.1385 3.5081e-28
                       38  1.7800     0.0769               0.0860 3.5081e-28
 39  1.8337    1.0+                          1.3425e-26
                        9  0.5410     0.0909               1.2927 1.2204e-27
                       14  0.8530     0.0909               0.9807 1.2204e-27
                       15  0.8840     0.0909               0.9497 1.2204e-27
                       16  0.9740     0.0909               0.8597 1.2204e-27
                       25  1.3640     0.0909               0.4697 1.2204e-27
                       26  1.3840     0.0909               0.4497 1.2204e-27
                       27  1.4470     0.0909               0.3867 1.2204e-27
                       28  1.4840     0.0909               0.3497 1.2204e-27
                       35  1.6929     0.0909               0.1408 1.2204e-27
                       36  1.7275     0.0909               0.1062 1.2204e-27
                       38  1.7800     0.0909               0.0537 1.2204e-27
 38  1.7800    2.0-                          2.7519e-25
                        0  0.0000     0.0526               1.7800 1.4483e-26
                        1  0.0266     0.0526               1.7534 1.4483e-26
                        2  0.1105     0.0526               1.6695 1.4483e-26
                        4  0.2151     0.0526               1.5649 1.4483e-26
                        6  0.3410     0.0526               1.4390 1.4483e-26
                        7  0.4543     0.0526               1.3257 1.4483e-26
                        8  0.4863     0.0526               1.2937 1.4483e-26
                       11  0.7162     0.0526               1.0638 1.4483e-26
                       12  0.7535     0.0526               1.0265 1.4483e-26
                       18  1.1677     0.0526               0.6123 1.4483e-26
                       20  1.1950     0.0526               0.5850 1.4483e-26
                       22  1.2390     0.0526               0.5410 1.4483e-26
                       23  1.2937     0.0526               0.4863 1.4483e-26
                       24  1.3509     0.0526               0.4291 1.4483e-26
                       30  1.5099     0.0526               0.2701 1.4483e-26
                       31  1.5600     0.0526               0.2200 1.4483e-26
                       32  1.6136     0.0526               0.1664 1.4483e-26
                       33  1.6550     0.0526               0.1250 1.4483e-26
                       37  1.7444     0.0526               0.0356 1.4483e-26
 37  1.7444    2.0+                          1.1785e-24
                        9  0.5410     0.0833               1.2034 9.8210e-26
                       10  0.6610     0.0833               1.0834 9.8210e-26
                       14  0.8530     0.0833               0.8914 9.8210e-26
                       15  0.8840     0.0833               0.8604 9.8210e-26
                       16  0.9740     0.0833               0.7704 9.8210e-26
                       25  1.3640     0.0833               0.3804 9.8210e-26
                       26  1.3840     0.0833               0.3604 9.8210e-26
                       27  1.4470     0.0833               0.2974 9.8210e-26
                       28  1.4840     0.0833               0.2604 9.8210e-26
                       34  1.6740     0.0833               0.0704 9.8210e-26
                       35  1.6929     0.0833               0.0515 9.8210e-26
                       36  1.7275     0.0833               0.0169 9.8210e-26
 36  1.7275    2.0-                          2.6643e-24
                        0  0.0000     0.0556               1.7275 1.4802e-25
                        1  0.0266     0.0556               1.7009 1.4802e-25
                        2  0.1105     0.0556               1.6170 1.4802e-25
                        4  0.2151     0.0556               1.5123 1.4802e-25
                        6  0.3410     0.0556               1.3865 1.4802e-25
                        7  0.4543     0.0556               1.2731 1.4802e-25
                        8  0.4863     0.0556               1.2411 1.4802e-25
                       11  0.7162     0.0556               1.0113 1.4802e-25
                       12  0.7535     0.0556               0.9740 1.4802e-25
                       18  1.1677     0.0556               0.5598 1.4802e-25
                       20  1.1950     0.0556               0.5325 1.4802e-25
                       22  1.2390     0.0556               0.4885 1.4802e-25
                       23  1.2937     0.0556               0.4338 1.4802e-25
                       24  1.3509     0.0556               0.3766 1.4802e-25
                       30  1.5099     0.0556               0.2176 1.4802e-25
                       31  1.5600     0.0556               0.1675 1.4802e-25
                       32  1.6136     0.0556               0.1139 1.4802e-25
                       33  1.6550     0.0556               0.0725 1.4802e-25
 35  1.6929    1.0-                          6.6692e-24
                        1  0.0266     0.1000               1.6663 6.6692e-25
                        2  0.1105     0.1000               1.5824 6.6692e-25
                        4  0.2151     0.1000               1.4778 6.6692e-25
                       11  0.7162     0.1000               0.9767 6.6692e-25
                       18  1.1677     0.1000               0.5252 6.6692e-25
                       23  1.2937     0.1000               0.3992 6.6692e-25
                       24  1.3509     0.1000               0.3420 6.6692e-25
                       30  1.5099     0.1000               0.1830 6.6692e-25
                       31  1.5600     0.1000               0.1329 6.6692e-25
                       33  1.6550     0.1000               0.0379 6.6692e-25
 34  1.6740    3.0-                          3.2314e-23
                        0  0.0000     0.0625               1.6740 2.0196e-24
                        1  0.0266     0.0625               1.6474 2.0196e-24
                        3  0.2120     0.0625               1.4620 2.0196e-24
                        4  0.2151     0.0625               1.4589 2.0196e-24
                        6  0.3410     0.0625               1.3330 2.0196e-24
                        7  0.4543     0.0625               1.2197 2.0196e-24
                        8  0.4863     0.0625               1.1877 2.0196e-24
                       12  0.7535     0.0625               0.9205 2.0196e-24
                       19  1.1923     0.0625               0.4817 2.0196e-24
                       20  1.1950     0.0625               0.4790 2.0196e-24
                       22  1.2390     0.0625               0.4350 2.0196e-24
                       23  1.2937     0.0625               0.3803 2.0196e-24
                       24  1.3509     0.0625               0.3231 2.0196e-24
                       29  1.4845     0.0625               0.1895 2.0196e-24
                       30  1.5099     0.0625               0.1641 2.0196e-24
                       32  1.6136     0.0625               0.0604 2.0196e-24
 33  1.6550    1.0+                          2.5475e-23
                        9  0.5410     0.1250               1.1140 3.1844e-24
                       14  0.8530     0.1250               0.8020 3.1844e-24
                       15  0.8840     0.1250               0.7710 3.1844e-24
                       16  0.9740     0.1250               0.6810 3.1844e-24
                       25  1.3640     0.1250               0.2910 3.1844e-24
                       26  1.3840     0.1250               0.2710 3.1844e-24
                       27  1.4470     0.1250               0.2080 3.1844e-24
                       28  1.4840     0.1250               0.1710 3.1844e-24
 32  1.6136    3.0+                          2.7926e-22                       5.9000e-13
                       21  1.2367     0.0743               0.3769 2.0679e-23
                        5  0.3355     0.9257               1.2780 2.5848e-22
 31  1.5600    1.0+                          8.9121e-22
                        9  0.5410     0.1250               1.0190 1.1140e-22
                       14  0.8530     0.1250               0.7070 1.1140e-22
                       15  0.8840     0.1250               0.6760 1.1140e-22
                       16  0.9740     0.1250               0.5860 1.1140e-22
                       25  1.3640     0.1250               0.1960 1.1140e-22
                       26  1.3840     0.1250               0.1760 1.1140e-22
                       27  1.4470     0.1250               0.1130 1.1140e-22
                       28  1.4840     0.1250               0.0760 1.1140e-22
 30  1.5099    2.0+                          6.0635e-21
                        9  0.5410     0.1111               0.9689 6.7372e-22
                       10  0.6610     0.1111               0.8489 6.7372e-22
                       14  0.8530     0.1111               0.6569 6.7372e-22
                       15  0.8840     0.1111               0.6259 6.7372e-22
                       16  0.9740     0.1111               0.5359 6.7372e-22
                       25  1.3640     0.1111               0.1459 6.7372e-22
                       26  1.3840     0.1111               0.1259 6.7372e-22
                       27  1.4470     0.1111               0.0629 6.7372e-22
                       28  1.4840     0.1111               0.0259 6.7372e-22
 29  1.4845    4.0+                          3.3901e-20
                       12  0.7535     0.4414               0.7311 1.4959e-20
                        5  0.3355     0.5586               1.1490 1.8935e-20
 28  1.4840    2.0-                          1.4867e-20
                        0  0.0000     0.0714               1.4840 1.0619e-21
                        1  0.0266     0.0714               1.4574 1.0619e-21
                        2  0.1105     0.0714               1.3735 1.0619e-21
                        4  0.2151     0.0714               1.2689 1.0619e-21
                        6  0.3410     0.0714               1.1430 1.0619e-21
                        7  0.4543     0.0714               1.0297 1.0619e-21
                        8  0.4863     0.0714               0.9977 1.0619e-21
                       11  0.7162     0.0714               0.7678 1.0619e-21
                       12  0.7535     0.0714               0.7305 1.0619e-21
                       18  1.1677     0.0714               0.3163 1.0619e-21
                       20  1.1950     0.0714               0.2890 1.0619e-21
                       22  1.2390     0.0714               0.2450 1.0619e-21
                       23  1.2937     0.0714               0.1903 1.0619e-21
                       24  1.3509     0.0714               0.1331 1.0619e-21
 27  1.4470    2.0-                          6.3846e-20
                        0  0.0000     0.0714               1.4470 4.5604e-21
                        1  0.0266     0.0714               1.4204 4.5604e-21
                        2  0.1105     0.0714               1.3365 4.5604e-21
                        4  0.2151     0.0714               1.2319 4.5604e-21
                        6  0.3410     0.0714               1.1060 4.5604e-21
                        7  0.4543     0.0714               0.9927 4.5604e-21
                        8  0.4863     0.0714               0.9607 4.5604e-21
                       11  0.7162     0.0714               0.7308 4.5604e-21
                       12  0.7535     0.0714               0.6935 4.5604e-21
                       18  1.1677     0.0714               0.2793 4.5604e-21
                       20  1.1950     0.0714               0.2520 4.5604e-21
                       22  1.2390     0.0714               0.2080 4.5604e-21
                       23  1.2937     0.0714               0.1533 4.5604e-21
                       24  1.3509     0.0714               0.0961 4.5604e-21
 26  1.3840    2.0-                          2.5027e-19
                        0  0.0000     0.0714               1.3840 1.7876e-20
                        1  0.0266     0.0714               1.3574 1.7876e-20
                        2  0.1105     0.0714               1.2735 1.7876e-20
                        4  0.2151     0.0714               1.1689 1.7876e-20
                        6  0.3410     0.0714               1.0430 1.7876e-20
                        7  0.4543     0.0714               0.9297 1.7876e-20
                        8  0.4863     0.0714               0.8977 1.7876e-20
                       11  0.7162     0.0714               0.6678 1.7876e-20
                       12  0.7535     0.0714               0.6305 1.7876e-20
                       18  1.1677     0.0714               0.2163 1.7876e-20
                       20  1.1950     0.0714               0.1890 1.7876e-20
                       22  1.2390     0.0714               0.1450 1.7876e-20
                       23  1.2937     0.0714               0.0903 1.7876e-20
                       24  1.3509     0.0714               0.0331 1.7876e-20
 25  1.3640    2.0-                          6.3776e-19
                        0  0.0000     0.0714               1.3640 4.5554e-20
                        1  0.0266     0.0714               1.3374 4.5554e-20
                        2  0.1105     0.0714               1.2535 4.5554e-20
                        4  0.2151     0.0714               1.1489 4.5554e-20
                        6  0.3410     0.0714               1.0230 4.5554e-20
                        7  0.4543     0.0714               0.9097 4.5554e-20
                        8  0.4863     0.0714               0.8777 4.5554e-20
                       11  0.7162     0.0714               0.6478 4.5554e-20
                       12  0.7535     0.0714               0.6105 4.5554e-20
                       18  1.1677     0.0714               0.1963 4.5554e-20
                       20  1.1950     0.0714               0.1690 4.5554e-20
                       22  1.2390     0.0714               0.1250 4.5554e-20
                       23  1.2937     0.0714               0.0703 4.5554e-20
                       24  1.3509     0.0714               0.0131 4.5554e-20
 24  1.3509    2.0+                          7.4401e-19
                        9  0.5410     0.2000               0.8099 1.4880e-19
                       10  0.6610     0.2000               0.6899 1.4880e-19
                       14  0.8530     0.2000               0.4979 1.4880e-19
                       15  0.8840     0.2000               0.4669 1.4880e-19
                       16  0.9740     0.2000               0.3769 1.4880e-19
 23  1.2937    2.0+                          2.2865e-18
                        9  0.5410     0.2000               0.7527 4.5731e-19
                       10  0.6610     0.2000               0.6327 4.5731e-19
                       14  0.8530     0.2000               0.4407 4.5731e-19
                       15  0.8840     0.2000               0.4097 4.5731e-19
                       16  0.9740     0.2000               0.3197 4.5731e-19
 22  1.2390    3.0+                          1.5307e-17
                        9  0.5410     0.2500               0.6980 3.8268e-18
                       10  0.6610     0.2500               0.5780 3.8268e-18
                       14  0.8530     0.2500               0.3860 3.8268e-18
                       17  1.1400     0.2500               0.0990 3.8268e-18
 21  1.2367    5.0+                          4.7839e-17                       2.6000e-12
                       12  0.7535     0.7815               0.4832 3.7333e-17
                        5  0.3355     0.2185               0.9011 1.0451e-17
 20  1.1950    3.0+                          3.5868e-17
                        9  0.5410     0.2500               0.6540 8.9671e-18
                       10  0.6610     0.2500               0.5340 8.9671e-18
                       14  0.8530     0.2500               0.3420 8.9671e-18
                       17  1.1400     0.2500               0.0550 8.9671e-18
 19  1.1923    4.0+                          6.5658e-17                       5.0000e-13
                       12  0.7535     0.0295               0.4388 1.9344e-18
                       11  0.7162     0.5933               0.4761 3.8692e-17
                        5  0.3355     0.3772               0.8567 2.4761e-17
 18  1.1677    1.0+                          3.0309e-17
                        9  0.5410     0.2500               0.6267 7.5773e-18
                       14  0.8530     0.2500               0.3147 7.5773e-18
                       15  0.8840     0.2500               0.2837 7.5773e-18
                       16  0.9740     0.2500               0.1937 7.5773e-18
 17  1.1400    4.0-                          3.6231e-16
                        0  0.0000     0.1250               1.1400 4.5288e-17
                        3  0.2120     0.1250               0.9280 4.5288e-17
                        5  0.3355     0.1250               0.8045 4.5288e-17
                        6  0.3410     0.1250               0.7990 4.5288e-17
                        7  0.4543     0.1250               0.6857 4.5288e-17
                        8  0.4863     0.1250               0.6537 4.5288e-17
                       12  0.7535     0.1250               0.3865 4.5288e-17
                       13  0.8404     0.1250               0.2996 4.5288e-17
 16  0.9740    1.0-                          1.4934e-15
                        1  0.0266     0.2500               0.9474 3.7336e-16
                        2  0.1105     0.2500               0.8635 3.7336e-16
                        4  0.2151     0.2500               0.7589 3.7336e-16
                       11  0.7162     0.2500               0.2578 3.7336e-16
 15  0.8840    1.0-                          8.2447e-15
                        1  0.0266     0.2500               0.8574 2.0612e-15
                        2  0.1105     0.2500               0.7735 2.0612e-15
                        4  0.2151     0.2500               0.6689 2.0612e-15
                       11  0.7162     0.2500               0.1678 2.0612e-15
 14  0.8530    2.0-                          2.9688e-14
                        0  0.0000     0.1111               0.8530 3.2987e-15
                        1  0.0266     0.1111               0.8264 3.2987e-15
                        2  0.1105     0.1111               0.7425 3.2987e-15
                        4  0.2151     0.1111               0.6379 3.2987e-15
                        6  0.3410     0.1111               0.5120 3.2987e-15
                        7  0.4543     0.1111               0.3987 3.2987e-15
                        8  0.4863     0.1111               0.3667 3.2987e-15
                       11  0.7162     0.1111               0.1368 3.2987e-15
                       12  0.7535     0.1111               0.0995 3.2987e-15
 13  0.8404    5.0+                          1.0959e-13
                        8  0.4863     0.4209               0.3541 4.5942e-14
                        6  0.3410     0.1679               0.4994 1.8377e-14
                        5  0.3355     0.4112               0.5049 4.5024e-14
 12  0.7535    3.0+                          1.5236e-13                       5.0000e-13
                        7  0.4543     0.0292               0.2991 4.4343e-15
                        3  0.2120     0.9708               0.5414 1.4780e-13
 11  0.7162    1.0+                          1.1387e-13
                        8  0.4863     0.2432               0.2299 2.7161e-14
                        6  0.3410     0.3989               0.3752 4.5269e-14
                        0  0.0000     0.3580               0.7162 4.0745e-14
 10  0.6610    3.0-                          9.8775e-13
                        0  0.0000     0.1429               0.6610 1.4111e-13
                        1  0.0266     0.1429               0.6344 1.4111e-13
                        3  0.2120     0.1429               0.4490 1.4111e-13
                        4  0.2151     0.1429               0.4459 1.4111e-13
                        6  0.3410     0.1429               0.3200 1.4111e-13
                        7  0.4543     0.1429               0.2067 1.4111e-13
                        8  0.4863     0.1429               0.1747 1.4111e-13
  9  0.5410    2.0-                          3.9396e-12
                        0  0.0000     0.1429               0.5410 5.6280e-13
                        1  0.0266     0.1429               0.5144 5.6280e-13
                        2  0.1105     0.1429               0.4305 5.6280e-13
                        4  0.2151     0.1429               0.3259 5.6280e-13
                        6  0.3410     0.1429               0.2000 5.6280e-13
                        7  0.4543     0.1429               0.0867 5.6280e-13
                        8  0.4863     0.1429               0.0547 5.6280e-13
  8  0.4863    3.0+                          6.7656e-12
                        6  0.3410     0.0021               0.1453 1.3455e-14
                        4  0.2151     0.7146               0.2712 4.8059e-12
                        3  0.2120     0.0579               0.2743 3.8926e-13
                        1  0.0266     0.1991               0.4597 1.3454e-12
                        0  0.0000     0.0263               0.4863 1.7783e-13
  7  0.4543    3.0+                          1.1155e-11
                        6  0.3410     0.0187               0.1133 1.8149e-13
                        3  0.2120     0.0232               0.2423 2.5616e-13
                        0  0.0000     0.9581               0.4543 1.0675e-11
  6  0.3410    3.0+                          4.6275e-11
                        4  0.2151     0.0036               0.1259 1.5002e-13
                        3  0.2120     0.0083               0.1290 3.5145e-13
                        1  0.0266     0.9296               0.3144 4.2856e-11
                        0  0.0000     0.0585               0.3410 2.6999e-12
  5  0.3355    5.0+                          1.7254e-10                       2.0000e-09
                        3  0.2120     0.6054               0.1235 9.4106e-11
                        0  0.0000     0.3946               0.3355 6.7754e-11
  4  0.2151    2.0+                          1.3270e-10
                        2  0.1105     0.7914               0.1046 8.7517e-11
                        1  0.0266     0.1417               0.1885 1.8381e-11
                        0  0.0000     0.0669               0.2151 8.7526e-12
  3  0.2120    4.0+                          5.8717e-10                       3.0000e-11
                        0  0.0000     1.0000               0.2120 5.7850e-10
  2  0.1105    1.0+                          4.1386e-10                       5.0800e-09
                        1  0.0266     0.9959               0.0839 3.9268e-10
                        0  0.0000     0.0041               0.1105 1.2960e-12
  1  0.0266    2.0+                          2.3034e-09                       8.7000e-09
                        0  0.0000     1.0000               0.0266 1.0283e-09
  0  0.0000    3.0+                          7.3925e-09                       9.2840e+03
#......................................................................../  026-057Fe //  16.000000
#                                                                          SUM SPECTRA FOR COMPOUND
#            024-053Cr      gamma
 SpcSum[mb]            2.7784e-08
 Emean[MeV]            6.0706e-01
#......................................................................../  026-057Fe //  16.000000
#                                                                   GAMMAS FROM DISCRETE TRANSITION
#           1 1 1 0 0 0             024-053Cr
#   Ex[MeV]     Jpi    FinalState  Branching Production    Egamma Production   T(1/2)[s]
 33  3.7810    0.5+                          1.4602e-29
                        0  0.0000     0.0909               3.7810 1.3275e-30
                        1  0.5640     0.0909               3.2170 1.3275e-30
                        8  2.3207     0.0909               1.4603 1.3275e-30
                       10  2.4620     0.0909               1.3190 1.3275e-30
                       12  2.6699     0.0909               1.1111 1.3275e-30
                       14  2.7085     0.0909               1.0725 1.3275e-30
                       15  2.7230     0.0909               1.0580 1.3275e-30
                       21  3.1721     0.0909               0.6089 1.3275e-30
                       22  3.1801     0.0909               0.6010 1.3275e-30
                       29  3.5950     0.0909               0.1860 1.3275e-30
                       30  3.6165     0.0909               0.1645 1.3275e-30
 32  3.7065    4.5+                          3.5626e-27
                        3  1.2895     1.0000               2.4170 3.5594e-27
 31  3.6955    3.5+                          3.3135e-27
                        0  0.0000     1.0000               3.6955 3.3110e-27
 30  3.6165    0.5-                          2.2294e-26
                        0  0.0000     1.0000               3.6165 2.2272e-26
 29  3.5950    0.5-                          1.8831e-26
                        1  0.5640     1.0000               3.0310 1.8831e-26
 28  3.5924    6.5-                          1.0969e-24                       1.3000e-13
                       17  2.8265     1.0000               0.7659 1.0967e-24
 27  3.4346    3.5-                          6.5164e-24
                        3  1.2895     1.0000               2.1451 6.5139e-24
 26  3.3817    4.5-                          3.0237e-23
                        4  1.5366     1.0000               1.8451 3.0229e-23
 25  3.3510    3.5-                          4.1254e-23
                       20  3.1371     0.5000               0.2139 2.0627e-23
                       24  3.2621     0.5000               0.0889 2.0627e-23
 24  3.2621    2.5+                          2.2292e-22                       2.1000e-14
                        4  1.5366     0.1999               1.7255 4.4542e-23
                        2  1.0063     0.2285               2.2559 5.0896e-23
                        0  0.0000     0.5716               3.2621 1.2725e-22
 23  3.2436    6.5-                          1.6412e-20                       6.0000e-13
                       19  3.0841     0.5000               0.1595 8.2061e-21
                        6  2.1723     0.5000               1.0713 8.2061e-21
 22  3.1801    1.5-                          6.1100e-22
                        3  1.2895     0.1000               1.8905 6.1059e-23
                        2  1.0063     0.1500               2.1738 9.1608e-23
                        1  0.5640     0.5000               2.6160 3.0530e-22
                        0  0.0000     0.2501               3.1801 1.5268e-22
 21  3.1721    1.5-                          7.2498e-22
                        0  0.0000     1.0000               3.1721 7.2438e-22
 20  3.1371    2.5+                          2.2365e-21                       4.0000e-14
                        3  1.2895     1.0000               1.8476 2.2353e-21
 19  3.0841    7.5-                          1.0371e-18                       3.0000e-11
                       13  2.7059     0.0070               0.3782 7.2081e-21
                        6  2.1723     0.9930               0.9118 1.0296e-18
 18  2.9925    2.5-                          3.5957e-20
                       11  2.6565     0.0000               0.3360 0.0000e+00
                        3  1.2895     0.5814               1.7030 2.0901e-20
                        2  1.0063     0.4186               1.9862 1.5047e-20
 17  2.8265    5.5-                          5.0268e-18                       1.1000e-13
                        7  2.2332     1.0000               0.5933 5.0250e-18
 16  2.7710    3.5-                          1.7837e-18
                        3  1.2895     1.0000               1.4815 1.7834e-18
 15  2.7230    1.5-                          1.5766e-18
                        0  0.0000     1.0000               2.7230 1.5766e-18
 14  2.7085    1.5-                          1.9333e-18
                        8  2.3207     0.0483               0.3878 9.3231e-20
                        5  1.9737     0.1316               0.7348 2.5433e-19
                        2  1.0063     0.2763               1.7022 5.3402e-19
                        1  0.5640     0.4386               2.1445 8.4755e-19
                        0  0.0000     0.1053               2.7085 2.0343e-19
 13  2.7059    5.5-                          2.6381e-17                       2.4000e-12
                        6  2.1723     1.0000               0.5335 2.6363e-17
 12  2.6699    0.5-                          2.0350e-18                       7.0000e-15
                        1  0.5640     0.4011               2.1059 8.1597e-19
                        0  0.0000     0.5989               2.6699 1.2180e-18
 11  2.6565    2.5-                          6.4770e-18                       1.7000e-14
                        3  1.2895     0.2671               1.3670 1.7299e-18
                        2  1.0063     0.6849               1.6502 4.4355e-18
                        0  0.0000     0.0480               2.6565 3.1053e-19
 10  2.4620    1.5-                          6.2592e-17
                        0  0.0000     1.0000               2.4620 6.2592e-17
  9  2.4531    4.5-                          5.2225e-16
                        6  2.1723     0.0000               0.2808 0.0000e+00
                        3  1.2895     0.4012               1.1636 2.0951e-16
                        2  1.0063     0.5988               1.4468 3.1268e-16
  8  2.3207    1.5-                          3.6119e-16                       8.0000e-16
                        0  0.0000     1.0000               2.3207 3.6104e-16
  7  2.2332    4.5-                          1.0156e-14                       3.6000e-13
                        4  1.5366     1.0000               0.6965 1.0153e-14
  6  2.1723    5.5-                          4.4723e-14                       9.6000e-12
                        3  1.2895     1.0000               0.8828 4.4714e-14
  5  1.9737    2.5-                          3.3782e-14                       3.9000e-13
                        3  1.2895     0.1597               0.6841 5.3936e-15
                        0  0.0000     0.8403               1.9737 2.8379e-14
  4  1.5366    3.5-                          4.6292e-12                       2.3000e-11
                        3  1.2895     0.2612               0.2471 1.1995e-12
                        2  1.0063     0.6481               0.5304 2.9988e-12
                        0  0.0000     0.0907               1.5366 4.1984e-13
  3  1.2895    3.5-                          5.4723e-11                       1.1700e-12
                        2  1.0063     0.0567               0.2833 3.0968e-12
                        0  0.0000     0.9433               1.2895 5.1614e-11
  2  1.0063    2.5-                          4.0566e-10                       7.1000e-12
                        1  0.5640     0.0043               0.4422 1.7366e-12
                        0  0.0000     0.9957               1.0063 4.0387e-10
  1  0.5640    0.5-                          2.7335e-08                       5.1000e-13
                        0  0.0000     1.0000               0.5640 2.7319e-08
  0  0.0000    1.5-                          6.5715e-06
#......................................................................../  026-057Fe //  16.000000
#                                                                          SUM SPECTRA FOR COMPOUND
#            023-050V       gamma
 SpcSum[mb]            3.9241e-22
 Emean[MeV]            1.8473e-01
#......................................................................../  026-057Fe //  16.000000
#                                                                   GAMMAS FROM DISCRETE TRANSITION
#           1 0 2 0 0 0             023-050V 
#   Ex[MeV]     Jpi    FinalState  Branching Production    Egamma Production   T(1/2)[s]
 20  1.7523    4.0+                          1.2320e-34                       1.3000e-12
                        3  0.3555     0.3333               1.3968 4.1068e-35
                        2  0.3202     0.3333               1.4321 4.1068e-35
                        1  0.2263     0.3333               1.5260 4.1068e-35
 12  1.5185    2.0+                          1.1235e-34                       1.6400e-13
                        4  0.3885     0.8333               1.1300 9.3612e-35
                        3  0.3555     0.1667               1.1630 1.8727e-35
 10  1.4020    2.0+                          2.5295e-33                       8.0000e-13
                        7  0.9102     0.1215               0.4918 3.0701e-34
                        4  0.3885     0.5780               1.0135 1.4619e-33
                        3  0.3555     0.1618               1.0465 4.0924e-34
                        2  0.3202     0.1387               1.0818 3.5081e-34
  9  1.3316    1.0+                          2.5176e-32                       1.7000e-14
                        4  0.3885     1.0000               0.9431 2.5172e-32
  8  1.3015    3.0+                          7.7917e-32                       4.8000e-14
                        4  0.3885     0.7194               0.9130 5.6047e-32
                        3  0.3555     0.2806               0.9460 2.1861e-32
  7  0.9102    4.0+                          1.0506e-27                       6.8000e-14
                        1  0.2263     1.0000               0.6840 1.0503e-27
  6  0.9100    5.0+                          1.6220e-27                       4.3000e-14
                        0  0.0000     1.0000               0.9100 1.6218e-27
  5  0.8362    5.0+                          9.1863e-27                       5.4000e-14
                        2  0.3202     0.3712               0.5160 3.4077e-27
                        0  0.0000     0.6288               0.8362 5.7755e-27
  4  0.3885    2.0+                          2.4411e-24
                        3  0.3555     1.0000               0.0330 1.6561e-24
  3  0.3555    3.0+                          8.1253e-24                       3.0000e-09
                        2  0.3202     0.9943               0.0353 5.8205e-24
                        1  0.2263     0.0057               0.1292 4.0740e-26
  2  0.3202    4.0+                          4.7566e-23                       5.6000e-11
                        1  0.2263     0.9855               0.0939 4.5680e-23
                        0  0.0000     0.0145               0.3202 6.8522e-25
  1  0.2263    5.0+                          3.4156e-22                       3.7000e-12
                        0  0.0000     1.0000               0.2263 3.3851e-22
  0  0.0000    6.0+                          7.1223e-20                       4.7340e+24
#......................................................................../  026-057Fe //  16.000000
#                                                                          SUM SPECTRA FOR COMPOUND
#            024-052Cr      gamma
 SpcSum[mb]            0.0000e+00
 Emean[MeV]            0.0000e+00
#......................................................................../  026-057Fe //  16.000000
#                                                                   GAMMAS FROM DISCRETE TRANSITION
#           1 0 1 1 0 0             024-052Cr
#   Ex[MeV]     Jpi    FinalState  Branching Production    Egamma Production   T(1/2)[s]
  0  0.0000    0.0+                          0.0000e+00
#......................................................................../  026-057Fe //  16.000000
#                                                                          SUM SPECTRA FOR COMPOUND
#            024-056Cr      gamma
 SpcSum[mb]            0.0000e+00
 Emean[MeV]            0.0000e+00
#......................................................................../  026-057Fe //  16.000000
#                                                                   GAMMAS FROM DISCRETE TRANSITION
#           0 3 0 0 0 0             024-056Cr
#   Ex[MeV]     Jpi    FinalState  Branching Production    Egamma Production   T(1/2)[s]
  0  0.0000    0.0+                          1.1061e-27                       3.5640e+02
#......................................................................../  026-057Fe //  16.000000
#                                                                          SUM SPECTRA FOR COMPOUND
#            023-053V       gamma
 SpcSum[mb]            3.6832e-30
 Emean[MeV]            1.0440e-01
#......................................................................../  026-057Fe //  16.000000
#                                                                   GAMMAS FROM DISCRETE TRANSITION
#           0 2 1 0 0 0             023-053V 
#   Ex[MeV]     Jpi    FinalState  Branching Production    Egamma Production   T(1/2)[s]
  2  0.2284    1.5-                          2.4927e-31                       4.0000e-09
                        1  0.1276     0.3391               0.1008 8.2687e-32
                        0  0.0000     0.6609               0.2284 1.6215e-31
  1  0.1276    2.5-                          3.4799e-30                       7.0000e-10
                        0  0.0000     1.0000               0.1276 3.4383e-30
  0  0.0000    3.5-                          2.1796e-28                       9.2580e+01
#......................................................................../  026-057Fe //  16.000000
#                                                                          SUM SPECTRA FOR COMPOUND
#            022-050Ti      gamma
 SpcSum[mb]            5.0510e-21
 Emean[MeV]            1.6000e+00
#......................................................................../  026-057Fe //  16.000000
#                                                                   GAMMAS FROM DISCRETE TRANSITION
#           0 1 2 0 0 0             022-050Ti
#   Ex[MeV]     Jpi    FinalState  Branching Production    Egamma Production   T(1/2)[s]
  3  3.1987    6.0+                          2.2716e-31                       4.1800e-10
                        2  2.6749     1.0000               0.5238 2.2699e-31
  2  2.6749    4.0+                          3.0609e-28                       5.3000e-12
                        1  1.5538     1.0000               1.1211 3.0606e-28
  1  1.5538    2.0+                          5.0518e-21                       1.0610e-12
                        0  0.0000     1.0000               1.5538 5.0510e-21
  0  0.0000    0.0+                          4.4860e-15
#......................................................................../  026-057Fe //  16.000000
#                                                                          SUM SPECTRA FOR COMPOUND
#            021-047Sc      gamma
 SpcSum[mb]            0.0000e+00
 Emean[MeV]            0.0000e+00
#......................................................................../  026-057Fe //  16.000000
#                                                                   GAMMAS FROM DISCRETE TRANSITION
#           0 0 3 0 0 0             021-047Sc
#   Ex[MeV]     Jpi    FinalState  Branching Production    Egamma Production   T(1/2)[s]
  0  0.0000    3.5-                          0.0000e+00
#......................................................................../  026-057Fe //  16.000000
#                                                                INDIVIDUAL GROUND STATE PRODUCTION
#             Residual  Prod.[mb]  Qval[MeV]   Particles
#                                              n p a d t h
 Production  027-059Co 2.4603e-03   15.18378   0 0 0 0 0 0
 Production  027-058Co 1.8003e+02    4.72979   1 0 0 0 0 0
 Production  026-058Fe 1.8982e+02    7.82010   0 1 0 0 0 0
 Production  025-055Mn 1.8013e+01    8.24146   0 0 1 0 0 0
 Production  026-057Fe 1.0808e+01    0.00000   0 0 0 1 0 0
 Production  027-057Co 6.0070e+02   -3.84325   2 0 0 0 0 0
 Production  026-057Fe 4.6080e+02   -2.22463   1 1 0 0 0 0
 Production  025-054Mn 9.1572e+01   -1.98517   1 0 1 0 0 0
 Production  026-056Fe 8.9454e+00   -7.64619   1 0 0 1 0 0
 Production  025-057Mn 1.8496e+00   -4.13728   0 2 0 0 0 0
 Production  024-054Cr 3.4734e+00    0.17440   0 1 1 0 0 0
 Production  025-056Mn 2.2725e-04  -10.55937   0 1 0 1 0 0
 Production  023-051V  1.5740e-01    0.30851   0 0 2 0 0 0
 Production  024-053Cr 3.2858e-05   -7.32021   0 0 1 1 0 0
 Production  027-056Co 5.2692e-03  -15.21983   3 0 0 0 0 0
 Production  026-056Fe 6.8448e+01   -9.87081   2 1 0 0 0 0
 Production  025-053Mn 2.2885e-04  -10.92408   2 0 1 0 0 0
 Production  025-056Mn 7.3925e-09  -12.78399   1 2 0 0 0 0
 Production  024-053Cr 6.5715e-06   -9.54483   1 1 1 0 0 0
 Production  023-050V  7.1223e-20  -10.74275   1 0 2 0 0 0
 Production  024-056Cr 1.1061e-27  -13.63119   0 3 0 0 0 0
 Production  023-053V  2.1796e-28  -12.19834   0 2 1 0 0 0
 Production  022-050Ti 4.4860e-15   -7.75353   0 1 2 0 0 0
                   sum 1.6346e+03
#......................................................................../  026-057Fe //  16.000000
#                                                           STABLE AND LONG-LIVED STATE PRODUCTIONS
#       Residual    Ex[MeV]     Jpi     T(1/2)[s]  Prod.[mb] Meta
    1  021-047Sc    0.00000    3.5-    2.8940e+05 0.0000e+00
    2  022-050Ti    0.00000    0.0+    ---------- 4.4860e-15
    3  023-050V     0.00000    6.0+    4.7340e+24 7.1223e-20
    4  023-051V     0.00000    3.5-    ---------- 1.5740e-01
    5  023-053V     0.00000    3.5-    9.2580e+01 2.1796e-28
    6  024-052Cr    0.00000    0.0+    ---------- 0.0000e+00
    7  024-053Cr    0.00000    1.5-    ---------- 3.9430e-05
    8  024-054Cr    0.00000    0.0+    ---------- 3.4734e+00
    9  024-056Cr    0.00000    0.0+    3.5640e+02 1.1061e-27
   10  025-053Mn    0.00000    3.5-    1.1680e+14 2.2885e-04
   11  025-054Mn    0.00000    3.0+    2.6960e+07 9.1572e+01
   12  025-055Mn    0.00000    2.5-    ---------- 1.8013e+01
   13  025-056Mn    0.00000    3.0+    9.2840e+03 2.2726e-04
   14  025-057Mn    0.00000    2.5-    8.5400e+01 1.8496e+00
   15  026-056Fe    0.00000    0.0+    ---------- 7.7394e+01
   16  026-057Fe    0.00000    0.5-    ---------- 4.7161e+02
   17  026-058Fe    0.00000    0.0+    ---------- 1.8982e+02
   18  027-056Co    0.00000    4.0+    6.6730e+06 5.2692e-03
   19  027-057Co    0.00000    3.5-    2.3480e+07 6.0070e+02
   20  027-058Co    0.00000    2.0+    6.1220e+06 1.8003e+02
   21  027-058Co    0.02495    5.0+    3.2760e+04 5.8652e+01    1
   22  027-059Co    0.00000    3.5-    ---------- 2.4603e-03
#                                         g.s.sum 1.6346e+03


#......................................................................../  026-057Fe //  16.000000
#                                                                                   ISOMERIC RATIOS
#       Residual    Ex[MeV]     Jpi     T(1/2)[s] Ratio      m/(g-m)
    1  027-058Co    0.02495    5.0+    3.2760e+04 3.2578e-01 4.8320e-01


#......................................................................../  026-057Fe //  16.000000
#                                                                               PARTICLE PRODUCTION
#             Particle  Prod.[mb] Multiplic. Emean[MeV]
 ParticlPrd      gamma 4.0107e+03 2.4536e+00 1.8066e+00
 ParticlPrd    neutron 2.0797e+03 1.2723e+00 3.9672e+00
 ParticlPrd     proton 7.2624e+02 4.4428e-01 9.1057e+00
 ParticlPrd      alpha 1.1337e+02 6.9358e-02 1.0631e+01
 ParticlPrd   deuteron 1.9754e+01 1.2085e-02 7.6525e+00


