###################################################################################################
#                                                                                    3.6.0-Cordelia
#
#                                                      .oooooo.             ooooo   ooooo        
#     Clair de Lune                                   d8P    Y8b             888     888         
#     =============                                  888           .ooooo.   888     888         
#                                                    888          d88   88b  888ooooo888         
# Votre ame est un paysage choisi                    888          888   888  888     888  dP^Y8b 
# Que vont charmant masques et bergamasques           88b    ooo  888   888  888     888      8P 
# Jouant du luth et dansant et quasi                   Y8bood8P    Y8bod8P' o888o   o888o   <8B  
# Tristes sous leurs deguisements fantasques.                                           8b    8b 
#                                                                                        Y8oo8P  
#
# Tout en chantant sur le mode mineur            Au calme clair de lune triste et beau,
# L'amour vainqueur et la vie opportune          Qui fait rever les oiseaux dans les arbres
# Ils n'ont pas l'air de croire a leur bonheur   Et sangloter d'extase les jets d'eau,
# Et leur chanson se mele au clair de lune,      Les grands jets d'eau sveltes parmi les marbres.
# 
#                                                                                   Paul Verlaine
#
######################################################################################## Moonage 11
###################################################################################################
#                                                                                    3.6.0-Cordelia
#          
#......................................................................../  029-063Cu //   8.500000
#                                                                                 SYSTEM PARAMETERS
#            AtomicNum    MassNum
#    Target         29         63
#  Incident          1          2
#            Ecms[MeV]  Elab[MeV] ReduceMass WaveNumber
     Energy 8.2364e+00 8.5000e+00 1.9516e+00 8.7697e-01
#......................................................................../  029-063Cu //   8.500000
#                                                                             ROTATIONAL STATE DATA
#             Energy       Spin   WaveNum Eout[MeV]   Coulomb   Sig0   
      Level   0.00000      -1.5   0.87697   8.23639   2.22315   0.30063
#......................................................................../  029-063Cu //   8.500000
#                                                                            DEFORMATION PARAMETERS
#              Lambda     Beta
#......................................................................../  029-063Cu //   8.500000
#                                                                           OPTICAL MODEL POTENTIAL
# OMP  0      V         Vs        Wv        Ws        Vso       Wso       Coul
      r[fm]   1.15005   0.00000   1.33006   1.37220   0.97200   0.00000      1.30
      a[fm]   0.76914   0.00000   0.45709   0.77770   1.01100   0.00000
 Depth[MeV]  94.48601   0.00000   1.61630  10.57797   7.11400   0.00000
#......................................................................../  029-063Cu //   8.500000
#                                                                      TOTAL REACTION CROSS SECTION
  Sigma[mb] 1.1903e+03
#......................................................................../  029-063Cu //   8.500000
#                                                                     DISCRETE DIRECT CROSS SECTION
#              Ex[MeV]     Spin    Eout[MeV]  Sigma[mb]
  Direct  0    0.00000     -1.5   8.2364e+00 6.8683e+02
#......................................................................../  029-063Cu //   8.500000
#                                                                                      TARGET STATE
#           Excitation  Spin
  029-063Cu 0.0000e+00  1.5-
#......................................................................../  029-063Cu //   8.500000
#                                                                             COMPOUND NUCLEUS DATA
#              Z     A  MassExess    Ex(max) Separation     N-cont    N-level
  030-065Zn              -65.9118    21.7047                   195         35
      gamma  030-065Zn     0.0000                0.0000
    neutron  030-064Zn     8.0714                7.9794
     proton  029-064Cu     7.2890                7.7767
      alpha  028-061Ni     2.4249                4.1154
   deuteron  029-063Cu    13.1358               13.4683
  030-064Zn              -66.0038    13.7253                    95         75
      gamma  030-064Zn     0.0000                0.0000
    neutron  030-063Zn     8.0714               11.8621
     proton  029-063Cu     7.2890                7.7135
      alpha  028-060Ni     2.4249                3.9562
  029-064Cu              -65.4241    13.9280                   114         96
      gamma  029-064Cu     0.0000                0.0000
    neutron  029-063Cu     8.0714                7.9162
     proton  028-063Ni     7.2890                7.2008
      alpha  027-060Co     2.4249                6.1993
   deuteron  028-062Ni    13.1358               11.8141
  028-061Ni              -64.2213    17.5893                   147         36
      gamma  028-061Ni     0.0000                0.0000
    neutron  028-060Ni     8.0714                7.8202
     proton  027-060Co     7.2890                9.8606
      alpha  026-057Fe     2.4249                6.4651
   deuteron  027-059Co    13.1358               15.1280
  029-063Cu              -65.5793     8.2364                    45         96
      gamma  029-063Cu     0.0000                0.0000
     proton  028-062Ni     7.2890                6.1225
      alpha  027-059Co     2.4249                5.7751
  030-063Zn              -62.2131     1.8632                     0         32
      gamma  030-063Zn     0.0000                0.0000
  029-063Cu              -65.5793     6.0118                    23         96
      gamma  029-063Cu     0.0000                0.0000
      alpha  027-059Co     2.4249                5.7751
  028-060Ni              -64.4725     9.7691                    52         48
      gamma  028-060Ni     0.0000                0.0000
     proton  027-059Co     7.2890                9.5324
      alpha  026-056Fe     2.4249                6.2910
  028-063Ni              -65.5123     6.7272                    41         23
      gamma  028-063Ni     0.0000                0.0000
  027-060Co              -61.6497     7.7287                    53         66
      gamma  027-060Co     0.0000                0.0000
    neutron  027-059Co     8.0714                7.4920
      alpha  025-056Mn     2.4249                7.1638
  028-062Ni              -66.7459     2.1139                     0         47
      gamma  028-062Ni     0.0000                0.0000
  026-057Fe              -60.1812    11.1243                    86         30
      gamma  026-057Fe     0.0000                0.0000
    neutron  026-056Fe     8.0714                7.6462
     proton  025-056Mn     7.2890               10.5594
      alpha  024-053Cr     2.4249                7.3202
  027-059Co              -62.2291     2.4613                     0         83
      gamma  027-059Co     0.0000                0.0000
  027-059Co              -62.2291     0.2367                     0         83
      gamma  027-059Co     0.0000                0.0000
  026-056Fe              -60.6064     3.4781                     0         77
      gamma  026-056Fe     0.0000                0.0000
  025-056Mn              -56.9108     0.5649                     0         46
      gamma  025-056Mn     0.0000                0.0000
  024-053Cr              -55.2859     3.8041                     1         34
      gamma  024-053Cr     0.0000                0.0000
#......................................................................../  029-063Cu //   8.500000
#                                                                          LEVEL DENSITY PARAMETERS
#                 a       Pairing     T          E0         Em         Sigma2     Eshell
  030-065Zn     8.5196     1.5019     1.2508    -2.4642    10.3001     5.8893  -0.506700
  030-064Zn     8.3837     2.5540     1.2618    -1.1706    11.0626     5.8533  -0.835400
  029-064Cu     8.3837     0.0000     1.2150    -3.1037     7.5348     5.4479  -1.040700
  028-061Ni     7.9769     1.5389     1.4887    -2.6578    11.4045     5.4861  -2.935000
  029-063Cu     8.2479     1.4195     1.3133    -2.2834    10.0631     4.5469  -1.480200
  028-060Ni     7.8416     2.6041     1.5650    -1.5297    12.6371     4.7500  -3.743500
  028-063Ni     8.2479     1.5421     1.2712    -1.4515     9.1042     4.8533  -1.875100
  027-060Co     7.8416     0.0000     1.4091    -3.6789     9.0170     8.4545  -2.076200
  026-057Fe     7.4367     1.5804     1.5737    -3.0878    12.2497     4.5917  -2.515600
  024-053Cr     6.8989     1.6273     1.5780    -1.9343    10.9467     8.0074  -2.552300
#......................................................................../  029-063Cu //   8.500000
#                                                                       GIANT DIPOLE RESONANCE DATA
#          Energy[MeV] Width[MeV] Sigma0[mb]            Profile
         E1    16.4565     3.9872  56.731676                 GL
         E1    18.9834     6.2429  61.287757                 GL
         M1    10.1972     4.0000   0.690472                 SL
         E2    15.6688     5.3300   1.546587                 SL
         M2    10.1972     4.0000   0.000552                 SL
         E3    15.6688     5.3300   0.001237                 SL
         M1     3.0044     1.5000   0.644508                 SL
#......................................................................../  029-063Cu //   8.500000
#                                                                       SUM OF PRECOMPOUND EMISSION
#            030-065Zn      gamma    neutron     proton      alpha   deuteron
 SpcSum[mb]            0.0000e+00 1.7330e+02 1.1797e+02 1.4792e+01 2.8638e-01
 Emean[MeV]            0.0000e+00 5.8523e+00 8.5732e+00 1.2037e+01 3.9092e+00
#          
#           TotalPreEq   Compound   Fraction
  Sigma[mb] 3.0635e+02 1.1903e+03 2.5736e-01
#......................................................................../  029-063Cu //   8.500000
#                                                                          SUM SPECTRA FOR COMPOUND
#            030-065Zn      gamma    neutron     proton      alpha   deuteron
 SpcSum[mb]            6.1191e-01 6.3187e+02 2.1707e+02 3.2889e+01 2.0864e+00
 Emean[MeV]            5.6502e+00 2.3412e+00 5.6475e+00 1.0529e+01 5.1647e+00
#......................................................................../  029-063Cu //   8.500000
#                                                                   GAMMAS FROM DISCRETE TRANSITION
#           0 0 0 0 0 0             030-065Zn
#   Ex[MeV]     Jpi    FinalState  Branching Production    Egamma Production   T(1/2)[s]
 34  2.2160    2.5+                          6.2931e-04
                        0  0.0000     0.0714               2.2160 4.4951e-05
                        2  0.1151     0.0714               2.1009 4.4951e-05
                        3  0.2069     0.0714               2.0091 4.4951e-05
                        4  0.7687     0.0714               1.4473 4.4951e-05
                        5  0.8642     0.0714               1.3518 4.4951e-05
                        7  0.9096     0.0714               1.3064 4.4951e-05
                        8  1.0474     0.0714               1.1686 4.4951e-05
                       11  1.2527     0.0714               0.9633 4.4951e-05
                       13  1.3438     0.0714               0.8722 4.4951e-05
                       15  1.4697     0.0714               0.7463 4.4951e-05
                       16  1.5771     0.0714               0.6390 4.4951e-05
                       17  1.5881     0.0714               0.6279 4.4951e-05
                       20  1.7935     0.0714               0.4225 4.4951e-05
                       24  1.9560     0.0714               0.2600 4.4951e-05
 33  2.2020    2.5+                          6.3861e-04
                        7  0.9096     0.5648               1.2923 3.6062e-04
                        2  0.1151     0.4352               2.0869 2.7772e-04
 32  2.1377    5.5+                          2.0171e-03                       6.7000e-13
                       10  1.0655     1.0000               1.0722 2.0166e-03
 31  2.1370    1.5+                          4.9458e-04
                        0  0.0000     0.0769               2.1370 3.8045e-05
                        1  0.0539     0.0769               2.0831 3.8045e-05
                        2  0.1151     0.0769               2.0219 3.8045e-05
                        3  0.2069     0.0769               1.9301 3.8045e-05
                        4  0.7687     0.0769               1.3683 3.8045e-05
                        6  0.8669     0.0769               1.2701 3.8045e-05
                        7  0.9096     0.0769               1.2273 3.8045e-05
                        8  1.0474     0.0769               1.0896 3.8045e-05
                       13  1.3438     0.0769               0.7932 3.8045e-05
                       15  1.4697     0.0769               0.6673 3.8045e-05
                       16  1.5771     0.0769               0.5599 3.8045e-05
                       20  1.7935     0.0769               0.3435 3.8045e-05
                       24  1.9560     0.0769               0.1810 3.8045e-05
 30  2.1352    4.5+                          1.2362e-03                       1.4000e-12
                       14  1.3691     0.3333               0.7661 4.1205e-04
                       10  1.0655     0.3333               1.0697 4.1205e-04
                        5  0.8642     0.3333               1.2710 4.1205e-04
 29  2.0815    0.5+                          2.7977e-04
                        3  0.2069     0.5347               1.8746 1.4951e-04
                        2  0.1151     0.4653               1.9664 1.3009e-04
 28  2.0538    6.5+                          3.2612e-03                       1.4000e-12
                       10  1.0655     1.0000               0.9883 3.2602e-03
 27  2.0522    1.5+                          5.4458e-04
                        0  0.0000     0.0769               2.0522 4.1891e-05
                        1  0.0539     0.0769               1.9983 4.1891e-05
                        2  0.1151     0.0769               1.9371 4.1891e-05
                        3  0.2069     0.0769               1.8453 4.1891e-05
                        4  0.7687     0.0769               1.2835 4.1891e-05
                        6  0.8669     0.0769               1.1853 4.1891e-05
                        7  0.9096     0.0769               1.1425 4.1891e-05
                        8  1.0474     0.0769               1.0048 4.1891e-05
                       13  1.3438     0.0769               0.7084 4.1891e-05
                       15  1.4697     0.0769               0.5825 4.1891e-05
                       16  1.5771     0.0769               0.4751 4.1891e-05
                       20  1.7935     0.0769               0.2587 4.1891e-05
                       24  1.9560     0.0769               0.0962 4.1891e-05
 26  1.9760    2.5+                          8.1748e-04
                        0  0.0000     0.0714               1.9760 5.8391e-05
                        2  0.1151     0.0714               1.8609 5.8391e-05
                        3  0.2069     0.0714               1.7691 5.8391e-05
                        4  0.7687     0.0714               1.2073 5.8391e-05
                        5  0.8642     0.0714               1.1118 5.8391e-05
                        7  0.9096     0.0714               1.0663 5.8391e-05
                        8  1.0474     0.0714               0.9286 5.8391e-05
                       11  1.2527     0.0714               0.7233 5.8391e-05
                       13  1.3438     0.0714               0.6321 5.8391e-05
                       15  1.4697     0.0714               0.5063 5.8391e-05
                       16  1.5771     0.0714               0.3989 5.8391e-05
                       17  1.5881     0.0714               0.3879 5.8391e-05
                       20  1.7935     0.0714               0.1825 5.8391e-05
                       24  1.9560     0.0714               0.0200 5.8391e-05
 25  1.9573    3.5+                          1.1432e-03                       4.2000e-13
                       14  1.3691     0.2102               0.5882 2.4012e-04
                       10  1.0655     0.7898               0.8918 9.0263e-04
 24  1.9560    2.5-                          1.0216e-03
                        9  1.0621     0.2000               0.8939 2.0432e-04
                       14  1.3691     0.2000               0.5869 2.0432e-04
                       18  1.6030     0.2000               0.3530 2.0432e-04
                       19  1.7796     0.2000               0.1764 2.0432e-04
                       23  1.9411     0.2000               0.0149 2.0432e-04
 23  1.9411    2.5+                          1.0550e-03
                        2  0.1151     0.3333               1.8260 3.5168e-04
                        1  0.0539     0.3333               1.8872 3.5168e-04
                        0  0.0000     0.3333               1.9411 3.5168e-04
 22  1.9080    0.5+                          3.4530e-04
                        1  0.0539     0.1429               1.8541 4.9329e-05
                        2  0.1151     0.1429               1.7929 4.9329e-05
                        3  0.2069     0.1429               1.7011 4.9329e-05
                        6  0.8669     0.1429               1.0411 4.9329e-05
                        7  0.9096     0.1429               0.9983 4.9329e-05
                       15  1.4697     0.1429               0.4383 4.9329e-05
                       16  1.5771     0.1429               0.3309 4.9329e-05
 21  1.9075    4.5-                          1.6858e-03
                        4  0.7687     0.5000               1.1388 8.4288e-04
                        0  0.0000     0.5000               1.9075 8.4288e-04
 20  1.7935    2.5-                          1.1710e-03
                        1  0.0539     0.5000               1.7396 5.8552e-04
                        0  0.0000     0.5000               1.7935 5.8552e-04
 19  1.7796    2.5+                          1.2336e-03
                        1  0.0539     0.5000               1.7257 6.1680e-04
                        0  0.0000     0.5000               1.7796 6.1680e-04
 18  1.6030    3.5+                          1.9715e-03
                        0  0.0000     0.1250               1.6030 2.4643e-04
                        4  0.7687     0.1250               0.8343 2.4643e-04
                        5  0.8642     0.1250               0.7388 2.4643e-04
                        8  1.0474     0.1250               0.5556 2.4643e-04
                       11  1.2527     0.1250               0.3503 2.4643e-04
                       12  1.2634     0.1250               0.3396 2.4643e-04
                       13  1.3438     0.1250               0.2591 2.4643e-04
                       17  1.5881     0.1250               0.0149 2.4643e-04
 17  1.5881    3.5-                          2.0874e-03                       1.5000e-13
                        4  0.7687     0.0995               0.8194 2.0772e-04
                        2  0.1151     0.2234               1.4730 4.6627e-04
                        0  0.0000     0.6770               1.5881 1.4130e-03
 16  1.5771    1.5-                          1.1015e-03                       1.7000e-13
                        4  0.7687     0.0000               0.8084 0.0000e+00
                        3  0.2069     0.0000               1.3701 0.0000e+00
                        2  0.1151     0.0000               1.4619 0.0000e+00
                        1  0.0539     0.3902               1.5231 4.2971e-04
                        0  0.0000     0.6098               1.5771 6.7154e-04
 15  1.4697    1.5-                          1.2008e-03                       1.6000e-13
                        8  1.0474     0.0411               0.4223 4.9289e-05
                        7  0.9096     0.0596               0.5601 7.1511e-05
                        6  0.8669     0.0486               0.6028 5.8315e-05
                        4  0.7687     0.0000               0.7010 0.0000e+00
                        3  0.2069     0.0561               1.2628 6.7339e-05
                        2  0.1151     0.5783               1.3546 6.9429e-04
                        1  0.0539     0.1677               1.4158 2.0134e-04
                        0  0.0000     0.0486               1.4697 5.8311e-05
 14  1.3691    2.5+                          2.5960e-03                       1.4000e-12
                        2  0.1151     0.6289               1.2540 1.6323e-03
                        0  0.0000     0.3711               1.3691 9.6314e-04
 13  1.3438    2.5-                          2.0115e-03                       1.7000e-12
                        5  0.8642     0.0241               0.4796 4.8394e-05
                        4  0.7687     0.0253               0.5751 5.0937e-05
                        3  0.2069     0.1292               1.1369 2.5982e-04
                        2  0.1151     0.6333               1.2287 1.2736e-03
                        1  0.0539     0.0108               1.2899 2.1659e-05
                        0  0.0000     0.1773               1.3438 3.5657e-04
 12  1.2634    4.5-                          4.4449e-03
                        5  0.8642     0.0431               0.3992 1.9135e-04
                        0  0.0000     0.9569               1.2634 4.2524e-03
 11  1.2527    3.5-                          2.9726e-03                       1.1000e-12
                        4  0.7687     0.1524               0.4840 4.5247e-04
                        3  0.2069     0.5437               1.0457 1.6157e-03
                        2  0.1151     0.2066               1.1375 6.1399e-04
                        0  0.0000     0.0973               1.2527 2.8920e-04
 10  1.0655    4.5+                          1.2424e-02                       5.7500e-10
                        5  0.8642     0.9105               0.2013 1.1225e-02
                        0  0.0000     0.0895               1.0655 1.1113e-03
  9  1.0621    3.5+                          3.9565e-03
                        5  0.8642     0.5000               0.1979 1.9783e-03
                        3  0.2069     0.5000               0.8552 1.9783e-03
  8  1.0474    2.5-                          2.6605e-03                       3.7000e-13
                        4  0.7687     0.0050               0.2787 1.3135e-05
                        3  0.2069     0.0200               0.8405 5.3191e-05
                        2  0.1151     0.6250               0.9323 1.6624e-03
                        1  0.0539     0.0188               0.9935 4.9872e-05
                        0  0.0000     0.3312               1.0474 8.8099e-04
  7  0.9096    1.5-                          2.3710e-03                       1.4000e-12
                        4  0.7687     0.0203               0.1409 4.3756e-05
                        3  0.2069     0.0763               0.7027 1.8075e-04
                        2  0.1151     0.2526               0.7945 5.9867e-04
                        1  0.0539     0.1651               0.8557 3.9130e-04
                        0  0.0000     0.4857               0.9096 1.1513e-03
  6  0.8669    0.5-                          1.1172e-03                       5.5000e-13
                        3  0.2069     0.0149               0.6600 1.6656e-05
                        2  0.1151     0.9564               0.7518 1.0679e-03
                        1  0.0539     0.0134               0.8130 1.4954e-05
                        0  0.0000     0.0153               0.8669 1.7086e-05
  5  0.8642    3.5-                          1.8672e-02                       3.0000e-12
                        3  0.2069     0.0060               0.6573 1.1145e-04
                        2  0.1151     0.1531               0.7491 2.8570e-03
                        0  0.0000     0.8409               0.8642 1.5695e-02
  4  0.7687    2.5-                          5.0111e-03                       1.3000e-12
                        3  0.2069     0.0039               0.5618 1.9456e-05
                        2  0.1151     0.3421               0.6536 1.7132e-03
                        1  0.0539     0.0742               0.7148 3.7170e-04
                        0  0.0000     0.5798               0.7687 2.9040e-03
  3  0.2069    1.5-                          8.1427e-03                       1.5000e-10
                        2  0.1151     0.0486               0.0918 2.6393e-04
                        1  0.0539     0.7375               0.1530 5.8644e-03
                        0  0.0000     0.2139               0.2069 1.7009e-03
  2  0.1151    1.5-                          1.7755e-02                       4.4400e-10
                        1  0.0539     0.2283               0.0612 2.7023e-03
                        0  0.0000     0.7717               0.1151 1.2805e-02
  1  0.0539    0.5-                          1.5246e-02                       1.6000e-06
                        0  0.0000     1.0000               0.0539 1.9397e-03
  0  0.0000    2.5-                          7.0095e-02                       2.1080e+07
#......................................................................../  029-063Cu //   8.500000
#                                                                          SUM SPECTRA FOR COMPOUND
#            030-064Zn      gamma    neutron     proton      alpha
 SpcSum[mb]            1.3020e+03 9.4784e+01 3.1047e+02 7.9135e+01
 Emean[MeV]            2.0769e+00 6.5675e-01 3.3226e+00 7.2985e+00
#......................................................................../  029-063Cu //   8.500000
#                                                                   GAMMAS FROM DISCRETE TRANSITION
#           1 0 0 0 0 0             030-064Zn
#   Ex[MeV]     Jpi    FinalState  Branching Production    Egamma Production   T(1/2)[s]
 74  4.3190    3.0+                          1.4181e+00
                        1  0.9916     1.0000               3.3274 1.4168e+00
 73  4.3050    3.0-                          1.4784e+00
                        1  0.9916     0.0256               3.3134 3.7909e-02
                        2  1.7994     0.0256               2.5056 3.7909e-02
                        4  2.3068     0.0256               1.9982 3.7909e-02
                        6  2.7365     0.0256               1.5685 3.7909e-02
                        7  2.7937     0.0256               1.5113 3.7909e-02
                        8  2.9798     0.0256               1.3252 3.7909e-02
                       10  3.0057     0.0256               1.2993 3.7909e-02
                       11  3.0712     0.0256               1.2338 3.7909e-02
                       12  3.0778     0.0256               1.2272 3.7909e-02
                       13  3.0946     0.0256               1.2104 3.7909e-02
                       15  3.1968     0.0256               1.1082 3.7909e-02
                       16  3.2059     0.0256               1.0991 3.7909e-02
                       20  3.2972     0.0256               1.0078 3.7909e-02
                       21  3.3069     0.0256               0.9981 3.7909e-02
                       24  3.3698     0.0256               0.9352 3.7909e-02
                       27  3.4523     0.0256               0.8527 3.7909e-02
                       30  3.5000     0.0256               0.8050 3.7909e-02
                       31  3.5388     0.0256               0.7662 3.7909e-02
                       33  3.5524     0.0256               0.7526 3.7909e-02
                       35  3.5972     0.0256               0.7078 3.7909e-02
                       37  3.6065     0.0256               0.6985 3.7909e-02
                       40  3.6284     0.0256               0.6766 3.7909e-02
                       41  3.6810     0.0256               0.6240 3.7909e-02
                       42  3.6988     0.0256               0.6062 3.7909e-02
                       44  3.7106     0.0256               0.5944 3.7909e-02
                       46  3.7600     0.0256               0.5450 3.7909e-02
                       47  3.7800     0.0256               0.5250 3.7909e-02
                       50  3.8196     0.0256               0.4854 3.7909e-02
                       51  3.8505     0.0256               0.4545 3.7909e-02
                       55  3.8985     0.0256               0.4065 3.7909e-02
                       57  3.9321     0.0256               0.3729 3.7909e-02
                       58  3.9520     0.0256               0.3530 3.7909e-02
                       60  4.0204     0.0256               0.2846 3.7909e-02
                       61  4.0397     0.0256               0.2653 3.7909e-02
                       63  4.1130     0.0256               0.1920 3.7909e-02
                       64  4.1400     0.0256               0.1650 3.7909e-02
                       69  4.2053     0.0256               0.0997 3.7909e-02
                       70  4.2190     0.0256               0.0860 3.7909e-02
                       72  4.2886     0.0256               0.0164 3.7909e-02
 72  4.2886    4.0+                          1.9119e+00
                        6  2.7365     1.0000               1.5521 1.9115e+00
 71  4.2367    6.0+                          3.7441e+00                       1.3000e-13
                        6  2.7365     0.6896               1.5002 2.5814e+00
                        4  2.3068     0.3104               1.9300 1.1618e+00
 70  4.2190    3.0+                          1.6229e+00
                        9  2.9986     0.1250               1.2204 2.0286e-01
                       28  3.4586     0.1250               0.7604 2.0286e-01
                       32  3.5460     0.1250               0.6730 2.0286e-01
                       34  3.5868     0.1250               0.6322 2.0286e-01
                       53  3.8638     0.1250               0.3552 2.0286e-01
                       54  3.8800     0.1250               0.3390 2.0286e-01
                       65  4.1540     0.1250               0.0650 2.0286e-01
                       68  4.1818     0.1250               0.0372 2.0286e-01
 69  4.2053    3.0+                          1.6476e+00
                        1  0.9916     1.0000               3.2137 1.6462e+00
 68  4.1818    2.0-                          1.4152e+00
                        4  2.3068     1.0000               1.8750 1.4148e+00
                        2  1.7994     0.0000               2.3824 0.0000e+00
 67  4.1594    1.0+                          7.9584e-01                       7.7000e-15
                        1  0.9916     0.4594               3.1678 3.6530e-01
                        0  0.0000     0.5406               4.1594 4.2974e-01
 66  4.1566    5.0-                          3.0360e+00                       1.1000e-13
                       21  3.3069     0.0000               0.8497 0.0000e+00
                       12  3.0778     0.2275               1.0788 6.9061e-01
                        9  2.9986     0.2433               1.1580 7.3850e-01
                        4  2.3068     0.5292               1.8498 1.6057e+00
 65  4.1540    2.0-                          1.4558e+00
                        1  0.9916     0.0323               3.1624 4.6961e-02
                        2  1.7994     0.0323               2.3546 4.6961e-02
                        7  2.7937     0.0323               1.3603 4.6961e-02
                        8  2.9798     0.0323               1.1742 4.6961e-02
                       10  3.0057     0.0323               1.1483 4.6961e-02
                       11  3.0712     0.0323               1.0828 4.6961e-02
                       13  3.0946     0.0323               1.0594 4.6961e-02
                       14  3.1868     0.0323               0.9672 4.6961e-02
                       15  3.1968     0.0323               0.9572 4.6961e-02
                       16  3.2059     0.0323               0.9481 4.6961e-02
                       20  3.2972     0.0323               0.8568 4.6961e-02
                       23  3.3660     0.0323               0.7880 4.6961e-02
                       24  3.3698     0.0323               0.7842 4.6961e-02
                       26  3.4251     0.0323               0.7288 4.6961e-02
                       27  3.4523     0.0323               0.7017 4.6961e-02
                       30  3.5000     0.0323               0.6540 4.6961e-02
                       31  3.5388     0.0323               0.6152 4.6961e-02
                       35  3.5972     0.0323               0.5568 4.6961e-02
                       36  3.6021     0.0323               0.5519 4.6961e-02
                       41  3.6810     0.0323               0.4730 4.6961e-02
                       42  3.6988     0.0323               0.4552 4.6961e-02
                       44  3.7106     0.0323               0.4434 4.6961e-02
                       47  3.7800     0.0323               0.3740 4.6961e-02
                       48  3.7953     0.0323               0.3587 4.6961e-02
                       51  3.8505     0.0323               0.3035 4.6961e-02
                       55  3.8985     0.0323               0.2555 4.6961e-02
                       58  3.9520     0.0323               0.2020 4.6961e-02
                       60  4.0204     0.0323               0.1336 4.6961e-02
                       61  4.0397     0.0323               0.1143 4.6961e-02
                       63  4.1130     0.0323               0.0410 4.6961e-02
                       64  4.1400     0.0323               0.0140 4.6961e-02
 64  4.1400    2.0+                          1.3223e+00
                        0  0.0000     1.0000               4.1400 1.3206e+00
 63  4.1130    2.0+                          1.3607e+00
                        9  2.9986     0.0909               1.1144 1.2370e-01
                       18  3.2620     0.0909               0.8510 1.2370e-01
                       19  3.2850     0.0909               0.8280 1.2370e-01
                       22  3.3218     0.0909               0.7912 1.2370e-01
                       28  3.4586     0.0909               0.6544 1.2370e-01
                       32  3.5460     0.0909               0.5670 1.2370e-01
                       34  3.5868     0.0909               0.5262 1.2370e-01
                       43  3.7014     0.0909               0.4116 1.2370e-01
                       45  3.7184     0.0909               0.3946 1.2370e-01
                       53  3.8638     0.0909               0.2492 1.2370e-01
                       54  3.8800     0.0909               0.2330 1.2370e-01
 62  4.0765    5.0+                          3.2682e+00                       4.9000e-13
                       12  3.0778     0.0000               0.9988 0.0000e+00
                        6  2.7365     1.0000               1.3400 3.2677e+00
                        4  2.3068     0.0000               1.7698 0.0000e+00
 61  4.0397    2.0+                          1.4723e+00
                        1  0.9916     1.0000               3.0481 1.4711e+00
 60  4.0204    3.0+                          2.0797e+00
                        6  2.7365     0.4999               1.2839 1.0395e+00
                        1  0.9916     0.5001               3.0288 1.0393e+00
 59  3.9934    6.0+                          6.1935e+00                       1.2000e-13
                        4  2.3068     1.0000               1.6866 6.1919e+00
 58  3.9520    3.0+                          2.2502e+00
                        1  0.9916     1.0000               2.9604 2.2486e+00
 57  3.9321    4.0+                          2.8382e+00
                        9  2.9986     0.0000               0.9335 0.0000e+00
                        4  2.3068     1.0000               1.6254 2.8376e+00
 56  3.9248    5.0-                          4.1464e+00                       1.4000e-12
                       21  3.3069     0.0579               0.6179 2.4006e-01
                       12  3.0778     0.0000               0.8470 0.0000e+00
                        9  2.9986     0.1326               0.9262 5.4960e-01
                        6  2.7365     0.1116               1.1883 4.6266e-01
                        4  2.3068     0.6979               1.6180 2.8925e+00
 55  3.8985    3.0+                          2.3959e+00                       3.8000e-14
                        6  2.7365     0.1666               1.1620 3.9907e-01
                        1  0.9916     0.8334               2.9069 1.9953e+00
 54  3.8800    2.0-                          2.0737e+00
                        1  0.9916     0.0400               2.8884 8.2949e-02
                        2  1.7994     0.0400               2.0806 8.2949e-02
                        7  2.7937     0.0400               1.0863 8.2949e-02
                        8  2.9798     0.0400               0.9002 8.2949e-02
                       10  3.0057     0.0400               0.8743 8.2949e-02
                       11  3.0712     0.0400               0.8088 8.2949e-02
                       13  3.0946     0.0400               0.7854 8.2949e-02
                       14  3.1868     0.0400               0.6932 8.2949e-02
                       15  3.1968     0.0400               0.6832 8.2949e-02
                       16  3.2059     0.0400               0.6741 8.2949e-02
                       20  3.2972     0.0400               0.5828 8.2949e-02
                       23  3.3660     0.0400               0.5140 8.2949e-02
                       24  3.3698     0.0400               0.5102 8.2949e-02
                       26  3.4251     0.0400               0.4548 8.2949e-02
                       27  3.4523     0.0400               0.4277 8.2949e-02
                       30  3.5000     0.0400               0.3800 8.2949e-02
                       31  3.5388     0.0400               0.3412 8.2949e-02
                       35  3.5972     0.0400               0.2828 8.2949e-02
                       36  3.6021     0.0400               0.2779 8.2949e-02
                       41  3.6810     0.0400               0.1990 8.2949e-02
                       42  3.6988     0.0400               0.1812 8.2949e-02
                       44  3.7106     0.0400               0.1694 8.2949e-02
                       47  3.7800     0.0400               0.1000 8.2949e-02
                       48  3.7953     0.0400               0.0847 8.2949e-02
                       51  3.8505     0.0400               0.0295 8.2949e-02
 53  3.8638    3.0-                          2.8618e+00
                        4  2.3068     1.0000               1.5570 2.8608e+00
 52  3.8532    5.0+                          4.4579e+00                       2.0000e-12
                        6  2.7365     1.0000               1.1167 4.4570e+00
                        4  2.3068     0.0000               1.5465 0.0000e+00
 51  3.8505    3.0+                          2.6195e+00                       7.0000e-13
                        6  2.7365     0.0000               1.1140 0.0000e+00
                        2  1.7994     0.1803               2.0511 4.7211e-01
                        1  0.9916     0.8197               2.8589 2.1456e+00
 50  3.8196    4.0+                          3.2440e+00
                        2  1.7994     1.0000               2.0202 3.2427e+00
 49  3.8154    0.0+                          3.5782e-01
                        2  1.7994     1.0000               2.0160 3.5768e-01
 48  3.7953    1.0+                          1.3863e+00
                        5  2.6095     0.0312               1.1858 4.3297e-02
                        2  1.7994     0.4463               1.9959 6.1844e-01
                        1  0.9916     0.1786               2.8037 2.4740e-01
                        0  0.0000     0.3439               3.7953 4.7623e-01
 47  3.7800    2.0+                          2.0528e+00
                        9  2.9986     0.1111               0.7814 2.2808e-01
                       18  3.2620     0.1111               0.5180 2.2808e-01
                       19  3.2850     0.1111               0.4950 2.2808e-01
                       22  3.3218     0.1111               0.4582 2.2808e-01
                       28  3.4586     0.1111               0.3214 2.2808e-01
                       32  3.5460     0.1111               0.2340 2.2808e-01
                       34  3.5868     0.1111               0.1932 2.2808e-01
                       43  3.7014     0.1111               0.0786 2.2808e-01
                       45  3.7184     0.1111               0.0616 2.2808e-01
 46  3.7600    4.0+                          3.4874e+00
                        9  2.9986     0.2000               0.7614 6.9748e-01
                       28  3.4586     0.2000               0.3014 6.9748e-01
                       29  3.4650     0.2000               0.2950 6.9748e-01
                       32  3.5460     0.2000               0.2140 6.9748e-01
                       34  3.5868     0.2000               0.1732 6.9748e-01
 45  3.7184    1.0-                          1.7729e+00                       3.1000e-14
                        1  0.9916     1.0000               2.7268 1.7710e+00
 44  3.7106    2.0+                          2.2180e+00
                        5  2.6095     0.0654               1.1011 1.4507e-01
                        4  2.3068     0.9346               1.4038 2.0725e+00
                        0  0.0000     0.0000               3.7106 0.0000e+00
 43  3.7014    1.0-                          1.8057e+00                       2.5000e-14
                        0  0.0000     1.0000               3.7014 1.8029e+00
 42  3.6988    2.0+                          2.2477e+00
                       15  3.1968     1.0000               0.5020 2.2443e+00
 41  3.6810    2.0+                          2.2933e+00
                        9  2.9986     0.1429               0.6824 3.2762e-01
                       18  3.2620     0.1429               0.4190 3.2762e-01
                       19  3.2850     0.1429               0.3960 3.2762e-01
                       22  3.3218     0.1429               0.3592 3.2762e-01
                       28  3.4586     0.1429               0.2224 3.2762e-01
                       32  3.5460     0.1429               0.1350 3.2762e-01
                       34  3.5868     0.1429               0.0942 3.2762e-01
 40  3.6284    4.0+                          4.1054e+00                       1.6000e-13
                        1  0.9916     1.0000               2.6368 4.1027e+00
 39  3.6270    0.0+                          4.4383e-01
                       18  3.2620     0.3333               0.3650 1.4794e-01
                       19  3.2850     0.3333               0.3420 1.4794e-01
                       22  3.3218     0.3333               0.3052 1.4794e-01
 38  3.6208    6.0-                          1.1933e+01
                        4  2.3068     1.0000               1.3140 1.1930e+01
 37  3.6065    4.0+                          4.2202e+00
                        1  0.9916     1.0000               2.6149 4.2174e+00
 36  3.6021    1.0+                          1.7515e+00
                        0  0.0000     1.0000               3.6021 1.7498e+00
 35  3.5972    2.0+                          2.5234e+00
                        6  2.7365     0.2385               0.8607 6.0158e-01
                        4  2.3068     0.4183               1.2905 1.0554e+00
                        1  0.9916     0.3432               2.6057 8.6552e-01
 34  3.5868    3.0-                          5.2257e+00
                       15  3.1968     1.0000               0.3900 5.2195e+00
 33  3.5524    4.0+                          4.5195e+00                       1.0000e-12
                        4  2.3068     0.4405               1.2456 1.9903e+00
                        1  0.9916     0.3746               2.5608 1.6918e+00
                        0  0.0000     0.1850               3.5524 8.3599e-01
 32  3.5460    3.0-                          5.4307e+00
                       18  3.2620     0.3417               0.2840 1.8299e+00
                       14  3.1868     0.6583               0.3592 3.5187e+00
                        2  1.7994     0.0000               1.7466 0.0000e+00
 31  3.5388    2.0+                          2.6998e+00
                        4  2.3068     1.0000               1.2321 2.6993e+00
 30  3.5000    2.0+                          2.8247e+00
                        9  2.9986     0.2000               0.5014 5.6495e-01
                       18  3.2620     0.2000               0.2380 5.6495e-01
                       19  3.2850     0.2000               0.2150 5.6495e-01
                       22  3.3218     0.2000               0.1782 5.6495e-01
                       28  3.4586     0.2000               0.0414 5.6495e-01
 29  3.4650    5.0-                          9.0768e+00
                        4  2.3068     0.2000               1.1582 1.8154e+00
                        6  2.7365     0.2000               0.7285 1.8154e+00
                       12  3.0778     0.2000               0.3872 1.8154e+00
                       21  3.3069     0.2000               0.1581 1.8154e+00
                       25  3.4150     0.2000               0.0500 1.8154e+00
 28  3.4586    3.0-                          6.4776e+00                       2.4000e-13
                        2  1.7994     0.5493               1.6593 3.5566e+00
                        1  0.9916     0.4507               2.4671 2.9167e+00
                        0  0.0000     0.0000               3.4586 0.0000e+00
 27  3.4523    2.0+                          2.9874e+00
                        3  1.9103     1.0000               1.5420 2.9867e+00
 26  3.4251    1.0+                          2.1892e+00                       3.1000e-14
                       10  3.0057     0.0000               0.4194 0.0000e+00
                        3  1.9103     0.0311               1.5148 6.8029e-02
                        2  1.7994     0.1775               1.6258 3.8850e-01
                        1  0.9916     0.1002               2.4336 2.1925e-01
                        0  0.0000     0.6912               3.4251 1.5119e+00
 25  3.4150    5.0+                          1.0603e+01
                        4  2.3068     1.0000               1.1082 1.0603e+01
 24  3.3698    3.0+                          4.7186e+00                       3.5000e-13
                        6  2.7365     0.1405               0.6333 6.6243e-01
                        2  1.7994     0.5617               1.5705 2.6499e+00
                        1  0.9916     0.2978               2.3783 1.4045e+00
 23  3.3660    1.0+                          2.3622e+00                       2.3000e-14
                        5  2.6095     0.0493               0.7565 1.1646e-01
                        3  1.9103     0.0737               1.4556 1.7405e-01
                        2  1.7994     0.0825               1.5666 1.9490e-01
                        1  0.9916     0.2751               2.3744 6.4955e-01
                        0  0.0000     0.5193               3.3660 1.2257e+00
 22  3.3218    1.0-                          3.8367e+00
                        3  1.9103     0.6326               1.4115 2.4265e+00
                        0  0.0000     0.3674               3.3218 1.4076e+00
 21  3.3069    4.0+                          8.2645e+00                       2.6000e-13
                        7  2.7937     0.0099               0.5132 8.1800e-02
                        4  2.3068     0.9901               1.0001 8.1805e+00
 20  3.2972    2.0+                          3.5920e+00                       2.7000e-13
                        2  1.7994     0.1695               1.4978 6.0872e-01
                        1  0.9916     0.5848               2.3056 2.0996e+00
                        0  0.0000     0.2457               3.2972 8.8172e-01
 19  3.2850    1.0-                          3.9649e+00
                        0  0.0000     0.0909               3.2850 3.6045e-01
                        1  0.9916     0.0909               2.2934 3.6045e-01
                        2  1.7994     0.0909               1.4856 3.6045e-01
                        3  1.9103     0.0909               1.3747 3.6045e-01
                        5  2.6095     0.0909               0.6755 3.6045e-01
                        7  2.7937     0.0909               0.4913 3.6045e-01
                       10  3.0057     0.0909               0.2793 3.6045e-01
                       11  3.0712     0.0909               0.2138 3.6045e-01
                       14  3.1868     0.0909               0.0982 3.6045e-01
                       15  3.1968     0.0909               0.0882 3.6045e-01
                       17  3.2400     0.0909               0.0450 3.6045e-01
 18  3.2620    1.0-                          5.9043e+00                       4.0000e-13
                        3  1.9103     0.0477               1.3517 2.8182e-01
                        2  1.7994     0.1114               1.4626 6.5758e-01
                        1  0.9916     0.7962               2.2704 4.6972e+00
                        0  0.0000     0.0446               3.2620 2.6304e-01
 17  3.2400    0.0+                          1.0575e+00
                       14  3.1868     1.0000               0.0532 1.0575e+00
 16  3.2059    3.0+                          5.8272e+00                       1.8000e-13
                        4  2.3068     0.1032               0.8992 6.0116e-01
                        3  1.9103     0.0794               1.2956 4.6235e-01
                        2  1.7994     0.7936               1.4066 4.6237e+00
                        1  0.9916     0.0238               2.2144 1.3868e-01
                        0  0.0000     0.0000               3.2059 0.0000e+00
 15  3.1968    2.0+                          1.1886e+01
                        2  1.7994     0.3099               1.3974 3.6830e+00
                        1  0.9916     0.5848               2.2052 6.9482e+00
                        0  0.0000     0.1053               3.1968 1.2505e+00
 14  3.1868    1.0+                          7.9758e+00                       4.2000e-14
                        3  1.9103     0.2093               1.2765 1.6691e+00
                        2  1.7994     0.4361               1.3874 3.4777e+00
                        1  0.9916     0.3489               2.1952 2.7816e+00
                        0  0.0000     0.0057               3.1868 4.5204e-02
 13  3.0946    3.0+                          6.7361e+00                       9.0000e-14
                        2  1.7994     0.1935               1.2952 1.3032e+00
                        1  0.9916     0.8065               2.1030 5.4305e+00
 12  3.0778    4.0+                          1.0911e+01                       5.5000e-13
                        6  2.7365     0.0584               0.3412 6.3466e-01
                        4  2.3068     0.5290               0.7710 5.7698e+00
                        1  0.9916     0.4126               2.0862 4.5003e+00
 11  3.0712    2.0+                          5.0776e+00
                        2  1.7994     0.7193               1.2718 3.6516e+00
                        0  0.0000     0.2807               3.0712 1.4241e+00
 10  3.0057    2.0+                          5.4668e+00                       5.7000e-14
                        2  1.7994     0.3209               1.2064 1.7540e+00
                        1  0.9916     0.4115               2.0141 2.2488e+00
                        0  0.0000     0.2676               3.0057 1.4617e+00
  9  2.9986    3.0-                          1.1579e+01                       1.5200e-13
                        2  1.7994     0.0383               1.1992 4.4294e-01
                        1  0.9916     0.9570               2.0070 1.1074e+01
                        0  0.0000     0.0048               2.9986 5.5361e-02
  8  2.9798    3.0+                          7.8278e+00                       3.0000e-13
                        2  1.7994     0.6369               1.1804 4.9846e+00
                        1  0.9916     0.3631               1.9882 2.8413e+00
  7  2.7937    2.0+                          7.0348e+00                       4.9000e-14
                        1  0.9916     1.0000               1.8021 7.0329e+00
                        0  0.0000     0.0000               2.7937 0.0000e+00
  6  2.7365    4.0+                          3.1096e+01                       1.5000e-12
                        4  2.3068     0.0804               0.4298 2.4953e+00
                        2  1.7994     0.8725               0.9372 2.7122e+01
                        1  0.9916     0.0471               1.7450 1.4645e+00
  5  2.6095    0.0+                          2.0984e+00                       2.0000e-13
                        2  1.7994     0.0050               0.8101 1.0437e-02
                        1  0.9916     0.9950               1.6179 2.0874e+00
                        0  0.0000     0.0000               2.6095 0.0000e+00
  4  2.3068    4.0+                          9.1571e+01                       7.7600e-13
                        1  0.9916     1.0000               1.3152 9.1553e+01
  3  1.9103    0.0+                          1.1226e+01                       9.5000e-10
                        2  1.7994     0.0375               0.1110 2.9161e-01
                        1  0.9916     0.9625               0.9188 1.0801e+01
                        0  0.0000     0.0000               1.9103 0.0000e+00
  2  1.7994    2.0+                          8.3160e+01                       2.0000e-12
                        1  0.9916     0.7576               0.8078 6.2971e+01
                        0  0.0000     0.2424               1.7994 2.0152e+01
  1  0.9916    2.0+                          2.7721e+02                       1.9400e-12
                        0  0.0000     1.0000               0.9916 2.7713e+02
  0  0.0000    0.0+                          3.2078e+02
#......................................................................../  029-063Cu //   8.500000
#                                                                          SUM SPECTRA FOR COMPOUND
#            029-064Cu      gamma    neutron     proton      alpha   deuteron
 SpcSum[mb]            8.1130e+02 1.2867e+02 6.5235e-01 1.0411e-03 3.7929e-14
 Emean[MeV]            1.4958e+00 8.0683e-01 2.8066e+00 4.6825e+00 1.1232e+00
#......................................................................../  029-063Cu //   8.500000
#                                                                   GAMMAS FROM DISCRETE TRANSITION
#           0 1 0 0 0 0             029-064Cu
#   Ex[MeV]     Jpi    FinalState  Branching Production    Egamma Production   T(1/2)[s]
 95  2.5949    1.0+                          3.0774e-01
                       17  1.2906     0.0909               1.3043 2.7977e-02
                       23  1.4613     0.0909               1.1336 2.7977e-02
                       24  1.4992     0.0909               1.0957 2.7977e-02
                       32  1.6480     0.0909               0.9469 2.7977e-02
                       57  2.0751     0.0909               0.5198 2.7977e-02
                       69  2.2670     0.0909               0.3279 2.7977e-02
                       74  2.3165     0.0909               0.2784 2.7977e-02
                       86  2.4655     0.0909               0.1294 2.7977e-02
                       88  2.4936     0.0909               0.1013 2.7977e-02
                       91  2.5220     0.0909               0.0729 2.7977e-02
                       92  2.5337     0.0909               0.0612 2.7977e-02
 94  2.5860    3.0+                          6.0927e-01
                       14  1.2427     0.0435               1.3433 2.6490e-02
                       17  1.2906     0.0435               1.2954 2.6490e-02
                       21  1.3632     0.0435               1.2228 2.6490e-02
                       23  1.4613     0.0435               1.1246 2.6490e-02
                       24  1.4992     0.0435               1.0868 2.6490e-02
                       32  1.6480     0.0435               0.9380 2.6490e-02
                       38  1.7492     0.0435               0.8368 2.6490e-02
                       42  1.8840     0.0435               0.7020 2.6490e-02
                       45  1.9180     0.0435               0.6680 2.6490e-02
                       47  1.9700     0.0435               0.6160 2.6490e-02
                       51  2.0419     0.0435               0.5441 2.6490e-02
                       53  2.0533     0.0435               0.5327 2.6490e-02
                       54  2.0600     0.0435               0.5260 2.6490e-02
                       57  2.0751     0.0435               0.5109 2.6490e-02
                       58  2.0801     0.0435               0.5059 2.6490e-02
                       61  2.1397     0.0435               0.4463 2.6490e-02
                       69  2.2670     0.0435               0.3190 2.6490e-02
                       72  2.3011     0.0435               0.2849 2.6490e-02
                       78  2.3605     0.0435               0.2255 2.6490e-02
                       81  2.3812     0.0435               0.2048 2.6490e-02
                       87  2.4912     0.0435               0.0948 2.6490e-02
                       88  2.4936     0.0435               0.0924 2.6490e-02
                       90  2.5073     0.0435               0.0787 2.6490e-02
 93  2.5670    5.0+                          1.3082e+00
                       21  1.3632     0.1429               1.2038 1.8689e-01
                       27  1.5942     0.1429               0.9728 1.8689e-01
                       38  1.7492     0.1429               0.8178 1.8689e-01
                       45  1.9180     0.1429               0.6490 1.8689e-01
                       53  2.0533     0.1429               0.5137 1.8689e-01
                       56  2.0732     0.1429               0.4938 1.8689e-01
                       78  2.3605     0.1429               0.2065 1.8689e-01
 92  2.5337    1.0-                          3.8547e-01
                        0  0.0000     1.0000               2.5337 3.8508e-01
 91  2.5220    0.0-                          1.6508e-01
                        0  0.0000     0.0625               2.5220 1.0317e-02
                        3  0.3439     0.0625               2.1781 1.0317e-02
                        7  0.6630     0.0625               1.8590 1.0317e-02
                       12  0.9271     0.0625               1.5949 1.0317e-02
                       13  1.2411     0.0625               1.2809 1.0317e-02
                       15  1.2872     0.0625               1.2348 1.0317e-02
                       18  1.2981     0.0625               1.2239 1.0317e-02
                       19  1.3203     0.0625               1.2017 1.0317e-02
                       22  1.4387     0.0625               1.0833 1.0317e-02
                       40  1.7795     0.0625               0.7425 1.0317e-02
                       43  1.9003     0.0625               0.6217 1.0317e-02
                       46  1.9400     0.0625               0.5820 1.0317e-02
                       59  2.0923     0.0625               0.4297 1.0317e-02
                       79  2.3764     0.0625               0.1456 1.0317e-02
                       83  2.3880     0.0625               0.1340 1.0317e-02
                       85  2.4567     0.0625               0.0653 1.0317e-02
 90  2.5073    3.0-                          7.2917e-01
                        1  0.1593     1.0000               2.3480 7.2853e-01
 89  2.4976    2.0+                          5.2520e-01
                       33  1.6831     0.1847               0.8145 9.6980e-02
                       29  1.6073     0.1305               0.8903 6.8526e-02
                       24  1.4992     0.1699               0.9984 8.9233e-02
                       10  0.8783     0.1995               1.6193 1.0477e-01
                        7  0.6630     0.0690               1.8346 3.6213e-02
                        3  0.3439     0.2463               2.1537 1.2932e-01
 88  2.4936    2.0-                          6.1187e-01
                        7  0.6630     0.4710               1.8306 2.8803e-01
                        5  0.5746     0.5290               1.9189 3.2360e-01
 87  2.4912    3.0-                          7.4347e-01
                        1  0.1593     0.0655               2.3319 4.8620e-02
                        0  0.0000     0.9345               2.4912 6.9453e-01
 86  2.4655    1.0-                          4.2014e-01
                        0  0.0000     1.0000               2.4655 4.1974e-01
 85  2.4567    1.0+                          3.7372e-01
                       11  0.8957     1.0000               1.5610 3.7364e-01
                        0  0.0000     0.0000               2.4567 0.0000e+00
 84  2.4170    3.0+                          7.4332e-01
                        7  0.6630     1.0000               1.7540 7.4311e-01
 83  2.3880    1.0+                          4.0565e-01
                        9  0.7462     1.0000               1.6417 4.0555e-01
 82  2.3872    6.0+                          2.2780e+00
                       56  2.0732     1.0000               0.3140 2.2736e+00
 81  2.3812    3.0-                          8.5155e-01
                        2  0.2783     0.6994               2.1029 5.9514e-01
                        0  0.0000     0.3006               2.3812 2.5588e-01
 80  2.3784    7.0-                          3.2159e+00
                       27  1.5942     1.0000               0.7842 3.2145e+00
 79  2.3764    1.0+                          4.1132e-01
                       27  1.5942     0.4999               0.7822 2.0562e-01
                        9  0.7462     0.5001               1.6302 2.0565e-01
 78  2.3605    4.0-                          1.3999e+00
                       13  1.2411     1.0000               1.1194 1.3993e+00
 77  2.3546    3.0+                          8.0184e-01
                       29  1.6073     0.0000               0.7473 0.0000e+00
                        8  0.7391     0.9524               1.6156 7.6348e-01
                        0  0.0000     0.0476               2.3546 3.8170e-02
 76  2.3247    3.0+                          8.3182e-01
                       14  1.2427     0.0556               1.0821 4.6212e-02
                       17  1.2906     0.0556               1.0341 4.6212e-02
                       21  1.3632     0.0556               0.9615 4.6212e-02
                       23  1.4613     0.0556               0.8634 4.6212e-02
                       24  1.4992     0.0556               0.8256 4.6212e-02
                       32  1.6480     0.0556               0.6767 4.6212e-02
                       38  1.7492     0.0556               0.5755 4.6212e-02
                       42  1.8840     0.0556               0.4407 4.6212e-02
                       45  1.9180     0.0556               0.4067 4.6212e-02
                       47  1.9700     0.0556               0.3547 4.6212e-02
                       51  2.0419     0.0556               0.2828 4.6212e-02
                       53  2.0533     0.0556               0.2714 4.6212e-02
                       54  2.0600     0.0556               0.2647 4.6212e-02
                       57  2.0751     0.0556               0.2496 4.6212e-02
                       58  2.0801     0.0556               0.2447 4.6212e-02
                       61  2.1397     0.0556               0.1850 4.6212e-02
                       69  2.2670     0.0556               0.0577 4.6212e-02
                       72  2.3011     0.0556               0.0237 4.6212e-02
 75  2.3232    5.0+                          1.8344e+00
                       56  2.0732     1.0000               0.2500 1.8275e+00
 74  2.3165    1.0-                          5.1041e-01
                        3  0.3439     0.5000               1.9726 2.5520e-01
                        0  0.0000     0.5000               2.3165 2.5520e-01
 73  2.3094    3.0+                          8.4775e-01
                        7  0.6630     0.3598               1.6464 3.0494e-01
                        2  0.2783     0.4673               2.0311 3.9600e-01
                        1  0.1593     0.0935               2.1501 7.9205e-02
                        0  0.0000     0.0794               2.3094 6.7318e-02
 72  2.3011    3.0-                          9.8937e-01
                       51  2.0419     0.3090               0.2592 3.0239e-01
                       13  1.2411     0.1162               1.0600 1.1491e-01
                       12  0.9271     0.1651               1.3740 1.6330e-01
                        3  0.3439     0.1162               1.9572 1.1494e-01
                        1  0.1593     0.0000               2.1418 0.0000e+00
                        0  0.0000     0.2935               2.3011 2.9029e-01
 71  2.2797    3.0+                          8.7956e-01
                        6  0.6088     1.0000               1.6710 8.7936e-01
 70  2.2743    3.0+                          8.8559e-01
                       19  1.3203     0.6493               0.9539 5.7486e-01
                        3  0.3439     0.1818               1.9304 1.6095e-01
                        2  0.2783     0.0649               1.9960 5.7493e-02
                        1  0.1593     0.0520               2.1150 4.5991e-02
                        0  0.0000     0.0520               2.2743 4.5995e-02
 69  2.2670    2.0-                          8.5531e-01
                        4  0.3622     0.5000               1.9048 4.2765e-01
                        2  0.2783     0.5000               1.9888 4.2765e-01
 68  2.2541    3.0+                          9.0826e-01
                        3  0.3439     1.0000               1.9102 9.0795e-01
 67  2.2516    4.0+                          1.3437e+00
                        5  0.5746     1.0000               1.6770 1.3434e+00
 66  2.2440    2.0+                          7.1574e-01
                        0  0.0000     1.0000               2.2440 7.1541e-01
 65  2.2210    3.0+                          9.4681e-01
                        0  0.0000     1.0000               2.2210 9.4637e-01
 64  2.2120    3.0+                          9.5763e-01
                       14  1.2427     0.0625               0.9694 5.9852e-02
                       17  1.2906     0.0625               0.9214 5.9852e-02
                       21  1.3632     0.0625               0.8488 5.9852e-02
                       23  1.4613     0.0625               0.7507 5.9852e-02
                       24  1.4992     0.0625               0.7128 5.9852e-02
                       32  1.6480     0.0625               0.5640 5.9852e-02
                       38  1.7492     0.0625               0.4628 5.9852e-02
                       42  1.8840     0.0625               0.3280 5.9852e-02
                       45  1.9180     0.0625               0.2940 5.9852e-02
                       47  1.9700     0.0625               0.2420 5.9852e-02
                       51  2.0419     0.0625               0.1701 5.9852e-02
                       53  2.0533     0.0625               0.1587 5.9852e-02
                       54  2.0600     0.0625               0.1520 5.9852e-02
                       57  2.0751     0.0625               0.1369 5.9852e-02
                       58  2.0801     0.0625               0.1319 5.9852e-02
                       61  2.1397     0.0625               0.0723 5.9852e-02
 63  2.1842    3.0+                          9.9197e-01
                       20  1.3542     0.0839               0.8300 8.3222e-02
                        6  0.6088     0.6993               1.5754 6.9352e-01
                        0  0.0000     0.2168               2.1842 2.1495e-01
 62  2.1445    2.0+                          8.1093e-01
                       41  1.8526     0.1354               0.2919 1.0904e-01
                        7  0.6630     0.1441               1.4815 1.1683e-01
                        6  0.6088     0.1297               1.5357 1.0516e-01
                        5  0.5746     0.1105               1.5699 8.9589e-02
                        4  0.3622     0.4803               1.7823 3.8939e-01
 61  2.1397    3.0-                          1.2744e+00
                        8  0.7391     0.5618               1.4006 7.1579e-01
                        7  0.6630     0.3090               1.4767 3.9370e-01
                        0  0.0000     0.1292               2.1397 1.6461e-01
 60  2.1150    3.0+                          1.0837e+00
                       14  1.2427     0.0667               0.8724 7.2245e-02
                       17  1.2906     0.0667               0.8244 7.2245e-02
                       21  1.3632     0.0667               0.7518 7.2245e-02
                       23  1.4613     0.0667               0.6537 7.2245e-02
                       24  1.4992     0.0667               0.6158 7.2245e-02
                       32  1.6480     0.0667               0.4670 7.2245e-02
                       38  1.7492     0.0667               0.3658 7.2245e-02
                       42  1.8840     0.0667               0.2310 7.2245e-02
                       45  1.9180     0.0667               0.1970 7.2245e-02
                       47  1.9700     0.0667               0.1450 7.2245e-02
                       51  2.0419     0.0667               0.0731 7.2245e-02
                       53  2.0533     0.0667               0.0617 7.2245e-02
                       54  2.0600     0.0667               0.0550 7.2245e-02
                       57  2.0751     0.0667               0.0399 7.2245e-02
                       58  2.0801     0.0667               0.0349 7.2245e-02
 59  2.0923    1.0+                          5.8292e-01
                        4  0.3622     1.0000               1.7301 5.8276e-01
 58  2.0801    3.0-                          1.4461e+00
                        4  0.3622     0.4924               1.7179 7.1173e-01
                        0  0.0000     0.5076               2.0801 7.3384e-01
 57  2.0751    2.0-                          1.2201e+00
                       21  1.3632     1.0000               0.7119 1.2193e+00
 56  2.0732    5.0-                          7.0186e+00
                       27  1.5942     1.0000               0.4790 7.0073e+00
 55  2.0650    4.0+                          1.7265e+00
                       14  1.2427     0.1111               0.8223 1.9183e-01
                       21  1.3632     0.1111               0.7018 1.9183e-01
                       38  1.7492     0.1111               0.3158 1.9183e-01
                       42  1.8840     0.1111               0.1810 1.9183e-01
                       45  1.9180     0.1111               0.1470 1.9183e-01
                       47  1.9700     0.1111               0.0950 1.9183e-01
                       51  2.0419     0.1111               0.0231 1.9183e-01
                       53  2.0533     0.1111               0.0117 1.9183e-01
                       54  2.0600     0.1111               0.0050 1.9183e-01
 54  2.0600    3.0-                          1.6737e+00
                        0  0.0000     1.0000               2.0600 1.6733e+00
 53  2.0533    4.0-                          2.3860e+00
                        1  0.1593     1.0000               1.8940 2.3854e+00
 52  2.0500    2.0+                          9.1417e-01
                       20  1.3542     0.4710               0.6957 4.3033e-01
                        9  0.7462     0.5290               1.3038 4.8352e-01
 51  2.0419    3.0-                          2.0127e+00
                        0  0.0000     1.0000               2.0419 2.0122e+00
 50  2.0212    2.0+                          9.4832e-01
                       35  1.7068     0.0000               0.3144 0.0000e+00
                       13  1.2411     0.7353               0.7801 6.9699e-01
                        0  0.0000     0.2647               2.0212 2.5093e-01
 49  1.9793    3.0+                          1.2920e+00
                        4  0.3622     1.0000               1.6171 1.2917e+00
 48  1.9763    4.0+                          1.9502e+00
                        5  0.5746     1.0000               1.4017 1.9498e+00
 47  1.9700    3.0-                          1.8495e+00
                        0  0.0000     1.0000               1.9700 1.8490e+00
 46  1.9400    1.0+                          7.0504e-01
                        0  0.0000     1.0000               1.9400 7.0481e-01
 45  1.9180    4.0-                          2.7781e+00
                        4  0.3622     0.0769               1.5558 2.1370e-01
                        5  0.5746     0.0769               1.3434 2.1370e-01
                        9  0.7462     0.0769               1.1718 2.1370e-01
                       11  0.8957     0.0769               1.0223 2.1370e-01
                       16  1.2886     0.0769               0.6294 2.1370e-01
                       20  1.3542     0.0769               0.5637 2.1370e-01
                       29  1.6073     0.0769               0.3107 2.1370e-01
                       30  1.6157     0.0769               0.3023 2.1370e-01
                       33  1.6831     0.0769               0.2349 2.1370e-01
                       35  1.7068     0.0769               0.2112 2.1370e-01
                       36  1.7398     0.0769               0.1782 2.1370e-01
                       37  1.7426     0.0769               0.1754 2.1370e-01
                       39  1.7690     0.0769               0.1490 2.1370e-01
 44  1.9051    2.0+                          1.0999e+00
                       11  0.8957     0.2000               1.0094 2.1992e-01
                        9  0.7462     0.8000               1.1588 8.7973e-01
 43  1.9003    1.0+                          7.4096e-01
                        3  0.3439     0.2753               1.5564 2.0395e-01
                        0  0.0000     0.7247               1.9003 5.3680e-01
 42  1.8840    3.0-                          2.0435e+00
                        1  0.1593     0.0455               1.7247 9.2889e-02
                        2  0.2783     0.0455               1.6057 9.2889e-02
                        4  0.3622     0.0455               1.5218 9.2889e-02
                        5  0.5746     0.0455               1.3094 9.2889e-02
                        6  0.6088     0.0455               1.2752 9.2889e-02
                        8  0.7391     0.0455               1.1449 9.2889e-02
                        9  0.7462     0.0455               1.1378 9.2889e-02
                       11  0.8957     0.0455               0.9883 9.2889e-02
                       16  1.2886     0.0455               0.5954 9.2889e-02
                       20  1.3542     0.0455               0.5297 9.2889e-02
                       25  1.5211     0.0455               0.3629 9.2889e-02
                       26  1.5505     0.0455               0.3335 9.2889e-02
                       28  1.5944     0.0455               0.2896 9.2889e-02
                       29  1.6073     0.0455               0.2767 9.2889e-02
                       31  1.6300     0.0455               0.2540 9.2889e-02
                       33  1.6831     0.0455               0.2009 9.2889e-02
                       34  1.7006     0.0455               0.1833 9.2889e-02
                       35  1.7068     0.0455               0.1772 9.2889e-02
                       36  1.7398     0.0455               0.1442 9.2889e-02
                       37  1.7426     0.0455               0.1414 9.2889e-02
                       39  1.7690     0.0455               0.1150 9.2889e-02
                       41  1.8526     0.0455               0.0313 9.2889e-02
 41  1.8526    2.0+                          1.3788e+00
                        3  0.3439     0.2187               1.5088 3.0149e-01
                        0  0.0000     0.7813               1.8526 1.0770e+00
 40  1.7795    1.0+                          8.6157e-01
                        4  0.3622     0.2958               1.4173 2.5481e-01
                        3  0.3439     0.0237               1.4356 2.0390e-02
                        0  0.0000     0.6805               1.7795 5.8616e-01
 39  1.7690    4.0+                          2.9096e+00
                        5  0.5746     0.0000               1.1944 0.0000e+00
                        4  0.3622     1.0000               1.4068 2.9091e+00
 38  1.7492    4.0-                          3.4159e+00
                        4  0.3622     0.0833               1.3870 2.8466e-01
                        5  0.5746     0.0833               1.1746 2.8466e-01
                        9  0.7462     0.0833               1.0030 2.8466e-01
                       11  0.8957     0.0833               0.8535 2.8466e-01
                       16  1.2886     0.0833               0.4606 2.8466e-01
                       20  1.3542     0.0833               0.3950 2.8466e-01
                       29  1.6073     0.0833               0.1419 2.8466e-01
                       30  1.6157     0.0833               0.1335 2.8466e-01
                       33  1.6831     0.0833               0.0661 2.8466e-01
                       35  1.7068     0.0833               0.0424 2.8466e-01
                       36  1.7398     0.0833               0.0094 2.8466e-01
                       37  1.7426     0.0833               0.0066 2.8466e-01
 37  1.7426    3.0+                          2.3547e+00
                       11  0.8957     0.4184               0.8469 9.8484e-01
                        3  0.3439     0.2803               1.3987 6.5989e-01
                        0  0.0000     0.3013               1.7426 7.0927e-01
 36  1.7398    3.0+                          2.3610e+00
                        5  0.5746     1.0000               1.1652 2.3606e+00
 35  1.7068    3.0+                          2.4399e+00
                        9  0.7462     1.0000               0.9606 2.4392e+00
 34  1.7006    2.0+                          1.5207e+00
                       11  0.8957     0.2412               0.8049 3.6668e-01
                       10  0.8783     0.5026               0.8224 7.6390e-01
                        1  0.1593     0.2562               1.5414 3.8957e-01
 33  1.6831    3.0+                          2.5955e+00
                       12  0.9271     0.0375               0.7560 9.7297e-02
                       10  0.8783     0.0250               0.8048 6.4856e-02
                        9  0.7462     0.0750               0.9369 1.9460e-01
                        3  0.3439     0.2375               1.3392 6.1628e-01
                        0  0.0000     0.6250               1.6831 1.6217e+00
 32  1.6480    2.0-                          2.0781e+00
                        0  0.0000     0.0435               1.6480 9.0354e-02
                        1  0.1593     0.0435               1.4887 9.0354e-02
                        2  0.2783     0.0435               1.3697 9.0354e-02
                        3  0.3439     0.0435               1.3041 9.0354e-02
                        4  0.3622     0.0435               1.2858 9.0354e-02
                        6  0.6088     0.0435               1.0392 9.0354e-02
                        7  0.6630     0.0435               0.9850 9.0354e-02
                        8  0.7391     0.0435               0.9089 9.0354e-02
                        9  0.7462     0.0435               0.9018 9.0354e-02
                       11  0.8957     0.0435               0.7523 9.0354e-02
                       12  0.9271     0.0435               0.7209 9.0354e-02
                       13  1.2411     0.0435               0.4069 9.0354e-02
                       15  1.2872     0.0435               0.3608 9.0354e-02
                       16  1.2886     0.0435               0.3594 9.0354e-02
                       18  1.2981     0.0435               0.3499 9.0354e-02
                       19  1.3203     0.0435               0.3277 9.0354e-02
                       20  1.3542     0.0435               0.2937 9.0354e-02
                       22  1.4387     0.0435               0.2093 9.0354e-02
                       25  1.5211     0.0435               0.1269 9.0354e-02
                       26  1.5505     0.0435               0.0975 9.0354e-02
                       28  1.5944     0.0435               0.0536 9.0354e-02
                       29  1.6073     0.0435               0.0407 9.0354e-02
                       31  1.6300     0.0435               0.0180 9.0354e-02
 31  1.6300    2.0+                          1.7450e+00
                       14  1.2427     0.2500               0.3873 4.3625e-01
                       17  1.2906     0.2500               0.3394 4.3625e-01
                       23  1.4613     0.2500               0.1686 4.3625e-01
                       24  1.4992     0.2500               0.1308 4.3625e-01
 30  1.6157    5.0+                          6.2644e+00
                        5  0.5746     1.0000               1.0411 6.2629e+00
 29  1.6073    3.0+                          2.8575e+00
                        6  0.6088     0.0000               0.9985 0.0000e+00
                        5  0.5746     1.0000               1.0327 2.8569e+00
                        1  0.1593     0.0000               1.4480 0.0000e+00
 28  1.5944    2.0+                          1.8169e+00
                        5  0.5746     0.0000               1.0198 0.0000e+00
                        4  0.3622     0.6622               1.2321 1.2030e+00
                        3  0.3439     0.0729               1.2505 1.3235e-01
                        2  0.2783     0.0000               1.3161 0.0000e+00
                        0  0.0000     0.2649               1.5944 4.8124e-01
 27  1.5942    6.0-                          1.8758e+01                       2.0400e-08
                        5  0.5746     1.0000               1.0196 1.8749e+01
 26  1.5505    2.0+                          1.9098e+00
                        8  0.7391     0.0709               0.8115 1.3528e-01
                        2  0.2783     0.7644               1.2723 1.4596e+00
                        1  0.1593     0.1647               1.3913 3.1450e-01
 25  1.5211    2.0+                          1.9747e+00
                        7  0.6630     0.0308               0.8581 6.0862e-02
                        6  0.6088     0.0282               0.9124 5.5574e-02
                        5  0.5746     0.3794               0.9465 7.4900e-01
                        4  0.3622     0.3043               1.1589 6.0082e-01
                        3  0.3439     0.0094               1.1772 1.8526e-02
                        1  0.1593     0.1340               1.3619 2.6458e-01
                        0  0.0000     0.1139               1.5211 2.2489e-01
 24  1.4992    2.0-                          3.0642e+00
                        6  0.6088     0.2326               0.8904 7.1262e-01
                        2  0.2783     0.2749               1.2209 8.4222e-01
                        1  0.1593     0.3021               1.3399 9.2549e-01
                        0  0.0000     0.1904               1.4992 5.8323e-01
 23  1.4613    2.0-                          3.1097e+00
                       11  0.8957     0.5000               0.5656 1.5548e+00
                        4  0.3622     0.5000               1.0991 1.5548e+00
 22  1.4387    1.0+                          1.4014e+00
                        8  0.7391     0.0000               0.6996 0.0000e+00
                        7  0.6630     0.0195               0.7757 2.7384e-02
                        6  0.6088     0.0000               0.8299 0.0000e+00
                        4  0.3622     0.3008               1.0765 4.2142e-01
                        2  0.2783     0.3218               1.1604 4.5087e-01
                        1  0.1593     0.2135               1.2794 2.9913e-01
                        0  0.0000     0.1444               1.4387 2.0232e-01
 21  1.3632    4.0-                          7.0326e+00
                        2  0.2783     0.5709               1.0850 4.0132e+00
                        0  0.0000     0.4291               1.3632 3.0169e+00
 20  1.3542    3.0+                          4.1282e+00
                        9  0.7462     0.0000               0.6080 0.0000e+00
                        5  0.5746     0.1879               0.7796 7.7531e-01
                        4  0.3622     0.1602               0.9920 6.6114e-01
                        2  0.2783     0.0000               1.0760 0.0000e+00
                        1  0.1593     0.5525               1.1950 2.2803e+00
                        0  0.0000     0.0994               1.3542 4.1042e-01
 19  1.3203    1.0+                          2.1774e+00
                        6  0.6088     0.0834               0.7115 1.8141e-01
                        4  0.3622     0.0000               0.9581 0.0000e+00
                        3  0.3439     0.0985               0.9764 2.1440e-01
                        2  0.2783     0.0606               1.0421 1.3195e-01
                        0  0.0000     0.7575               1.3203 1.6492e+00
 18  1.2981    1.0+                          1.6430e+00
                        8  0.7391     0.0264               0.5591 4.3412e-02
                        3  0.3439     0.0837               0.9542 1.3747e-01
                        2  0.2783     0.2291               1.0199 3.7630e-01
                        1  0.1593     0.4405               1.1388 7.2357e-01
                        0  0.0000     0.2203               1.2981 3.6187e-01
 17  1.2906    2.0-                          3.8230e+00
                        7  0.6630     0.3333               0.6276 1.2743e+00
                        3  0.3439     0.3333               0.9467 1.2743e+00
                        1  0.1593     0.3333               1.1313 1.2743e+00
 16  1.2886    3.0+                          3.8737e+00
                        7  0.6630     0.2434               0.6256 9.4196e-01
                        2  0.2783     0.2162               1.0103 8.3729e-01
                        1  0.1593     0.5404               1.1293 2.0930e+00
 15  1.2872    1.0+                          1.6634e+00
                        4  0.3622     1.0000               0.9249 1.6629e+00
 14  1.2427    3.0-                          5.2076e+00
                        0  0.0000     1.0000               1.2427 5.2060e+00
 13  1.2411    1.0+                          3.9641e+00
                       10  0.8783     0.0000               0.3628 0.0000e+00
                        9  0.7462     0.3956               0.4948 1.5653e+00
                        6  0.6088     0.1541               0.6323 6.1048e-01
                        4  0.3622     0.0000               0.8789 0.0000e+00
                        2  0.2783     0.2567               0.9628 1.0174e+00
                        1  0.1593     0.1935               1.0818 7.6698e-01
 12  0.9271    1.0+                          2.7432e+00                       1.1000e-11
                        4  0.3622     0.0877               0.5648 2.4032e-01
                        2  0.2783     0.6743               0.6488 1.8484e+00
                        1  0.1593     0.1598               0.7678 4.3816e-01
                        0  0.0000     0.0782               0.9271 2.1443e-01
 11  0.8957    3.0+                          9.4227e+00                       2.0000e-11
                        9  0.7462     0.0000               0.1495 0.0000e+00
                        8  0.7391     0.0000               0.1567 0.0000e+00
                        5  0.5746     0.1544               0.3211 1.4476e+00
                        4  0.3622     0.0000               0.5335 0.0000e+00
                        2  0.2783     0.6407               0.6175 6.0321e+00
                        1  0.1593     0.0640               0.7364 6.0319e-01
                        0  0.0000     0.1409               0.8957 1.3271e+00
 10  0.8783    0.0+                          1.8881e+00                       1.5000e-11
                        3  0.3439     0.4013               0.5344 7.5707e-01
                        2  0.2783     0.0000               0.6000 0.0000e+00
                        1  0.1593     0.0339               0.7190 6.3968e-02
                        0  0.0000     0.5648               0.8783 1.0661e+00
  9  0.7462    3.0+                          1.3151e+01                       1.3000e-11
                        6  0.6088     0.0921               0.1375 1.1006e+00
                        4  0.3622     0.2098               0.3840 2.7507e+00
                        2  0.2783     0.6981               0.4680 9.1706e+00
                        1  0.1593     0.0000               0.5870 0.0000e+00
  8  0.7391    2.0+                          6.4060e+00                       1.1000e-11
                        4  0.3622     0.1770               0.3768 1.1318e+00
                        3  0.3439     0.0272               0.3952 1.7383e-01
                        2  0.2783     0.0960               0.4608 6.1448e-01
                        1  0.1593     0.6315               0.5798 4.0427e+00
                        0  0.0000     0.0682               0.7391 4.3663e-01
  7  0.6630    1.0+                          7.4869e+00                       8.0000e-12
                        3  0.3439     0.0611               0.3191 4.5503e-01
                        2  0.2783     0.3497               0.3847 2.6104e+00
                        1  0.1593     0.2691               0.5037 2.0119e+00
                        0  0.0000     0.3201               0.6630 2.3950e+00
  6  0.6088    2.0+                          9.9105e+00                       9.0000e-12
                        3  0.3439     0.0576               0.2649 5.6799e-01
                        2  0.2783     0.0411               0.3305 4.0572e-01
                        1  0.1593     0.0820               0.4495 8.1143e-01
                        0  0.0000     0.8193               0.6088 8.1141e+00
  5  0.5746    4.0+                          5.0502e+01                       1.7000e-11
                        4  0.3622     0.9436               0.2124 4.7296e+01
                        1  0.1593     0.0564               0.4153 2.8380e+00
  4  0.3622    3.0+                          7.4984e+01                       4.0000e-12
                        2  0.2783     0.0000               0.0840 0.0000e+00
                        1  0.1593     0.9766               0.2029 7.2607e+01
                        0  0.0000     0.0234               0.3622 1.7428e+00
  3  0.3439    1.0+                          1.1670e+01                       4.0000e-12
                        1  0.1593     0.0387               0.1846 4.4680e-01
                        0  0.0000     0.9613               0.3439 1.1170e+01
  2  0.2783    2.0+                          3.8963e+01                       9.0000e-12
                        1  0.1593     0.0000               0.1190 0.0000e+00
                        0  0.0000     1.0000               0.2783 3.8809e+01
  1  0.1593    2.0+                          1.0567e+02                       2.1000e-11
                        0  0.0000     1.0000               0.1593 1.0411e+02
  0  0.0000    1.0+                          2.0572e+02                       4.5720e+04
#......................................................................../  029-063Cu //   8.500000
#                                                                          SUM SPECTRA FOR COMPOUND
#            028-061Ni      gamma    neutron     proton      alpha   deuteron
 SpcSum[mb]            1.2302e+02 8.6811e+00 1.4657e-04 4.7376e-05 7.0445e-32
 Emean[MeV]            1.9111e+00 8.2845e-01 1.8860e+00 4.6950e+00 5.0000e-01
#......................................................................../  029-063Cu //   8.500000
#                                                                   GAMMAS FROM DISCRETE TRANSITION
#           0 0 1 0 0 0             028-061Ni
#   Ex[MeV]     Jpi    FinalState  Branching Production    Egamma Production   T(1/2)[s]
 35  2.9050    3.5-                          4.3121e-01
                       17  2.0300     0.2500               0.8750 1.0780e-01
                       18  2.1216     0.2500               0.7834 1.0780e-01
                       27  2.6970     0.2500               0.2080 1.0780e-01
                       28  2.7090     0.2500               0.1960 1.0780e-01
 34  2.8635    1.5-                          2.4066e-01
                       11  1.7295     0.2662               1.1340 6.4052e-02
                       10  1.6097     0.1728               1.2538 4.1580e-02
                        8  1.1853     0.1586               1.6782 3.8160e-02
                        2  0.2830     0.2834               2.5805 6.8162e-02
                        1  0.0674     0.1190               2.7961 2.8619e-02
 33  2.8530    3.5-                          4.5156e-01
                       17  2.0300     0.2500               0.8230 1.1289e-01
                       18  2.1216     0.2500               0.7314 1.1289e-01
                       27  2.6970     0.2500               0.1560 1.1289e-01
                       28  2.7090     0.2500               0.1440 1.1289e-01
 32  2.8010    2.5-                          3.7167e-01
                       13  1.9780     0.2000               0.8230 7.4333e-02
                       17  2.0300     0.2000               0.7710 7.4333e-02
                       27  2.6970     0.2000               0.1040 7.4333e-02
                       28  2.7090     0.2000               0.0920 7.4333e-02
                       31  2.7860     0.2000               0.0150 7.4333e-02
 31  2.7860    1.5+                          3.4920e-01
                        0  0.0000     0.0667               2.7860 2.3280e-02
                        1  0.0674     0.0667               2.7186 2.3280e-02
                        2  0.2830     0.0667               2.5030 2.3280e-02
                        3  0.6560     0.0667               2.1300 2.3280e-02
                        4  0.9086     0.0667               1.8774 2.3280e-02
                        6  1.0996     0.0667               1.6864 2.3280e-02
                        7  1.1323     0.0667               1.6537 2.3280e-02
                        8  1.1853     0.0667               1.6007 2.3280e-02
                       10  1.6097     0.0667               1.1763 2.3280e-02
                       11  1.7295     0.0667               1.0565 2.3280e-02
                       15  1.9976     0.0667               0.7884 2.3280e-02
                       19  2.1240     0.0667               0.6620 2.3280e-02
                       22  2.4140     0.0667               0.3720 2.3280e-02
                       26  2.6397     0.0667               0.1463 2.3280e-02
                       30  2.7651     0.0667               0.0209 2.3280e-02
 30  2.7651    1.5-                          2.8598e-01
                        7  1.1323     0.0874               1.6328 2.4987e-02
                        6  1.0996     0.1608               1.6655 4.5976e-02
                        4  0.9086     0.0664               1.8565 1.8990e-02
                        2  0.2830     0.3357               2.4821 9.5952e-02
                        0  0.0000     0.3497               2.7651 9.9942e-02
 29  2.7340    3.5-                          5.0319e-01
                       17  2.0300     0.2500               0.7040 1.2580e-01
                       18  2.1216     0.2500               0.6124 1.2580e-01
                       27  2.6970     0.2500               0.0370 1.2580e-01
                       28  2.7090     0.2500               0.0250 1.2580e-01
 28  2.7090    2.5+                          8.5765e-01
                        0  0.0000     0.0588               2.7090 5.0450e-02
                        1  0.0674     0.0588               2.6416 5.0450e-02
                        4  0.9086     0.0588               1.8004 5.0450e-02
                        5  1.0151     0.0588               1.6939 5.0450e-02
                        6  1.0996     0.0588               1.6094 5.0450e-02
                        7  1.1323     0.0588               1.5767 5.0450e-02
                        8  1.1853     0.0588               1.5237 5.0450e-02
                        9  1.4548     0.0588               1.2542 5.0450e-02
                       10  1.6097     0.0588               1.0993 5.0450e-02
                       11  1.7295     0.0588               0.9795 5.0450e-02
                       15  1.9976     0.0588               0.7114 5.0450e-02
                       16  2.0181     0.0588               0.6909 5.0450e-02
                       22  2.4140     0.0588               0.2950 5.0450e-02
                       23  2.4690     0.0588               0.2400 5.0450e-02
                       24  2.5290     0.0588               0.1800 5.0450e-02
                       25  2.5930     0.0588               0.1160 5.0450e-02
                       26  2.6397     0.0588               0.0693 5.0450e-02
 27  2.6970    2.5+                          8.6308e-01
                        0  0.0000     0.0588               2.6970 5.0770e-02
                        1  0.0674     0.0588               2.6296 5.0770e-02
                        4  0.9086     0.0588               1.7884 5.0770e-02
                        5  1.0151     0.0588               1.6819 5.0770e-02
                        6  1.0996     0.0588               1.5974 5.0770e-02
                        7  1.1323     0.0588               1.5647 5.0770e-02
                        8  1.1853     0.0588               1.5117 5.0770e-02
                        9  1.4548     0.0588               1.2422 5.0770e-02
                       10  1.6097     0.0588               1.0873 5.0770e-02
                       11  1.7295     0.0588               0.9675 5.0770e-02
                       15  1.9976     0.0588               0.6994 5.0770e-02
                       16  2.0181     0.0588               0.6789 5.0770e-02
                       22  2.4140     0.0588               0.2830 5.0770e-02
                       23  2.4690     0.0588               0.2280 5.0770e-02
                       24  2.5290     0.0588               0.1680 5.0770e-02
                       25  2.5930     0.0588               0.1040 5.0770e-02
                       26  2.6397     0.0588               0.0573 5.0770e-02
 26  2.6397    1.5-                          4.1873e-01
                        2  0.2830     0.0880               2.3568 3.6831e-02
                        1  0.0674     0.0738               2.5723 3.0869e-02
                        0  0.0000     0.8382               2.6397 3.5078e-01
 25  2.5930    3.5-                          6.7609e-01
                       17  2.0300     0.5000               0.5630 3.3804e-01
                       18  2.1216     0.5000               0.4714 3.3804e-01
 24  2.5290    3.5-                          7.1293e-01
                       17  2.0300     0.5000               0.4990 3.5647e-01
                       18  2.1216     0.5000               0.4074 3.5647e-01
 23  2.4690    3.5-                          7.5019e-01                       2.3600e-13
                       17  2.0300     0.5000               0.4390 3.7509e-01
                       18  2.1216     0.5000               0.3474 3.7509e-01
 22  2.4140    1.5-                          4.8658e-01
                       13  1.9780     0.5000               0.4360 2.4329e-01
                       17  2.0300     0.5000               0.3840 2.4329e-01
 21  2.4097    4.5-                          9.0535e-01                       1.9000e-13
                        9  1.4548     0.1677               0.9549 1.5179e-01
                        7  1.1323     0.1180               1.2774 1.0681e-01
                        5  1.0151     0.0931               1.3946 8.4316e-02
                        1  0.0674     0.6212               2.3423 5.6208e-01
 20  2.1292    5.5-                          2.3523e+00                       2.0000e-12
                        5  1.0151     1.0000               1.1141 2.3518e+00
 19  2.1240    0.5-                          2.6860e-01                       4.4000e-14
                        8  1.1853     0.1039               0.9387 2.7901e-02
                        0  0.0000     0.8961               2.1240 2.4060e-01
 18  2.1216    4.5+                          2.9971e+00                       4.0000e-13
                        5  1.0151     1.0000               1.1065 2.9968e+00
 17  2.0300    2.5+                          2.6574e+00
                        0  0.0000     0.0833               2.0300 2.2145e-01
                        1  0.0674     0.0833               1.9626 2.2145e-01
                        4  0.9086     0.0833               1.1214 2.2145e-01
                        5  1.0151     0.0833               1.0149 2.2145e-01
                        6  1.0996     0.0833               0.9304 2.2145e-01
                        7  1.1323     0.0833               0.8977 2.2145e-01
                        8  1.1853     0.0833               0.8447 2.2145e-01
                        9  1.4548     0.0833               0.5752 2.2145e-01
                       10  1.6097     0.0833               0.4203 2.2145e-01
                       11  1.7295     0.0833               0.3005 2.2145e-01
                       15  1.9976     0.0833               0.0324 2.2145e-01
                       16  2.0181     0.0833               0.0119 2.2145e-01
 16  2.0181    3.5-                          1.3563e+00                       1.2000e-13
                        4  0.9086     0.0991               1.1095 1.3437e-01
                        1  0.0674     0.9009               1.9507 1.2215e+00
 15  1.9976    2.5-                          1.1301e+00                       4.5000e-14
                        5  1.0151     0.1101               0.9825 1.2441e-01
                        4  0.9086     0.1597               1.0890 1.8046e-01
                        1  0.0674     0.0503               1.9302 5.6844e-02
                        0  0.0000     0.6799               1.9976 7.6808e-01
 14  1.9880    4.5-                          1.5173e+00                       5.1000e-13
                        9  1.4548     0.1297               0.5332 1.9666e-01
                        5  1.0151     0.1194               0.9729 1.8114e-01
                        4  0.9086     0.1820               1.0794 2.7611e-01
                        1  0.0674     0.5689               1.9206 8.6281e-01
 13  1.9780    1.5+                          9.7782e-01
                        0  0.0000     0.1000               1.9780 9.7782e-02
                        1  0.0674     0.1000               1.9106 9.7782e-02
                        2  0.2830     0.1000               1.6950 9.7782e-02
                        3  0.6560     0.1000               1.3220 9.7782e-02
                        4  0.9086     0.1000               1.0694 9.7782e-02
                        6  1.0996     0.1000               0.8784 9.7782e-02
                        7  1.1323     0.1000               0.8457 9.7782e-02
                        8  1.1853     0.1000               0.7927 9.7782e-02
                       10  1.6097     0.1000               0.3683 9.7782e-02
                       11  1.7295     0.1000               0.2485 9.7782e-02
 12  1.8077    4.5-                          1.9295e+00                       6.0000e-13
                        5  1.0151     0.1103               0.7926 2.1275e-01
                        1  0.0674     0.8897               1.7403 1.7162e+00
 11  1.7295    1.5-                          1.1882e+00                       6.5000e-14
                        8  1.1853     0.0586               0.5442 6.9520e-02
                        4  0.9086     0.0712               0.8209 8.4625e-02
                        3  0.6560     0.1527               1.0735 1.8139e-01
                        2  0.2830     0.2137               1.4465 2.5386e-01
                        1  0.0674     0.2494               1.6621 2.9626e-01
                        0  0.0000     0.2544               1.7295 3.0219e-01
 10  1.6097    2.5-                          1.6145e+00                       2.6000e-13
                        7  1.1323     0.0371               0.4773 5.9817e-02
                        4  0.9086     0.0466               0.7010 7.5169e-02
                        1  0.0674     0.5007               1.5422 8.0829e-01
                        0  0.0000     0.4156               1.6097 6.7090e-01
  9  1.4548    3.5-                          2.5731e+00                       5.8000e-13
                        5  1.0151     0.0602               0.4397 1.5452e-01
                        1  0.0674     0.2332               1.3874 5.9996e-01
                        0  0.0000     0.7066               1.4548 1.8179e+00
  8  1.1853    1.5-                          1.6761e+00                       1.2000e-13
                        3  0.6560     0.0882               0.5292 1.4762e-01
                        2  0.2830     0.0194               0.9023 3.2474e-02
                        1  0.0674     0.0116               1.1178 1.9490e-02
                        0  0.0000     0.8808               1.1853 1.4761e+00
  7  1.1323    2.5-                          2.3826e+00                       3.2000e-13
                        5  1.0151     0.0835               0.1172 1.7012e-01
                        1  0.0674     0.3214               1.0649 7.6561e-01
                        0  0.0000     0.5951               1.1323 1.4176e+00
  6  1.0996    1.5-                          1.6687e+00                       1.6000e-13
                        2  0.2830     0.5163               0.8167 8.6125e-01
                        1  0.0674     0.0707               1.0322 1.1800e-01
                        0  0.0000     0.4130               1.0996 6.8902e-01
  5  1.0151    3.5-                          9.7088e+00                       4.4000e-12
                        3  0.6560     0.0328               0.3591 3.0990e-01
                        1  0.0674     0.7256               0.9477 7.0428e+00
                        0  0.0000     0.2416               1.0151 2.3451e+00
  4  0.9086    2.5-                          3.3402e+00                       7.0000e-13
                        2  0.2830     0.0301               0.6257 1.0035e-01
                        1  0.0674     0.1576               0.8412 5.2624e-01
                        0  0.0000     0.8123               0.9086 2.7126e+00
  3  0.6560    0.5-                          1.5881e+00                       1.7000e-11
                        2  0.2830     0.1530               0.3731 2.4258e-01
                        1  0.0674     0.0826               0.5886 1.3101e-01
                        0  0.0000     0.7644               0.6560 1.2132e+00
  2  0.2830    0.5-                          2.8556e+00                       2.3000e-11
                        1  0.0674     0.0018               0.2155 5.1127e-03
                        0  0.0000     0.9982               0.2830 2.8410e+00
  1  0.0674    2.5-                          1.9096e+01                       5.3400e-09
                        0  0.0000     1.0000               0.0674 1.6766e+01
  0  0.0000    1.5-                          3.9000e+01
#......................................................................../  029-063Cu //   8.500000
#                                                                          SUM SPECTRA FOR COMPOUND
#            029-063Cu      gamma     proton      alpha
 SpcSum[mb]            4.9666e+00 7.1339e-11 4.7253e-26
 Emean[MeV]            1.5446e+00 9.2925e-01 1.9057e+00
#......................................................................../  029-063Cu //   8.500000
#                                                                   GAMMAS FROM DISCRETE TRANSITION
#           0 0 0 1 0 0             029-063Cu
#   Ex[MeV]     Jpi    FinalState  Branching Production    Egamma Production   T(1/2)[s]
 95  3.7867    1.5-                          5.9163e-03
                       28  2.6823     0.0601               1.1044 3.5540e-04
                        8  2.0129     0.0328               1.7738 1.9383e-04
                        4  1.4122     0.2076               2.3745 1.2277e-03
                        2  0.9620     0.1530               2.8247 9.0461e-04
                        1  0.6699     0.5465               3.1168 3.2308e-03
 94  3.7790    2.5+                          8.5399e-03
                        0  0.0000     0.0204               3.7790 1.7428e-04
                        2  0.9620     0.0204               2.8170 1.7428e-04
                        3  1.3268     0.0204               2.4522 1.7428e-04
                        4  1.4122     0.0204               2.3668 1.7428e-04
                        5  1.5470     0.0204               2.2320 1.7428e-04
                        6  1.8606     0.0204               1.9184 1.7428e-04
                        8  2.0129     0.0204               1.7661 1.7428e-04
                       10  2.0813     0.0204               1.6977 1.7428e-04
                       11  2.0921     0.0204               1.6869 1.7428e-04
                       13  2.3365     0.0204               1.4425 1.7428e-04
                       15  2.4047     0.0204               1.3743 1.7428e-04
                       16  2.4304     0.0204               1.3486 1.7428e-04
                       17  2.4972     0.0204               1.2818 1.7428e-04
                       18  2.5035     0.0204               1.2755 1.7428e-04
                       21  2.5358     0.0204               1.2432 1.7428e-04
                       23  2.6179     0.0204               1.1610 1.7428e-04
                       24  2.6307     0.0204               1.1483 1.7428e-04
                       25  2.6729     0.0204               1.1061 1.7428e-04
                       27  2.6784     0.0204               1.1006 1.7428e-04
                       28  2.6823     0.0204               1.0967 1.7428e-04
                       29  2.6967     0.0204               1.0823 1.7428e-04
                       30  2.7165     0.0204               1.0625 1.7428e-04
                       31  2.7641     0.0204               1.0149 1.7428e-04
                       32  2.7764     0.0204               1.0026 1.7428e-04
                       33  2.7802     0.0204               0.9988 1.7428e-04
                       34  2.8081     0.0204               0.9709 1.7428e-04
                       36  2.8189     0.0204               0.9601 1.7428e-04
                       37  2.8324     0.0204               0.9466 1.7428e-04
                       39  2.8470     0.0204               0.9320 1.7428e-04
                       44  2.9573     0.0204               0.8217 1.7428e-04
                       45  2.9775     0.0204               0.8015 1.7428e-04
                       46  3.0327     0.0204               0.7463 1.7428e-04
                       47  3.0426     0.0204               0.7364 1.7428e-04
                       48  3.0952     0.0204               0.6838 1.7428e-04
                       49  3.1014     0.0204               0.6776 1.7428e-04
                       50  3.1281     0.0204               0.6509 1.7428e-04
                       55  3.2255     0.0204               0.5535 1.7428e-04
                       58  3.2800     0.0204               0.4990 1.7428e-04
                       59  3.2910     0.0204               0.4880 1.7428e-04
                       60  3.2926     0.0204               0.4864 1.7428e-04
                       69  3.4260     0.0204               0.3530 1.7428e-04
                       70  3.4299     0.0204               0.3491 1.7428e-04
                       73  3.4651     0.0204               0.3139 1.7428e-04
                       76  3.5376     0.0204               0.2414 1.7428e-04
                       79  3.5654     0.0204               0.2136 1.7428e-04
                       81  3.5750     0.0204               0.2040 1.7428e-04
                       82  3.5811     0.0204               0.1979 1.7428e-04
                       83  3.5833     0.0204               0.1957 1.7428e-04
                       84  3.6070     0.0204               0.1720 1.7428e-04
 93  3.7746    2.5-                          8.5546e-03                       1.1600e-13
                       13  2.3365     0.1120               1.4381 9.5786e-04
                        9  2.0625     0.1701               1.7121 1.4546e-03
                        6  1.8606     0.1369               1.9140 1.1706e-03
                        3  1.3268     0.1660               2.4478 1.4192e-03
                        0  0.0000     0.4151               3.7746 3.5469e-03
 92  3.7401    1.5+                          6.1895e-03
                        5  1.5470     0.3588               2.1931 2.2190e-03
                        0  0.0000     0.6412               3.7401 3.9625e-03
 91  3.7300    2.5-                          9.0192e-03
                        7  1.9520     0.0400               1.7780 3.6077e-04
                       14  2.3374     0.0400               1.3926 3.6077e-04
                       38  2.8367     0.0400               0.8933 3.6077e-04
                       41  2.8655     0.0400               0.8645 3.6077e-04
                       42  2.8889     0.0400               0.8411 3.6077e-04
                       43  2.9111     0.0400               0.8189 3.6077e-04
                       51  3.1830     0.0400               0.5470 3.6077e-04
                       52  3.2080     0.0400               0.5220 3.6077e-04
                       53  3.2100     0.0400               0.5200 3.6077e-04
                       56  3.2480     0.0400               0.4820 3.6077e-04
                       57  3.2637     0.0400               0.4663 3.6077e-04
                       63  3.3075     0.0400               0.4225 3.6077e-04
                       64  3.3097     0.0400               0.4203 3.6077e-04
                       65  3.3700     0.0400               0.3600 3.6077e-04
                       66  3.3890     0.0400               0.3410 3.6077e-04
                       67  3.4064     0.0400               0.3236 3.6077e-04
                       68  3.4181     0.0400               0.3119 3.6077e-04
                       71  3.4601     0.0400               0.2699 3.6077e-04
                       74  3.4761     0.0400               0.2539 3.6077e-04
                       75  3.5000     0.0400               0.2300 3.6077e-04
                       77  3.5401     0.0400               0.1899 3.6077e-04
                       78  3.5411     0.0400               0.1889 3.6077e-04
                       80  3.5701     0.0400               0.1599 3.6077e-04
                       85  3.6492     0.0400               0.0808 3.6077e-04
                       88  3.6830     0.0400               0.0470 3.6077e-04
 90  3.7191    1.5-                          6.4119e-03
                        2  0.9620     0.4259               2.7571 2.7290e-03
                        1  0.6699     0.4630               3.0492 2.9664e-03
                        0  0.0000     0.1111               3.7191 7.1163e-04
 89  3.7080    0.5-                          3.3407e-03
                       20  2.5111     0.1111               1.1969 3.7119e-04
                       42  2.8889     0.1111               0.8191 3.7119e-04
                       57  3.2637     0.1111               0.4443 3.7119e-04
                       62  3.2977     0.1111               0.4103 3.7119e-04
                       63  3.3075     0.1111               0.4005 3.7119e-04
                       71  3.4601     0.1111               0.2479 3.7119e-04
                       75  3.5000     0.1111               0.2080 3.7119e-04
                       77  3.5401     0.1111               0.1679 3.7119e-04
                       80  3.5701     0.1111               0.1379 3.7119e-04
 88  3.6830    2.5+                          9.9106e-03
                        0  0.0000     0.0204               3.6830 2.0226e-04
                        2  0.9620     0.0204               2.7210 2.0226e-04
                        3  1.3268     0.0204               2.3562 2.0226e-04
                        4  1.4122     0.0204               2.2708 2.0226e-04
                        5  1.5470     0.0204               2.1360 2.0226e-04
                        6  1.8606     0.0204               1.8224 2.0226e-04
                        8  2.0129     0.0204               1.6701 2.0226e-04
                       10  2.0813     0.0204               1.6017 2.0226e-04
                       11  2.0921     0.0204               1.5909 2.0226e-04
                       13  2.3365     0.0204               1.3465 2.0226e-04
                       15  2.4047     0.0204               1.2783 2.0226e-04
                       16  2.4304     0.0204               1.2526 2.0226e-04
                       17  2.4972     0.0204               1.1858 2.0226e-04
                       18  2.5035     0.0204               1.1795 2.0226e-04
                       21  2.5358     0.0204               1.1472 2.0226e-04
                       23  2.6179     0.0204               1.0650 2.0226e-04
                       24  2.6307     0.0204               1.0523 2.0226e-04
                       25  2.6729     0.0204               1.0101 2.0226e-04
                       27  2.6784     0.0204               1.0046 2.0226e-04
                       28  2.6823     0.0204               1.0007 2.0226e-04
                       29  2.6967     0.0204               0.9863 2.0226e-04
                       30  2.7165     0.0204               0.9665 2.0226e-04
                       31  2.7641     0.0204               0.9189 2.0226e-04
                       32  2.7764     0.0204               0.9066 2.0226e-04
                       33  2.7802     0.0204               0.9028 2.0226e-04
                       34  2.8081     0.0204               0.8749 2.0226e-04
                       36  2.8189     0.0204               0.8641 2.0226e-04
                       37  2.8324     0.0204               0.8506 2.0226e-04
                       39  2.8470     0.0204               0.8360 2.0226e-04
                       44  2.9573     0.0204               0.7257 2.0226e-04
                       45  2.9775     0.0204               0.7055 2.0226e-04
                       46  3.0327     0.0204               0.6503 2.0226e-04
                       47  3.0426     0.0204               0.6404 2.0226e-04
                       48  3.0952     0.0204               0.5878 2.0226e-04
                       49  3.1014     0.0204               0.5816 2.0226e-04
                       50  3.1281     0.0204               0.5549 2.0226e-04
                       55  3.2255     0.0204               0.4575 2.0226e-04
                       58  3.2800     0.0204               0.4030 2.0226e-04
                       59  3.2910     0.0204               0.3920 2.0226e-04
                       60  3.2926     0.0204               0.3904 2.0226e-04
                       69  3.4260     0.0204               0.2570 2.0226e-04
                       70  3.4299     0.0204               0.2531 2.0226e-04
                       73  3.4651     0.0204               0.2179 2.0226e-04
                       76  3.5376     0.0204               0.1454 2.0226e-04
                       79  3.5654     0.0204               0.1176 2.0226e-04
                       81  3.5750     0.0204               0.1080 2.0226e-04
                       82  3.5811     0.0204               0.1019 2.0226e-04
                       83  3.5833     0.0204               0.0997 2.0226e-04
                       84  3.6070     0.0204               0.0760 2.0226e-04
 87  3.6809    3.5-                          1.2244e-02                       6.3000e-14
                        2  0.9620     1.0000               2.7189 1.2236e-02
 86  3.6579    0.5-                          3.5401e-03
                        0  0.0000     1.0000               3.6579 3.5365e-03
 85  3.6492    2.5+                          1.0283e-02
                        9  2.0625     0.0741               1.5867 7.6129e-04
                        1  0.6699     0.9259               2.9793 9.5159e-03
 84  3.6070    2.5-                          1.0757e-02
                        0  0.0000     1.0000               3.6070 1.0747e-02
 83  3.5833    2.5-                          1.1034e-02                       1.0000e-13
                        3  1.3268     0.4791               2.2565 5.2840e-03
                        2  0.9620     0.5209               2.6213 5.7441e-03
 82  3.5811    1.5-                          7.8809e-03                       5.0000e-15
                        1  0.6699     0.6289               2.9112 4.9527e-03
                        0  0.0000     0.3711               3.5811 2.9217e-03
 81  3.5750    1.5-                          7.9318e-03
                        1  0.6699     1.0000               2.9051 7.9260e-03
 80  3.5701    1.5+                          8.2348e-03
                        0  0.0000     1.0000               3.5701 8.2224e-03
 79  3.5654    2.5-                          1.1246e-02
                        5  1.5470     0.3349               2.0184 3.7650e-03
                        1  0.6699     0.1414               2.8955 1.5890e-03
                        0  0.0000     0.5237               3.5654 5.8838e-03
 78  3.5411    3.5+                          1.4369e-02
                        2  0.9620     0.3289               2.5791 4.7212e-03
                        0  0.0000     0.6711               3.5411 9.6361e-03
 77  3.5401    1.5+                          8.4839e-03
                        5  1.5470     0.6060               1.9931 5.1378e-03
                        4  1.4122     0.3940               2.1279 3.3401e-03
 76  3.5376    2.5-                          1.1581e-02
                        1  0.6699     0.5952               2.8677 6.8878e-03
                        0  0.0000     0.4048               3.5376 4.6834e-03
 75  3.5000    1.5+                          8.8257e-03
                        0  0.0000     0.0263               3.5000 2.3226e-04
                        1  0.6699     0.0263               2.8301 2.3226e-04
                        2  0.9620     0.0263               2.5380 2.3226e-04
                        4  1.4122     0.0263               2.0878 2.3226e-04
                        5  1.5470     0.0263               1.9530 2.3226e-04
                        8  2.0129     0.0263               1.4871 2.3226e-04
                        9  2.0625     0.0263               1.4375 2.3226e-04
                       10  2.0813     0.0263               1.4187 2.3226e-04
                       13  2.3365     0.0263               1.1635 2.3226e-04
                       16  2.4304     0.0263               1.0696 2.3226e-04
                       17  2.4972     0.0263               1.0028 2.3226e-04
                       18  2.5035     0.0263               0.9965 2.3226e-04
                       21  2.5358     0.0263               0.9642 2.3226e-04
                       23  2.6179     0.0263               0.8821 2.3226e-04
                       24  2.6307     0.0263               0.8693 2.3226e-04
                       25  2.6729     0.0263               0.8271 2.3226e-04
                       28  2.6823     0.0263               0.8177 2.3226e-04
                       29  2.6967     0.0263               0.8033 2.3226e-04
                       30  2.7165     0.0263               0.7835 2.3226e-04
                       31  2.7641     0.0263               0.7359 2.3226e-04
                       32  2.7764     0.0263               0.7236 2.3226e-04
                       33  2.7802     0.0263               0.7198 2.3226e-04
                       34  2.8081     0.0263               0.6919 2.3226e-04
                       35  2.8100     0.0263               0.6900 2.3226e-04
                       40  2.8579     0.0263               0.6421 2.3226e-04
                       44  2.9573     0.0263               0.5427 2.3226e-04
                       45  2.9775     0.0263               0.5225 2.3226e-04
                       46  3.0327     0.0263               0.4673 2.3226e-04
                       47  3.0426     0.0263               0.4574 2.3226e-04
                       48  3.0952     0.0263               0.4048 2.3226e-04
                       49  3.1014     0.0263               0.3986 2.3226e-04
                       50  3.1281     0.0263               0.3719 2.3226e-04
                       55  3.2255     0.0263               0.2745 2.3226e-04
                       59  3.2910     0.0263               0.2090 2.3226e-04
                       60  3.2926     0.0263               0.2074 2.3226e-04
                       69  3.4260     0.0263               0.0740 2.3226e-04
                       70  3.4299     0.0263               0.0701 2.3226e-04
                       73  3.4651     0.0263               0.0349 2.3226e-04
 74  3.4761    2.5+                          1.2332e-02
                        0  0.0000     1.0000               3.4761 1.2314e-02
 73  3.4651    1.5-                          9.1230e-03                       7.0000e-14
                        1  0.6699     0.4594               2.7952 4.1883e-03
                        0  0.0000     0.5406               3.4651 4.9272e-03
 72  3.4612    5.5+                          2.0650e-02
                       19  2.5051     1.0000               0.9561 2.0644e-02
                        0  0.0000     0.0000               3.4612 0.0000e+00
 71  3.4601    1.5+                          9.1764e-03
                       19  2.5051     1.0000               0.9550 9.1652e-03
 70  3.4299    1.5-                          9.4476e-03
                        2  0.9620     0.1869               2.4679 1.7648e-03
                        0  0.0000     0.8131               3.4299 7.6747e-03
 69  3.4260    1.5-                          9.4841e-03                       2.2000e-14
                        1  0.6699     0.4047               2.7561 3.8357e-03
                        0  0.0000     0.5953               3.4260 5.6406e-03
 68  3.4181    2.5+                          1.3079e-02
                       17  2.4972     0.3786               0.9209 4.9509e-03
                        0  0.0000     0.6214               3.4181 8.1154e-03
 67  3.4064    3.5+                          1.6493e-02
                        0  0.0000     1.0000               3.4064 1.6482e-02
 66  3.3890    3.5+                          1.6783e-02
                        2  0.9620     0.0385               2.4270 6.4550e-04
                        3  1.3268     0.0385               2.0622 6.4550e-04
                        4  1.4122     0.0385               1.9768 6.4550e-04
                        6  1.8606     0.0385               1.5284 6.4550e-04
                       10  2.0813     0.0385               1.3077 6.4550e-04
                       11  2.0921     0.0385               1.2969 6.4550e-04
                       12  2.2078     0.0385               1.1812 6.4550e-04
                       13  2.3365     0.0385               1.0525 6.4550e-04
                       15  2.4047     0.0385               0.9843 6.4550e-04
                       16  2.4304     0.0385               0.9586 6.4550e-04
                       18  2.5035     0.0385               0.8855 6.4550e-04
                       21  2.5358     0.0385               0.8532 6.4550e-04
                       22  2.5473     0.0385               0.8417 6.4550e-04
                       25  2.6729     0.0385               0.7161 6.4550e-04
                       27  2.6784     0.0385               0.7106 6.4550e-04
                       30  2.7165     0.0385               0.6725 6.4550e-04
                       36  2.8189     0.0385               0.5701 6.4550e-04
                       37  2.8324     0.0385               0.5566 6.4550e-04
                       39  2.8470     0.0385               0.5420 6.4550e-04
                       47  3.0426     0.0385               0.3464 6.4550e-04
                       50  3.1281     0.0385               0.2609 6.4550e-04
                       54  3.2101     0.0385               0.1789 6.4550e-04
                       55  3.2255     0.0385               0.1635 6.4550e-04
                       58  3.2800     0.0385               0.1090 6.4550e-04
                       59  3.2910     0.0385               0.0980 6.4550e-04
                       60  3.2926     0.0385               0.0964 6.4550e-04
 65  3.3700    3.5+                          1.7104e-02
                        2  0.9620     0.0385               2.4080 6.5784e-04
                        3  1.3268     0.0385               2.0432 6.5784e-04
                        4  1.4122     0.0385               1.9578 6.5784e-04
                        6  1.8606     0.0385               1.5094 6.5784e-04
                       10  2.0813     0.0385               1.2887 6.5784e-04
                       11  2.0921     0.0385               1.2779 6.5784e-04
                       12  2.2078     0.0385               1.1622 6.5784e-04
                       13  2.3365     0.0385               1.0335 6.5784e-04
                       15  2.4047     0.0385               0.9653 6.5784e-04
                       16  2.4304     0.0385               0.9396 6.5784e-04
                       18  2.5035     0.0385               0.8665 6.5784e-04
                       21  2.5358     0.0385               0.8342 6.5784e-04
                       22  2.5473     0.0385               0.8227 6.5784e-04
                       25  2.6729     0.0385               0.6971 6.5784e-04
                       27  2.6784     0.0385               0.6916 6.5784e-04
                       30  2.7165     0.0385               0.6535 6.5784e-04
                       36  2.8189     0.0385               0.5511 6.5784e-04
                       37  2.8324     0.0385               0.5376 6.5784e-04
                       39  2.8470     0.0385               0.5230 6.5784e-04
                       47  3.0426     0.0385               0.3274 6.5784e-04
                       50  3.1281     0.0385               0.2419 6.5784e-04
                       54  3.2101     0.0385               0.1599 6.5784e-04
                       55  3.2255     0.0385               0.1445 6.5784e-04
                       58  3.2800     0.0385               0.0900 6.5784e-04
                       59  3.2910     0.0385               0.0790 6.5784e-04
                       60  3.2926     0.0385               0.0774 6.5784e-04
 64  3.3097    3.5+                          1.8155e-02
                        5  1.5470     0.4999               1.7627 9.0735e-03
                        0  0.0000     0.5001               3.3097 9.0733e-03
 63  3.3075    1.5+                          1.0624e-02
                        9  2.0625     0.2963               1.2450 3.1470e-03
                        8  2.0129     0.1433               1.2946 1.5220e-03
                        2  0.9620     0.3258               2.3455 3.4579e-03
                        1  0.6699     0.1532               2.6376 1.6257e-03
                        0  0.0000     0.0815               3.3075 8.6445e-04
 62  3.2977    0.5+                          5.5775e-03                       1.6000e-14
                        1  0.6699     0.6802               2.6278 3.7898e-03
                        0  0.0000     0.3198               3.2977 1.7812e-03
 61  3.2948    5.5+                          2.5136e-02
                       26  2.6768     0.3351               0.6180 8.4202e-03
                       19  2.5051     0.5320               0.7898 1.3367e-02
                       12  2.2078     0.1329               1.0870 3.3402e-03
 60  3.2926    2.5-                          1.6387e-02
                        0  0.0000     1.0000               3.2926 1.6372e-02
 59  3.2910    2.5-                          1.6410e-02
                        1  0.6699     1.0000               2.6211 1.6399e-02
 58  3.2800    3.5-                          2.0431e-02
                        7  1.9520     0.1000               1.3280 2.0431e-03
                       14  2.3374     0.1000               0.9426 2.0431e-03
                       19  2.5051     0.1000               0.7749 2.0431e-03
                       38  2.8367     0.1000               0.4432 2.0431e-03
                       41  2.8655     0.1000               0.4145 2.0431e-03
                       43  2.9111     0.1000               0.3689 2.0431e-03
                       51  3.1830     0.1000               0.0970 2.0431e-03
                       52  3.2080     0.1000               0.0720 2.0431e-03
                       53  3.2100     0.1000               0.0700 2.0431e-03
                       56  3.2480     0.1000               0.0320 2.0431e-03
 57  3.2637    1.5+                          1.1074e-02
                        1  0.6699     0.4011               2.5938 4.4372e-03
                        0  0.0000     0.5989               3.2637 6.6231e-03
 56  3.2480    2.5+                          1.7512e-02
                        1  0.6699     1.0000               2.5781 1.7505e-02
 55  3.2255    2.5-                          1.7394e-02
                        1  0.6699     0.6578               2.5556 1.1435e-02
                        0  0.0000     0.3422               3.2255 5.9473e-03
 54  3.2101    4.5-                          2.4956e-02
                       19  2.5051     0.5000               0.7050 1.2478e-02
                       41  2.8655     0.5000               0.3446 1.2478e-02
 53  3.2100    2.5+                          1.8093e-02
                        0  0.0000     0.0278               3.2100 5.0258e-04
                        2  0.9620     0.0278               2.2480 5.0258e-04
                        3  1.3268     0.0278               1.8832 5.0258e-04
                        4  1.4122     0.0278               1.7978 5.0258e-04
                        5  1.5470     0.0278               1.6630 5.0258e-04
                        6  1.8606     0.0278               1.3494 5.0258e-04
                        8  2.0129     0.0278               1.1971 5.0258e-04
                       10  2.0813     0.0278               1.1287 5.0258e-04
                       11  2.0921     0.0278               1.1179 5.0258e-04
                       13  2.3365     0.0278               0.8735 5.0258e-04
                       15  2.4047     0.0278               0.8053 5.0258e-04
                       16  2.4304     0.0278               0.7796 5.0258e-04
                       17  2.4972     0.0278               0.7128 5.0258e-04
                       18  2.5035     0.0278               0.7065 5.0258e-04
                       21  2.5358     0.0278               0.6742 5.0258e-04
                       23  2.6179     0.0278               0.5920 5.0258e-04
                       24  2.6307     0.0278               0.5793 5.0258e-04
                       25  2.6729     0.0278               0.5371 5.0258e-04
                       27  2.6784     0.0278               0.5316 5.0258e-04
                       28  2.6823     0.0278               0.5277 5.0258e-04
                       29  2.6967     0.0278               0.5133 5.0258e-04
                       30  2.7165     0.0278               0.4935 5.0258e-04
                       31  2.7641     0.0278               0.4459 5.0258e-04
                       32  2.7764     0.0278               0.4336 5.0258e-04
                       33  2.7802     0.0278               0.4298 5.0258e-04
                       34  2.8081     0.0278               0.4019 5.0258e-04
                       36  2.8189     0.0278               0.3911 5.0258e-04
                       37  2.8324     0.0278               0.3776 5.0258e-04
                       39  2.8470     0.0278               0.3630 5.0258e-04
                       44  2.9573     0.0278               0.2527 5.0258e-04
                       45  2.9775     0.0278               0.2325 5.0258e-04
                       46  3.0327     0.0278               0.1773 5.0258e-04
                       47  3.0426     0.0278               0.1674 5.0258e-04
                       48  3.0952     0.0278               0.1148 5.0258e-04
                       49  3.1014     0.0278               0.1086 5.0258e-04
                       50  3.1281     0.0278               0.0819 5.0258e-04
 52  3.2080    2.5+                          1.8124e-02
                        0  0.0000     0.0278               3.2080 5.0345e-04
                        2  0.9620     0.0278               2.2460 5.0345e-04
                        3  1.3268     0.0278               1.8812 5.0345e-04
                        4  1.4122     0.0278               1.7958 5.0345e-04
                        5  1.5470     0.0278               1.6610 5.0345e-04
                        6  1.8606     0.0278               1.3474 5.0345e-04
                        8  2.0129     0.0278               1.1951 5.0345e-04
                       10  2.0813     0.0278               1.1267 5.0345e-04
                       11  2.0921     0.0278               1.1159 5.0345e-04
                       13  2.3365     0.0278               0.8715 5.0345e-04
                       15  2.4047     0.0278               0.8033 5.0345e-04
                       16  2.4304     0.0278               0.7776 5.0345e-04
                       17  2.4972     0.0278               0.7108 5.0345e-04
                       18  2.5035     0.0278               0.7045 5.0345e-04
                       21  2.5358     0.0278               0.6722 5.0345e-04
                       23  2.6179     0.0278               0.5901 5.0345e-04
                       24  2.6307     0.0278               0.5774 5.0345e-04
                       25  2.6729     0.0278               0.5351 5.0345e-04
                       27  2.6784     0.0278               0.5296 5.0345e-04
                       28  2.6823     0.0278               0.5257 5.0345e-04
                       29  2.6967     0.0278               0.5113 5.0345e-04
                       30  2.7165     0.0278               0.4915 5.0345e-04
                       31  2.7641     0.0278               0.4439 5.0345e-04
                       32  2.7764     0.0278               0.4316 5.0345e-04
                       33  2.7802     0.0278               0.4278 5.0345e-04
                       34  2.8081     0.0278               0.3999 5.0345e-04
                       36  2.8189     0.0278               0.3891 5.0345e-04
                       37  2.8324     0.0278               0.3756 5.0345e-04
                       39  2.8470     0.0278               0.3610 5.0345e-04
                       44  2.9573     0.0278               0.2507 5.0345e-04
                       45  2.9775     0.0278               0.2305 5.0345e-04
                       46  3.0327     0.0278               0.1753 5.0345e-04
                       47  3.0426     0.0278               0.1654 5.0345e-04
                       48  3.0952     0.0278               0.1128 5.0345e-04
                       49  3.1014     0.0278               0.1066 5.0345e-04
                       50  3.1281     0.0278               0.0799 5.0345e-04
 51  3.1830    2.5+                          1.8517e-02
                        0  0.0000     0.0278               3.1830 5.1436e-04
                        2  0.9620     0.0278               2.2210 5.1436e-04
                        3  1.3268     0.0278               1.8562 5.1436e-04
                        4  1.4122     0.0278               1.7708 5.1436e-04
                        5  1.5470     0.0278               1.6360 5.1436e-04
                        6  1.8606     0.0278               1.3224 5.1436e-04
                        8  2.0129     0.0278               1.1701 5.1436e-04
                       10  2.0813     0.0278               1.1017 5.1436e-04
                       11  2.0921     0.0278               1.0909 5.1436e-04
                       13  2.3365     0.0278               0.8465 5.1436e-04
                       15  2.4047     0.0278               0.7783 5.1436e-04
                       16  2.4304     0.0278               0.7526 5.1436e-04
                       17  2.4972     0.0278               0.6858 5.1436e-04
                       18  2.5035     0.0278               0.6795 5.1436e-04
                       21  2.5358     0.0278               0.6472 5.1436e-04
                       23  2.6179     0.0278               0.5650 5.1436e-04
                       24  2.6307     0.0278               0.5523 5.1436e-04
                       25  2.6729     0.0278               0.5101 5.1436e-04
                       27  2.6784     0.0278               0.5046 5.1436e-04
                       28  2.6823     0.0278               0.5007 5.1436e-04
                       29  2.6967     0.0278               0.4863 5.1436e-04
                       30  2.7165     0.0278               0.4665 5.1436e-04
                       31  2.7641     0.0278               0.4189 5.1436e-04
                       32  2.7764     0.0278               0.4066 5.1436e-04
                       33  2.7802     0.0278               0.4028 5.1436e-04
                       34  2.8081     0.0278               0.3749 5.1436e-04
                       36  2.8189     0.0278               0.3641 5.1436e-04
                       37  2.8324     0.0278               0.3506 5.1436e-04
                       39  2.8470     0.0278               0.3360 5.1436e-04
                       44  2.9573     0.0278               0.2257 5.1436e-04
                       45  2.9775     0.0278               0.2055 5.1436e-04
                       46  3.0327     0.0278               0.1503 5.1436e-04
                       47  3.0426     0.0278               0.1404 5.1436e-04
                       48  3.0952     0.0278               0.0878 5.1436e-04
                       49  3.1014     0.0278               0.0816 5.1436e-04
                       50  3.1281     0.0278               0.0549 5.1436e-04
 50  3.1281    2.5-                          2.0477e-02
                        8  2.0129     1.0000               1.1152 2.0473e-02
 49  3.1014    1.5-                          1.4483e-02
                        1  0.6699     0.4505               2.4315 6.5211e-03
                        0  0.0000     0.5495               3.1014 7.9519e-03
 48  3.0952    1.5-                          1.4559e-02
                        1  0.6699     0.2366               2.4253 3.4428e-03
                        0  0.0000     0.7634               3.0952 1.1105e-02
 47  3.0426    2.5-                          2.1956e-02
                       17  2.4972     0.0517               0.5454 1.1350e-03
                        5  1.5470     0.0575               1.4956 1.2611e-03
                        1  0.6699     0.5747               2.3727 1.2611e-02
                        0  0.0000     0.3161               3.0426 6.9349e-03
 46  3.0327    1.5-                          1.5350e-02
                        3  1.3268     0.3755               1.7059 5.7631e-03
                        2  0.9620     0.1167               2.0707 1.7909e-03
                        0  0.0000     0.5078               3.0327 7.7881e-03
 45  2.9775    1.5-                          1.6088e-02
                        1  0.6699     0.4011               2.3075 6.4498e-03
                        0  0.0000     0.5989               2.9775 9.6277e-03
 44  2.9573    1.5-                          1.6367e-02
                        8  2.0129     0.3134               0.9444 5.1279e-03
                        2  0.9620     0.3134               1.9953 5.1276e-03
                        0  0.0000     0.3732               2.9573 6.1035e-03
 43  2.9111    2.5+                          2.3432e-02
                       19  2.5051     1.0000               0.4060 2.3345e-02
 42  2.8889    1.5+                          1.5786e-02
                       10  2.0813     0.0989               0.8076 1.5608e-03
                        2  0.9620     0.5207               1.9269 8.2156e-03
                        1  0.6699     0.1615               2.2190 2.5471e-03
                        0  0.0000     0.2189               2.8889 3.4511e-03
 41  2.8655    3.5+                          4.2379e-02
                        6  1.8606     0.4629               1.0048 1.9615e-02
                        4  1.4122     0.3195               1.4533 1.3536e-02
                        0  0.0000     0.2176               2.8655 9.2169e-03
 40  2.8579    0.5-                          8.3809e-03                       4.0000e-13
                        4  1.4122     0.3144               1.4457 2.6344e-03
                        2  0.9620     0.1095               1.8959 9.1740e-04
                        1  0.6699     0.2226               2.1880 1.8649e-03
                        0  0.0000     0.3535               2.8579 2.9605e-03
 39  2.8470    3.5-                          3.1626e-02
                        7  1.9520     0.2500               0.8950 7.9065e-03
                       14  2.3374     0.2500               0.5096 7.9065e-03
                       19  2.5051     0.2500               0.3419 7.9065e-03
                       38  2.8367     0.2500               0.0103 7.9065e-03
 38  2.8367    2.5+                          3.2933e-02
                        6  1.8606     0.2049               0.9761 6.7471e-03
                        1  0.6699     0.4999               2.1668 1.6458e-02
                        0  0.0000     0.2952               2.8367 9.7105e-03
 37  2.8324    3.5-                          3.2019e-02                       2.0000e-13
                        6  1.8606     0.7576               0.9717 2.4251e-02
                        3  1.3268     0.2424               1.5056 7.7599e-03
                        0  0.0000     0.0000               2.8324 0.0000e+00
 36  2.8189    3.5-                          3.2386e-02
                        0  0.0000     1.0000               2.8189 3.2362e-02
 35  2.8100    0.5-                          8.7811e-03
                       20  2.5111     1.0000               0.2989 8.7811e-03
 34  2.8081    1.5-                          1.8606e-02                       1.8000e-13
                        5  1.5470     0.0000               1.2611 0.0000e+00
                        3  1.3268     0.2625               1.4813 4.8826e-03
                        1  0.6699     0.1788               2.1382 3.3250e-03
                        0  0.0000     0.5587               2.8081 1.0389e-02
 33  2.7802    1.5-                          1.9062e-02
                       21  2.5358     0.1282               0.2444 2.4125e-03
                        9  2.0625     0.2422               0.7178 4.6145e-03
                        5  1.5470     0.0857               1.2332 1.6324e-03
                        1  0.6699     0.1713               2.1103 3.2642e-03
                        0  0.0000     0.3726               2.7802 7.0980e-03
 32  2.7764    1.5-                          1.9126e-02
                        2  0.9620     0.7194               1.8143 1.3756e-02
                        1  0.6699     0.2806               2.1064 5.3647e-03
 31  2.7641    1.5-                          1.9332e-02
                        6  1.8606     0.4167               0.9035 8.0527e-03
                        3  1.3268     0.3666               1.4373 7.0857e-03
                        2  0.9620     0.2167               1.8021 4.1881e-03
 30  2.7165    2.5-                          2.8754e-02                       2.0000e-13
                       11  2.0921     0.1642               0.6243 4.7180e-03
                        5  1.5470     0.0895               1.1695 2.5743e-03
                        3  1.3268     0.4974               1.3897 1.4300e-02
                        2  0.9620     0.0498               1.7545 1.4302e-03
                        1  0.6699     0.0448               2.0465 1.2871e-03
                        0  0.0000     0.1543               2.7165 4.4340e-03
 29  2.6967    1.5-                          2.0510e-02
                        8  2.0129     0.0370               0.6837 7.5920e-04
                        5  1.5470     0.1574               1.1497 3.2275e-03
                        1  0.6699     0.4629               2.0267 9.4902e-03
                        0  0.0000     0.3427               2.6967 7.0240e-03
 28  2.6823    1.5-                          2.1128e-02
                        1  0.6699     0.6289               2.0123 1.3283e-02
                        0  0.0000     0.3711               2.6823 7.8356e-03
 27  2.6784    3.5-                          3.6488e-02
                        5  1.5470     0.6289               1.1314 2.2943e-02
                        2  0.9620     0.3711               1.7164 1.3537e-02
 26  2.6768    5.5-                          5.8523e-02                       5.8000e-13
                       12  2.2078     0.3009               0.4690 1.7589e-02
                        3  1.3268     0.6991               1.3501 4.0906e-02
 25  2.6729    2.5-                          2.9832e-02                       6.6000e-14
                        6  1.8606     0.1337               0.8123 3.9874e-03
                        3  1.3268     0.2292               1.3462 6.8371e-03
                        0  0.0000     0.6371               2.6729 1.8993e-02
 24  2.6307    1.5-                          2.1747e-02
                        2  0.9620     0.7936               1.6686 1.7255e-02
                        0  0.0000     0.2064               2.6307 4.4859e-03
 23  2.6179    1.5-                          2.1995e-02
                       11  2.0921     0.4684               0.5258 1.0286e-02
                        3  1.3268     0.5316               1.2912 1.1691e-02
 22  2.5473    4.5-                          4.7082e-02
                        6  1.8606     0.6945               0.6867 3.2682e-02
                        3  1.3268     0.1250               1.2205 5.8843e-03
                        2  0.9620     0.1805               1.5853 8.4965e-03
 21  2.5358    2.5-                          3.6001e-02
                       11  2.0921     0.0577               0.4437 2.0719e-03
                        6  1.8606     0.0499               0.6752 1.7956e-03
                        5  1.5470     0.0134               0.9888 4.8335e-04
                        4  1.4122     0.3838               1.1237 1.3814e-02
                        3  1.3268     0.0422               1.2091 1.5196e-03
                        2  0.9620     0.0921               1.5738 3.3153e-03
                        1  0.6699     0.0691               1.8659 2.4864e-03
                        0  0.0000     0.2918               2.5358 1.0499e-02
 20  2.5111    0.5+                          2.0927e-02                       1.5000e-13
                        4  1.4122     0.2441               1.0989 5.1061e-03
                        1  0.6699     0.1744               1.8411 3.6476e-03
                        0  0.0000     0.5815               2.5111 1.2157e-02
 19  2.5051    4.5+                          1.3842e-01                       1.5000e-12
                       12  2.2078     0.0297               0.2972 4.0989e-03
                       11  2.0921     0.3075               0.4129 4.2525e-02
                        6  1.8606     0.3703               0.6444 5.1241e-02
                        3  1.3268     0.2518               1.1783 3.4849e-02
                        2  0.9620     0.0407               1.5431 5.6365e-03
 18  2.5035    2.5-                          3.4515e-02
                        2  0.9620     0.4999               1.5415 1.7251e-02
                        0  0.0000     0.5001               2.5035 1.7252e-02
 17  2.4972    1.5-                          3.0624e-02                       1.0300e-13
                        4  1.4122     0.0148               1.0850 4.5283e-04
                        2  0.9620     0.0238               1.5352 7.2931e-04
                        1  0.6699     0.1397               1.8273 4.2769e-03
                        0  0.0000     0.8217               2.4972 2.5149e-02
 16  2.4304    2.5-                          3.6810e-02
                        6  1.8606     0.1986               0.5697 7.3034e-03
                        5  1.5470     0.3816               0.8834 1.4042e-02
                        2  0.9620     0.3091               1.4684 1.1376e-02
                        0  0.0000     0.1107               2.4304 4.0727e-03
 15  2.4047    3.5-                          4.6305e-02                       1.2000e-13
                       10  2.0813     0.0419               0.3233 1.9311e-03
                        9  2.0625     0.0433               0.3422 1.9312e-03
                        8  2.0129     0.0419               0.3917 1.9309e-03
                        6  1.8606     0.0358               0.5440 1.6551e-03
                        5  1.5470     0.0358               0.8577 1.6553e-03
                        4  1.4122     0.1519               0.9925 7.0325e-03
                        3  1.3268     0.2413               1.0779 1.1172e-02
                        2  0.9620     0.2979               1.4426 1.3793e-02
                        1  0.6699     0.0417               1.7347 1.9310e-03
                        0  0.0000     0.0685               2.4047 3.1722e-03
 14  2.3374    2.5+                          4.8256e-02
                        0  0.0000     0.1000               2.3374 4.8256e-03
                        2  0.9620     0.1000               1.3754 4.8256e-03
                        3  1.3268     0.1000               1.0106 4.8256e-03
                        4  1.4122     0.1000               0.9252 4.8256e-03
                        5  1.5470     0.1000               0.7904 4.8256e-03
                        6  1.8606     0.1000               0.4768 4.8256e-03
                        8  2.0129     0.1000               0.3245 4.8256e-03
                       10  2.0813     0.1000               0.2561 4.8256e-03
                       11  2.0921     0.1000               0.2453 4.8256e-03
                       13  2.3365     0.1000               0.0009 4.8256e-03
 13  2.3365    2.5-                          4.5817e-02
                        6  1.8606     0.0458               0.4759 2.0950e-03
                        4  1.4122     0.0719               0.9244 3.2923e-03
                        2  0.9620     0.2026               1.3745 9.2808e-03
                        1  0.6699     0.0261               1.6666 1.1973e-03
                        0  0.0000     0.6536               2.3365 2.9931e-02
 12  2.2078    4.5-                          9.1692e-02                       3.1000e-13
                        3  1.3268     0.5715               0.8811 5.2386e-02
                        2  0.9620     0.4285               1.2458 3.9283e-02
 11  2.0921    3.5-                          1.2607e-01                       2.4000e-13
                        4  1.4122     0.0490               0.6800 6.1776e-03
                        3  1.3268     0.3775               0.7654 4.7574e-02
                        2  0.9620     0.4901               1.1301 6.1777e-02
                        0  0.0000     0.0833               2.0921 1.0503e-02
 10  2.0813    2.5-                          5.9012e-02                       1.2600e-13
                        5  1.5470     0.1012               0.5343 5.9667e-03
                        3  1.3268     0.2685               0.7546 1.5838e-02
                        2  0.9620     0.2412               1.1193 1.4231e-02
                        0  0.0000     0.3891               2.0813 2.2953e-02
  9  2.0625    0.5-                          3.0834e-02
                        5  1.5470     0.3639               0.5155 1.1205e-02
                        1  0.6699     0.4783               1.3925 1.4744e-02
                        0  0.0000     0.1579               2.0625 4.8664e-03
  8  2.0129    1.5-                          7.3888e-02                       3.3000e-14
                        5  1.5470     0.0241               0.4659 1.7755e-03
                        4  1.4122     0.0192               0.6008 1.4204e-03
                        2  0.9620     0.2548               1.0509 1.8823e-02
                        1  0.6699     0.2211               1.3430 1.6334e-02
                        0  0.0000     0.4808               2.0129 3.5513e-02
  7  1.9520    2.5+                          6.9266e-02
                        2  0.9620     1.0000               0.9900 6.9258e-02
  6  1.8606    3.5-                          2.4218e-01                       6.6000e-13
                        2  0.9620     0.4505               0.8986 1.0907e-01
                        0  0.0000     0.5495               1.8606 1.3304e-01
  5  1.5470    1.5-                          1.5351e-01                       1.1600e-13
                        2  0.9620     0.2152               0.5850 3.3012e-02
                        1  0.6699     0.0221               0.8771 3.3945e-03
                        0  0.0000     0.7627               1.5470 1.1706e-01
  4  1.4122    2.5-                          1.5765e-01                       1.7000e-12
                        2  0.9620     0.2181               0.4501 3.4341e-02
                        1  0.6699     0.0652               0.7422 1.0280e-02
                        0  0.0000     0.7166               1.4122 1.1296e-01
  3  1.3268    3.5-                          4.0553e-01                       6.1000e-13
                        2  0.9620     0.1585               0.3647 6.4141e-02
                        0  0.0000     0.8415               1.3268 3.4119e-01
  2  0.9620    2.5-                          7.4581e-01                       5.7000e-13
                        0  0.0000     1.0000               0.9620 7.4562e-01
  1  0.6699    0.5-                          2.9985e-01                       1.9800e-13
                        0  0.0000     1.0000               0.6699 2.9969e-01
  0  0.0000    1.5-                          2.3728e+00
#......................................................................../  029-063Cu //   8.500000
#                                                                          SUM SPECTRA FOR COMPOUND
#            030-063Zn      gamma
 SpcSum[mb]            7.5085e+01
 Emean[MeV]            4.2418e-01
#......................................................................../  029-063Cu //   8.500000
#                                                                   GAMMAS FROM DISCRETE TRANSITION
#           2 0 0 0 0 0             030-063Zn
#   Ex[MeV]     Jpi    FinalState  Branching Production    Egamma Production   T(1/2)[s]
 18  1.8608    4.5-                          1.3932e-03                       4.3000e-13
                        7  1.0633     0.2332               0.7975 3.2473e-04
                        5  0.6501     0.6134               1.2107 8.5448e-04
                        1  0.1929     0.1534               1.6679 2.1364e-04
 17  1.7040    2.5-                          2.6577e-02
                        1  0.1929     1.0000               1.5111 2.6577e-02
 16  1.7030    4.5+                          1.3955e-01                       3.2000e-11
                        9  1.2064     0.1526               0.4966 2.1282e-02
                        7  1.0633     0.8474               0.6396 1.1821e-01
 15  1.6912    2.5-                          2.9690e-02                       6.9000e-14
                        4  0.6371     0.0533               1.0541 1.5821e-03
                        1  0.1929     0.1007               1.4983 2.9892e-03
                        0  0.0000     0.8460               1.6912 2.5112e-02
 14  1.6649    3.5-                          5.9342e-02                       2.4000e-13
                        5  0.6501     0.1317               1.0148 7.8133e-03
                        4  0.6371     0.1198               1.0278 7.1071e-03
                        1  0.1929     0.5988               1.4719 3.5528e-02
                        0  0.0000     0.1497               1.6649 8.8812e-03
 13  1.4363    4.5-                          1.2127e+00                       6.9000e-13
                        1  0.1929     1.0000               1.2433 1.2124e+00
 12  1.4200    0.5-                          1.0079e-01
                        2  0.2478     1.0000               1.1722 1.0079e-01
 11  1.3954    1.5-                          2.4811e-01                       9.7000e-14
                        3  0.6271     0.1949               0.7683 4.8335e-02
                        2  0.2478     0.0696               1.1476 1.7263e-02
                        1  0.1929     0.0397               1.2025 9.8387e-03
                        0  0.0000     0.6958               1.3954 1.7262e-01
 10  1.2843    2.5-                          7.7325e-01                       4.0000e-13
                        5  0.6501     0.0756               0.6342 5.8422e-02
                        2  0.2478     0.2791               1.0364 2.1574e-01
                        1  0.1929     0.5814               1.0913 4.4943e-01
                        0  0.0000     0.0639               1.2843 4.9437e-02
  9  1.2064    3.5-                          2.2249e+00                       4.2000e-13
                        5  0.6501     0.0219               0.5563 4.8732e-02
                        1  0.1929     0.4687               1.0135 1.0425e+00
                        0  0.0000     0.5094               1.2064 1.1331e+00
  8  1.0653    0.5-                          5.3048e-01                       2.2000e-13
                        5  0.6501     0.0385               0.4152 2.0342e-02
                        1  0.1929     0.0484               0.8724 2.5665e-02
                        0  0.0000     0.9131               1.0653 4.8427e-01
  7  1.0633    3.5-                          4.3585e+00                       2.9000e-13
                        5  0.6501     0.1846               0.4132 8.0241e-01
                        1  0.1929     0.1578               0.8704 6.8752e-01
                        0  0.0000     0.6576               1.0633 2.8654e+00
  6  1.0232    1.5-                          1.4254e+00                       3.5000e-12
                        5  0.6501     0.3883               0.3731 5.5159e-01
                        3  0.6271     0.0659               0.3961 9.3755e-02
                        2  0.2478     0.2749               0.7754 3.9163e-01
                        0  0.0000     0.2709               1.0232 3.8601e-01
  5  0.6501    2.5-                          1.0842e+01                       2.8000e-13
                        1  0.1929     0.1380               0.4572 1.4942e+00
                        0  0.0000     0.8620               0.6501 9.3395e+00
  4  0.6371    1.5-                          5.0515e+00                       5.3000e-13
                        2  0.2478     0.0404               0.3892 2.0348e-01
                        0  0.0000     0.9596               0.6371 4.8445e+00
  3  0.6271    0.5-                          2.4131e+00
                        0  0.0000     1.0000               0.6271 2.4110e+00
  2  0.2478    0.5-                          7.0285e+00                       3.3000e-11
                        0  0.0000     1.0000               0.2478 6.9315e+00
  1  0.1929    2.5-                          3.9170e+01                       5.3000e-10
                        0  0.0000     1.0000               0.1929 3.8737e+01
  0  0.0000    1.5-                          9.4784e+01                       2.3080e+03
#......................................................................../  029-063Cu //   8.500000
#                                                                          SUM SPECTRA FOR COMPOUND
#            029-063Cu      gamma      alpha
 SpcSum[mb]            3.2225e+02 0.0000e+00
 Emean[MeV]            1.0945e+00 0.0000e+00
#......................................................................../  029-063Cu //   8.500000
#                                                                   GAMMAS FROM DISCRETE TRANSITION
#           1 1 0 0 0 0             029-063Cu
#   Ex[MeV]     Jpi    FinalState  Branching Production    Egamma Production   T(1/2)[s]
 95  3.7867    1.5-                          1.9316e-03
                       28  2.6823     0.0601               1.1044 1.1603e-04
                        8  2.0129     0.0328               1.7738 6.3285e-05
                        4  1.4122     0.2076               2.3745 4.0082e-04
                        2  0.9620     0.1530               2.8247 2.9535e-04
                        1  0.6699     0.5465               3.1168 1.0548e-03
 94  3.7790    2.5+                          4.8861e-03
                        0  0.0000     0.0204               3.7790 9.9715e-05
                        2  0.9620     0.0204               2.8170 9.9715e-05
                        3  1.3268     0.0204               2.4522 9.9715e-05
                        4  1.4122     0.0204               2.3668 9.9715e-05
                        5  1.5470     0.0204               2.2320 9.9715e-05
                        6  1.8606     0.0204               1.9184 9.9715e-05
                        8  2.0129     0.0204               1.7661 9.9715e-05
                       10  2.0813     0.0204               1.6977 9.9715e-05
                       11  2.0921     0.0204               1.6869 9.9715e-05
                       13  2.3365     0.0204               1.4425 9.9715e-05
                       15  2.4047     0.0204               1.3743 9.9715e-05
                       16  2.4304     0.0204               1.3486 9.9715e-05
                       17  2.4972     0.0204               1.2818 9.9715e-05
                       18  2.5035     0.0204               1.2755 9.9715e-05
                       21  2.5358     0.0204               1.2432 9.9715e-05
                       23  2.6179     0.0204               1.1610 9.9715e-05
                       24  2.6307     0.0204               1.1483 9.9715e-05
                       25  2.6729     0.0204               1.1061 9.9715e-05
                       27  2.6784     0.0204               1.1006 9.9715e-05
                       28  2.6823     0.0204               1.0967 9.9715e-05
                       29  2.6967     0.0204               1.0823 9.9715e-05
                       30  2.7165     0.0204               1.0625 9.9715e-05
                       31  2.7641     0.0204               1.0149 9.9715e-05
                       32  2.7764     0.0204               1.0026 9.9715e-05
                       33  2.7802     0.0204               0.9988 9.9715e-05
                       34  2.8081     0.0204               0.9709 9.9715e-05
                       36  2.8189     0.0204               0.9601 9.9715e-05
                       37  2.8324     0.0204               0.9466 9.9715e-05
                       39  2.8470     0.0204               0.9320 9.9715e-05
                       44  2.9573     0.0204               0.8217 9.9715e-05
                       45  2.9775     0.0204               0.8015 9.9715e-05
                       46  3.0327     0.0204               0.7463 9.9715e-05
                       47  3.0426     0.0204               0.7364 9.9715e-05
                       48  3.0952     0.0204               0.6838 9.9715e-05
                       49  3.1014     0.0204               0.6776 9.9715e-05
                       50  3.1281     0.0204               0.6509 9.9715e-05
                       55  3.2255     0.0204               0.5535 9.9715e-05
                       58  3.2800     0.0204               0.4990 9.9715e-05
                       59  3.2910     0.0204               0.4880 9.9715e-05
                       60  3.2926     0.0204               0.4864 9.9715e-05
                       69  3.4260     0.0204               0.3530 9.9715e-05
                       70  3.4299     0.0204               0.3491 9.9715e-05
                       73  3.4651     0.0204               0.3139 9.9715e-05
                       76  3.5376     0.0204               0.2414 9.9715e-05
                       79  3.5654     0.0204               0.2136 9.9715e-05
                       81  3.5750     0.0204               0.2040 9.9715e-05
                       82  3.5811     0.0204               0.1979 9.9715e-05
                       83  3.5833     0.0204               0.1957 9.9715e-05
                       84  3.6070     0.0204               0.1720 9.9715e-05
 93  3.7746    2.5-                          3.5485e-03                       1.1600e-13
                       13  2.3365     0.1120               1.4381 3.9733e-04
                        9  2.0625     0.1701               1.7121 6.0339e-04
                        6  1.8606     0.1369               1.9140 4.8560e-04
                        3  1.3268     0.1660               2.4478 5.8869e-04
                        0  0.0000     0.4151               3.7746 1.4713e-03
 92  3.7401    1.5+                          3.3558e-03
                        5  1.5470     0.3588               2.1931 1.2031e-03
                        0  0.0000     0.6412               3.7401 2.1483e-03
 91  3.7300    2.5-                          4.4720e-03
                        7  1.9520     0.0400               1.7780 1.7888e-04
                       14  2.3374     0.0400               1.3926 1.7888e-04
                       38  2.8367     0.0400               0.8933 1.7888e-04
                       41  2.8655     0.0400               0.8645 1.7888e-04
                       42  2.8889     0.0400               0.8411 1.7888e-04
                       43  2.9111     0.0400               0.8189 1.7888e-04
                       51  3.1830     0.0400               0.5470 1.7888e-04
                       52  3.2080     0.0400               0.5220 1.7888e-04
                       53  3.2100     0.0400               0.5200 1.7888e-04
                       56  3.2480     0.0400               0.4820 1.7888e-04
                       57  3.2637     0.0400               0.4663 1.7888e-04
                       63  3.3075     0.0400               0.4225 1.7888e-04
                       64  3.3097     0.0400               0.4203 1.7888e-04
                       65  3.3700     0.0400               0.3600 1.7888e-04
                       66  3.3890     0.0400               0.3410 1.7888e-04
                       67  3.4064     0.0400               0.3236 1.7888e-04
                       68  3.4181     0.0400               0.3119 1.7888e-04
                       71  3.4601     0.0400               0.2699 1.7888e-04
                       74  3.4761     0.0400               0.2539 1.7888e-04
                       75  3.5000     0.0400               0.2300 1.7888e-04
                       77  3.5401     0.0400               0.1899 1.7888e-04
                       78  3.5411     0.0400               0.1889 1.7888e-04
                       80  3.5701     0.0400               0.1599 1.7888e-04
                       85  3.6492     0.0400               0.0808 1.7888e-04
                       88  3.6830     0.0400               0.0470 1.7888e-04
 90  3.7191    1.5-                          2.7292e-03
                        2  0.9620     0.4259               2.7571 1.1616e-03
                        1  0.6699     0.4630               3.0492 1.2626e-03
                        0  0.0000     0.1111               3.7191 3.0289e-04
 89  3.7080    0.5-                          1.3740e-03
                       20  2.5111     0.1111               1.1969 1.5266e-04
                       42  2.8889     0.1111               0.8191 1.5266e-04
                       57  3.2637     0.1111               0.4443 1.5266e-04
                       62  3.2977     0.1111               0.4103 1.5266e-04
                       63  3.3075     0.1111               0.4005 1.5266e-04
                       71  3.4601     0.1111               0.2479 1.5266e-04
                       75  3.5000     0.1111               0.2080 1.5266e-04
                       77  3.5401     0.1111               0.1679 1.5266e-04
                       80  3.5701     0.1111               0.1379 1.5266e-04
 88  3.6830    2.5+                          8.4943e-03
                        0  0.0000     0.0204               3.6830 1.7335e-04
                        2  0.9620     0.0204               2.7210 1.7335e-04
                        3  1.3268     0.0204               2.3562 1.7335e-04
                        4  1.4122     0.0204               2.2708 1.7335e-04
                        5  1.5470     0.0204               2.1360 1.7335e-04
                        6  1.8606     0.0204               1.8224 1.7335e-04
                        8  2.0129     0.0204               1.6701 1.7335e-04
                       10  2.0813     0.0204               1.6017 1.7335e-04
                       11  2.0921     0.0204               1.5909 1.7335e-04
                       13  2.3365     0.0204               1.3465 1.7335e-04
                       15  2.4047     0.0204               1.2783 1.7335e-04
                       16  2.4304     0.0204               1.2526 1.7335e-04
                       17  2.4972     0.0204               1.1858 1.7335e-04
                       18  2.5035     0.0204               1.1795 1.7335e-04
                       21  2.5358     0.0204               1.1472 1.7335e-04
                       23  2.6179     0.0204               1.0650 1.7335e-04
                       24  2.6307     0.0204               1.0523 1.7335e-04
                       25  2.6729     0.0204               1.0101 1.7335e-04
                       27  2.6784     0.0204               1.0046 1.7335e-04
                       28  2.6823     0.0204               1.0007 1.7335e-04
                       29  2.6967     0.0204               0.9863 1.7335e-04
                       30  2.7165     0.0204               0.9665 1.7335e-04
                       31  2.7641     0.0204               0.9189 1.7335e-04
                       32  2.7764     0.0204               0.9066 1.7335e-04
                       33  2.7802     0.0204               0.9028 1.7335e-04
                       34  2.8081     0.0204               0.8749 1.7335e-04
                       36  2.8189     0.0204               0.8641 1.7335e-04
                       37  2.8324     0.0204               0.8506 1.7335e-04
                       39  2.8470     0.0204               0.8360 1.7335e-04
                       44  2.9573     0.0204               0.7257 1.7335e-04
                       45  2.9775     0.0204               0.7055 1.7335e-04
                       46  3.0327     0.0204               0.6503 1.7335e-04
                       47  3.0426     0.0204               0.6404 1.7335e-04
                       48  3.0952     0.0204               0.5878 1.7335e-04
                       49  3.1014     0.0204               0.5816 1.7335e-04
                       50  3.1281     0.0204               0.5549 1.7335e-04
                       55  3.2255     0.0204               0.4575 1.7335e-04
                       58  3.2800     0.0204               0.4030 1.7335e-04
                       59  3.2910     0.0204               0.3920 1.7335e-04
                       60  3.2926     0.0204               0.3904 1.7335e-04
                       69  3.4260     0.0204               0.2570 1.7335e-04
                       70  3.4299     0.0204               0.2531 1.7335e-04
                       73  3.4651     0.0204               0.2179 1.7335e-04
                       76  3.5376     0.0204               0.1454 1.7335e-04
                       79  3.5654     0.0204               0.1176 1.7335e-04
                       81  3.5750     0.0204               0.1080 1.7335e-04
                       82  3.5811     0.0204               0.1019 1.7335e-04
                       83  3.5833     0.0204               0.0997 1.7335e-04
                       84  3.6070     0.0204               0.0760 1.7335e-04
 87  3.6809    3.5-                          1.1278e-02                       6.3000e-14
                        2  0.9620     1.0000               2.7189 1.1271e-02
 86  3.6579    0.5-                          1.7959e-03
                        0  0.0000     1.0000               3.6579 1.7941e-03
 85  3.6492    2.5+                          1.0070e-02
                        9  2.0625     0.0741               1.5867 7.4555e-04
                        1  0.6699     0.9259               2.9793 9.3191e-03
 84  3.6070    2.5-                          8.8838e-03
                        0  0.0000     1.0000               3.6070 8.8749e-03
 83  3.5833    2.5-                          1.0049e-02                       1.0000e-13
                        3  1.3268     0.4791               2.2565 4.8124e-03
                        2  0.9620     0.5209               2.6213 5.2314e-03
 82  3.5811    1.5-                          5.9598e-03                       5.0000e-15
                        1  0.6699     0.6289               2.9112 3.7454e-03
                        0  0.0000     0.3711               3.5811 2.2095e-03
 81  3.5750    1.5-                          6.1304e-03
                        1  0.6699     1.0000               2.9051 6.1260e-03
 80  3.5701    1.5+                          8.6273e-03
                        0  0.0000     1.0000               3.5701 8.6143e-03
 79  3.5654    2.5-                          1.0941e-02
                        5  1.5470     0.3349               2.0184 3.6629e-03
                        1  0.6699     0.1414               2.8955 1.5459e-03
                        0  0.0000     0.5237               3.5654 5.7242e-03
 78  3.5411    3.5+                          3.2205e-02
                        2  0.9620     0.3289               2.5791 1.0581e-02
                        0  0.0000     0.6711               3.5411 2.1597e-02
 77  3.5401    1.5+                          9.8713e-03
                        5  1.5470     0.6060               1.9931 5.9780e-03
                        4  1.4122     0.3940               2.1279 3.8864e-03
 76  3.5376    2.5-                          1.2422e-02
                        1  0.6699     0.5952               2.8677 7.3883e-03
                        0  0.0000     0.4048               3.5376 5.0237e-03
 75  3.5000    1.5+                          1.2057e-02
                        0  0.0000     0.0263               3.5000 3.1728e-04
                        1  0.6699     0.0263               2.8301 3.1728e-04
                        2  0.9620     0.0263               2.5380 3.1728e-04
                        4  1.4122     0.0263               2.0878 3.1728e-04
                        5  1.5470     0.0263               1.9530 3.1728e-04
                        8  2.0129     0.0263               1.4871 3.1728e-04
                        9  2.0625     0.0263               1.4375 3.1728e-04
                       10  2.0813     0.0263               1.4187 3.1728e-04
                       13  2.3365     0.0263               1.1635 3.1728e-04
                       16  2.4304     0.0263               1.0696 3.1728e-04
                       17  2.4972     0.0263               1.0028 3.1728e-04
                       18  2.5035     0.0263               0.9965 3.1728e-04
                       21  2.5358     0.0263               0.9642 3.1728e-04
                       23  2.6179     0.0263               0.8821 3.1728e-04
                       24  2.6307     0.0263               0.8693 3.1728e-04
                       25  2.6729     0.0263               0.8271 3.1728e-04
                       28  2.6823     0.0263               0.8177 3.1728e-04
                       29  2.6967     0.0263               0.8033 3.1728e-04
                       30  2.7165     0.0263               0.7835 3.1728e-04
                       31  2.7641     0.0263               0.7359 3.1728e-04
                       32  2.7764     0.0263               0.7236 3.1728e-04
                       33  2.7802     0.0263               0.7198 3.1728e-04
                       34  2.8081     0.0263               0.6919 3.1728e-04
                       35  2.8100     0.0263               0.6900 3.1728e-04
                       40  2.8579     0.0263               0.6421 3.1728e-04
                       44  2.9573     0.0263               0.5427 3.1728e-04
                       45  2.9775     0.0263               0.5225 3.1728e-04
                       46  3.0327     0.0263               0.4673 3.1728e-04
                       47  3.0426     0.0263               0.4574 3.1728e-04
                       48  3.0952     0.0263               0.4048 3.1728e-04
                       49  3.1014     0.0263               0.3986 3.1728e-04
                       50  3.1281     0.0263               0.3719 3.1728e-04
                       55  3.2255     0.0263               0.2745 3.1728e-04
                       59  3.2910     0.0263               0.2090 3.1728e-04
                       60  3.2926     0.0263               0.2074 3.1728e-04
                       69  3.4260     0.0263               0.0740 3.1728e-04
                       70  3.4299     0.0263               0.0701 3.1728e-04
                       73  3.4651     0.0263               0.0349 3.1728e-04
 74  3.4761    2.5+                          2.4148e-02
                        0  0.0000     1.0000               3.4761 2.4113e-02
 73  3.4651    1.5-                          1.0525e-02                       7.0000e-14
                        1  0.6699     0.4594               2.7952 4.8321e-03
                        0  0.0000     0.5406               3.4651 5.6846e-03
 72  3.4612    5.5+                          2.3143e-01
                       19  2.5051     1.0000               0.9561 2.3137e-01
                        0  0.0000     0.0000               3.4612 0.0000e+00
 71  3.4601    1.5+                          1.4510e-02
                       19  2.5051     1.0000               0.9550 1.4492e-02
 70  3.4299    1.5-                          1.2166e-02
                        2  0.9620     0.1869               2.4679 2.2727e-03
                        0  0.0000     0.8131               3.4299 9.8834e-03
 69  3.4260    1.5-                          1.2359e-02                       2.2000e-14
                        1  0.6699     0.4047               2.7561 4.9984e-03
                        0  0.0000     0.5953               3.4260 7.3505e-03
 68  3.4181    2.5+                          3.1369e-02
                       17  2.4972     0.3786               0.9209 1.1875e-02
                        0  0.0000     0.6214               3.4181 1.9465e-02
 67  3.4064    3.5+                          6.2565e-02
                        0  0.0000     1.0000               3.4064 6.2522e-02
 66  3.3890    3.5+                          6.8247e-02
                        2  0.9620     0.0385               2.4270 2.6249e-03
                        3  1.3268     0.0385               2.0622 2.6249e-03
                        4  1.4122     0.0385               1.9768 2.6249e-03
                        6  1.8606     0.0385               1.5284 2.6249e-03
                       10  2.0813     0.0385               1.3077 2.6249e-03
                       11  2.0921     0.0385               1.2969 2.6249e-03
                       12  2.2078     0.0385               1.1812 2.6249e-03
                       13  2.3365     0.0385               1.0525 2.6249e-03
                       15  2.4047     0.0385               0.9843 2.6249e-03
                       16  2.4304     0.0385               0.9586 2.6249e-03
                       18  2.5035     0.0385               0.8855 2.6249e-03
                       21  2.5358     0.0385               0.8532 2.6249e-03
                       22  2.5473     0.0385               0.8417 2.6249e-03
                       25  2.6729     0.0385               0.7161 2.6249e-03
                       27  2.6784     0.0385               0.7106 2.6249e-03
                       30  2.7165     0.0385               0.6725 2.6249e-03
                       36  2.8189     0.0385               0.5701 2.6249e-03
                       37  2.8324     0.0385               0.5566 2.6249e-03
                       39  2.8470     0.0385               0.5420 2.6249e-03
                       47  3.0426     0.0385               0.3464 2.6249e-03
                       50  3.1281     0.0385               0.2609 2.6249e-03
                       54  3.2101     0.0385               0.1789 2.6249e-03
                       55  3.2255     0.0385               0.1635 2.6249e-03
                       58  3.2800     0.0385               0.1090 2.6249e-03
                       59  3.2910     0.0385               0.0980 2.6249e-03
                       60  3.2926     0.0385               0.0964 2.6249e-03
 65  3.3700    3.5+                          7.4551e-02
                        2  0.9620     0.0385               2.4080 2.8674e-03
                        3  1.3268     0.0385               2.0432 2.8674e-03
                        4  1.4122     0.0385               1.9578 2.8674e-03
                        6  1.8606     0.0385               1.5094 2.8674e-03
                       10  2.0813     0.0385               1.2887 2.8674e-03
                       11  2.0921     0.0385               1.2779 2.8674e-03
                       12  2.2078     0.0385               1.1622 2.8674e-03
                       13  2.3365     0.0385               1.0335 2.8674e-03
                       15  2.4047     0.0385               0.9653 2.8674e-03
                       16  2.4304     0.0385               0.9396 2.8674e-03
                       18  2.5035     0.0385               0.8665 2.8674e-03
                       21  2.5358     0.0385               0.8342 2.8674e-03
                       22  2.5473     0.0385               0.8227 2.8674e-03
                       25  2.6729     0.0385               0.6971 2.8674e-03
                       27  2.6784     0.0385               0.6916 2.8674e-03
                       30  2.7165     0.0385               0.6535 2.8674e-03
                       36  2.8189     0.0385               0.5511 2.8674e-03
                       37  2.8324     0.0385               0.5376 2.8674e-03
                       39  2.8470     0.0385               0.5230 2.8674e-03
                       47  3.0426     0.0385               0.3274 2.8674e-03
                       50  3.1281     0.0385               0.2419 2.8674e-03
                       54  3.2101     0.0385               0.1599 2.8674e-03
                       55  3.2255     0.0385               0.1445 2.8674e-03
                       58  3.2800     0.0385               0.0900 2.8674e-03
                       59  3.2910     0.0385               0.0790 2.8674e-03
                       60  3.2926     0.0385               0.0774 2.8674e-03
 64  3.3097    3.5+                          9.7997e-02
                        5  1.5470     0.4999               1.7627 4.8978e-02
                        0  0.0000     0.5001               3.3097 4.8976e-02
 63  3.3075    1.5+                          2.8858e-02
                        9  2.0625     0.2963               1.2450 8.5486e-03
                        8  2.0129     0.1433               1.2946 4.1343e-03
                        2  0.9620     0.3258               2.3455 9.3929e-03
                        1  0.6699     0.1532               2.6376 4.4160e-03
                        0  0.0000     0.0815               3.3075 2.3482e-03
 62  3.2977    0.5+                          1.4436e-02                       1.6000e-14
                        1  0.6699     0.6802               2.6278 9.8092e-03
                        0  0.0000     0.3198               3.2977 4.6103e-03
 61  3.2948    5.5+                          5.1954e-01
                       26  2.6768     0.3351               0.6180 1.7404e-01
                       19  2.5051     0.5320               0.7898 2.7628e-01
                       12  2.2078     0.1329               1.0870 6.9040e-02
 60  3.2926    2.5-                          4.4337e-02
                        0  0.0000     1.0000               3.2926 4.4298e-02
 59  3.2910    2.5-                          4.4613e-02
                        1  0.6699     1.0000               2.6211 4.4584e-02
 58  3.2800    3.5-                          8.6228e-02
                        7  1.9520     0.1000               1.3280 8.6228e-03
                       14  2.3374     0.1000               0.9426 8.6228e-03
                       19  2.5051     0.1000               0.7749 8.6228e-03
                       38  2.8367     0.1000               0.4432 8.6228e-03
                       41  2.8655     0.1000               0.4145 8.6228e-03
                       43  2.9111     0.1000               0.3689 8.6228e-03
                       51  3.1830     0.1000               0.0970 8.6228e-03
                       52  3.2080     0.1000               0.0720 8.6228e-03
                       53  3.2100     0.1000               0.0700 8.6228e-03
                       56  3.2480     0.1000               0.0320 8.6228e-03
 57  3.2637    1.5+                          3.5093e-02
                        1  0.6699     0.4011               2.5938 1.4061e-02
                        0  0.0000     0.5989               3.2637 2.0989e-02
 56  3.2480    2.5+                          7.7316e-02
                        1  0.6699     1.0000               2.5781 7.7283e-02
 55  3.2255    2.5-                          5.6677e-02
                        1  0.6699     0.6578               2.5556 3.7259e-02
                        0  0.0000     0.3422               3.2255 1.9378e-02
 54  3.2101    4.5-                          2.4504e-01
                       19  2.5051     0.5000               0.7050 1.2252e-01
                       41  2.8655     0.5000               0.3446 1.2252e-01
 53  3.2100    2.5+                          8.9452e-02
                        0  0.0000     0.0278               3.2100 2.4848e-03
                        2  0.9620     0.0278               2.2480 2.4848e-03
                        3  1.3268     0.0278               1.8832 2.4848e-03
                        4  1.4122     0.0278               1.7978 2.4848e-03
                        5  1.5470     0.0278               1.6630 2.4848e-03
                        6  1.8606     0.0278               1.3494 2.4848e-03
                        8  2.0129     0.0278               1.1971 2.4848e-03
                       10  2.0813     0.0278               1.1287 2.4848e-03
                       11  2.0921     0.0278               1.1179 2.4848e-03
                       13  2.3365     0.0278               0.8735 2.4848e-03
                       15  2.4047     0.0278               0.8053 2.4848e-03
                       16  2.4304     0.0278               0.7796 2.4848e-03
                       17  2.4972     0.0278               0.7128 2.4848e-03
                       18  2.5035     0.0278               0.7065 2.4848e-03
                       21  2.5358     0.0278               0.6742 2.4848e-03
                       23  2.6179     0.0278               0.5920 2.4848e-03
                       24  2.6307     0.0278               0.5793 2.4848e-03
                       25  2.6729     0.0278               0.5371 2.4848e-03
                       27  2.6784     0.0278               0.5316 2.4848e-03
                       28  2.6823     0.0278               0.5277 2.4848e-03
                       29  2.6967     0.0278               0.5133 2.4848e-03
                       30  2.7165     0.0278               0.4935 2.4848e-03
                       31  2.7641     0.0278               0.4459 2.4848e-03
                       32  2.7764     0.0278               0.4336 2.4848e-03
                       33  2.7802     0.0278               0.4298 2.4848e-03
                       34  2.8081     0.0278               0.4019 2.4848e-03
                       36  2.8189     0.0278               0.3911 2.4848e-03
                       37  2.8324     0.0278               0.3776 2.4848e-03
                       39  2.8470     0.0278               0.3630 2.4848e-03
                       44  2.9573     0.0278               0.2527 2.4848e-03
                       45  2.9775     0.0278               0.2325 2.4848e-03
                       46  3.0327     0.0278               0.1773 2.4848e-03
                       47  3.0426     0.0278               0.1674 2.4848e-03
                       48  3.0952     0.0278               0.1148 2.4848e-03
                       49  3.1014     0.0278               0.1086 2.4848e-03
                       50  3.1281     0.0278               0.0819 2.4848e-03
 52  3.2080    2.5+                          9.0378e-02
                        0  0.0000     0.0278               3.2080 2.5105e-03
                        2  0.9620     0.0278               2.2460 2.5105e-03
                        3  1.3268     0.0278               1.8812 2.5105e-03
                        4  1.4122     0.0278               1.7958 2.5105e-03
                        5  1.5470     0.0278               1.6610 2.5105e-03
                        6  1.8606     0.0278               1.3474 2.5105e-03
                        8  2.0129     0.0278               1.1951 2.5105e-03
                       10  2.0813     0.0278               1.1267 2.5105e-03
                       11  2.0921     0.0278               1.1159 2.5105e-03
                       13  2.3365     0.0278               0.8715 2.5105e-03
                       15  2.4047     0.0278               0.8033 2.5105e-03
                       16  2.4304     0.0278               0.7776 2.5105e-03
                       17  2.4972     0.0278               0.7108 2.5105e-03
                       18  2.5035     0.0278               0.7045 2.5105e-03
                       21  2.5358     0.0278               0.6722 2.5105e-03
                       23  2.6179     0.0278               0.5901 2.5105e-03
                       24  2.6307     0.0278               0.5774 2.5105e-03
                       25  2.6729     0.0278               0.5351 2.5105e-03
                       27  2.6784     0.0278               0.5296 2.5105e-03
                       28  2.6823     0.0278               0.5257 2.5105e-03
                       29  2.6967     0.0278               0.5113 2.5105e-03
                       30  2.7165     0.0278               0.4915 2.5105e-03
                       31  2.7641     0.0278               0.4439 2.5105e-03
                       32  2.7764     0.0278               0.4316 2.5105e-03
                       33  2.7802     0.0278               0.4278 2.5105e-03
                       34  2.8081     0.0278               0.3999 2.5105e-03
                       36  2.8189     0.0278               0.3891 2.5105e-03
                       37  2.8324     0.0278               0.3756 2.5105e-03
                       39  2.8470     0.0278               0.3610 2.5105e-03
                       44  2.9573     0.0278               0.2507 2.5105e-03
                       45  2.9775     0.0278               0.2305 2.5105e-03
                       46  3.0327     0.0278               0.1753 2.5105e-03
                       47  3.0426     0.0278               0.1654 2.5105e-03
                       48  3.0952     0.0278               0.1128 2.5105e-03
                       49  3.1014     0.0278               0.1066 2.5105e-03
                       50  3.1281     0.0278               0.0799 2.5105e-03
 51  3.1830    2.5+                          1.0026e-01
                        0  0.0000     0.0278               3.1830 2.7851e-03
                        2  0.9620     0.0278               2.2210 2.7851e-03
                        3  1.3268     0.0278               1.8562 2.7851e-03
                        4  1.4122     0.0278               1.7708 2.7851e-03
                        5  1.5470     0.0278               1.6360 2.7851e-03
                        6  1.8606     0.0278               1.3224 2.7851e-03
                        8  2.0129     0.0278               1.1701 2.7851e-03
                       10  2.0813     0.0278               1.1017 2.7851e-03
                       11  2.0921     0.0278               1.0909 2.7851e-03
                       13  2.3365     0.0278               0.8465 2.7851e-03
                       15  2.4047     0.0278               0.7783 2.7851e-03
                       16  2.4304     0.0278               0.7526 2.7851e-03
                       17  2.4972     0.0278               0.6858 2.7851e-03
                       18  2.5035     0.0278               0.6795 2.7851e-03
                       21  2.5358     0.0278               0.6472 2.7851e-03
                       23  2.6179     0.0278               0.5650 2.7851e-03
                       24  2.6307     0.0278               0.5523 2.7851e-03
                       25  2.6729     0.0278               0.5101 2.7851e-03
                       27  2.6784     0.0278               0.5046 2.7851e-03
                       28  2.6823     0.0278               0.5007 2.7851e-03
                       29  2.6967     0.0278               0.4863 2.7851e-03
                       30  2.7165     0.0278               0.4665 2.7851e-03
                       31  2.7641     0.0278               0.4189 2.7851e-03
                       32  2.7764     0.0278               0.4066 2.7851e-03
                       33  2.7802     0.0278               0.4028 2.7851e-03
                       34  2.8081     0.0278               0.3749 2.7851e-03
                       36  2.8189     0.0278               0.3641 2.7851e-03
                       37  2.8324     0.0278               0.3506 2.7851e-03
                       39  2.8470     0.0278               0.3360 2.7851e-03
                       44  2.9573     0.0278               0.2257 2.7851e-03
                       45  2.9775     0.0278               0.2055 2.7851e-03
                       46  3.0327     0.0278               0.1503 2.7851e-03
                       47  3.0426     0.0278               0.1404 2.7851e-03
                       48  3.0952     0.0278               0.0878 2.7851e-03
                       49  3.1014     0.0278               0.0816 2.7851e-03
                       50  3.1281     0.0278               0.0549 2.7851e-03
 50  3.1281    2.5-                          9.0015e-02
                        8  2.0129     1.0000               1.1152 8.9998e-02
 49  3.1014    1.5-                          5.6268e-02
                        1  0.6699     0.4505               2.4315 2.5335e-02
                        0  0.0000     0.5495               3.1014 3.0894e-02
 48  3.0952    1.5-                          5.7543e-02
                        1  0.6699     0.2366               2.4253 1.3608e-02
                        0  0.0000     0.7634               3.0952 4.3893e-02
 47  3.0426    2.5-                          1.2180e-01
                       17  2.4972     0.0517               0.5454 6.2962e-03
                        5  1.5470     0.0575               1.4956 6.9962e-03
                        1  0.6699     0.5747               2.3727 6.9961e-02
                        0  0.0000     0.3161               3.0426 3.8471e-02
 46  3.0327    1.5-                          7.0753e-02
                        3  1.3268     0.3755               1.7059 2.6563e-02
                        2  0.9620     0.1167               2.0707 8.2546e-03
                        0  0.0000     0.5078               3.0327 3.5897e-02
 45  2.9775    1.5-                          8.6268e-02
                        1  0.6699     0.4011               2.3075 3.4586e-02
                        0  0.0000     0.5989               2.9775 5.1627e-02
 44  2.9573    1.5-                          9.2245e-02
                        8  2.0129     0.3134               0.9444 2.8901e-02
                        2  0.9620     0.3134               1.9953 2.8900e-02
                        0  0.0000     0.3732               2.9573 3.4400e-02
 43  2.9111    2.5+                          2.8284e-01
                       19  2.5051     1.0000               0.4060 2.8179e-01
 42  2.8889    1.5+                          1.5982e-01
                       10  2.0813     0.0989               0.8076 1.5802e-02
                        2  0.9620     0.5207               1.9269 8.3176e-02
                        1  0.6699     0.1615               2.2190 2.5788e-02
                        0  0.0000     0.2189               2.8889 3.4940e-02
 41  2.8655    3.5+                          7.6660e-01
                        6  1.8606     0.4629               1.0048 3.5482e-01
                        4  1.4122     0.3195               1.4533 2.4486e-01
                        0  0.0000     0.2176               2.8655 1.6673e-01
 40  2.8579    0.5-                          5.6305e-02                       4.0000e-13
                        4  1.4122     0.3144               1.4457 1.7699e-02
                        2  0.9620     0.1095               1.8959 6.1633e-03
                        1  0.6699     0.2226               2.1880 1.2529e-02
                        0  0.0000     0.3535               2.8579 1.9890e-02
 39  2.8470    3.5-                          4.8860e-01
                        7  1.9520     0.2500               0.8950 1.2215e-01
                       14  2.3374     0.2500               0.5096 1.2215e-01
                       19  2.5051     0.2500               0.3419 1.2215e-01
                       38  2.8367     0.2500               0.0103 1.2215e-01
 38  2.8367    2.5+                          4.9610e-01
                        6  1.8606     0.2049               0.9761 1.0164e-01
                        1  0.6699     0.4999               2.1668 2.4793e-01
                        0  0.0000     0.2952               2.8367 1.4628e-01
 37  2.8324    3.5-                          5.1458e-01                       2.0000e-13
                        6  1.8606     0.7576               0.9717 3.8975e-01
                        3  1.3268     0.2424               1.5056 1.2471e-01
                        0  0.0000     0.0000               2.8324 0.0000e+00
 36  2.8189    3.5-                          5.3955e-01
                        0  0.0000     1.0000               2.8189 5.3916e-01
 35  2.8100    0.5-                          6.6475e-02
                       20  2.5111     1.0000               0.2989 6.6475e-02
 34  2.8081    1.5-                          1.5341e-01                       1.8000e-13
                        5  1.5470     0.0000               1.2611 0.0000e+00
                        3  1.3268     0.2625               1.4813 4.0258e-02
                        1  0.6699     0.1788               2.1382 2.7415e-02
                        0  0.0000     0.5587               2.8081 8.5656e-02
 33  2.7802    1.5-                          1.6958e-01
                       21  2.5358     0.1282               0.2444 2.1462e-02
                        9  2.0625     0.2422               0.7178 4.1052e-02
                        5  1.5470     0.0857               1.2332 1.4522e-02
                        1  0.6699     0.1713               2.1103 2.9038e-02
                        0  0.0000     0.3726               2.7802 6.3145e-02
 32  2.7764    1.5-                          1.7178e-01
                        2  0.9620     0.7194               1.8143 1.2354e-01
                        1  0.6699     0.2806               2.1064 4.8182e-02
 31  2.7641    1.5-                          1.7883e-01
                        6  1.8606     0.4167               0.9035 7.4492e-02
                        3  1.3268     0.3666               1.4373 6.5547e-02
                        2  0.9620     0.2167               1.8021 3.8742e-02
 30  2.7165    2.5-                          3.7799e-01                       2.0000e-13
                       11  2.0921     0.1642               0.6243 6.2021e-02
                        5  1.5470     0.0895               1.1695 3.3841e-02
                        3  1.3268     0.4974               1.3897 1.8799e-01
                        2  0.9620     0.0498               1.7545 1.8801e-02
                        1  0.6699     0.0448               2.0465 1.6920e-02
                        0  0.0000     0.1543               2.7165 5.8288e-02
 29  2.6967    1.5-                          2.2467e-01
                        8  2.0129     0.0370               0.6837 8.3164e-03
                        5  1.5470     0.1574               1.1497 3.5355e-02
                        1  0.6699     0.4629               2.0267 1.0396e-01
                        0  0.0000     0.3427               2.6967 7.6942e-02
 28  2.6823    1.5-                          2.3610e-01
                        1  0.6699     0.6289               2.0123 1.4843e-01
                        0  0.0000     0.3711               2.6823 8.7560e-02
 27  2.6784    3.5-                          9.0122e-01
                        5  1.5470     0.6289               1.1314 5.6666e-01
                        2  0.9620     0.3711               1.7164 3.3436e-01
 26  2.6768    5.5-                          5.5646e+00                       5.8000e-13
                       12  2.2078     0.3009               0.4690 1.6725e+00
                        3  1.3268     0.6991               1.3501 3.8895e+00
 25  2.6729    2.5-                          4.4249e-01                       6.6000e-14
                        6  1.8606     0.1337               0.8123 5.9143e-02
                        3  1.3268     0.2292               1.3462 1.0141e-01
                        0  0.0000     0.6371               2.6729 2.8172e-01
 24  2.6307    1.5-                          2.7788e-01
                        2  0.9620     0.7936               1.6686 2.2047e-01
                        0  0.0000     0.2064               2.6307 5.7319e-02
 23  2.6179    1.5-                          2.8882e-01
                       11  2.0921     0.4684               0.5258 1.3507e-01
                        3  1.3268     0.5316               1.2912 1.5351e-01
 22  2.5473    4.5-                          3.2648e+00
                        6  1.8606     0.6945               0.6867 2.2663e+00
                        3  1.3268     0.1250               1.2205 4.0803e-01
                        2  0.9620     0.1805               1.5853 5.8917e-01
 21  2.5358    2.5-                          7.1836e-01
                       11  2.0921     0.0577               0.4437 4.1344e-02
                        6  1.8606     0.0499               0.6752 3.5830e-02
                        5  1.5470     0.0134               0.9888 9.6449e-03
                        4  1.4122     0.3838               1.1237 2.7565e-01
                        3  1.3268     0.0422               1.2091 3.0323e-02
                        2  0.9620     0.0921               1.5738 6.6153e-02
                        1  0.6699     0.0691               1.8659 4.9614e-02
                        0  0.0000     0.2918               2.5358 2.0949e-01
 20  2.5111    0.5+                          3.4830e-01                       1.5000e-13
                        4  1.4122     0.2441               1.0989 8.4984e-02
                        1  0.6699     0.1744               1.8411 6.0709e-02
                        0  0.0000     0.5815               2.5111 2.0234e-01
 19  2.5051    4.5+                          6.9802e+00                       1.5000e-12
                       12  2.2078     0.0297               0.2972 2.0670e-01
                       11  2.0921     0.3075               0.4129 2.1444e+00
                        6  1.8606     0.3703               0.6444 2.5840e+00
                        3  1.3268     0.2518               1.1783 1.7574e+00
                        2  0.9620     0.0407               1.5431 2.8424e-01
 18  2.5035    2.5-                          7.7709e-01
                        2  0.9620     0.4999               1.5415 3.8840e-01
                        0  0.0000     0.5001               2.5035 3.8841e-01
 17  2.4972    1.5-                          4.5125e-01                       1.0300e-13
                        4  1.4122     0.0148               1.0850 6.6726e-03
                        2  0.9620     0.0238               1.5352 1.0747e-02
                        1  0.6699     0.1397               1.8273 6.3022e-02
                        0  0.0000     0.8217               2.4972 3.7058e-01
 16  2.4304    2.5-                          9.8148e-01
                        6  1.8606     0.1986               0.5697 1.9473e-01
                        5  1.5470     0.3816               0.8834 3.7441e-01
                        2  0.9620     0.3091               1.4684 3.0332e-01
                        0  0.0000     0.1107               2.4304 1.0859e-01
 15  2.4047    3.5-                          2.2948e+00                       1.2000e-13
                       10  2.0813     0.0419               0.3233 9.5702e-02
                        9  2.0625     0.0433               0.3422 9.5709e-02
                        8  2.0129     0.0419               0.3917 9.5691e-02
                        6  1.8606     0.0358               0.5440 8.2022e-02
                        5  1.5470     0.0358               0.8577 8.2034e-02
                        4  1.4122     0.1519               0.9925 3.4852e-01
                        3  1.3268     0.2413               1.0779 5.5365e-01
                        2  0.9620     0.2979               1.4426 6.8354e-01
                        1  0.6699     0.0417               1.7347 9.5695e-02
                        0  0.0000     0.0685               2.4047 1.5721e-01
 14  2.3374    2.5+                          2.2197e+00
                        0  0.0000     0.1000               2.3374 2.2197e-01
                        2  0.9620     0.1000               1.3754 2.2197e-01
                        3  1.3268     0.1000               1.0106 2.2197e-01
                        4  1.4122     0.1000               0.9252 2.2197e-01
                        5  1.5470     0.1000               0.7904 2.2197e-01
                        6  1.8606     0.1000               0.4768 2.2197e-01
                        8  2.0129     0.1000               0.3245 2.2197e-01
                       10  2.0813     0.1000               0.2561 2.2197e-01
                       11  2.0921     0.1000               0.2453 2.2197e-01
                       13  2.3365     0.1000               0.0009 2.2197e-01
 13  2.3365    2.5-                          1.5474e+00
                        6  1.8606     0.0458               0.4759 7.0757e-02
                        4  1.4122     0.0719               0.9244 1.1119e-01
                        2  0.9620     0.2026               1.3745 3.1345e-01
                        1  0.6699     0.0261               1.6666 4.0439e-02
                        0  0.0000     0.6536               2.3365 1.0109e+00
 12  2.2078    4.5-                          1.2578e+01                       3.1000e-13
                        3  1.3268     0.5715               0.8811 7.1860e+00
                        2  0.9620     0.4285               1.2458 5.3885e+00
 11  2.0921    3.5-                          8.8448e+00                       2.4000e-13
                        4  1.4122     0.0490               0.6800 4.3341e-01
                        3  1.3268     0.3775               0.7654 3.3377e+00
                        2  0.9620     0.4901               1.1301 4.3342e+00
                        0  0.0000     0.0833               2.0921 7.3685e-01
 10  2.0813    2.5-                          3.2298e+00                       1.2600e-13
                        5  1.5470     0.1012               0.5343 3.2657e-01
                        3  1.3268     0.2685               0.7546 8.6684e-01
                        2  0.9620     0.2412               1.1193 7.7888e-01
                        0  0.0000     0.3891               2.0813 1.2562e+00
  9  2.0625    0.5-                          8.6671e-01
                        5  1.5470     0.3639               0.5155 3.1495e-01
                        1  0.6699     0.4783               1.3925 4.1444e-01
                        0  0.0000     0.1579               2.0625 1.3679e-01
  8  2.0129    1.5-                          2.2775e+00                       3.3000e-14
                        5  1.5470     0.0241               0.4659 5.4726e-02
                        4  1.4122     0.0192               0.6008 4.3782e-02
                        2  0.9620     0.2548               1.0509 5.8019e-01
                        1  0.6699     0.2211               1.3430 5.0347e-01
                        0  0.0000     0.4808               2.0129 1.0946e+00
  7  1.9520    2.5+                          6.9707e+00
                        2  0.9620     1.0000               0.9900 6.9698e+00
  6  1.8606    3.5-                          1.8961e+01                       6.6000e-13
                        2  0.9620     0.4505               0.8986 8.5394e+00
                        0  0.0000     0.5495               1.8606 1.0416e+01
  5  1.5470    1.5-                          8.3288e+00                       1.1600e-13
                        2  0.9620     0.2152               0.5850 1.7911e+00
                        1  0.6699     0.0221               0.8771 1.8417e-01
                        0  0.0000     0.7627               1.5470 6.3511e+00
  4  1.4122    2.5-                          1.9967e+01                       1.7000e-12
                        2  0.9620     0.2181               0.4501 4.3494e+00
                        1  0.6699     0.0652               0.7422 1.3020e+00
                        0  0.0000     0.7166               1.4122 1.4307e+01
  3  1.3268    3.5-                          7.5372e+01                       6.1000e-13
                        2  0.9620     0.1585               0.3647 1.1921e+01
                        0  0.0000     0.8415               1.3268 6.3414e+01
  2  0.9620    2.5-                          1.0750e+02                       5.7000e-13
                        0  0.0000     1.0000               0.9620 1.0747e+02
  1  0.6699    0.5-                          2.2624e+01                       1.9800e-13
                        0  0.0000     1.0000               0.6699 2.2612e+01
  0  0.0000    1.5-                          4.3914e+02
#......................................................................../  029-063Cu //   8.500000
#                                                                          SUM SPECTRA FOR COMPOUND
#            028-060Ni      gamma     proton      alpha
 SpcSum[mb]            4.2800e+01 0.0000e+00 0.0000e+00
 Emean[MeV]            1.2544e+00 0.0000e+00 0.0000e+00
#......................................................................../  029-063Cu //   8.500000
#                                                                   GAMMAS FROM DISCRETE TRANSITION
#           1 0 1 0 0 0             028-060Ni
#   Ex[MeV]     Jpi    FinalState  Branching Production    Egamma Production   T(1/2)[s]
 47  4.6130    0.0-                          2.3975e-05
                        9  3.1940     0.2500               1.4190 5.9938e-06
                       26  4.0205     0.2500               0.5926 5.9938e-06
                       37  4.3347     0.2500               0.2783 5.9938e-06
                       39  4.3557     0.2500               0.2573 5.9938e-06
 46  4.5791    2.0+                          2.1976e-04                       1.8000e-14
                        2  2.1586     0.3532               2.4205 7.7587e-05
                        1  1.3325     0.3533               3.2466 7.7583e-05
                        0  0.0000     0.2934               4.5791 6.4396e-05
 45  4.5488    2.0+                          2.5611e-04
                        7  3.1240     0.1850               1.4248 4.7370e-05
                        3  2.2849     0.2922               2.2639 7.4794e-05
                        2  2.1586     0.3247               2.3902 8.3112e-05
                        1  1.3325     0.0942               3.2163 2.4098e-05
                        0  0.0000     0.1040               4.5488 2.6597e-05
 44  4.5357    3.0+                          6.3201e-04
                        2  2.1586     0.6097               2.3771 3.8515e-04
                        1  1.3325     0.3293               3.2032 2.0795e-04
                        0  0.0000     0.0610               4.5357 3.8516e-05
 43  4.4934    2.0+                          3.3484e-04                       1.6000e-14
                       10  3.2694     0.0576               1.2241 1.9285e-05
                        8  3.1860     0.1296               1.3074 4.3391e-05
                        2  2.1586     0.0432               2.3348 1.4466e-05
                        1  1.3325     0.7205               3.1609 2.4106e-04
                        0  0.0000     0.0490               4.4934 1.6393e-05
 42  4.4500    3.0-                          7.1234e-04
                        4  2.5058     0.5000               1.9442 3.5617e-04
                        1  1.3325     0.5000               3.1175 3.5617e-04
 41  4.4074    5.0+                          5.7312e-03
                       31  4.1654     0.2204               0.2420 1.2471e-03
                       17  3.6707     0.5063               0.7367 2.9001e-03
                        4  2.5058     0.2733               1.9017 1.5660e-03
 40  4.3994    2.0+                          5.2625e-04
                       18  3.7020     0.3333               0.6974 1.7542e-04
                       10  3.2694     0.3333               1.1300 1.7542e-04
                        4  2.5058     0.3333               1.8936 1.7542e-04
 39  4.3557    1.0+                          3.3395e-04                       4.5000e-14
                        1  1.3325     1.0000               3.0232 3.3369e-04
 38  4.3410    0.0+                          9.2033e-05                       2.9000e-14
                        7  3.1240     0.3006               1.2170 2.7660e-05
                        2  2.1586     0.6994               2.1824 6.4339e-05
 37  4.3347    1.0+                          3.6794e-04
                        2  2.1586     0.6060               2.1761 2.2287e-04
                        1  1.3325     0.2485               3.0022 9.1373e-05
                        0  0.0000     0.1455               4.3347 5.3478e-05
 36  4.3190    2.0+                          7.6941e-04
                        5  2.6261     0.1601               1.6929 1.2316e-04
                        4  2.5058     0.0884               1.8132 6.7968e-05
                        1  1.3325     0.5525               2.9865 4.2479e-04
                        0  0.0000     0.1990               4.3190 1.5292e-04
 35  4.3000    5.0-                          6.8640e-03
                        6  3.1197     0.5000               1.1803 3.4320e-03
                        4  2.5058     0.5000               1.7942 3.4320e-03
 34  4.2945    4.0+                          3.8409e-03
                        4  2.5058     0.4011               1.7887 1.5402e-03
                        1  1.3325     0.5989               2.9620 2.2985e-03
 33  4.2651    6.0+                          1.8922e-02                       4.5000e-13
                        6  3.1197     0.0512               1.1454 9.6915e-04
                        4  2.5058     0.9488               1.7594 1.7948e-02
 32  4.1910    3.0-                          2.3381e-03
                       19  3.7307     0.0000               0.4603 0.0000e+00
                       17  3.6707     0.0000               0.5203 0.0000e+00
                       15  3.6195     0.4286               0.5715 1.0017e-03
                        5  2.6261     0.5714               1.5649 1.3355e-03
 31  4.1654    5.0+                          1.9158e-02                       8.0000e-13
                        5  2.6261     0.2000               1.5393 3.8308e-03
                        4  2.5058     0.8000               1.6596 1.5323e-02
 30  4.1160    2.0+                          1.9440e-03
                        7  3.1240     0.2395               0.9920 4.6548e-04
                        4  2.5058     0.2499               1.6102 4.8570e-04
                        1  1.3325     0.2604               2.7835 5.0588e-04
                        0  0.0000     0.2502               4.1160 4.8579e-04
 29  4.0785    2.0+                          2.2913e-03                       1.8000e-14
                        2  2.1586     0.3841               1.9199 8.7983e-04
                        1  1.3325     0.5821               2.7460 1.3329e-03
                        0  0.0000     0.0338               4.0785 7.7308e-05
 28  4.0397    3.0-                          4.5816e-03                       2.2000e-14
                        2  2.1586     0.3006               1.8810 1.3764e-03
                        1  1.3325     0.6994               2.7072 3.2009e-03
 27  4.0350    2.0+                          2.7860e-03                       2.5000e-14
                        1  1.3325     0.4999               2.7025 1.3918e-03
                        0  0.0000     0.5001               4.0350 1.3916e-03
 26  4.0205    1.0+                          1.5039e-03                       1.2000e-14
                        7  3.1240     0.0934               0.8964 1.4037e-04
                        3  2.2849     0.0439               1.7356 6.6053e-05
                        1  1.3325     0.3131               2.6879 4.7058e-04
                        0  0.0000     0.5496               4.0205 8.2566e-04
 25  4.0079    2.0+                          3.1339e-03                       2.1000e-14
                       13  3.3935     0.0960               0.6144 3.0072e-04
                        1  1.3325     0.5649               2.6754 1.7692e-03
                        0  0.0000     0.3391               4.0079 1.0614e-03
 24  3.9258    3.0+                          1.0618e-02                       1.9000e-13
                        8  3.1860     0.2772               0.7398 2.9416e-03
                        4  2.5058     0.4016               1.4200 4.2630e-03
                        2  2.1586     0.3213               1.7672 3.4103e-03
 23  3.8950    2.0+                          5.1035e-03                       5.9000e-14
                        5  2.6261     0.4011               1.2689 2.0467e-03
                        1  1.3325     0.5989               2.5625 3.0547e-03
 22  3.8878    2.0+                          5.2604e-03                       7.0000e-14
                        1  1.3325     1.0000               2.5553 5.2574e-03
 21  3.8750    2.0+                          5.5504e-03                       3.0000e-12
                       12  3.3810     0.0994               0.4940 5.5117e-04
                        7  3.1240     0.1589               0.7510 8.8163e-04
                        5  2.6261     0.1390               1.2489 7.7143e-04
                        2  2.1586     0.2715               1.7164 1.5067e-03
                        1  1.3325     0.3312               2.5425 1.8374e-03
                        0  0.0000     0.0000               3.8750 0.0000e+00
 20  3.7361    2.0+                          9.9905e-03                       1.1000e-13
                        7  3.1240     0.0234               0.6121 2.3331e-04
                        3  2.2849     0.1713               1.4512 1.7111e-03
                        1  1.3325     0.7788               2.4036 7.7769e-03
                        0  0.0000     0.0265               3.7361 2.6447e-04
 19  3.7307    2.0+                          1.0217e-02                       2.1000e-13
                        7  3.1240     0.0000               0.6067 0.0000e+00
                        5  2.6261     0.0000               1.1046 0.0000e+00
                        4  2.5058     0.4011               1.2249 4.0972e-03
                        1  1.3325     0.5989               2.3982 6.1156e-03
 18  3.7020    4.0+                          5.2354e-02
                        6  3.1197     1.0000               0.5823 5.2310e-02
 17  3.6707    4.0+                          6.2215e-02                       6.0000e-14
                        4  2.5058     1.0000               1.1649 6.2205e-02
 16  3.6229    2.0-                          1.3098e-02
                        1  1.3325     0.1111               2.2904 1.4554e-03
                        2  2.1586     0.1111               1.4643 1.4554e-03
                        5  2.6261     0.1111               0.9968 1.4554e-03
                        7  3.1240     0.1111               0.4989 1.4554e-03
                        8  3.1860     0.1111               0.4369 1.4554e-03
                        9  3.1940     0.1111               0.4289 1.4554e-03
                       10  3.2694     0.1111               0.3535 1.4554e-03
                       13  3.3935     0.1111               0.2294 1.4554e-03
                       15  3.6195     0.1111               0.0034 1.4554e-03
 15  3.6195    3.0+                          4.1005e-02                       2.0000e-13
                        5  2.6261     0.6993               0.9935 2.8668e-02
                        4  2.5058     0.3007               1.1138 1.2328e-02
                        2  2.1586     0.0000               1.4609 0.0000e+00
 14  3.5881    0.0+                          2.3245e-03                       4.0000e-11
                        9  3.1940     0.1706               0.3941 3.9597e-04
                        2  2.1586     0.5680               1.4295 1.3201e-03
                        1  1.3325     0.2614               2.2556 6.0734e-04
                        0  0.0000     0.0000               3.5881 0.0000e+00
 13  3.3935    2.0+                          4.0910e-02                       1.3000e-13
                        2  2.1586     0.1086               1.2349 4.4421e-03
                        1  1.3325     0.8354               2.0610 3.4163e-02
                        0  0.0000     0.0560               3.3935 2.2891e-03
 12  3.3810    2.0-                          3.4072e-02                       2.3000e-13
                        2  2.1586     1.0000               1.2224 3.4067e-02
 11  3.3187    0.0+                          6.5174e-03                       2.4000e-13
                        1  1.3325     1.0000               1.9862 6.5150e-03
                        0  0.0000     0.0000               3.3187 0.0000e+00
 10  3.2694    2.0+                          6.4060e-02                       7.1000e-14
                        5  2.6261     0.1907               0.6433 1.2208e-02
                        3  2.2849     0.0156               0.9845 9.9908e-04
                        2  2.1586     0.2079               1.1107 1.3316e-02
                        1  1.3325     0.4332               1.9369 2.7742e-02
                        0  0.0000     0.1526               3.2694 9.7665e-03
  9  3.1940    1.0+                          4.2919e-02                       5.3000e-14
                        3  2.2849     0.1618               0.9091 6.9434e-03
                        2  2.1586     0.2963               1.0354 1.2716e-02
                        1  1.3325     0.3799               1.8615 1.6302e-02
                        0  0.0000     0.1619               3.1940 6.9439e-03
  8  3.1860    2.0+                          8.9287e-02                       1.4000e-13
                        4  2.5058     0.3094               0.6803 2.7607e-02
                        2  2.1586     0.3597               1.0274 3.2109e-02
                        1  1.3325     0.3309               1.8535 2.9537e-02
  7  3.1240    2.0+                          1.0955e-01                       6.0000e-13
                        5  2.6261     0.0318               0.4979 3.4793e-03
                        3  2.2849     0.0087               0.8391 9.5484e-04
                        2  2.1586     0.0057               0.9654 6.2398e-04
                        1  1.3325     0.8631               1.7915 9.4533e-02
                        0  0.0000     0.0907               3.1240 9.9257e-03
  6  3.1197    4.0+                          5.5821e-01                       2.4000e-13
                        5  2.6261     0.0801               0.4936 4.4660e-02
                        1  1.3325     0.9199               1.7872 5.1335e-01
  5  2.6261    3.0+                          1.5346e+00                       6.0000e-13
                        4  2.5058     0.0397               0.1203 5.2932e-02
                        2  2.1586     0.6279               0.4674 9.6251e-01
                        1  1.3325     0.3325               1.2936 5.1013e-01
  4  2.5058    4.0+                          4.2174e+00                       3.3000e-12
                        2  2.1586     0.0001               0.3471 3.2044e-04
                        1  1.3325     0.9999               1.1732 4.2163e+00
                        0  0.0000     0.0000               2.5058 8.4342e-08
  3  2.2849    0.0+                          1.9695e-01                       1.5000e-12
                        1  1.3325     1.0000               0.9524 1.9690e-01
                        0  0.0000     0.0000               2.2849 0.0000e+00
  2  2.1586    2.0+                          3.4515e+00                       5.9000e-13
                        1  1.3325     0.8503               0.8261 2.9338e+00
                        0  0.0000     0.1497               2.1586 5.1646e-01
  1  1.3325    2.0+                          3.2173e+01                       7.7000e-13
                        0  0.0000     1.0000               1.3325 3.2168e+01
  0  0.0000    0.0+                          8.7817e+01
#......................................................................../  029-063Cu //   8.500000
#                                                                          SUM SPECTRA FOR COMPOUND
#            028-063Ni      gamma
 SpcSum[mb]            4.8922e-01
 Emean[MeV]            3.2862e-01
#......................................................................../  029-063Cu //   8.500000
#                                                                   GAMMAS FROM DISCRETE TRANSITION
#           0 2 0 0 0 0             028-063Ni
#   Ex[MeV]     Jpi    FinalState  Branching Production    Egamma Production   T(1/2)[s]
 22  2.6966    0.5-                          4.0707e-06
                        2  0.1555     0.6757               2.5411 2.7490e-06
                        0  0.0000     0.3243               2.6966 1.3193e-06
 21  2.6750    2.5+                          1.6360e-05
                        1  0.0872     0.0909               2.5878 1.4873e-06
                        2  0.1555     0.0909               2.5194 1.4873e-06
                        3  0.5175     0.0909               2.1574 1.4873e-06
                        5  1.0690     0.0909               1.6060 1.4873e-06
                        8  1.3240     0.0909               1.3510 1.4873e-06
                        9  1.4517     0.0909               1.2233 1.4873e-06
                       12  1.7870     0.0909               0.8880 1.4873e-06
                       13  1.8990     0.0909               0.7760 1.4873e-06
                       14  2.1490     0.0909               0.5260 1.4873e-06
                       16  2.2617     0.0909               0.4133 1.4873e-06
                       18  2.3531     0.0909               0.3219 1.4873e-06
 20  2.5730    3.5+                          4.3618e-05
                        1  0.0872     0.1667               2.4859 7.2697e-06
                        5  1.0690     0.1667               1.5040 7.2697e-06
                        9  1.4517     0.1667               1.1213 7.2697e-06
                       12  1.7870     0.1667               0.7860 7.2697e-06
                       13  1.8990     0.1667               0.6740 7.2697e-06
                       16  2.2617     0.1667               0.3113 7.2697e-06
 19  2.5190    4.5+                          9.6216e-05
                        9  1.4517     1.0000               1.0673 9.6216e-05
 18  2.3531    1.5-                          4.6422e-05
                        1  0.0872     0.1870               2.2660 8.6769e-06
                        0  0.0000     0.8130               2.3531 3.7722e-05
 17  2.2970    2.5+                          1.1200e-04
                        1  0.0872     0.1000               2.2099 1.1200e-05
                        2  0.1555     0.1000               2.1415 1.1200e-05
                        3  0.5175     0.1000               1.7795 1.1200e-05
                        5  1.0690     0.1000               1.2280 1.1200e-05
                        8  1.3240     0.1000               0.9730 1.1200e-05
                        9  1.4517     0.1000               0.8453 1.1200e-05
                       12  1.7870     0.1000               0.5100 1.1200e-05
                       13  1.8990     0.1000               0.3980 1.1200e-05
                       14  2.1490     0.1000               0.1480 1.1200e-05
                       16  2.2617     0.1000               0.0353 1.1200e-05
 16  2.2617    2.5-                          1.2788e-04
                        2  0.1555     0.3865               2.1061 4.9407e-05
                        1  0.0872     0.6135               2.1745 7.8422e-05
 15  2.1835    6.5+                          3.8359e-03                       3.6000e-12
                        7  1.2918     1.0000               0.8917 3.8346e-03
 14  2.1490    1.5-                          1.2883e-04
                        6  1.2511     0.3333               0.8979 4.2944e-05
                       10  1.6570     0.3333               0.4920 4.2944e-05
                       11  1.6770     0.3333               0.4720 4.2944e-05
 13  1.8990    2.5-                          5.5870e-04
                        6  1.2511     0.3333               0.6479 1.8623e-04
                       10  1.6570     0.3333               0.2420 1.8623e-04
                       11  1.6770     0.3333               0.2220 1.8623e-04
 12  1.7870    2.5-                          8.7812e-04
                        6  1.2511     0.3333               0.5359 2.9271e-04
                       10  1.6570     0.3333               0.1300 2.9271e-04
                       11  1.6770     0.3333               0.1100 2.9271e-04
 11  1.6770    1.5+                          1.6749e-03
                        0  0.0000     0.1429               1.6770 2.3927e-04
                        1  0.0872     0.1429               1.5898 2.3927e-04
                        2  0.1555     0.1429               1.5214 2.3927e-04
                        3  0.5175     0.1429               1.1595 2.3927e-04
                        4  1.0011     0.1429               0.6759 2.3927e-04
                        5  1.0690     0.1429               0.6080 2.3927e-04
                        8  1.3240     0.1429               0.3530 2.3927e-04
 10  1.6570    1.5+                          1.7727e-03
                        0  0.0000     0.1429               1.6570 2.5324e-04
                        1  0.0872     0.1429               1.5698 2.5324e-04
                        2  0.1555     0.1429               1.5014 2.5324e-04
                        3  0.5175     0.1429               1.1395 2.5324e-04
                        4  1.0011     0.1429               0.6559 2.5324e-04
                        5  1.0690     0.1429               0.5880 2.5324e-04
                        8  1.3240     0.1429               0.3330 2.5324e-04
  9  1.4517    3.5-                          5.3183e-03
                        1  0.0872     1.0000               1.3645 5.3175e-03
  8  1.3240    1.5-                          3.7873e-03
                        2  0.1555     0.5988               1.1685 2.2675e-03
                        1  0.0872     0.1557               1.2369 5.8960e-04
                        0  0.0000     0.2455               1.3240 9.2965e-04
  7  1.2918    4.5+                          3.4438e-02                       3.3300e-09
                        1  0.0872     1.0000               1.2047 3.4427e-02
  6  1.2511    1.5+                          6.4912e-03
                        2  0.1555     0.2958               1.0956 1.9199e-03
                        1  0.0872     0.7042               1.1640 4.5706e-03
  5  1.0690    2.5-                          1.3334e-02
                        2  0.1555     0.1421               0.9134 1.8940e-03
                        1  0.0872     0.5681               0.9818 7.5738e-03
                        0  0.0000     0.2898               1.0690 3.8629e-03
  4  1.0011    0.5-                          5.6712e-03                       2.9000e-13
                        3  0.5175     0.4581               0.4836 2.5942e-03
                        2  0.1555     0.5084               0.8456 2.8822e-03
                        0  0.0000     0.0335               1.0011 1.9022e-04
  3  0.5175    1.5-                          4.8992e-02
                        2  0.1555     0.8743               0.3620 4.2695e-02
                        1  0.0872     0.0210               0.4304 1.0248e-03
                        0  0.0000     0.1047               0.5175 5.1236e-03
  2  0.1555    1.5-                          1.7966e-01
                        0  0.0000     1.0000               0.1555 1.7701e-01
  1  0.0872    2.5-                          3.6955e-01                       1.6700e-06
                        0  0.0000     1.0000               0.0872 1.8496e-01
  0  0.0000    0.5-                          6.5235e-01                       3.1940e+09
#......................................................................../  029-063Cu //   8.500000
#                                                                          SUM SPECTRA FOR COMPOUND
#            027-060Co      gamma    neutron      alpha
 SpcSum[mb]            3.2922e-04 0.0000e+00 0.0000e+00
 Emean[MeV]            3.2719e-01 0.0000e+00 0.0000e+00
#......................................................................../  029-063Cu //   8.500000
#                                                                   GAMMAS FROM DISCRETE TRANSITION
#           0 1 1 0 0 0             027-060Co
#   Ex[MeV]     Jpi    FinalState  Branching Production    Egamma Production   T(1/2)[s]
 65  2.4887    5.0-                          2.8633e-10
                       17  1.2168     0.2655               1.2719 7.6006e-11
                        5  0.5062     0.3147               1.9825 9.0084e-11
                        2  0.2772     0.0918               2.2115 2.6272e-11
                        0  0.0000     0.3280               2.4887 9.3822e-11
 64  2.4697    3.0+                          9.0665e-11
                        0  0.0000     1.0000               2.4697 9.0613e-11
 63  2.4509    4.0+                          1.8414e-10
                       44  2.0808     1.0000               0.3701 1.8336e-10
 62  2.4310    3.0-                          1.1937e-10
                       47  2.1334     0.6373               0.2975 7.5932e-11
                        0  0.0000     0.3627               2.4310 4.3280e-11
 61  2.4233    4.0-                          2.1486e-10
                       11  1.0039     1.0000               1.4194 2.1483e-10
 60  2.3640    1.0-                          6.6214e-11
                        1  0.0586     0.0833               2.3054 5.5179e-12
                        6  0.5428     0.0833               1.8211 5.5179e-12
                        8  0.7388     0.0833               1.6252 5.5179e-12
                       14  1.1507     0.0833               1.2133 5.5179e-12
                       28  1.6862     0.0833               0.6778 5.5179e-12
                       29  1.7097     0.0833               0.6543 5.5179e-12
                       35  1.8332     0.0833               0.5307 5.5179e-12
                       42  2.0327     0.0833               0.3313 5.5179e-12
                       44  2.0808     0.0833               0.2832 5.5179e-12
                       49  2.1831     0.0833               0.1809 5.5179e-12
                       57  2.3243     0.0833               0.0397 5.5179e-12
                       58  2.3418     0.0833               0.0221 5.5179e-12
 59  2.3519    2.0-                          1.2589e-10
                       17  1.2168     0.2063               1.1350 2.5963e-11
                        6  0.5428     0.7937               1.8091 9.9867e-11
 58  2.3418    2.0+                          1.4267e-10
                        9  0.7857     1.0000               1.5561 1.4264e-10
 57  2.3243    1.0+                          9.3937e-11
                        1  0.0586     1.0000               2.2657 9.3895e-11
 56  2.3184    0.0-                          3.1404e-11
                        8  0.7388     0.3333               1.5796 1.0468e-11
                       28  1.6862     0.3333               0.6322 1.0468e-11
                       29  1.7097     0.3333               0.6087 1.0468e-11
 55  2.3102    3.0-                          2.7885e-10
                        2  0.2772     1.0000               2.0330 2.7866e-10
 54  2.2799    5.0+                          1.1967e-09
                        0  0.0000     1.0000               2.2799 1.1962e-09
 53  2.2747    3.0+                          3.5535e-10
                        3  0.2884     1.0000               1.9863 3.5523e-10
 52  2.2304    3.0-                          4.8337e-10
                        1  0.0586     1.0000               2.1719 4.8299e-10
 51  2.2216    4.0+                          9.5309e-10
                       12  1.0058     0.4736               1.2158 4.5132e-10
                        0  0.0000     0.5264               2.2216 5.0149e-10
 50  2.1999    6.0-                          5.2185e-09
                        0  0.0000     0.1429               2.1999 7.4551e-10
                        4  0.4357     0.1429               1.7642 7.4551e-10
                       15  1.2078     0.1429               0.9921 7.4551e-10
                       16  1.2165     0.1429               0.9834 7.4551e-10
                       19  1.3797     0.1429               0.8202 7.4551e-10
                       23  1.5100     0.1429               0.6899 7.4551e-10
                       31  1.7876     0.1429               0.4123 7.4551e-10
 49  2.1831    2.0+                          4.1007e-10
                       25  1.5659     1.0000               0.6172 4.0996e-10
 48  2.1519    5.0-                          3.4516e-09
                       12  1.0058     1.0000               1.1461 3.4513e-09
 47  2.1334    3.0+                          1.0030e-09
                        3  0.2884     0.4117               1.8450 4.1284e-10
                        1  0.0586     0.5883               2.0748 5.8988e-10
 46  2.1322    7.0-                          2.8461e-08                       4.9000e-13
                       32  1.8002     0.8202               0.3320 2.3253e-08
                       16  1.2165     0.1798               0.9158 5.1167e-09
 45  2.1218    4.0+                          1.9039e-09
                       11  1.0039     0.7874               1.1179 1.4990e-09
                        0  0.0000     0.2126               2.1218 4.0462e-10
 44  2.0808    2.0+                          9.8815e-10
                        1  0.0586     1.0000               2.0222 9.8781e-10
 43  2.0454    4.0-                          2.9453e-09
                       15  1.2078     0.3464               0.8376 1.0201e-09
                        5  0.5062     0.6536               1.5392 1.9244e-09
 42  2.0327    2.0+                          1.0988e-09
                       15  1.2078     1.0000               0.8249 1.0972e-09
 41  1.9835    2.0-                          1.4600e-09
                       33  1.8086     1.0000               0.1749 1.4038e-09
 40  1.9812    4.0-                          4.5000e-09
                        3  0.2884     1.0000               1.6928 4.4980e-09
 39  1.9243    2.0-                          2.1265e-09
                        2  0.2772     1.0000               1.6471 2.1261e-09
 38  1.8889    4.0+                          9.0593e-09
                       12  1.0058     0.1957               0.8831 1.7725e-09
                        7  0.6146     0.5362               1.2744 4.8570e-09
                        0  0.0000     0.2681               1.8889 2.4281e-09
 37  1.8772    2.0-                          2.8582e-09
                        7  0.6146     0.0000               1.2626 0.0000e+00
                        1  0.0586     1.0000               1.8186 2.8567e-09
 36  1.8527    4.0+                          1.1466e-08
                        0  0.0000     1.0000               1.8527 1.1463e-08
 35  1.8332    2.0+                          3.8930e-09
                        1  0.0586     1.0000               1.7746 3.8921e-09
 34  1.8308    4.0+                          1.3213e-08
                        2  0.2772     0.0663               1.5536 8.7577e-10
                        0  0.0000     0.9337               1.8308 1.2334e-08
 33  1.8086    3.0-                          9.0904e-09
                        0  0.0000     1.0000               1.8086 9.0886e-09
 32  1.8002    6.0-                          1.0844e-07                       1.7000e-12
                       19  1.3797     0.0102               0.4205 1.1085e-09
                       16  1.2165     0.0604               0.5838 6.5474e-09
                        0  0.0000     0.9294               1.8002 1.0073e-07
 31  1.7876    5.0+                          3.5444e-08
                       12  1.0058     0.6993               0.7818 2.4778e-08
                        0  0.0000     0.3007               1.7876 1.0655e-08
 30  1.7493    3.0+                          1.0858e-08
                        9  0.7857     0.1921               0.9636 2.0852e-09
                        6  0.5428     0.1205               1.2065 1.3081e-09
                        2  0.2772     0.3331               1.4721 3.6159e-09
                        1  0.0586     0.3544               1.6907 3.8469e-09
 29  1.7097    1.0+                          4.6418e-09
                        1  0.0586     1.0000               1.6511 4.6408e-09
 28  1.6862    1.0+                          5.3427e-09
                        8  0.7388     1.0000               0.9474 5.3415e-09
 27  1.6690    3.0-                          1.8016e-08
                        1  0.0586     0.0625               1.6104 1.1260e-09
                        2  0.2772     0.0625               1.3918 1.1260e-09
                        3  0.2884     0.0625               1.3806 1.1260e-09
                        5  0.5062     0.0625               1.1628 1.1260e-09
                        6  0.5428     0.0625               1.1262 1.1260e-09
                        7  0.6146     0.0625               1.0545 1.1260e-09
                        9  0.7857     0.0625               0.8833 1.1260e-09
                       12  1.0058     0.0625               0.6632 1.1260e-09
                       14  1.1507     0.0625               0.5183 1.1260e-09
                       17  1.2168     0.0625               0.4522 1.1260e-09
                       18  1.3419     0.0625               0.3271 1.1260e-09
                       20  1.3810     0.0625               0.2880 1.1260e-09
                       21  1.4512     0.0625               0.2178 1.1260e-09
                       22  1.5083     0.0625               0.1607 1.1260e-09
                       24  1.5158     0.0625               0.1532 1.1260e-09
                       26  1.6398     0.0625               0.0292 1.1260e-09
 26  1.6398    4.0+                          4.5447e-08
                        9  0.7857     0.6964               0.8541 3.1641e-08
                        2  0.2772     0.3036               1.3626 1.3796e-08
 25  1.5659    2.0-                          1.9055e-08
                       18  1.3419     0.1045               0.2241 1.9828e-09
                        3  0.2884     0.1970               1.2775 3.7532e-09
                        1  0.0586     0.6985               1.5074 1.3306e-08
 24  1.5158    4.0+                          9.6138e-08
                        7  0.6146     0.1325               0.9012 1.2734e-08
                        2  0.2772     0.0929               1.2386 8.9343e-09
                        0  0.0000     0.7746               1.5158 7.4452e-08
 23  1.5100    7.0+                          1.5859e-06
                       16  1.2165     1.0000               0.2935 1.5859e-06
 22  1.5083    3.0+                          4.7119e-08
                        5  0.5062     1.0000               1.0021 4.7109e-08
 21  1.4512    4.0+                          1.4148e-07
                        9  0.7857     0.4153               0.6655 5.8726e-08
                        6  0.5428     0.5847               0.9084 8.2699e-08
 20  1.3810    3.0+                          9.7082e-08
                        2  0.2772     1.0000               1.1038 9.7066e-08
 19  1.3797    6.0+                          1.5855e-06                       7.0000e-13
                       15  1.2078     0.1650               0.1719 2.5155e-07
                        4  0.4357     0.8350               0.9440 1.3236e-06
 18  1.3419    3.0+                          1.2297e-07
                        6  0.5428     0.3361               0.7990 4.1318e-08
                        1  0.0586     0.6222               1.2833 7.6503e-08
                        0  0.0000     0.0417               1.3419 5.1260e-09
 17  1.2168    4.0+                          5.5841e-07
                        5  0.5062     0.8078               0.7107 4.5089e-07
                        3  0.2884     0.1922               0.9284 1.0730e-07
 16  1.2165    6.0+                          5.8780e-06                       2.8000e-13
                        4  0.4357     0.2593               0.7807 1.5236e-06
                        0  0.0000     0.7407               1.2165 4.3532e-06
 15  1.2078    5.0+                          1.5122e-06
                        2  0.2772     0.7143               0.9306 1.0799e-06
                        0  0.0000     0.2857               1.2078 4.3198e-07
 14  1.1507    2.0+                          2.0411e-07
                        3  0.2884     1.0000               0.8623 2.0405e-07
 13  1.1320    2.0-                          2.0928e-07
                        8  0.7388     1.0000               0.3932 2.0910e-07
 12  1.0058    4.0+                          1.8744e-06
                        9  0.7857     0.0187               0.2201 3.4500e-08
                        7  0.6146     0.5153               0.3912 9.6359e-07
                        3  0.2884     0.4027               0.7174 7.5452e-07
                        0  0.0000     0.0633               1.0058 1.1854e-07
 11  1.0039    3.0-                          7.9543e-07
                        6  0.5428     0.2559               0.4611 2.0344e-07
                        3  0.2884     0.0234               0.7155 1.8570e-08
                        2  0.2772     0.2344               0.7267 1.8642e-07
                        1  0.0586     0.4863               0.9453 3.8679e-07
 10  0.9400    4.0-                          2.1952e-06
                        0  0.0000     0.1429               0.9400 3.1360e-07
                        2  0.2772     0.1429               0.6628 3.1360e-07
                        3  0.2884     0.1429               0.6516 3.1360e-07
                        4  0.4357     0.1429               0.5043 3.1360e-07
                        5  0.5062     0.1429               0.4338 3.1360e-07
                        7  0.6146     0.1429               0.3254 3.1360e-07
                        9  0.7857     0.1429               0.1543 3.1360e-07
  9  0.7857    4.0+                          6.5982e-06                       3.2000e-12
                        7  0.6146     0.0126               0.1712 7.9626e-08
                        4  0.4357     0.0228               0.3500 1.4995e-07
                        3  0.2884     0.4397               0.4973 2.8979e-06
                        0  0.0000     0.5249               0.7857 3.4623e-06
  8  0.7388    1.0+                          1.1482e-06
                        6  0.5428     0.4198               0.1960 4.7072e-07
                        1  0.0586     0.5802               0.6802 6.6587e-07
  7  0.6146    3.0+                          7.1872e-06
                        2  0.2772     0.0356               0.3374 2.5490e-07
                        1  0.0586     0.9644               0.5560 6.9255e-06
  6  0.5428    2.0+                          5.4276e-06
                        3  0.2884     0.6213               0.2544 3.3388e-06
                        1  0.0586     0.3787               0.4842 2.0530e-06
  5  0.5062    3.0+                          1.0798e-05
                        3  0.2884     0.0053               0.2178 5.6825e-08
                        1  0.0586     0.9947               0.4476 1.0723e-05
  4  0.4357    5.0+                          9.7589e-05
                        2  0.2772     0.6209               0.1585 5.7708e-05
                        0  0.0000     0.3791               0.4357 3.6933e-05
  3  0.2884    3.0+                          3.6675e-05
                        1  0.0586     1.0000               0.2298 3.6168e-05
  2  0.2772    4.0+                          1.4903e-04
                        0  0.0000     1.0000               0.2772 1.4799e-04
  1  0.0586    2.0+                          1.0258e-04                       6.2800e+02
                        0  0.0000     1.0000               0.0586 2.0936e-06
  0  0.0000    5.0+                          1.1876e-03                       1.6630e+08
#......................................................................../  029-063Cu //   8.500000
#                                                                         ISOMERIC STATE PRODUCTION
#            027-060Co
#   Ex[MeV]     Jpi     T(1/2)[s]  Prod.[mb]
  1  0.0586    2.0+    6.2800e+02 1.0258e-04
#......................................................................../  029-063Cu //   8.500000
#                                                                          SUM SPECTRA FOR COMPOUND
#            028-062Ni      gamma
 SpcSum[mb]            1.3426e-24
 Emean[MeV]            1.2000e+00
#......................................................................../  029-063Cu //   8.500000
#                                                                   GAMMAS FROM DISCRETE TRANSITION
#           0 1 0 1 0 0             028-062Ni
#   Ex[MeV]     Jpi    FinalState  Branching Production    Egamma Production   T(1/2)[s]
  1  1.1730    2.0+                          1.3428e-24                       1.4500e-12
                        0  0.0000     1.0000               1.1730 1.3426e-24
  0  0.0000    0.0+                          7.1377e-11
#......................................................................../  029-063Cu //   8.500000
#                                                                          SUM SPECTRA FOR COMPOUND
#            026-057Fe      gamma    neutron     proton      alpha
 SpcSum[mb]            3.8420e-05 0.0000e+00 0.0000e+00 0.0000e+00
 Emean[MeV]            1.8299e-01 0.0000e+00 0.0000e+00 0.0000e+00
#......................................................................../  029-063Cu //   8.500000
#                                                                   GAMMAS FROM DISCRETE TRANSITION
#           0 0 2 0 0 0             026-057Fe
#   Ex[MeV]     Jpi    FinalState  Branching Production    Egamma Production   T(1/2)[s]
 29  2.5994    1.5+                          2.4479e-11
                        2  0.1365     0.6993               2.4629 1.7102e-11
                        0  0.0000     0.3007               2.5994 7.3533e-12
 28  2.5936    1.5-                          2.3415e-11                       3.7000e-14
                        5  1.0071     0.4100               1.5865 9.5979e-12
                        4  0.7064     0.5000               1.8872 1.1704e-11
                        0  0.0000     0.0900               2.5936 2.1068e-12
 27  2.5745    0.5-                          1.3073e-11                       1.8000e-14
                        3  0.3668     0.2753               2.2077 3.5976e-12
                        0  0.0000     0.7247               2.5745 9.4693e-12
 26  2.5642    1.5-                          2.7660e-11
                       11  1.7254     0.6369               0.8388 1.7612e-11
                        0  0.0000     0.3631               2.5642 1.0038e-11
 25  2.5053    2.5+                          6.5593e-11                       7.8000e-14
                       11  1.7254     0.0278               0.7799 1.8208e-12
                        4  0.7064     0.0555               1.7989 3.6415e-12
                        3  0.3668     0.5556               2.1385 3.6413e-11
                        2  0.1365     0.2611               2.3688 1.7113e-11
                        1  0.0144     0.1000               2.4909 6.5536e-12
 24  2.4560    3.5+                          2.1813e-10
                        2  0.1365     0.1000               2.3195 2.1813e-11
                        4  0.7064     0.1000               1.7496 2.1813e-11
                        5  1.0071     0.1000               1.4489 2.1813e-11
                        7  1.1978     0.1000               1.2582 2.1813e-11
                        9  1.3568     0.1000               1.0992 2.1813e-11
                       13  1.9897     0.1000               0.4663 2.1813e-11
                       15  2.1131     0.1000               0.3429 2.1813e-11
                       16  2.1186     0.1000               0.3374 2.1813e-11
                       17  2.2069     0.1000               0.2491 2.1813e-11
                       19  2.2202     0.1000               0.2358 2.1813e-11
 23  2.4556    4.5+                          3.4446e-10                       1.4000e-12
                        5  1.0071     1.0000               1.4484 3.4437e-10
 22  2.3580    1.5-                          8.7957e-11
                        6  1.1399     0.3333               1.2181 2.9319e-11
                       18  2.2177     0.3333               0.1403 2.9319e-11
                       20  2.3304     0.3333               0.0276 2.9319e-11
 21  2.3560    5.5-                          1.9583e-09                       6.0000e-14
                        7  1.1978     0.2908               1.1582 5.6939e-10
                        5  1.0071     0.7092               1.3488 1.3886e-09
 20  2.3304    1.5+                          1.4156e-10
                       10  1.6273     1.0000               0.7032 1.4153e-10
 19  2.2202    3.5-                          6.3973e-10                       3.0000e-13
                        3  0.3668     0.0490               1.8534 3.1343e-11
                        2  0.1365     0.4608               2.0837 2.9468e-10
                        1  0.0144     0.4902               2.2058 3.1345e-10
 18  2.2177    2.5+                          3.6223e-10
                        3  0.3668     0.2062               1.8509 7.4651e-11
                        2  0.1365     0.3453               2.0812 1.2499e-10
                        1  0.0144     0.4485               2.2032 1.6233e-10
 17  2.2069    2.5-                          4.5400e-10                       1.0000e-14
                        8  1.2655     0.0342               0.9414 1.5514e-11
                        5  1.0071     0.1794               1.1997 8.1438e-11
                        3  0.3668     0.0000               1.8401 0.0000e+00
                        1  0.0144     0.4274               2.1925 1.9396e-10
                        0  0.0000     0.3590               2.2069 1.6291e-10
 16  2.1186    2.5-                          7.4631e-10                       4.6000e-14
                        5  1.0071     0.1465               1.1115 1.0932e-10
                        4  0.7064     0.5050               1.4122 3.7684e-10
                        1  0.0144     0.3485               2.1042 2.5999e-10
 15  2.1131    2.5-                          7.6987e-10
                        8  1.2655     0.2126               0.8476 1.6362e-10
                        0  0.0000     0.7874               2.1131 6.0595e-10
 14  1.9910    0.5-                          3.2287e-10
                        6  1.1399     1.0000               0.8511 3.2287e-10
 13  1.9897    4.5-                          1.3036e-08                       1.8000e-13
                        7  1.1978     0.2705               0.7918 3.5252e-09
                        5  1.0071     0.3197               0.9825 4.1668e-09
                        4  0.7064     0.4098               1.2832 5.3415e-09
 12  1.9766    0.5-                          3.4856e-10
                       11  1.7254     0.1690               0.2513 5.8381e-11
                        2  0.1365     0.6702               1.8402 2.3354e-10
                        0  0.0000     0.1608               1.9766 5.6032e-11
 11  1.7254    1.5-                          2.6868e-09                       3.1000e-14
                        8  1.2655     0.0033               0.4599 8.8093e-12
                        4  0.7064     0.1885               1.0190 5.0638e-10
                        3  0.3668     0.0977               1.3586 2.6241e-10
                        1  0.0144     0.0273               1.7110 7.3414e-11
                        0  0.0000     0.6832               1.7254 1.8353e-09
 10  1.6273    1.5-                          4.4622e-09                       5.6000e-14
                        4  0.7064     0.0860               0.9208 3.8356e-10
                        3  0.3668     0.2805               1.2605 1.2514e-09
                        1  0.0144     0.6098               1.6128 2.7204e-09
                        0  0.0000     0.0238               1.6273 1.0609e-10
  9  1.3568    3.5-                          8.7018e-08                       1.8000e-13
                        4  0.7064     0.5466               0.6504 4.7536e-08
                        3  0.3668     0.2349               0.9901 2.0438e-08
                        1  0.0144     0.2185               1.3424 1.9013e-08
  8  1.2655    0.5-                          1.3490e-08                       8.2000e-14
                        3  0.3668     0.9302               0.8988 1.2546e-08
                        1  0.0144     0.0447               1.2511 6.0228e-10
                        0  0.0000     0.0251               1.2655 3.3871e-10
  7  1.1978    4.5-                          1.4322e-06                       2.9000e-12
                        2  0.1365     1.0000               1.0613 1.4320e-06
  6  1.1399    1.5+                          6.0998e-08
                        0  0.0000     0.2000               1.1399 1.2200e-08
                        1  0.0144     0.2000               1.1255 1.2200e-08
                        2  0.1365     0.2000               1.0034 1.2200e-08
                        3  0.3668     0.2000               0.7731 1.2200e-08
                        4  0.7064     0.2000               0.4335 1.2200e-08
  5  1.0071    3.5-                          5.7319e-07                       1.3000e-13
                        3  0.3668     0.0301               0.6404 1.7230e-08
                        2  0.1365     0.6398               0.8707 3.6665e-07
                        1  0.0144     0.3301               0.9927 1.8917e-07
  4  0.7064    2.5-                          1.6628e-06                       4.1000e-12
                        3  0.3668     0.0144               0.3397 2.3870e-08
                        2  0.1365     0.0929               0.5699 1.5442e-07
                        1  0.0144     0.8446               0.6920 1.4038e-06
                        0  0.0000     0.0481               0.7064 8.0019e-08
  3  0.3668    1.5-                          1.9453e-06                       1.0500e-11
                        2  0.1365     0.0727               0.2303 1.4078e-07
                        1  0.0144     0.7878               0.3523 1.5302e-06
                        0  0.0000     0.1395               0.3668 2.7089e-07
  2  0.1365    2.5-                          2.9621e-05                       8.7000e-09
                        1  0.0144     0.8824               0.1221 2.5525e-05
                        0  0.0000     0.1176               0.1365 3.0637e-06
  1  0.0144    1.5-                          3.8564e-05                       9.8300e-08
                        0  0.0000     1.0000               0.0144 4.0339e-06
  0  0.0000    0.5-                          4.7376e-05
#......................................................................../  029-063Cu //   8.500000
#                                                                          SUM SPECTRA FOR COMPOUND
#            027-059Co      gamma
 SpcSum[mb]            0.0000e+00
 Emean[MeV]            0.0000e+00
#......................................................................../  029-063Cu //   8.500000
#                                                                   GAMMAS FROM DISCRETE TRANSITION
#           0 0 1 1 0 0             027-059Co
#   Ex[MeV]     Jpi    FinalState  Branching Production    Egamma Production   T(1/2)[s]
  0  0.0000    3.5-                          4.7253e-26
#......................................................................../  029-063Cu //   8.500000
#                                                                          SUM SPECTRA FOR COMPOUND
#            027-059Co      gamma
 SpcSum[mb]            0.0000e+00
 Emean[MeV]            0.0000e+00
#......................................................................../  029-063Cu //   8.500000
#                                                                   GAMMAS FROM DISCRETE TRANSITION
#           1 1 1 0 0 0             027-059Co
#   Ex[MeV]     Jpi    FinalState  Branching Production    Egamma Production   T(1/2)[s]
  0  0.0000    3.5-                          0.0000e+00
#......................................................................../  029-063Cu //   8.500000
#                                                                          SUM SPECTRA FOR COMPOUND
#            026-056Fe      gamma
 SpcSum[mb]            0.0000e+00
 Emean[MeV]            0.0000e+00
#......................................................................../  029-063Cu //   8.500000
#                                                                   GAMMAS FROM DISCRETE TRANSITION
#           1 0 2 0 0 0             026-056Fe
#   Ex[MeV]     Jpi    FinalState  Branching Production    Egamma Production   T(1/2)[s]
  0  0.0000    0.0+                          0.0000e+00
#......................................................................../  029-063Cu //   8.500000
#                                                                          SUM SPECTRA FOR COMPOUND
#            025-056Mn      gamma
 SpcSum[mb]            0.0000e+00
 Emean[MeV]            0.0000e+00
#......................................................................../  029-063Cu //   8.500000
#                                                                   GAMMAS FROM DISCRETE TRANSITION
#           0 1 2 0 0 0             025-056Mn
#   Ex[MeV]     Jpi    FinalState  Branching Production    Egamma Production   T(1/2)[s]
  0  0.0000    3.0+                          0.0000e+00
#......................................................................../  029-063Cu //   8.500000
#                                                                          SUM SPECTRA FOR COMPOUND
#            024-053Cr      gamma
 SpcSum[mb]            0.0000e+00
 Emean[MeV]            0.0000e+00
#......................................................................../  029-063Cu //   8.500000
#                                                                   GAMMAS FROM DISCRETE TRANSITION
#           0 0 3 0 0 0             024-053Cr
#   Ex[MeV]     Jpi    FinalState  Branching Production    Egamma Production   T(1/2)[s]
  0  0.0000    1.5-                          0.0000e+00
#......................................................................../  029-063Cu //   8.500000
#                                                                INDIVIDUAL GROUND STATE PRODUCTION
#             Residual  Prod.[mb]  Qval[MeV]   Particles
#                                              n p a d t h
 Production  030-065Zn 7.0095e-02   13.46834   0 0 0 0 0 0
 Production  030-064Zn 3.2078e+02    5.48890   1 0 0 0 0 0
 Production  029-064Cu 2.0572e+02    5.69160   0 1 0 0 0 0
 Production  028-061Ni 3.9000e+01    9.35294   0 0 1 0 0 0
 Production  029-063Cu 2.3728e+00    0.00000   0 0 0 1 0 0
 Production  030-063Zn 9.4784e+01   -6.37321   2 0 0 0 0 0
 Production  029-063Cu 4.3914e+02   -2.22463   1 1 0 0 0 0
 Production  028-060Ni 8.7817e+01    1.53272   1 0 1 0 0 0
 Production  028-063Ni 6.5235e-01   -1.50921   0 2 0 0 0 0
 Production  027-060Co 1.1876e-03   -0.50769   0 1 1 0 0 0
 Production  028-062Ni 7.1377e-11   -6.12247   0 1 0 1 0 0
 Production  026-057Fe 4.7376e-05    2.88788   0 0 2 0 0 0
 Production  027-059Co 4.7253e-26   -5.77510   0 0 1 1 0 0
                   sum 1.1903e+03
#......................................................................../  029-063Cu //   8.500000
#                                                           STABLE AND LONG-LIVED STATE PRODUCTIONS
#       Residual    Ex[MeV]     Jpi     T(1/2)[s]  Prod.[mb] Meta
    1  024-053Cr    0.00000    1.5-    ---------- 0.0000e+00
    2  025-056Mn    0.00000    3.0+    9.2840e+03 0.0000e+00
    3  026-056Fe    0.00000    0.0+    ---------- 0.0000e+00
    4  026-057Fe    0.00000    0.5-    ---------- 4.7376e-05
    5  027-059Co    0.00000    3.5-    ---------- 4.7253e-26
    6  027-060Co    0.00000    5.0+    1.6630e+08 1.1876e-03
    7  027-060Co    0.05859    2.0+    6.2800e+02 1.0258e-04    1
    8  028-060Ni    0.00000    0.0+    ---------- 8.7817e+01
    9  028-061Ni    0.00000    1.5-    ---------- 3.9000e+01
   10  028-062Ni    0.00000    0.0+    ---------- 7.1377e-11
   11  028-063Ni    0.00000    0.5-    3.1940e+09 6.5235e-01
   12  029-063Cu    0.00000    1.5-    ---------- 4.4151e+02
   13  029-064Cu    0.00000    1.0+    4.5720e+04 2.0572e+02
   14  030-063Zn    0.00000    1.5-    2.3080e+03 9.4784e+01
   15  030-064Zn    0.00000    0.0+    ---------- 3.2078e+02
   16  030-065Zn    0.00000    2.5-    2.1080e+07 7.0095e-02
#                                         g.s.sum 1.1903e+03


#......................................................................../  029-063Cu //   8.500000
#                                                                                   ISOMERIC RATIOS
#       Residual    Ex[MeV]     Jpi     T(1/2)[s] Ratio      m/(g-m)
    1  027-060Co    0.05859    2.0+    6.2800e+02 8.6378e-02 9.4544e-02


#......................................................................../  029-063Cu //   8.500000
#                                                                               PARTICLE PRODUCTION
#             Particle  Prod.[mb] Multiplic. Emean[MeV]
 ParticlPrd      gamma 2.6825e+03 2.2536e+00 1.7157e+00
 ParticlPrd    neutron 1.0373e+03 8.7144e-01 2.5709e+00
 ParticlPrd     proton 6.4616e+02 5.4284e-01 5.0617e+00
 ParticlPrd      alpha 1.2682e+02 1.0654e-01 8.6890e+00
 ParticlPrd   deuteron 2.3728e+00 1.9934e-03 5.0132e+00


