0,1,2,3,4,5,6,7,8,9,10,11,12,13,14,15,16,17,18,19,20,21,22,23,24,25,26,27,28,29,30,31,32,33,34,35,36,37,38,39,40,41,42,43,44,45,46,47,48,49,50,51,52,53,54,55,56,57,58,59,60,61,62,63,64,65,66,67,68,69,70,71,72,73,74,75,76,77,78,79,80,81,82,83,84,85,86,87,88,89,90,91,92,93,94,95,96,97,98,99,100,101,102,103,104,105,106,107,108,109,110,111,112,113,114,115,116,117,118,119,120,121,122,123,124,125,126,127,128,129,130,131,132,133,134,135,136,137,138,139,140,141,142,143,144,145,146,147,148,149,150,151,152,153,154,155,156,157,158,159,160,161,162,163,164,165,166,167,168,169,170,171,172,173,174,175,176,177,178,179,180,181,182,183,184,185,186,187,188,189,190,191,192,193,194,195,196,197,198,199,200,201,202,203,204,205,206,207,208,209,210,211,212,213,214,215,216,217,218,219,220,221,222,223,224,225,226,227,228,229,230,231,232,233,234,235,236,237,238,239,240,241,242,243,244,245,246,247,248,249,250,251,252,253,254,255,256,257,258,259,260,261,262,263,264,265,266,267,268,269,270,271,272,273,274,275,276,277,278,279,280,281,282,283,284,285,286,287,288,289,290,291,292,293,294,295,296,297,298,299,300,301,302,303,304,305,306,307,308,309,310,311,312,313,314,315,316,317,318,319,320,321,322,323,324,325,326,327,328,329,330,331,332,333,334,335,336,337,338,339,340,341,342,343,344,345,346,347,348,349,350,351,352,353,354,355,356,357,358,359,360,361,362,363,364,365,366,367,368,369,370,371,372,373,374,375,376,377,378,379,380,381,382,383,384,385,386,387,388,389,390,391,392,393,394,395,396,397,398,399,400,401,402,403,404,405,406,407,408
91.9,10624941.667092828,6.5,126.0,2458540.550694444,4500.0,63108.0,1.16,0.09,9278958.057083683,5.9,126.0,2458540.6145833335,4500.0,63108.0,1.16,0.09,9017781.711062046,5.8,126.0,2458540.675,4500.0,63108.0,1.16,0.09,8532446.138927348,5.4,126.0,2458540.7333333334,4500.0,63108.0,1.16,0.09,7603933.381220504,6.3,126.0,2458540.790972222,4500.0,63108.0,1.16,0.09,7827064.354002769,5.2,126.0,2458540.847916667,4500.0,63108.0,1.16,0.09,5481618.506462002,6.3,126.0,2458540.904166667,3300.0,63108.0,1.16,0.09,10356226.562635738,5.8,226.0,2458540.550694444,6000.0,63108.0,1.16,0.09,9062207.29787856,5.0,226.0,2458540.634722222,6000.0,63108.0,1.16,0.09,8468139.445017966,4.6,226.0,2458540.7138888887,6000.0,63108.0,1.16,0.09,8183068.324536447,4.5,226.0,2458540.790972222,6000.0,63108.0,1.16,0.09,7778369.144567149,4.4,226.0,2458540.8666666667,6300.0,63108.0,1.16,0.09,5790237.964977388,6.5,326.0,2458540.550694444,4500.0,63108.0,1.16,0.09,5396592.935873085,5.9,326.0,2458540.6145833335,4500.0,63108.0,1.16,0.09,4910697.306786029,5.4,326.0,2458540.675,4500.0,63108.0,1.16,0.09,4745408.750767594,5.1,326.0,2458540.7333333334,4500.0,63108.0,1.16,0.09,4323194.978140194,5.1,326.0,2458540.790972222,4500.0,63108.0,1.16,0.09,4366015.847575022,4.6,326.0,2458540.847916667,4500.0,63108.0,1.16,0.09,2800484.861037725,6.1,326.0,2458540.904166667,3300.0,63108.0,1.16,0.09,672918.1091609392,35.0,326.0,2458542.992361111,3902.0,63108.0,1.16,0.09,804764.8336035138,6.0,126.0,2458543.222222222,4351.0,63108.0,1.16,0.09,503680.85981109337,4.7,126.0,2458541.007638889,359.0,63108.0,1.16,0.09,446142.5759085799,4.6,226.0,2458541.013888889,403.0,63108.0,1.16,0.09,497010.86486664234,48.8,126.0,2458543.9381944444,3793.0,63108.0,1.16,0.09,238727.38227444026,6.4,326.0,2458541.019444444,327.0,63108.0,1.16,0.09,366552.1378766545,27.9,226.0,2458543.9381944444,3875.0,63108.0,1.16,0.09,231330.24046280255,48.8,326.0,2458543.9381944444,3940.0,63108.0,1.16,0.09,517227.60078543774,13.6,126.0,2458542.4604166667,1194.0,63108.0,1.16,0.09,398742.5758425639,20.2,226.0,2458542.476388889,1212.0,63108.0,1.16,0.09,213997.47044045274,28.2,326.0,2458542.476388889,1216.0,63108.0,1.16,0.09,1847417.4626850304,31.1,126.0,2458546.9,85440.0,63108.0,1.16,0.09,851088.3298513255,13.6,126.0,2458542.9916666667,3761.0,63108.0,1.16,0.09,752394.4952165193,11.3,226.0,2458542.9916666667,3859.0,63108.0,1.16,0.09,443216.803621141,33.8,326.0,2458546.9,84889.0,63108.0,1.16,0.09,2036060.5436814947,39.0,226.0,2458546.9,85534.0,63108.0,1.16,0.09,3947720.9533613017,26.0,126.0,2458553.8798611113,85977.0,63108.0,1.16,0.09,1671781.5721586961,31.0,226.0,2458553.8798611113,85957.0,63108.0,1.16,0.09,1752321.0992011807,41.6,326.0,2458553.8798611113,86074.0,63108.0,1.16,0.09,549327.332797104,18.0,226.0,2458543.273611111,3852.0,63108.0,1.16,0.09,330825.25503807113,35.1,326.0,2458543.273611111,3724.0,63108.0,1.16,0.09,1409184.1621623083,27.8,226.0,2458559.4430555557,80330.0,63108.0,1.16,0.09,361578.8263364136,47.1,126.0,2458559.4430555557,80151.0,63108.0,1.16,0.09,1750219.1846462458,42.1,326.0,2458559.4430555557,80424.0,63108.0,1.16,0.09,15239920.169255218,15.2,126.0,2458565.2472222224,339315.0,63108.0,1.16,0.09,8122029.534055399,16.8,226.0,2458565.2472222224,339012.0,63108.0,1.16,0.09,868278.7966549235,2.4,126.0,2458542.103472222,1743.0,63108.0,1.16,0.09,666676.856366163,2.5,226.0,2458542.129166667,1719.0,63108.0,1.16,0.09,6428922.894179801,21.7,326.0,2458565.2472222224,339239.0,63108.0,1.16,0.09,468648.0584862808,2.6,326.0,2458542.152083333,1853.0,63108.0,1.16,0.09,155325.90200555942,51.5,126.0,2458556.038888889,160289.0,63108.0,1.16,0.09,0.0,0.0,0.0,0.0,0.0,0.0,0.0,0.0
122.06065,2496106.8769124537,28.9,126.0,2458540.550694444,4500.0,23454144.0,85.6,0.17,2585809.2875972427,21.6,126.0,2458540.6145833335,4500.0,23454144.0,85.6,0.17,2583978.626154696,20.0,126.0,2458540.675,4500.0,23454144.0,85.6,0.17,2485122.908257173,19.6,126.0,2458540.7333333334,4500.0,23454144.0,85.6,0.17,2446679.017963692,17.8,126.0,2458540.790972222,4500.0,23454144.0,85.6,0.17,2459493.648061519,17.1,126.0,2458540.847916667,4500.0,23454144.0,85.6,0.17,1856301.2727966998,20.6,126.0,2458540.904166667,3300.0,23454144.0,85.6,0.17,3550519.0825350103,15.2,226.0,2458540.550694444,6000.0,23454144.0,85.6,0.17,3622179.5165378107,12.3,226.0,2458540.634722222,6000.0,23454144.0,85.6,0.17,3318775.774053936,11.5,226.0,2458540.7138888887,6000.0,23454144.0,85.6,0.17,3660217.546773606,10.0,226.0,2458540.790972222,6000.0,23454144.0,85.6,0.17,3577487.2573051145,9.3,226.0,2458540.8666666667,6300.0,23454144.0,85.6,0.17,3021941.110700865,11.6,326.0,2458540.550694444,4500.0,23454144.0,85.6,0.17,2982350.6840407033,9.6,326.0,2458540.6145833335,4500.0,23454144.0,85.6,0.17,3119956.244665342,8.5,326.0,2458540.675,4500.0,23454144.0,85.6,0.17,3205287.0671755928,7.5,326.0,2458540.7333333334,4500.0,23454144.0,85.6,0.17,3214512.0209604846,6.8,326.0,2458540.790972222,4500.0,23454144.0,85.6,0.17,3401469.609289536,6.4,326.0,2458540.847916667,4500.0,23454144.0,85.6,0.17,2310466.5500410707,7.5,326.0,2458540.904166667,3300.0,23454144.0,85.6,0.17,2662667.7217600583,8.4,326.0,2458542.992361111,3902.0,23454144.0,85.6,0.17,2382359.01325775,2.6,126.0,2458543.222222222,4351.0,23454144.0,85.6,0.17,180179.35909069589,11.8,126.0,2458541.007638889,359.0,23454144.0,85.6,0.17,257960.9275714574,9.3,226.0,2458541.013888889,403.0,23454144.0,85.6,0.17,2160180.50220513,10.2,126.0,2458543.9381944444,3793.0,23454144.0,85.6,0.17,242154.307117262,7.3,326.0,2458541.019444444,327.0,23454144.0,85.6,0.17,2522279.409758104,4.6,226.0,2458543.9381944444,3875.0,23454144.0,85.6,0.17,2577884.857005261,5.3,326.0,2458543.9381944444,3940.0,23454144.0,85.6,0.17,610393.7036841873,11.6,126.0,2458542.4604166667,1194.0,23454144.0,85.6,0.17,715086.2836937425,11.1,226.0,2458542.476388889,1212.0,23454144.0,85.6,0.17,857602.2029728263,6.5,326.0,2458542.476388889,1216.0,23454144.0,85.6,0.17,48519176.98251667,1.1,126.0,2458546.9,85440.0,23454144.0,85.6,0.17,2147103.9406319824,6.1,126.0,2458542.9916666667,3761.0,23454144.0,85.6,0.17,2387502.342856026,4.9,226.0,2458542.9916666667,3859.0,23454144.0,85.6,0.17,56937793.584051915,0.4,326.0,2458546.9,84889.0,23454144.0,85.6,0.17,49751987.60533478,1.2,226.0,2458546.9,85534.0,23454144.0,85.6,0.17,47369280.156617664,1.9,126.0,2458553.8798611113,85977.0,23454144.0,85.6,0.17,52843713.95521706,1.0,226.0,2458553.8798611113,85957.0,23454144.0,85.6,0.17,55001414.543256246,1.1,326.0,2458553.8798611113,86074.0,23454144.0,85.6,0.17,2373900.2785184328,4.5,226.0,2458543.273611111,3852.0,23454144.0,85.6,0.17,2543326.3054196895,4.8,326.0,2458543.273611111,3724.0,23454144.0,85.6,0.17,48497183.085734494,1.0,226.0,2458559.4430555557,80330.0,23454144.0,85.6,0.17,42031034.962423675,0.5,126.0,2458559.4430555557,80151.0,23454144.0,85.6,0.17,50461773.182525136,1.1,326.0,2458559.4430555557,80424.0,23454144.0,85.6,0.17,180624041.89031473,1.1,126.0,2458565.2472222224,339315.0,23454144.0,85.6,0.17,200239849.3866588,0.5,226.0,2458565.2472222224,339012.0,23454144.0,85.6,0.17,1036843.3289304938,2.3,126.0,2458542.103472222,1743.0,23454144.0,85.6,0.17,1145757.6600574325,2.0,226.0,2458542.129166667,1719.0,23454144.0,85.6,0.17,208435552.2096948,0.8,326.0,2458565.2472222224,339239.0,23454144.0,85.6,0.17,1412446.0953487605,1.4,326.0,2458542.152083333,1853.0,23454144.0,85.6,0.17,88026422.57237768,0.2,126.0,2458556.038888889,160289.0,23454144.0,85.6,0.17,95217651.46853867,0.4,226.0,2458556.038888889,159931.0,23454144.0,85.6,0.17
136.47356,0.0,0.0,0.0,0.0,0.0,0.0,0.0,0.0,0.0,0.0,0.0,0.0,0.0,0.0,0.0,0.0,0.0,0.0,0.0,0.0,0.0,0.0,0.0,0.0,0.0,0.0,0.0,0.0,0.0,0.0,0.0,0.0,0.0,0.0,0.0,0.0,0.0,0.0,0.0,0.0,0.0,0.0,0.0,0.0,0.0,0.0,0.0,0.0,0.0,0.0,0.0,0.0,0.0,0.0,0.0,0.0,0.0,0.0,0.0,0.0,0.0,0.0,0.0,0.0,0.0,0.0,0.0,0.0,0.0,0.0,0.0,0.0,0.0,0.0,0.0,0.0,0.0,0.0,0.0,0.0,0.0,0.0,0.0,0.0,0.0,0.0,0.0,0.0,0.0,0.0,0.0,0.0,0.0,0.0,0.0,0.0,0.0,0.0,0.0,0.0,0.0,0.0,0.0,0.0,0.0,0.0,0.0,0.0,0.0,0.0,0.0,0.0,0.0,0.0,0.0,0.0,0.0,0.0,0.0,0.0,0.0,0.0,0.0,0.0,0.0,0.0,0.0,0.0,426903.43523414445,52.1,326.0,2458540.790972222,4500.0,23454144.0,10.68,0.08,0.0,0.0,0.0,0.0,0.0,0.0,0.0,0.0,0.0,0.0,0.0,0.0,0.0,0.0,0.0,0.0,459986.9776502359,45.2,326.0,2458542.992361111,3902.0,23454144.0,10.68,0.08,307589.1639752112,16.9,126.0,2458543.222222222,4351.0,23454144.0,10.68,0.08,35649.98075514673,56.2,126.0,2458541.007638889,359.0,23454144.0,10.68,0.08,0.0,0.0,0.0,0.0,0.0,0.0,0.0,0.0,0.0,0.0,0.0,0.0,0.0,0.0,0.0,0.0,0.0,0.0,0.0,0.0,0.0,0.0,0.0,0.0,219662.91591819897,43.9,226.0,2458543.9381944444,3875.0,23454144.0,10.68,0.08,312291.5055800535,39.9,326.0,2458543.9381944444,3940.0,23454144.0,10.68,0.08,0.0,0.0,0.0,0.0,0.0,0.0,0.0,0.0,0.0,0.0,0.0,0.0,0.0,0.0,0.0,0.0,107955.66179148034,51.9,326.0,2458542.476388889,1216.0,23454144.0,10.68,0.08,6007362.570976459,7.1,126.0,2458546.9,85440.0,23454144.0,10.68,0.08,282683.8640231681,41.4,126.0,2458542.9916666667,3761.0,23454144.0,10.68,0.08,271566.1331322854,34.5,226.0,2458542.9916666667,3859.0,23454144.0,10.68,0.08,7263210.69401957,2.2,326.0,2458546.9,84889.0,23454144.0,10.68,0.08,6367984.590446571,8.5,226.0,2458546.9,85534.0,23454144.0,10.68,0.08,5864311.823848286,13.8,126.0,2458553.8798611113,85977.0,23454144.0,10.68,0.08,6346162.546103162,6.7,226.0,2458553.8798611113,85957.0,23454144.0,10.68,0.08,7357292.233097446,7.2,326.0,2458553.8798611113,86074.0,23454144.0,10.68,0.08,287929.73346205126,31.3,226.0,2458543.273611111,3852.0,23454144.0,10.68,0.08,332567.0229965929,30.0,326.0,2458543.273611111,3724.0,23454144.0,10.68,0.08,6449396.354644223,6.1,226.0,2458559.4430555557,80330.0,23454144.0,10.68,0.08,5296995.012001996,2.8,126.0,2458559.4430555557,80151.0,23454144.0,10.68,0.08,6258968.518875618,8.1,326.0,2458559.4430555557,80424.0,23454144.0,10.68,0.08,23446277.70999118,6.5,126.0,2458565.2472222224,339315.0,23454144.0,10.68,0.08,24963564.912732,3.0,226.0,2458565.2472222224,339012.0,23454144.0,10.68,0.08,110807.05304954776,14.8,126.0,2458542.103472222,1743.0,23454144.0,10.68,0.08,134557.85281035982,10.6,226.0,2458542.129166667,1719.0,23454144.0,10.68,0.08,27715234.01256101,3.4,326.0,2458565.2472222224,339239.0,23454144.0,10.68,0.08,174079.59239662418,6.8,326.0,2458542.152083333,1853.0,23454144.0,10.68,0.08,11513931.575776221,1.0,126.0,2458556.038888889,160289.0,23454144.0,10.68,0.08,11932381.02331002,1.2,226.0,2458556.038888889,159931.0,23454144.0,10.68,0.08
263.434,0.0,0.0,0.0,0.0,0.0,0.0,0.0,0.0,0.0,0.0,0.0,0.0,0.0,0.0,0.0,0.0,0.0,0.0,0.0,0.0,0.0,0.0,0.0,0.0,0.0,0.0,0.0,0.0,0.0,0.0,0.0,0.0,0.0,0.0,0.0,0.0,0.0,0.0,0.0,0.0,0.0,0.0,0.0,0.0,0.0,0.0,0.0,0.0,0.0,0.0,0.0,0.0,0.0,0.0,0.0,0.0,0.0,0.0,0.0,0.0,0.0,0.0,0.0,0.0,0.0,0.0,0.0,0.0,0.0,0.0,0.0,0.0,0.0,0.0,0.0,0.0,0.0,0.0,0.0,0.0,0.0,0.0,0.0,0.0,0.0,0.0,0.0,0.0,0.0,0.0,0.0,0.0,0.0,0.0,0.0,0.0,0.0,0.0,0.0,0.0,0.0,0.0,0.0,0.0,0.0,0.0,0.0,0.0,0.0,0.0,0.0,0.0,0.0,0.0,0.0,0.0,0.0,0.0,0.0,0.0,0.0,0.0,0.0,0.0,0.0,0.0,0.0,0.0,0.0,0.0,0.0,0.0,0.0,0.0,0.0,0.0,0.0,0.0,0.0,0.0,0.0,0.0,0.0,0.0,0.0,0.0,0.0,0.0,0.0,0.0,0.0,0.0,0.0,0.0,0.0,0.0,0.0,0.0,0.0,0.0,0.0,0.0,0.0,0.0,0.0,0.0,0.0,0.0,0.0,0.0,0.0,0.0,0.0,0.0,0.0,0.0,0.0,0.0,0.0,0.0,0.0,0.0,0.0,0.0,0.0,0.0,0.0,0.0,0.0,0.0,0.0,0.0,0.0,0.0,0.0,0.0,0.0,0.0,0.0,0.0,0.0,0.0,0.0,0.0,0.0,0.0,0.0,0.0,0.0,0.0,0.0,0.0,0.0,0.0,0.0,0.0,0.0,0.0,0.0,0.0,0.0,0.0,0.0,0.0,0.0,0.0,0.0,0.0,0.0,0.0,0.0,0.0,0.0,0.0,0.0,0.0,0.0,0.0,0.0,0.0,0.0,0.0,0.0,0.0,0.0,0.0,0.0,0.0,0.0,0.0,0.0,0.0,0.0,0.0,0.0,0.0,0.0,0.0,0.0,0.0,0.0,0.0,0.0,0.0,0.0,0.0,0.0,0.0,0.0,0.0,0.0,0.0,0.0,0.0,0.0,0.0,0.0,0.0,0.0,0.0,0.0,0.0,0.0,0.0,0.0,0.0,0.0,0.0,0.0,0.0,0.0,0.0,0.0,0.0,0.0,0.0,0.0,0.0,0.0,0.0,0.0,0.0,0.0,0.0,0.0,0.0,0.0,0.0,0.0,0.0,0.0,0.0,0.0,0.0,0.0,0.0,0.0,0.0,0.0,0.0,0.0,0.0,0.0,0.0,0.0,0.0,0.0,0.0,0.0,0.0,0.0,0.0,0.0,0.0,0.0,0.0,0.0,0.0,0.0,0.0,0.0,0.0,0.0,0.0,0.0,0.0,0.0,0.0,0.0,0.0,0.0,0.0,0.0,0.0,0.0,0.0,0.0,0.0,0.0,0.0,0.0,0.0,0.0,0.0,0.0,0.0,0.0,0.0,0.0,0.0,0.0,0.0,0.0,0.0,0.0,0.0,0.0,0.0,0.0,0.0,0.0,0.0,0.0,0.0,0.0,0.0,0.0,0.0,0.0,0.0,0.0,0.0,0.0,0.0,0.0,0.0,0.0,0.0,0.0,0.0,269944.5319727668,40.1,226.0,2458556.038888889,159931.0,6673190.4,0.022,0.0003
320.0824,0.0,0.0,0.0,0.0,0.0,0.0,0.0,0.0,0.0,0.0,0.0,0.0,0.0,0.0,0.0,0.0,0.0,0.0,0.0,0.0,0.0,0.0,0.0,0.0,0.0,0.0,0.0,0.0,0.0,0.0,0.0,0.0,0.0,0.0,0.0,0.0,0.0,0.0,0.0,0.0,0.0,0.0,0.0,0.0,0.0,0.0,0.0,0.0,0.0,0.0,0.0,0.0,0.0,0.0,0.0,0.0,0.0,0.0,0.0,0.0,0.0,0.0,0.0,0.0,0.0,0.0,0.0,0.0,0.0,0.0,0.0,0.0,1197326.0834679692,59.6,226.0,2458540.7138888887,6000.0,2393625.6,9.91,0.01,0.0,0.0,0.0,0.0,0.0,0.0,0.0,0.0,1163171.9529106037,55.7,226.0,2458540.8666666667,6300.0,2393625.6,9.91,0.01,0.0,0.0,0.0,0.0,0.0,0.0,0.0,0.0,0.0,0.0,0.0,0.0,0.0,0.0,0.0,0.0,733290.0262596812,55.9,326.0,2458540.675,4500.0,2393625.6,9.91,0.01,854746.1750250353,43.1,326.0,2458540.7333333334,4500.0,2393625.6,9.91,0.01,644291.1330310685,56.8,326.0,2458540.790972222,4500.0,2393625.6,9.91,0.01,953885.573578465,36.1,326.0,2458540.847916667,4500.0,2393625.6,9.91,0.01,0.0,0.0,0.0,0.0,0.0,0.0,0.0,0.0,473345.50990124664,52.3,326.0,2458542.992361111,3902.0,2393625.6,9.91,0.01,530475.3806714384,17.0,126.0,2458543.222222222,4351.0,2393625.6,9.91,0.01,0.0,0.0,0.0,0.0,0.0,0.0,0.0,0.0,0.0,0.0,0.0,0.0,0.0,0.0,0.0,0.0,484588.0630607447,53.2,126.0,2458543.9381944444,3793.0,2393625.6,9.91,0.01,53739.56164964639,55.5,326.0,2458541.019444444,327.0,2393625.6,9.91,0.01,598652.8599169004,22.3,226.0,2458543.9381944444,3875.0,2393625.6,9.91,0.01,627044.5863007011,28.7,326.0,2458543.9381944444,3940.0,2393625.6,9.91,0.01,0.0,0.0,0.0,0.0,0.0,0.0,0.0,0.0,259809.28578889332,43.0,226.0,2458542.476388889,1212.0,2393625.6,9.91,0.01,150427.54375923655,54.1,326.0,2458542.476388889,1216.0,2393625.6,9.91,0.01,9691793.30767709,5.9,126.0,2458546.9,85440.0,2393625.6,9.91,0.01,408151.3238832803,47.3,126.0,2458542.9916666667,3761.0,2393625.6,9.91,0.01,607773.831548808,24.8,226.0,2458542.9916666667,3859.0,2393625.6,9.91,0.01,11495845.742362443,2.0,326.0,2458546.9,84889.0,2393625.6,9.91,0.01,11565963.627813157,5.6,226.0,2458546.9,85534.0,2393625.6,9.91,0.01,8498324.972925512,10.1,126.0,2458553.8798611113,85977.0,2393625.6,9.91,0.01,9800563.465272356,4.8,226.0,2458553.8798611113,85957.0,2393625.6,9.91,0.01,9928879.398708628,5.1,326.0,2458553.8798611113,86074.0,2393625.6,9.91,0.01,544175.3579966687,25.2,226.0,2458543.273611111,3852.0,2393625.6,9.91,0.01,504943.11547882244,28.3,326.0,2458543.273611111,3724.0,2393625.6,9.91,0.01,7766512.960294222,5.7,226.0,2458559.4430555557,80330.0,2393625.6,9.91,0.01,6892650.6857047845,2.9,126.0,2458559.4430555557,80151.0,2393625.6,9.91,0.01,8480003.125113118,6.2,326.0,2458559.4430555557,80424.0,2393625.6,9.91,0.01,23475480.489726495,6.1,126.0,2458565.2472222224,339315.0,2393625.6,9.91,0.01,27219307.86074517,2.9,226.0,2458565.2472222224,339012.0,2393625.6,9.91,0.01,209339.52689327247,16.7,126.0,2458542.103472222,1743.0,2393625.6,9.91,0.01,258671.6608513827,11.0,226.0,2458542.129166667,1719.0,2393625.6,9.91,0.01,28260404.892049808,4.9,326.0,2458565.2472222224,339239.0,2393625.6,9.91,0.01,332118.3784793138,8.0,326.0,2458542.152083333,1853.0,2393625.6,9.91,0.01,15265194.5902047,1.2,126.0,2458556.038888889,160289.0,2393625.6,9.91,0.01,15607631.020823857,1.3,226.0,2458556.038888889,159931.0,2393625.6,9.91,0.01
346.02,0.0,0.0,0.0,0.0,0.0,0.0,0.0,0.0,0.0,0.0,0.0,0.0,0.0,0.0,0.0,0.0,0.0,0.0,0.0,0.0,0.0,0.0,0.0,0.0,0.0,0.0,0.0,0.0,0.0,0.0,0.0,0.0,0.0,0.0,0.0,0.0,0.0,0.0,0.0,0.0,0.0,0.0,0.0,0.0,0.0,0.0,0.0,0.0,0.0,0.0,0.0,0.0,0.0,0.0,0.0,0.0,0.0,0.0,0.0,0.0,0.0,0.0,0.0,0.0,0.0,0.0,0.0,0.0,0.0,0.0,0.0,0.0,0.0,0.0,0.0,0.0,0.0,0.0,0.0,0.0,0.0,0.0,0.0,0.0,0.0,0.0,0.0,0.0,0.0,0.0,0.0,0.0,0.0,0.0,0.0,0.0,0.0,0.0,0.0,0.0,0.0,0.0,0.0,0.0,0.0,0.0,0.0,0.0,0.0,0.0,0.0,0.0,0.0,0.0,0.0,0.0,0.0,0.0,0.0,0.0,0.0,0.0,0.0,0.0,0.0,0.0,0.0,0.0,0.0,0.0,0.0,0.0,0.0,0.0,0.0,0.0,0.0,0.0,0.0,0.0,0.0,0.0,0.0,0.0,0.0,0.0,0.0,0.0,0.0,0.0,0.0,0.0,0.0,0.0,0.0,0.0,0.0,0.0,0.0,0.0,420575.7692331928,18.1,126.0,2458543.222222222,4351.0,483062.4,0.98,0.014,0.0,0.0,0.0,0.0,0.0,0.0,0.0,0.0,0.0,0.0,0.0,0.0,0.0,0.0,0.0,0.0,0.0,0.0,0.0,0.0,0.0,0.0,0.0,0.0,0.0,0.0,0.0,0.0,0.0,0.0,0.0,0.0,0.0,0.0,0.0,0.0,0.0,0.0,0.0,0.0,0.0,0.0,0.0,0.0,0.0,0.0,0.0,0.0,173101.18780612398,49.7,126.0,2458542.4604166667,1194.0,483062.4,0.98,0.014,0.0,0.0,0.0,0.0,0.0,0.0,0.0,0.0,0.0,0.0,0.0,0.0,0.0,0.0,0.0,0.0,5571944.323297999,8.5,126.0,2458546.9,85440.0,483062.4,0.98,0.014,321388.1846906233,48.1,126.0,2458542.9916666667,3761.0,483062.4,0.98,0.014,0.0,0.0,0.0,0.0,0.0,0.0,0.0,0.0,351604.71788734564,56.4,326.0,2458546.9,84889.0,483062.4,0.98,0.014,1342650.2857509092,38.6,226.0,2458546.9,85534.0,483062.4,0.98,0.014,2736389.1051389705,27.5,126.0,2458553.8798611113,85977.0,483062.4,0.98,0.014,973289.031246213,41.4,226.0,2458553.8798611113,85957.0,483062.4,0.98,0.014,0.0,0.0,0.0,0.0,0.0,0.0,0.0,0.0,213103.67067409403,49.0,226.0,2458543.273611111,3852.0,483062.4,0.98,0.014,0.0,0.0,0.0,0.0,0.0,0.0,0.0,0.0,0.0,0.0,0.0,0.0,0.0,0.0,0.0,0.0,991253.0777284051,16.7,126.0,2458559.4430555557,80151.0,483062.4,0.98,0.014,0.0,0.0,0.0,0.0,0.0,0.0,0.0,0.0,0.0,0.0,0.0,0.0,0.0,0.0,0.0,0.0,0.0,0.0,0.0,0.0,0.0,0.0,0.0,0.0,167799.26545243003,18.3,126.0,2458542.103472222,1743.0,483062.4,0.98,0.014,0.0,0.0,0.0,0.0,0.0,0.0,0.0,0.0,0.0,0.0,0.0,0.0,0.0,0.0,0.0,0.0,0.0,0.0,0.0,0.0,0.0,0.0,0.0,0.0,3154917.4323753924,5.6,126.0,2458556.038888889,160289.0,483062.4,0.98,0.014,855182.5247530143,19.3,226.0,2458556.038888889,159931.0,483062.4,0.98,0.014
377.9,10029956.822809178,9.9,126.0,2458540.550694444,4500.0,510.6,42.0,3.0,0.0,0.0,0.0,0.0,0.0,0.0,0.0,0.0,0.0,0.0,0.0,0.0,0.0,0.0,0.0,0.0,0.0,0.0,0.0,0.0,0.0,0.0,0.0,0.0,0.0,0.0,0.0,0.0,0.0,0.0,0.0,0.0,0.0,0.0,0.0,0.0,0.0,0.0,0.0,0.0,0.0,0.0,0.0,0.0,0.0,0.0,0.0,0.0,5582301.940271556,14.0,226.0,2458540.550694444,6000.0,510.6,42.0,3.0,0.0,0.0,0.0,0.0,0.0,0.0,0.0,0.0,0.0,0.0,0.0,0.0,0.0,0.0,0.0,0.0,0.0,0.0,0.0,0.0,0.0,0.0,0.0,0.0,0.0,0.0,0.0,0.0,0.0,0.0,0.0,0.0,2626185.8708050293,21.8,326.0,2458540.550694444,4500.0,510.6,42.0,3.0,0.0,0.0,0.0,0.0,0.0,0.0,0.0,0.0,0.0,0.0,0.0,0.0,0.0,0.0,0.0,0.0,0.0,0.0,0.0,0.0,0.0,0.0,0.0,0.0,0.0,0.0,0.0,0.0,0.0,0.0,0.0,0.0,0.0,0.0,0.0,0.0,0.0,0.0,0.0,0.0,0.0,0.0,0.0,0.0,0.0,0.0,0.0,0.0,0.0,0.0,0.0,0.0,0.0,0.0,0.0,0.0,0.0,0.0,0.0,0.0,0.0,0.0,0.0,0.0,0.0,0.0,0.0,0.0,0.0,0.0,0.0,0.0,0.0,0.0,0.0,0.0,0.0,0.0,0.0,0.0,0.0,0.0,0.0,0.0,0.0,0.0,0.0,0.0,0.0,0.0,0.0,0.0,0.0,0.0,0.0,0.0,0.0,0.0,0.0,0.0,0.0,0.0,0.0,0.0,0.0,0.0,0.0,0.0,0.0,0.0,0.0,0.0,0.0,0.0,0.0,0.0,0.0,0.0,0.0,0.0,0.0,0.0,0.0,0.0,0.0,0.0,0.0,0.0,0.0,0.0,0.0,0.0,0.0,0.0,0.0,0.0,0.0,0.0,0.0,0.0,0.0,0.0,0.0,0.0,0.0,0.0,0.0,0.0,0.0,0.0,0.0,0.0,0.0,0.0,0.0,0.0,0.0,0.0,0.0,0.0,0.0,0.0,0.0,0.0,0.0,0.0,0.0,0.0,0.0,0.0,0.0,0.0,0.0,0.0,0.0,0.0,0.0,0.0,0.0,0.0,0.0,0.0,0.0,0.0,0.0,0.0,0.0,0.0,0.0,0.0,0.0,0.0,0.0,0.0,0.0,0.0,0.0,0.0,0.0,0.0,0.0,0.0,0.0,0.0,0.0,0.0,0.0,0.0,0.0,0.0,0.0,0.0,0.0,0.0,0.0,0.0,0.0,0.0,0.0,0.0,0.0,0.0,0.0,0.0,0.0,0.0,0.0,0.0,0.0,0.0,0.0,0.0,0.0,0.0,0.0,0.0,0.0,0.0,0.0,0.0,0.0,0.0,0.0,0.0,0.0,0.0,0.0,0.0,0.0,0.0,0.0,0.0,0.0,0.0,0.0,0.0,0.0,0.0,0.0,0.0,0.0,0.0,0.0,0.0,0.0,0.0,0.0,0.0,0.0,0.0,0.0,0.0,0.0,0.0,0.0,0.0,0.0,0.0,0.0,0.0,0.0,0.0,0.0,0.0,0.0,0.0,0.0,0.0,0.0,0.0,0.0,0.0,0.0,0.0,0.0,0.0,0.0,0.0,0.0,0.0,0.0,0.0,0.0,0.0
477.2,160171480.9225958,1.0,126.0,2458540.550694444,4500.0,63108.0,20.2,1.7,153313371.85712835,1.1,126.0,2458540.6145833335,4500.0,63108.0,20.2,1.7,143346112.3440936,1.0,126.0,2458540.675,4500.0,63108.0,20.2,1.7,135552085.54185843,1.0,126.0,2458540.7333333334,4500.0,63108.0,20.2,1.7,128913414.81580263,1.1,126.0,2458540.790972222,4500.0,63108.0,20.2,1.7,122243018.06477167,1.0,126.0,2458540.847916667,4500.0,63108.0,20.2,1.7,84340993.56109351,1.3,126.0,2458540.904166667,3300.0,63108.0,20.2,1.7,163622068.2236949,0.9,226.0,2458540.550694444,6000.0,63108.0,20.2,1.7,152237662.92178896,0.9,226.0,2458540.634722222,6000.0,63108.0,20.2,1.7,142123872.13317195,0.9,226.0,2458540.7138888887,6000.0,63108.0,20.2,1.7,131725884.72560628,0.8,226.0,2458540.790972222,6000.0,63108.0,20.2,1.7,128610247.71787293,0.8,226.0,2458540.8666666667,6300.0,63108.0,20.2,1.7,86525063.16964446,1.1,326.0,2458540.550694444,4500.0,63108.0,20.2,1.7,81979926.98888993,1.0,326.0,2458540.6145833335,4500.0,63108.0,20.2,1.7,78055892.8728554,1.0,326.0,2458540.675,4500.0,63108.0,20.2,1.7,72845290.1941866,1.0,326.0,2458540.7333333334,4500.0,63108.0,20.2,1.7,69110914.03005762,1.0,326.0,2458540.790972222,4500.0,63108.0,20.2,1.7,65936638.83500651,1.0,326.0,2458540.847916667,4500.0,63108.0,20.2,1.7,45991249.34009284,1.1,326.0,2458540.904166667,3300.0,63108.0,20.2,1.7,7125111.293831123,4.9,326.0,2458542.992361111,3902.0,63108.0,20.2,1.7,12687348.295141794,1.3,126.0,2458543.222222222,4351.0,63108.0,20.2,1.7,8020926.067179556,1.1,126.0,2458541.007638889,359.0,63108.0,20.2,1.7,7247662.115192127,1.2,226.0,2458541.013888889,403.0,63108.0,20.2,1.7,5684246.141385883,5.8,126.0,2458543.9381944444,3793.0,63108.0,20.2,1.7,3905271.094860591,1.6,326.0,2458541.019444444,327.0,63108.0,20.2,1.7,4669370.461664829,4.0,226.0,2458543.9381944444,3875.0,63108.0,20.2,1.7,2905112.3655277533,6.8,326.0,2458543.9381944444,3940.0,63108.0,20.2,1.7,7200221.844912423,2.7,126.0,2458542.4604166667,1194.0,63108.0,20.2,1.7,5521271.420402518,3.4,226.0,2458542.476388889,1212.0,63108.0,20.2,1.7,3852931.0800143857,3.5,326.0,2458542.476388889,1216.0,63108.0,20.2,1.7,4881354.894265477,11.9,126.0,2458546.9,85440.0,63108.0,20.2,1.7,13508483.210137494,2.4,126.0,2458542.9916666667,3761.0,63108.0,20.2,1.7,11079350.274475867,2.1,226.0,2458542.9916666667,3859.0,63108.0,20.2,1.7,2484000.1050888523,9.6,326.0,2458546.9,84889.0,63108.0,20.2,1.7,4071271.9481560024,16.6,226.0,2458546.9,85534.0,63108.0,20.2,1.7,0.0,0.0,0.0,0.0,0.0,0.0,0.0,0.0,0.0,0.0,0.0,0.0,0.0,0.0,0.0,0.0,0.0,0.0,0.0,0.0,0.0,0.0,0.0,0.0,8401932.961124029,2.6,226.0,2458543.273611111,3852.0,63108.0,20.2,1.7,5451987.452451079,4.2,326.0,2458543.273611111,3724.0,63108.0,20.2,1.7,0.0,0.0,0.0,0.0,0.0,0.0,0.0,0.0,0.0,0.0,0.0,0.0,0.0,0.0,0.0,0.0,0.0,0.0,0.0,0.0,0.0,0.0,0.0,0.0,0.0,0.0,0.0,0.0,0.0,0.0,0.0,0.0,0.0,0.0,0.0,0.0,0.0,0.0,0.0,0.0,13150165.659664806,0.8,126.0,2458542.103472222,1743.0,63108.0,20.2,1.7,10508341.010230634,0.7,226.0,2458542.129166667,1719.0,63108.0,20.2,1.7,0.0,0.0,0.0,0.0,0.0,0.0,0.0,0.0,7510551.661818985,0.7,326.0,2458542.152083333,1853.0,63108.0,20.2,1.7,0.0,0.0,0.0,0.0,0.0,0.0,0.0,0.0,0.0,0.0,0.0,0.0,0.0,0.0,0.0,0.0
486.55,0.0,0.0,0.0,0.0,0.0,0.0,0.0,0.0,0.0,0.0,0.0,0.0,0.0,0.0,0.0,0.0,0.0,0.0,0.0,0.0,0.0,0.0,0.0,0.0,0.0,0.0,0.0,0.0,0.0,0.0,0.0,0.0,0.0,0.0,0.0,0.0,0.0,0.0,0.0,0.0,0.0,0.0,0.0,0.0,0.0,0.0,0.0,0.0,0.0,0.0,0.0,0.0,0.0,0.0,0.0,0.0,0.0,0.0,0.0,0.0,0.0,0.0,0.0,0.0,0.0,0.0,0.0,0.0,0.0,0.0,0.0,0.0,0.0,0.0,0.0,0.0,0.0,0.0,0.0,0.0,0.0,0.0,0.0,0.0,0.0,0.0,0.0,0.0,0.0,0.0,0.0,0.0,0.0,0.0,0.0,0.0,0.0,0.0,0.0,0.0,0.0,0.0,0.0,0.0,0.0,0.0,0.0,0.0,0.0,0.0,0.0,0.0,0.0,0.0,0.0,0.0,0.0,0.0,0.0,0.0,0.0,0.0,0.0,0.0,0.0,0.0,0.0,0.0,0.0,0.0,0.0,0.0,0.0,0.0,0.0,0.0,0.0,0.0,0.0,0.0,0.0,0.0,0.0,0.0,0.0,0.0,0.0,0.0,0.0,0.0,0.0,0.0,0.0,0.0,0.0,0.0,0.0,0.0,0.0,0.0,0.0,0.0,0.0,0.0,0.0,0.0,0.0,0.0,0.0,0.0,0.0,0.0,0.0,0.0,0.0,0.0,0.0,0.0,0.0,0.0,0.0,0.0,0.0,0.0,0.0,0.0,0.0,0.0,0.0,0.0,0.0,0.0,0.0,0.0,0.0,0.0,0.0,0.0,0.0,0.0,0.0,0.0,0.0,0.0,0.0,0.0,0.0,0.0,0.0,0.0,0.0,0.0,0.0,0.0,0.0,0.0,0.0,0.0,0.0,0.0,0.0,0.0,0.0,0.0,0.0,0.0,0.0,0.0,0.0,0.0,0.0,0.0,0.0,0.0,0.0,0.0,0.0,0.0,0.0,0.0,0.0,0.0,0.0,0.0,0.0,0.0,0.0,0.0,0.0,0.0,0.0,0.0,0.0,0.0,0.0,0.0,0.0,0.0,0.0,0.0,0.0,0.0,0.0,0.0,467707.9720310386,51.5,326.0,2458546.9,84889.0,6673190.4,0.054,0.002,0.0,0.0,0.0,0.0,0.0,0.0,0.0,0.0,0.0,0.0,0.0,0.0,0.0,0.0,0.0,0.0,0.0,0.0,0.0,0.0,0.0,0.0,0.0,0.0,0.0,0.0,0.0,0.0,0.0,0.0,0.0,0.0,0.0,0.0,0.0,0.0,0.0,0.0,0.0,0.0,0.0,0.0,0.0,0.0,0.0,0.0,0.0,0.0,0.0,0.0,0.0,0.0,0.0,0.0,0.0,0.0,0.0,0.0,0.0,0.0,0.0,0.0,0.0,0.0,0.0,0.0,0.0,0.0,0.0,0.0,0.0,0.0,3263575.032522326,42.0,126.0,2458565.2472222224,339315.0,6673190.4,0.054,0.002,1836607.2021074612,47.6,226.0,2458565.2472222224,339012.0,6673190.4,0.054,0.002,0.0,0.0,0.0,0.0,0.0,0.0,0.0,0.0,0.0,0.0,0.0,0.0,0.0,0.0,0.0,0.0,2311988.2494296376,55.3,326.0,2458565.2472222224,339239.0,6673190.4,0.054,0.002,0.0,0.0,0.0,0.0,0.0,0.0,0.0,0.0,0.0,0.0,0.0,0.0,0.0,0.0,0.0,0.0,0.0,0.0,0.0,0.0,0.0,0.0,0.0,0.0
733.514,0.0,0.0,0.0,0.0,0.0,0.0,0.0,0.0,0.0,0.0,0.0,0.0,0.0,0.0,0.0,0.0,0.0,0.0,0.0,0.0,0.0,0.0,0.0,0.0,0.0,0.0,0.0,0.0,0.0,0.0,0.0,0.0,0.0,0.0,0.0,0.0,0.0,0.0,0.0,0.0,0.0,0.0,0.0,0.0,0.0,0.0,0.0,0.0,0.0,0.0,0.0,0.0,0.0,0.0,0.0,0.0,0.0,0.0,0.0,0.0,0.0,0.0,0.0,0.0,0.0,0.0,0.0,0.0,0.0,0.0,0.0,0.0,0.0,0.0,0.0,0.0,0.0,0.0,0.0,0.0,0.0,0.0,0.0,0.0,0.0,0.0,0.0,0.0,0.0,0.0,0.0,0.0,0.0,0.0,0.0,0.0,0.0,0.0,0.0,0.0,0.0,0.0,0.0,0.0,0.0,0.0,0.0,0.0,0.0,0.0,0.0,0.0,0.0,0.0,0.0,0.0,0.0,0.0,0.0,0.0,0.0,0.0,0.0,0.0,0.0,0.0,0.0,0.0,0.0,0.0,0.0,0.0,0.0,0.0,0.0,0.0,0.0,0.0,0.0,0.0,0.0,0.0,0.0,0.0,0.0,0.0,0.0,0.0,0.0,0.0,0.0,0.0,0.0,0.0,0.0,0.0,0.0,0.0,0.0,0.0,0.0,0.0,0.0,0.0,0.0,0.0,0.0,0.0,0.0,0.0,0.0,0.0,0.0,0.0,0.0,0.0,0.0,0.0,0.0,0.0,0.0,0.0,0.0,0.0,0.0,0.0,0.0,0.0,0.0,0.0,0.0,0.0,0.0,0.0,0.0,0.0,0.0,0.0,0.0,0.0,0.0,0.0,0.0,0.0,0.0,0.0,0.0,0.0,0.0,0.0,0.0,0.0,0.0,0.0,0.0,0.0,0.0,0.0,0.0,0.0,0.0,0.0,0.0,0.0,0.0,0.0,0.0,0.0,0.0,0.0,0.0,0.0,0.0,0.0,0.0,0.0,0.0,0.0,0.0,0.0,0.0,0.0,0.0,0.0,0.0,0.0,0.0,0.0,0.0,0.0,0.0,0.0,0.0,0.0,0.0,0.0,0.0,0.0,0.0,0.0,0.0,0.0,0.0,0.0,1754694.1409364524,15.8,326.0,2458546.9,84889.0,6673190.4,0.191,0.003,1780915.4661782251,38.1,226.0,2458546.9,85534.0,6673190.4,0.191,0.003,0.0,0.0,0.0,0.0,0.0,0.0,0.0,0.0,1394107.1235221801,36.2,226.0,2458553.8798611113,85957.0,6673190.4,0.191,0.003,1803569.072802214,37.0,326.0,2458553.8798611113,86074.0,6673190.4,0.191,0.003,0.0,0.0,0.0,0.0,0.0,0.0,0.0,0.0,0.0,0.0,0.0,0.0,0.0,0.0,0.0,0.0,1073651.1563889433,43.5,226.0,2458559.4430555557,80330.0,6673190.4,0.191,0.003,998171.6527574578,22.2,126.0,2458559.4430555557,80151.0,6673190.4,0.191,0.003,1565869.5214051802,41.0,326.0,2458559.4430555557,80424.0,6673190.4,0.191,0.003,3481665.9703842225,49.4,126.0,2458565.2472222224,339315.0,6673190.4,0.191,0.003,4538598.063920878,20.4,226.0,2458565.2472222224,339012.0,6673190.4,0.191,0.003,0.0,0.0,0.0,0.0,0.0,0.0,0.0,0.0,0.0,0.0,0.0,0.0,0.0,0.0,0.0,0.0,6844952.4735370455,19.3,326.0,2458565.2472222224,339239.0,6673190.4,0.191,0.003,0.0,0.0,0.0,0.0,0.0,0.0,0.0,0.0,1883126.5979255696,10.2,126.0,2458556.038888889,160289.0,6673190.4,0.191,0.003,1808914.713516018,11.6,226.0,2458556.038888889,159931.0,6673190.4,0.191,0.003
744.233,57368251.82180257,2.5,126.0,2458540.550694444,4500.0,483062.4,90.0,1.2,57684084.941657215,2.3,126.0,2458540.6145833335,4500.0,483062.4,90.0,1.2,57769116.93546423,2.3,126.0,2458540.675,4500.0,483062.4,90.0,1.2,56477440.45810998,2.2,126.0,2458540.7333333334,4500.0,483062.4,90.0,1.2,55995592.493203536,2.1,126.0,2458540.790972222,4500.0,483062.4,90.0,1.2,55853872.50352517,2.2,126.0,2458540.847916667,4500.0,483062.4,90.0,1.2,40981371.87242122,2.5,126.0,2458540.904166667,3300.0,483062.4,90.0,1.2,27511762.69160733,4.0,226.0,2458540.550694444,6000.0,483062.4,90.0,1.2,27415230.190935027,3.7,226.0,2458540.634722222,6000.0,483062.4,90.0,1.2,27458899.65552488,3.1,226.0,2458540.7138888887,6000.0,483062.4,90.0,1.2,26498171.434548113,3.0,226.0,2458540.790972222,6000.0,483062.4,90.0,1.2,28162207.874708824,2.7,226.0,2458540.8666666667,6300.0,483062.4,90.0,1.2,3791265.430377997,15.3,326.0,2458540.550694444,4500.0,483062.4,90.0,1.2,3738389.6004370158,15.2,326.0,2458540.6145833335,4500.0,483062.4,90.0,1.2,3528034.6274142363,14.3,326.0,2458540.675,4500.0,483062.4,90.0,1.2,3698300.829989772,12.1,326.0,2458540.7333333334,4500.0,483062.4,90.0,1.2,3409265.4360554703,12.0,326.0,2458540.790972222,4500.0,483062.4,90.0,1.2,3872892.8276981385,10.3,326.0,2458540.847916667,4500.0,483062.4,90.0,1.2,2643575.181948813,12.2,326.0,2458540.904166667,3300.0,483062.4,90.0,1.2,2222680.6608294733,14.4,326.0,2458542.992361111,3902.0,483062.4,90.0,1.2,41043845.110107854,0.8,126.0,2458543.222222222,4351.0,483062.4,90.0,1.2,4289138.613798572,2.1,126.0,2458541.007638889,359.0,483062.4,90.0,1.2,1790187.8658152446,3.7,226.0,2458541.013888889,403.0,483062.4,90.0,1.2,32170437.65698909,2.3,126.0,2458543.9381944444,3793.0,483062.4,90.0,1.2,228916.76143936854,16.8,326.0,2458541.019444444,327.0,483062.4,90.0,1.2,12338967.426510092,2.5,226.0,2458543.9381944444,3875.0,483062.4,90.0,1.2,1884677.64200842,11.5,326.0,2458543.9381944444,3940.0,483062.4,90.0,1.2,12366199.776941793,2.3,126.0,2458542.4604166667,1194.0,483062.4,90.0,1.2,4419375.860846882,4.9,226.0,2458542.476388889,1212.0,483062.4,90.0,1.2,663893.546155646,15.8,326.0,2458542.476388889,1216.0,483062.4,90.0,1.2,483966636.00656486,0.4,126.0,2458546.9,85440.0,483062.4,90.0,1.2,35835390.000978924,1.6,126.0,2458542.9916666667,3761.0,483062.4,90.0,1.2,13957094.984019866,2.2,226.0,2458542.9916666667,3859.0,483062.4,90.0,1.2,26940748.53175725,1.5,326.0,2458546.9,84889.0,483062.4,90.0,1.2,171448616.37263566,0.8,226.0,2458546.9,85534.0,483062.4,90.0,1.2,202639339.52725223,1.0,126.0,2458553.8798611113,85977.0,483062.4,90.0,1.2,76072269.58870043,1.2,226.0,2458553.8798611113,85957.0,483062.4,90.0,1.2,11855082.045706622,6.6,326.0,2458553.8798611113,86074.0,483062.4,90.0,1.2,13366626.037962032,2.3,226.0,2458543.273611111,3852.0,483062.4,90.0,1.2,2088630.4580678018,9.1,326.0,2458543.273611111,3724.0,483062.4,90.0,1.2,35558199.69198532,1.9,226.0,2458559.4430555557,80330.0,483062.4,90.0,1.2,95605852.37151794,0.6,126.0,2458559.4430555557,80151.0,483062.4,90.0,1.2,5823348.283917237,11.4,326.0,2458559.4430555557,80424.0,483062.4,90.0,1.2,168156841.46722466,1.8,126.0,2458565.2472222224,339315.0,483062.4,90.0,1.2,61255367.05982544,1.8,226.0,2458565.2472222224,339012.0,483062.4,90.0,1.2,17976935.172313698,0.6,126.0,2458542.103472222,1743.0,483062.4,90.0,1.2,6412330.156611764,1.1,226.0,2458542.129166667,1719.0,483062.4,90.0,1.2,10190669.116476914,11.5,326.0,2458565.2472222224,339239.0,483062.4,90.0,1.2,1124965.1771558295,3.5,326.0,2458542.152083333,1853.0,483062.4,90.0,1.2,271858100.4623567,0.5,126.0,2458556.038888889,160289.0,483062.4,90.0,1.2,84408973.88209888,0.5,226.0,2458556.038888889,159931.0,483062.4,90.0,1.2
749.07,0.0,0.0,0.0,0.0,0.0,0.0,0.0,0.0,0.0,0.0,0.0,0.0,0.0,0.0,0.0,0.0,0.0,0.0,0.0,0.0,0.0,0.0,0.0,0.0,0.0,0.0,0.0,0.0,0.0,0.0,0.0,0.0,0.0,0.0,0.0,0.0,0.0,0.0,0.0,0.0,0.0,0.0,0.0,0.0,0.0,0.0,0.0,0.0,0.0,0.0,0.0,0.0,0.0,0.0,0.0,0.0,0.0,0.0,0.0,0.0,0.0,0.0,0.0,0.0,0.0,0.0,0.0,0.0,0.0,0.0,0.0,0.0,0.0,0.0,0.0,0.0,0.0,0.0,0.0,0.0,0.0,0.0,0.0,0.0,0.0,0.0,0.0,0.0,0.0,0.0,0.0,0.0,0.0,0.0,0.0,0.0,940566.6314346425,59.6,326.0,2458540.550694444,4500.0,2772.0,0.265,0.007,0.0,0.0,0.0,0.0,0.0,0.0,0.0,0.0,0.0,0.0,0.0,0.0,0.0,0.0,0.0,0.0,0.0,0.0,0.0,0.0,0.0,0.0,0.0,0.0,0.0,0.0,0.0,0.0,0.0,0.0,0.0,0.0,0.0,0.0,0.0,0.0,0.0,0.0,0.0,0.0,0.0,0.0,0.0,0.0,0.0,0.0,0.0,0.0,0.0,0.0,0.0,0.0,0.0,0.0,0.0,0.0,0.0,0.0,0.0,0.0,0.0,0.0,0.0,0.0,0.0,0.0,0.0,0.0,0.0,0.0,0.0,0.0,0.0,0.0,0.0,0.0,0.0,0.0,0.0,0.0,0.0,0.0,0.0,0.0,0.0,0.0,0.0,0.0,0.0,0.0,0.0,0.0,0.0,0.0,0.0,0.0,0.0,0.0,0.0,0.0,0.0,0.0,0.0,0.0,0.0,0.0,0.0,0.0,0.0,0.0,0.0,0.0,0.0,0.0,0.0,0.0,0.0,0.0,0.0,0.0,0.0,0.0,0.0,0.0,0.0,0.0,0.0,0.0,0.0,0.0,0.0,0.0,0.0,0.0,0.0,0.0,0.0,0.0,0.0,0.0,0.0,0.0,0.0,0.0,0.0,0.0,0.0,0.0,0.0,0.0,0.0,0.0,0.0,0.0,0.0,0.0,0.0,0.0,0.0,0.0,1576889.8950543983,19.7,326.0,2458546.9,84889.0,2772.0,0.265,0.007,0.0,0.0,0.0,0.0,0.0,0.0,0.0,0.0,0.0,0.0,0.0,0.0,0.0,0.0,0.0,0.0,0.0,0.0,0.0,0.0,0.0,0.0,0.0,0.0,1594204.6855505917,45.4,326.0,2458553.8798611113,86074.0,2772.0,0.265,0.007,0.0,0.0,0.0,0.0,0.0,0.0,0.0,0.0,0.0,0.0,0.0,0.0,0.0,0.0,0.0,0.0,931072.2215992545,55.1,226.0,2458559.4430555557,80330.0,2772.0,0.265,0.007,957122.9354076845,29.8,126.0,2458559.4430555557,80151.0,2772.0,0.265,0.007,1395218.3242191682,46.8,326.0,2458559.4430555557,80424.0,2772.0,0.265,0.007,0.0,0.0,0.0,0.0,0.0,0.0,0.0,0.0,4513494.755042505,19.4,226.0,2458565.2472222224,339012.0,2772.0,0.265,0.007,0.0,0.0,0.0,0.0,0.0,0.0,0.0,0.0,0.0,0.0,0.0,0.0,0.0,0.0,0.0,0.0,6102274.054375533,19.3,326.0,2458565.2472222224,339239.0,2772.0,0.265,0.007,0.0,0.0,0.0,0.0,0.0,0.0,0.0,0.0,1409615.4643654604,31.2,126.0,2458556.038888889,160289.0,2772.0,0.265,0.007,1543267.175687096,13.5,226.0,2458556.038888889,159931.0,2772.0,0.265,0.007
787.743,8773420.891445572,11.6,126.0,2458540.550694444,4500.0,6673190.4,0.311,0.003,6078291.303068095,14.5,126.0,2458540.6145833335,4500.0,6673190.4,0.311,0.003,3840246.760495961,20.9,126.0,2458540.675,4500.0,6673190.4,0.311,0.003,2554449.8540799026,27.4,126.0,2458540.7333333334,4500.0,6673190.4,0.311,0.003,1637248.0608364479,41.3,126.0,2458540.790972222,4500.0,6673190.4,0.311,0.003,1341682.0718337896,46.4,126.0,2458540.847916667,4500.0,6673190.4,0.311,0.003,0.0,0.0,0.0,0.0,0.0,0.0,0.0,0.0,0.0,0.0,0.0,0.0,0.0,0.0,0.0,0.0,0.0,0.0,0.0,0.0,0.0,0.0,0.0,0.0,4468574.456036955,14.4,226.0,2458540.7138888887,6000.0,6673190.4,0.311,0.003,2595843.252107195,21.9,226.0,2458540.790972222,6000.0,6673190.4,0.311,0.003,0.0,0.0,0.0,0.0,0.0,0.0,0.0,0.0,9677825.146246273,7.1,326.0,2458540.550694444,4500.0,6673190.4,0.311,0.003,6748398.560819199,8.4,326.0,2458540.6145833335,4500.0,6673190.4,0.311,0.003,4329313.2120988965,10.9,326.0,2458540.675,4500.0,6673190.4,0.311,0.003,2856190.9207913973,14.6,326.0,2458540.7333333334,4500.0,6673190.4,0.311,0.003,2071783.5503443566,18.3,326.0,2458540.790972222,4500.0,6673190.4,0.311,0.003,1380760.213740932,24.6,326.0,2458540.847916667,4500.0,6673190.4,0.311,0.003,635669.8467704698,41.7,326.0,2458540.904166667,3300.0,6673190.4,0.311,0.003,0.0,0.0,0.0,0.0,0.0,0.0,0.0,0.0,0.0,0.0,0.0,0.0,0.0,0.0,0.0,0.0,0.0,0.0,0.0,0.0,0.0,0.0,0.0,0.0,0.0,0.0,0.0,0.0,0.0,0.0,0.0,0.0,0.0,0.0,0.0,0.0,0.0,0.0,0.0,0.0,0.0,0.0,0.0,0.0,0.0,0.0,0.0,0.0,0.0,0.0,0.0,0.0,0.0,0.0,0.0,0.0,0.0,0.0,0.0,0.0,0.0,0.0,0.0,0.0,0.0,0.0,0.0,0.0,0.0,0.0,0.0,0.0,0.0,0.0,0.0,0.0,0.0,0.0,0.0,0.0,0.0,0.0,0.0,0.0,0.0,0.0,0.0,0.0,1828026.109122134,32.1,126.0,2458546.9,85440.0,6673190.4,0.311,0.003,0.0,0.0,0.0,0.0,0.0,0.0,0.0,0.0,0.0,0.0,0.0,0.0,0.0,0.0,0.0,0.0,3064914.6494092536,9.8,326.0,2458546.9,84889.0,6673190.4,0.311,0.003,2355440.272222809,29.7,226.0,2458546.9,85534.0,6673190.4,0.311,0.003,0.0,0.0,0.0,0.0,0.0,0.0,0.0,0.0,1823115.3345419345,28.4,226.0,2458553.8798611113,85957.0,6673190.4,0.311,0.003,2927178.7531125112,24.4,326.0,2458553.8798611113,86074.0,6673190.4,0.311,0.003,0.0,0.0,0.0,0.0,0.0,0.0,0.0,0.0,0.0,0.0,0.0,0.0,0.0,0.0,0.0,0.0,1612813.4023504704,29.4,226.0,2458559.4430555557,80330.0,6673190.4,0.311,0.003,1447203.5237190884,15.4,126.0,2458559.4430555557,80151.0,6673190.4,0.311,0.003,2336008.518581236,27.6,326.0,2458559.4430555557,80424.0,6673190.4,0.311,0.003,0.0,0.0,0.0,0.0,0.0,0.0,0.0,0.0,7506554.52877548,12.7,226.0,2458565.2472222224,339012.0,6673190.4,0.311,0.003,0.0,0.0,0.0,0.0,0.0,0.0,0.0,0.0,56803.27373924328,57.9,226.0,2458542.129166667,1719.0,6673190.4,0.311,0.003,12140505.649482599,13.4,326.0,2458565.2472222224,339239.0,6673190.4,0.311,0.003,70578.03221382955,40.1,326.0,2458542.152083333,1853.0,6673190.4,0.311,0.003,3276409.4220794844,7.2,126.0,2458556.038888889,160289.0,6673190.4,0.311,0.003,3317546.2290530116,5.8,226.0,2458556.038888889,159931.0,6673190.4,0.311,0.003
803.7,14060948.585703995,7.6,126.0,2458540.550694444,4500.0,63108.0,1.87,0.15,13746542.281924278,6.6,126.0,2458540.6145833335,4500.0,63108.0,1.87,0.15,12873191.43809173,6.8,126.0,2458540.675,4500.0,63108.0,1.87,0.15,12606819.430722805,6.1,126.0,2458540.7333333334,4500.0,63108.0,1.87,0.15,12253112.338970624,6.1,126.0,2458540.790972222,4500.0,63108.0,1.87,0.15,11165790.538399104,6.3,126.0,2458540.847916667,4500.0,63108.0,1.87,0.15,7847057.331835428,7.3,126.0,2458540.904166667,3300.0,63108.0,1.87,0.15,14805456.573491406,6.5,226.0,2458540.550694444,6000.0,63108.0,1.87,0.15,14120580.799522186,5.5,226.0,2458540.634722222,6000.0,63108.0,1.87,0.15,13276079.927610911,5.5,226.0,2458540.7138888887,6000.0,63108.0,1.87,0.15,12287066.505072309,5.0,226.0,2458540.790972222,6000.0,63108.0,1.87,0.15,11694649.943702068,5.2,226.0,2458540.8666666667,6300.0,63108.0,1.87,0.15,8075259.441082794,7.9,326.0,2458540.550694444,4500.0,63108.0,1.87,0.15,7893384.228445794,7.3,326.0,2458540.6145833335,4500.0,63108.0,1.87,0.15,7542365.068056384,6.5,326.0,2458540.675,4500.0,63108.0,1.87,0.15,6907620.5759532545,6.7,326.0,2458540.7333333334,4500.0,63108.0,1.87,0.15,6194669.742416215,6.4,326.0,2458540.790972222,4500.0,63108.0,1.87,0.15,6443838.783728905,5.9,326.0,2458540.847916667,4500.0,63108.0,1.87,0.15,4157667.360881817,7.5,326.0,2458540.904166667,3300.0,63108.0,1.87,0.15,637309.9420097407,38.4,326.0,2458542.992361111,3902.0,63108.0,1.87,0.15,1078368.6514265863,8.9,126.0,2458543.222222222,4351.0,63108.0,1.87,0.15,825540.0221251419,6.7,126.0,2458541.007638889,359.0,63108.0,1.87,0.15,681702.2353632065,7.4,226.0,2458541.013888889,403.0,63108.0,1.87,0.15,611270.6589645046,40.0,126.0,2458543.9381944444,3793.0,63108.0,1.87,0.15,378083.7504382885,9.7,326.0,2458541.019444444,327.0,63108.0,1.87,0.15,416495.1973305717,32.6,226.0,2458543.9381944444,3875.0,63108.0,1.87,0.15,334545.7062066849,50.3,326.0,2458543.9381944444,3940.0,63108.0,1.87,0.15,720383.7151765297,14.5,126.0,2458542.4604166667,1194.0,63108.0,1.87,0.15,545830.4478997305,19.4,226.0,2458542.476388889,1212.0,63108.0,1.87,0.15,388150.892522749,21.5,326.0,2458542.476388889,1216.0,63108.0,1.87,0.15,0.0,0.0,0.0,0.0,0.0,0.0,0.0,0.0,1294433.7779774177,14.9,126.0,2458542.9916666667,3761.0,63108.0,1.87,0.15,957221.7810451501,14.8,226.0,2458542.9916666667,3859.0,63108.0,1.87,0.15,0.0,0.0,0.0,0.0,0.0,0.0,0.0,0.0,0.0,0.0,0.0,0.0,0.0,0.0,0.0,0.0,0.0,0.0,0.0,0.0,0.0,0.0,0.0,0.0,0.0,0.0,0.0,0.0,0.0,0.0,0.0,0.0,0.0,0.0,0.0,0.0,0.0,0.0,0.0,0.0,886499.2095933608,15.2,226.0,2458543.273611111,3852.0,63108.0,1.87,0.15,469441.6827163055,35.0,326.0,2458543.273611111,3724.0,63108.0,1.87,0.15,0.0,0.0,0.0,0.0,0.0,0.0,0.0,0.0,0.0,0.0,0.0,0.0,0.0,0.0,0.0,0.0,0.0,0.0,0.0,0.0,0.0,0.0,0.0,0.0,0.0,0.0,0.0,0.0,0.0,0.0,0.0,0.0,0.0,0.0,0.0,0.0,0.0,0.0,0.0,0.0,1381313.2842721133,3.2,126.0,2458542.103472222,1743.0,63108.0,1.87,0.15,1042565.6114115185,3.5,226.0,2458542.129166667,1719.0,63108.0,1.87,0.15,0.0,0.0,0.0,0.0,0.0,0.0,0.0,0.0,721526.0120642013,4.5,326.0,2458542.152083333,1853.0,63108.0,1.87,0.15,0.0,0.0,0.0,0.0,0.0,0.0,0.0,0.0,0.0,0.0,0.0,0.0,0.0,0.0,0.0,0.0
810.7593,0.0,0.0,0.0,0.0,0.0,0.0,0.0,0.0,0.0,0.0,0.0,0.0,0.0,0.0,0.0,0.0,0.0,0.0,0.0,0.0,0.0,0.0,0.0,0.0,0.0,0.0,0.0,0.0,0.0,0.0,0.0,0.0,0.0,0.0,0.0,0.0,0.0,0.0,0.0,0.0,0.0,0.0,0.0,0.0,0.0,0.0,0.0,0.0,0.0,0.0,0.0,0.0,0.0,0.0,0.0,0.0,0.0,0.0,0.0,0.0,0.0,0.0,0.0,0.0,0.0,0.0,0.0,0.0,0.0,0.0,0.0,0.0,0.0,0.0,0.0,0.0,0.0,0.0,0.0,0.0,0.0,0.0,0.0,0.0,0.0,0.0,0.0,0.0,0.0,0.0,0.0,0.0,0.0,0.0,0.0,0.0,0.0,0.0,0.0,0.0,0.0,0.0,0.0,0.0,0.0,0.0,0.0,0.0,0.0,0.0,0.0,0.0,0.0,0.0,0.0,0.0,0.0,0.0,0.0,0.0,0.0,0.0,0.0,0.0,0.0,0.0,0.0,0.0,0.0,0.0,0.0,0.0,0.0,0.0,0.0,0.0,0.0,0.0,0.0,0.0,0.0,0.0,0.0,0.0,0.0,0.0,0.0,0.0,0.0,0.0,0.0,0.0,1796921.7986694763,15.2,326.0,2458542.992361111,3902.0,6122304.0,99.45,0.01,612482.3736508721,14.7,126.0,2458543.222222222,4351.0,6122304.0,99.45,0.01,0.0,0.0,0.0,0.0,0.0,0.0,0.0,0.0,0.0,0.0,0.0,0.0,0.0,0.0,0.0,0.0,471195.53056931077,52.3,126.0,2458543.9381944444,3793.0,6122304.0,99.45,0.01,0.0,0.0,0.0,0.0,0.0,0.0,0.0,0.0,722695.4727035069,21.1,226.0,2458543.9381944444,3875.0,6122304.0,99.45,0.01,567505.7278230179,32.0,326.0,2458543.9381944444,3940.0,6122304.0,99.45,0.01,208959.15693237504,43.2,126.0,2458542.4604166667,1194.0,6122304.0,99.45,0.01,229370.30673931265,42.0,226.0,2458542.476388889,1212.0,6122304.0,99.45,0.01,217225.33255024202,34.1,326.0,2458542.476388889,1216.0,6122304.0,99.45,0.01,12662547.02550541,5.7,126.0,2458546.9,85440.0,6122304.0,99.45,0.01,846585.3165302556,22.0,126.0,2458542.9916666667,3761.0,6122304.0,99.45,0.01,479279.1288326086,28.0,226.0,2458542.9916666667,3859.0,6122304.0,99.45,0.01,13375217.344620952,2.8,326.0,2458546.9,84889.0,6122304.0,99.45,0.01,8378623.913306218,10.3,226.0,2458546.9,85534.0,6122304.0,99.45,0.01,8752273.387299506,11.7,126.0,2458553.8798611113,85977.0,6122304.0,99.45,0.01,14147937.44264339,4.5,226.0,2458553.8798611113,85957.0,6122304.0,99.45,0.01,9628769.506011486,9.0,326.0,2458553.8798611113,86074.0,6122304.0,99.45,0.01,505813.61347386026,25.8,226.0,2458543.273611111,3852.0,6122304.0,99.45,0.01,896521.9613339383,18.2,326.0,2458543.273611111,3724.0,6122304.0,99.45,0.01,12855092.867521731,4.9,226.0,2458559.4430555557,80330.0,6122304.0,99.45,0.01,8466319.536323935,3.5,126.0,2458559.4430555557,80151.0,6122304.0,99.45,0.01,8757588.39014992,9.2,326.0,2458559.4430555557,80424.0,6122304.0,99.45,0.01,42259341.15639228,5.0,126.0,2458565.2472222224,339315.0,6122304.0,99.45,0.01,50650166.19129104,2.4,226.0,2458565.2472222224,339012.0,6122304.0,99.45,0.01,170316.4910088387,23.6,126.0,2458542.103472222,1743.0,6122304.0,99.45,0.01,182008.34408436285,18.2,226.0,2458542.129166667,1719.0,6122304.0,99.45,0.01,37669966.60025164,4.4,326.0,2458565.2472222224,339239.0,6122304.0,99.45,0.01,262097.76209783525,11.2,326.0,2458542.152083333,1853.0,6122304.0,99.45,0.01,13061266.01461716,2.2,126.0,2458556.038888889,160289.0,6122304.0,99.45,0.01,13453244.539028175,2.2,226.0,2458556.038888889,159931.0,6122304.0,99.45,0.01
827.0,2291807.2574098255,35.6,126.0,2458540.550694444,4500.0,63108.0,0.21,0.06,2300520.11158916,28.6,126.0,2458540.6145833335,4500.0,63108.0,0.21,0.06,1721102.3129175748,34.3,126.0,2458540.675,4500.0,63108.0,0.21,0.06,1581229.9721274716,38.6,126.0,2458540.7333333334,4500.0,63108.0,0.21,0.06,1289703.299758078,41.6,126.0,2458540.790972222,4500.0,63108.0,0.21,0.06,1213020.081995966,39.3,126.0,2458540.847916667,4500.0,63108.0,0.21,0.06,997491.1421343622,38.6,126.0,2458540.904166667,3300.0,63108.0,0.21,0.06,2497052.53746512,27.8,226.0,2458540.550694444,6000.0,63108.0,0.21,0.06,1828791.2863763955,31.1,226.0,2458540.634722222,6000.0,63108.0,0.21,0.06,1640045.7421757632,30.0,226.0,2458540.7138888887,6000.0,63108.0,0.21,0.06,1362028.6567991565,32.8,226.0,2458540.790972222,6000.0,63108.0,0.21,0.06,1346886.0208648308,31.2,226.0,2458540.8666666667,6300.0,63108.0,0.21,0.06,0.0,0.0,0.0,0.0,0.0,0.0,0.0,0.0,1045184.7964368921,59.1,326.0,2458540.6145833335,4500.0,63108.0,0.21,0.06,1024617.6537520875,35.8,326.0,2458540.675,4500.0,63108.0,0.21,0.06,869529.1974002925,36.8,326.0,2458540.7333333334,4500.0,63108.0,0.21,0.06,1017138.6927757949,28.4,326.0,2458540.790972222,4500.0,63108.0,0.21,0.06,919912.2000839909,29.0,326.0,2458540.847916667,4500.0,63108.0,0.21,0.06,514178.5671201169,42.1,326.0,2458540.904166667,3300.0,63108.0,0.21,0.06,0.0,0.0,0.0,0.0,0.0,0.0,0.0,0.0,222341.61736015358,37.1,126.0,2458543.222222222,4351.0,63108.0,0.21,0.06,93775.87854411325,38.9,126.0,2458541.007638889,359.0,63108.0,0.21,0.06,117282.41360274245,29.3,226.0,2458541.013888889,403.0,63108.0,0.21,0.06,0.0,0.0,0.0,0.0,0.0,0.0,0.0,0.0,47915.28643609409,53.4,326.0,2458541.019444444,327.0,63108.0,0.21,0.06,0.0,0.0,0.0,0.0,0.0,0.0,0.0,0.0,0.0,0.0,0.0,0.0,0.0,0.0,0.0,0.0,0.0,0.0,0.0,0.0,0.0,0.0,0.0,0.0,0.0,0.0,0.0,0.0,0.0,0.0,0.0,0.0,0.0,0.0,0.0,0.0,0.0,0.0,0.0,0.0,0.0,0.0,0.0,0.0,0.0,0.0,0.0,0.0,0.0,0.0,0.0,0.0,0.0,0.0,0.0,0.0,0.0,0.0,0.0,0.0,0.0,0.0,0.0,0.0,0.0,0.0,0.0,0.0,0.0,0.0,0.0,0.0,0.0,0.0,0.0,0.0,0.0,0.0,0.0,0.0,0.0,0.0,0.0,0.0,0.0,0.0,0.0,0.0,0.0,0.0,0.0,0.0,0.0,0.0,0.0,0.0,0.0,0.0,0.0,0.0,0.0,0.0,0.0,0.0,0.0,0.0,0.0,0.0,0.0,0.0,0.0,0.0,0.0,0.0,0.0,0.0,0.0,0.0,0.0,0.0,0.0,0.0,0.0,0.0,0.0,0.0,0.0,0.0,0.0,0.0,0.0,0.0,0.0,0.0,0.0,0.0,0.0,0.0,0.0,0.0,0.0,0.0,0.0,0.0,0.0,0.0,0.0,0.0,0.0,0.0,0.0,0.0,0.0,0.0,0.0,0.0,0.0,0.0,0.0,0.0,187149.29005337786,18.5,126.0,2458542.103472222,1743.0,63108.0,0.21,0.06,131211.81255642127,21.4,226.0,2458542.129166667,1719.0,63108.0,0.21,0.06,0.0,0.0,0.0,0.0,0.0,0.0,0.0,0.0,105827.60455971923,25.5,326.0,2458542.152083333,1853.0,63108.0,0.21,0.06,0.0,0.0,0.0,0.0,0.0,0.0,0.0,0.0,0.0,0.0,0.0,0.0,0.0,0.0,0.0,0.0
834.848,1727038.116377881,48.2,126.0,2458540.550694444,4500.0,26974080.0,99.976,0.001,2448060.3973305863,27.7,126.0,2458540.6145833335,4500.0,26974080.0,99.976,0.001,1967748.1547675878,31.4,126.0,2458540.675,4500.0,26974080.0,99.976,0.001,2044825.8474658574,27.7,126.0,2458540.7333333334,4500.0,26974080.0,99.976,0.001,2357391.4937257497,23.3,126.0,2458540.790972222,4500.0,26974080.0,99.976,0.001,2058184.1118297894,24.4,126.0,2458540.847916667,4500.0,26974080.0,99.976,0.001,1663774.3811487504,25.2,126.0,2458540.904166667,3300.0,26974080.0,99.976,0.001,2254656.1151773464,32.6,226.0,2458540.550694444,6000.0,26974080.0,99.976,0.001,2640414.1224341867,22.5,226.0,2458540.634722222,6000.0,26974080.0,99.976,0.001,2756548.7435558653,18.9,226.0,2458540.7138888887,6000.0,26974080.0,99.976,0.001,2689310.680257042,17.6,226.0,2458540.790972222,6000.0,26974080.0,99.976,0.001,2717941.6182959788,16.5,226.0,2458540.8666666667,6300.0,26974080.0,99.976,0.001,2364873.3466985663,25.8,326.0,2458540.550694444,4500.0,26974080.0,99.976,0.001,1744424.1193749392,30.1,326.0,2458540.6145833335,4500.0,26974080.0,99.976,0.001,1857364.232845658,21.6,326.0,2458540.675,4500.0,26974080.0,99.976,0.001,2198917.3223688425,15.1,326.0,2458540.7333333334,4500.0,26974080.0,99.976,0.001,1908494.2797918255,16.0,326.0,2458540.790972222,4500.0,26974080.0,99.976,0.001,2115698.14137343,14.5,326.0,2458540.847916667,4500.0,26974080.0,99.976,0.001,1546232.1532319183,15.3,326.0,2458540.904166667,3300.0,26974080.0,99.976,0.001,2076066.4817842718,15.2,326.0,2458542.992361111,3902.0,26974080.0,99.976,0.001,1652968.9877408405,6.1,126.0,2458543.222222222,4351.0,26974080.0,99.976,0.001,120578.91988981047,30.4,126.0,2458541.007638889,359.0,26974080.0,99.976,0.001,159540.18923778526,23.2,226.0,2458541.013888889,403.0,26974080.0,99.976,0.001,2062961.7751595678,16.7,126.0,2458543.9381944444,3793.0,26974080.0,99.976,0.001,148173.69713862907,18.9,326.0,2458541.019444444,327.0,26974080.0,99.976,0.001,1725569.3854420774,11.3,226.0,2458543.9381944444,3875.0,26974080.0,99.976,0.001,1696135.864717135,13.8,326.0,2458543.9381944444,3940.0,26974080.0,99.976,0.001,465423.1800946182,23.9,126.0,2458542.4604166667,1194.0,26974080.0,99.976,0.001,493109.7451182123,24.7,226.0,2458542.476388889,1212.0,26974080.0,99.976,0.001,487529.8035687657,18.8,326.0,2458542.476388889,1216.0,26974080.0,99.976,0.001,36274326.7513294,2.5,126.0,2458546.9,85440.0,26974080.0,99.976,0.001,1207185.1970092347,19.0,126.0,2458542.9916666667,3761.0,26974080.0,99.976,0.001,1375655.3911951787,13.0,226.0,2458542.9916666667,3859.0,26974080.0,99.976,0.001,35943214.56605519,1.4,326.0,2458546.9,84889.0,26974080.0,99.976,0.001,35497964.77228991,2.9,226.0,2458546.9,85534.0,26974080.0,99.976,0.001,45539314.438907035,3.2,126.0,2458553.8798611113,85977.0,26974080.0,99.976,0.001,38586122.1497075,2.2,226.0,2458553.8798611113,85957.0,26974080.0,99.976,0.001,38486069.173164375,2.8,326.0,2458553.8798611113,86074.0,26974080.0,99.976,0.001,1512027.672850215,11.1,226.0,2458543.273611111,3852.0,26974080.0,99.976,0.001,1560796.0085635309,12.6,326.0,2458543.273611111,3724.0,26974080.0,99.976,0.001,35250401.57682803,2.4,226.0,2458559.4430555557,80330.0,26974080.0,99.976,0.001,28298246.99220834,1.4,126.0,2458559.4430555557,80151.0,26974080.0,99.976,0.001,34921352.67447965,2.9,326.0,2458559.4430555557,80424.0,26974080.0,99.976,0.001,173452012.4626471,1.6,126.0,2458565.2472222224,339315.0,26974080.0,99.976,0.001,145919389.9444346,1.2,226.0,2458565.2472222224,339012.0,26974080.0,99.976,0.001,672499.7893702047,5.5,126.0,2458542.103472222,1743.0,26974080.0,99.976,0.001,691279.5732815029,4.9,226.0,2458542.129166667,1719.0,26974080.0,99.976,0.001,146534299.2199403,1.4,326.0,2458565.2472222224,339239.0,26974080.0,99.976,0.001,849796.2727337115,4.1,326.0,2458542.152083333,1853.0,26974080.0,99.976,0.001,56907339.23432513,0.8,126.0,2458556.038888889,160289.0,26974080.0,99.976,0.001,54976542.92156917,1.5,226.0,2458556.038888889,159931.0,26974080.0,99.976,0.001
846.77,2759570361.708265,0.4,126.0,2458540.550694444,4500.0,6673190.4,99.9399,0.0023,1870683423.784018,0.4,126.0,2458540.6145833335,4500.0,6673190.4,99.9399,0.0023,1283068580.625313,0.5,126.0,2458540.675,4500.0,6673190.4,99.9399,0.0023,891535322.1282783,0.4,126.0,2458540.7333333334,4500.0,6673190.4,99.9399,0.0023,628899290.6725901,0.6,126.0,2458540.790972222,4500.0,6673190.4,99.9399,0.0023,444896361.05256975,0.7,126.0,2458540.847916667,4500.0,6673190.4,99.9399,0.0023,247159536.26337975,0.9,126.0,2458540.904166667,3300.0,6673190.4,99.9399,0.0023,3570284501.658696,0.2,226.0,2458540.550694444,6000.0,6673190.4,99.9399,0.0023,2140649496.1394038,0.3,226.0,2458540.634722222,6000.0,6673190.4,99.9399,0.0023,1314625862.8342042,0.3,226.0,2458540.7138888887,6000.0,6673190.4,99.9399,0.0023,823771059.8828123,0.4,226.0,2458540.790972222,6000.0,6673190.4,99.9399,0.0023,549659237.0567968,0.4,226.0,2458540.8666666667,6300.0,6673190.4,99.9399,0.0023,2985485160.42773,0.3,326.0,2458540.550694444,4500.0,6673190.4,99.9399,0.0023,2023585048.9247992,0.3,326.0,2458540.6145833335,4500.0,6673190.4,99.9399,0.0023,1398143851.3095038,0.3,326.0,2458540.675,4500.0,6673190.4,99.9399,0.0023,978407323.5592775,0.5,326.0,2458540.7333333334,4500.0,6673190.4,99.9399,0.0023,690908146.9933319,0.4,326.0,2458540.790972222,4500.0,6673190.4,99.9399,0.0023,496085967.04939735,0.5,326.0,2458540.847916667,4500.0,6673190.4,99.9399,0.0023,272826820.08675295,0.6,326.0,2458540.904166667,3300.0,6673190.4,99.9399,0.0023,42906970.83666209,2.0,326.0,2458542.992361111,3902.0,6673190.4,99.9399,0.0023,31220318.138409823,1.0,126.0,2458543.222222222,4351.0,6673190.4,99.9399,0.0023,16175606.860531507,0.9,126.0,2458541.007638889,359.0,6673190.4,99.9399,0.0023,19040383.270125337,0.9,226.0,2458541.013888889,403.0,6673190.4,99.9399,0.0023,26897652.072193686,2.7,126.0,2458543.9381944444,3793.0,6673190.4,99.9399,0.0023,15871452.383113902,0.9,326.0,2458541.019444444,327.0,6673190.4,99.9399,0.0023,35126401.79386712,1.5,226.0,2458543.9381944444,3875.0,6673190.4,99.9399,0.0023,43012831.985718854,1.5,326.0,2458543.9381944444,3940.0,6673190.4,99.9399,0.0023,8749347.801242812,3.1,126.0,2458542.4604166667,1194.0,6673190.4,99.9399,0.0023,10492763.995659929,2.9,226.0,2458542.476388889,1212.0,6673190.4,99.9399,0.0023,13638856.057732487,2.2,326.0,2458542.476388889,1216.0,6673190.4,99.9399,0.0023,607398448.7442864,0.5,126.0,2458546.9,85440.0,6673190.4,99.9399,0.0023,27003448.18809314,1.8,126.0,2458542.9916666667,3761.0,6673190.4,99.9399,0.0023,34682925.2358602,1.4,226.0,2458542.9916666667,3859.0,6673190.4,99.9399,0.0023,905694662.95981,0.3,326.0,2458546.9,84889.0,6673190.4,99.9399,0.0023,706765140.0620042,0.4,226.0,2458546.9,85534.0,6673190.4,99.9399,0.0023,551066221.5652235,0.6,126.0,2458553.8798611113,85977.0,6673190.4,99.9399,0.0023,697690725.744023,0.4,226.0,2458553.8798611113,85957.0,6673190.4,99.9399,0.0023,852488802.5889751,0.4,326.0,2458553.8798611113,86074.0,6673190.4,99.9399,0.0023,33791404.39189766,1.4,226.0,2458543.273611111,3852.0,6673190.4,99.9399,0.0023,40897089.95381607,1.5,326.0,2458543.273611111,3724.0,6673190.4,99.9399,0.0023,618734204.1210707,0.5,226.0,2458559.4430555557,80330.0,6673190.4,99.9399,0.0023,483412394.1858622,0.4,126.0,2458559.4430555557,80151.0,6673190.4,99.9399,0.0023,761545596.5663756,0.4,326.0,2458559.4430555557,80424.0,6673190.4,99.9399,0.0023,1925623602.3499398,0.4,126.0,2458565.2472222224,339315.0,6673190.4,99.9399,0.0023,2432842088.8326197,0.3,226.0,2458565.2472222224,339012.0,6673190.4,99.9399,0.0023,11647836.168451335,0.9,126.0,2458542.103472222,1743.0,6673190.4,99.9399,0.0023,15039373.113470757,0.7,226.0,2458542.129166667,1719.0,6673190.4,99.9399,0.0023,3014448057.041498,0.2,326.0,2458565.2472222224,339239.0,6673190.4,99.9399,0.0023,21062528.06270392,0.7,326.0,2458542.152083333,1853.0,6673190.4,99.9399,0.0023,1005961538.1586248,0.2,126.0,2458556.038888889,160289.0,6673190.4,99.9399,0.0023,1014611852.5174311,0.2,226.0,2458556.038888889,159931.0,6673190.4,99.9399,0.0023
848.18,0.0,0.0,0.0,0.0,0.0,0.0,0.0,0.0,0.0,0.0,0.0,0.0,0.0,0.0,0.0,0.0,0.0,0.0,0.0,0.0,0.0,0.0,0.0,0.0,0.0,0.0,0.0,0.0,0.0,0.0,0.0,0.0,0.0,0.0,0.0,0.0,0.0,0.0,0.0,0.0,0.0,0.0,0.0,0.0,0.0,0.0,0.0,0.0,0.0,0.0,0.0,0.0,0.0,0.0,0.0,0.0,0.0,0.0,0.0,0.0,0.0,0.0,0.0,0.0,0.0,0.0,0.0,0.0,0.0,0.0,0.0,0.0,0.0,0.0,0.0,0.0,0.0,0.0,0.0,0.0,0.0,0.0,0.0,0.0,0.0,0.0,0.0,0.0,0.0,0.0,0.0,0.0,0.0,0.0,0.0,0.0,0.0,0.0,0.0,0.0,0.0,0.0,0.0,0.0,0.0,0.0,0.0,0.0,0.0,0.0,0.0,0.0,0.0,0.0,0.0,0.0,0.0,0.0,0.0,0.0,0.0,0.0,0.0,0.0,0.0,0.0,0.0,0.0,0.0,0.0,0.0,0.0,0.0,0.0,0.0,0.0,0.0,0.0,0.0,0.0,0.0,0.0,0.0,0.0,0.0,0.0,0.0,0.0,0.0,0.0,0.0,0.0,0.0,0.0,0.0,0.0,0.0,0.0,0.0,0.0,1010798.3225606324,16.7,126.0,2458543.222222222,4351.0,483062.4,3.32,0.4,0.0,0.0,0.0,0.0,0.0,0.0,0.0,0.0,0.0,0.0,0.0,0.0,0.0,0.0,0.0,0.0,0.0,0.0,0.0,0.0,0.0,0.0,0.0,0.0,0.0,0.0,0.0,0.0,0.0,0.0,0.0,0.0,0.0,0.0,0.0,0.0,0.0,0.0,0.0,0.0,0.0,0.0,0.0,0.0,0.0,0.0,0.0,0.0,0.0,0.0,0.0,0.0,0.0,0.0,0.0,0.0,0.0,0.0,0.0,0.0,0.0,0.0,0.0,0.0,0.0,0.0,0.0,0.0,0.0,0.0,0.0,0.0,0.0,0.0,0.0,0.0,0.0,0.0,0.0,0.0,0.0,0.0,0.0,0.0,0.0,0.0,0.0,0.0,0.0,0.0,0.0,0.0,0.0,0.0,0.0,0.0,0.0,0.0,0.0,0.0,0.0,0.0,0.0,0.0,0.0,0.0,0.0,0.0,0.0,0.0,0.0,0.0,0.0,0.0,0.0,0.0,0.0,0.0,0.0,0.0,0.0,0.0,0.0,0.0,0.0,0.0,0.0,0.0,0.0,0.0,0.0,0.0,0.0,0.0,0.0,0.0,0.0,0.0,0.0,0.0,0.0,0.0,0.0,0.0,0.0,0.0,0.0,0.0,0.0,0.0,0.0,0.0,0.0,0.0,0.0,0.0,0.0,0.0,0.0,0.0,0.0,0.0,0.0,0.0,0.0,0.0,0.0,0.0,0.0,0.0,0.0,0.0,0.0,0.0,0.0,0.0,0.0,0.0,0.0,0.0,0.0,0.0,0.0,0.0,0.0,0.0,0.0,0.0,0.0,0.0,0.0,0.0,1325874.0899144022,5.3,126.0,2458542.103472222,1743.0,483062.4,3.32,0.4,0.0,0.0,0.0,0.0,0.0,0.0,0.0,0.0,0.0,0.0,0.0,0.0,0.0,0.0,0.0,0.0,0.0,0.0,0.0,0.0,0.0,0.0,0.0,0.0,0.0,0.0,0.0,0.0,0.0,0.0,0.0,0.0,0.0,0.0,0.0,0.0,0.0,0.0,0.0,0.0
852.732,0.0,0.0,0.0,0.0,0.0,0.0,0.0,0.0,0.0,0.0,0.0,0.0,0.0,0.0,0.0,0.0,0.0,0.0,0.0,0.0,0.0,0.0,0.0,0.0,0.0,0.0,0.0,0.0,0.0,0.0,0.0,0.0,0.0,0.0,0.0,0.0,0.0,0.0,0.0,0.0,0.0,0.0,0.0,0.0,0.0,0.0,0.0,0.0,0.0,0.0,0.0,0.0,0.0,0.0,0.0,0.0,0.0,0.0,0.0,0.0,0.0,0.0,0.0,0.0,0.0,0.0,0.0,0.0,0.0,0.0,0.0,0.0,0.0,0.0,0.0,0.0,0.0,0.0,0.0,0.0,0.0,0.0,0.0,0.0,0.0,0.0,0.0,0.0,0.0,0.0,0.0,0.0,0.0,0.0,0.0,0.0,0.0,0.0,0.0,0.0,0.0,0.0,0.0,0.0,0.0,0.0,0.0,0.0,0.0,0.0,0.0,0.0,0.0,0.0,0.0,0.0,0.0,0.0,0.0,0.0,0.0,0.0,0.0,0.0,0.0,0.0,0.0,0.0,0.0,0.0,0.0,0.0,0.0,0.0,0.0,0.0,0.0,0.0,0.0,0.0,0.0,0.0,0.0,0.0,0.0,0.0,0.0,0.0,0.0,0.0,0.0,0.0,0.0,0.0,0.0,0.0,0.0,0.0,0.0,0.0,0.0,0.0,0.0,0.0,0.0,0.0,0.0,0.0,0.0,0.0,0.0,0.0,0.0,0.0,0.0,0.0,0.0,0.0,0.0,0.0,0.0,0.0,0.0,0.0,0.0,0.0,0.0,0.0,0.0,0.0,0.0,0.0,0.0,0.0,0.0,0.0,0.0,0.0,0.0,0.0,0.0,0.0,0.0,0.0,0.0,0.0,0.0,0.0,0.0,0.0,0.0,0.0,0.0,0.0,0.0,0.0,0.0,0.0,0.0,0.0,0.0,0.0,0.0,0.0,0.0,0.0,0.0,0.0,0.0,0.0,0.0,0.0,0.0,0.0,0.0,0.0,0.0,0.0,0.0,0.0,0.0,0.0,0.0,0.0,0.0,0.0,0.0,0.0,0.0,0.0,0.0,0.0,0.0,0.0,0.0,0.0,0.0,0.0,0.0,0.0,0.0,0.0,0.0,0.0,0.0,0.0,0.0,0.0,0.0,0.0,0.0,0.0,0.0,0.0,0.0,0.0,0.0,0.0,0.0,0.0,0.0,0.0,0.0,0.0,0.0,0.0,0.0,0.0,0.0,0.0,0.0,0.0,0.0,0.0,0.0,0.0,0.0,0.0,0.0,0.0,0.0,0.0,0.0,0.0,0.0,0.0,0.0,0.0,0.0,0.0,0.0,0.0,0.0,0.0,0.0,0.0,0.0,0.0,0.0,0.0,0.0,0.0,0.0,0.0,0.0,0.0,0.0,0.0,0.0,0.0,0.0,0.0,0.0,0.0,0.0,0.0,0.0,0.0,0.0,0.0,0.0,0.0,0.0,0.0,0.0,0.0,0.0,0.0,0.0,0.0,0.0,0.0,0.0,0.0,0.0,0.0,0.0,0.0,0.0,0.0,0.0,0.0,0.0,0.0,0.0,0.0,0.0,0.0,0.0,0.0,0.0,0.0,0.0,0.0,0.0,0.0,0.0,0.0,0.0,0.0,0.0,0.0,0.0,0.0,0.0,0.0,0.0,0.0,0.0,0.0,0.0,0.0,549239.9111947472,58.0,126.0,2458556.038888889,160289.0,6673190.4,0.049,0.003,0.0,0.0,0.0,0.0,0.0,0.0,0.0,0.0
896.51,0.0,0.0,0.0,0.0,0.0,0.0,0.0,0.0,0.0,0.0,0.0,0.0,0.0,0.0,0.0,0.0,0.0,0.0,0.0,0.0,0.0,0.0,0.0,0.0,0.0,0.0,0.0,0.0,0.0,0.0,0.0,0.0,0.0,0.0,0.0,0.0,0.0,0.0,0.0,0.0,0.0,0.0,0.0,0.0,0.0,0.0,0.0,0.0,0.0,0.0,0.0,0.0,0.0,0.0,0.0,0.0,0.0,0.0,0.0,0.0,0.0,0.0,0.0,0.0,0.0,0.0,0.0,0.0,0.0,0.0,0.0,0.0,0.0,0.0,0.0,0.0,0.0,0.0,0.0,0.0,0.0,0.0,0.0,0.0,0.0,0.0,0.0,0.0,0.0,0.0,0.0,0.0,0.0,0.0,0.0,0.0,0.0,0.0,0.0,0.0,0.0,0.0,0.0,0.0,0.0,0.0,0.0,0.0,0.0,0.0,0.0,0.0,0.0,0.0,0.0,0.0,0.0,0.0,0.0,0.0,0.0,0.0,0.0,0.0,0.0,0.0,0.0,0.0,0.0,0.0,0.0,0.0,0.0,0.0,0.0,0.0,0.0,0.0,0.0,0.0,0.0,0.0,0.0,0.0,0.0,0.0,0.0,0.0,0.0,0.0,0.0,0.0,0.0,0.0,0.0,0.0,0.0,0.0,0.0,0.0,0.0,0.0,0.0,0.0,0.0,0.0,0.0,0.0,0.0,0.0,0.0,0.0,0.0,0.0,0.0,0.0,0.0,0.0,0.0,0.0,0.0,0.0,0.0,0.0,0.0,0.0,0.0,0.0,0.0,0.0,0.0,0.0,0.0,0.0,0.0,0.0,0.0,0.0,0.0,0.0,0.0,0.0,0.0,0.0,0.0,0.0,0.0,0.0,0.0,0.0,0.0,0.0,0.0,0.0,0.0,0.0,0.0,0.0,0.0,0.0,0.0,0.0,0.0,0.0,0.0,0.0,0.0,0.0,0.0,0.0,0.0,0.0,0.0,0.0,0.0,0.0,0.0,0.0,0.0,0.0,0.0,0.0,0.0,0.0,0.0,0.0,0.0,0.0,0.0,0.0,0.0,0.0,0.0,0.0,0.0,0.0,0.0,0.0,0.0,0.0,0.0,0.0,0.0,0.0,602468.5451642885,51.6,326.0,2458546.9,84889.0,6673190.4,0.073,0.003,0.0,0.0,0.0,0.0,0.0,0.0,0.0,0.0,0.0,0.0,0.0,0.0,0.0,0.0,0.0,0.0,0.0,0.0,0.0,0.0,0.0,0.0,0.0,0.0,0.0,0.0,0.0,0.0,0.0,0.0,0.0,0.0,0.0,0.0,0.0,0.0,0.0,0.0,0.0,0.0,0.0,0.0,0.0,0.0,0.0,0.0,0.0,0.0,0.0,0.0,0.0,0.0,0.0,0.0,0.0,0.0,0.0,0.0,0.0,0.0,0.0,0.0,0.0,0.0,0.0,0.0,0.0,0.0,0.0,0.0,0.0,0.0,0.0,0.0,0.0,0.0,0.0,0.0,0.0,0.0,0.0,0.0,0.0,0.0,0.0,0.0,0.0,0.0,102052.02305394528,35.8,126.0,2458542.103472222,1743.0,6673190.4,0.073,0.003,0.0,0.0,0.0,0.0,0.0,0.0,0.0,0.0,0.0,0.0,0.0,0.0,0.0,0.0,0.0,0.0,58098.207131141724,48.1,326.0,2458542.152083333,1853.0,6673190.4,0.073,0.003,775497.3626347034,27.0,126.0,2458556.038888889,160289.0,6673190.4,0.073,0.003,804226.8898696478,25.5,226.0,2458556.038888889,159931.0,6673190.4,0.073,0.003
931.1,585621201.7198018,0.7,126.0,2458540.550694444,4500.0,63108.0,75.0,4.0,550897321.1794431,0.6,126.0,2458540.6145833335,4500.0,63108.0,75.0,4.0,524506969.82130706,0.6,126.0,2458540.675,4500.0,63108.0,75.0,4.0,492850677.039353,0.7,126.0,2458540.7333333334,4500.0,63108.0,75.0,4.0,469158994.318759,0.6,126.0,2458540.790972222,4500.0,63108.0,75.0,4.0,443188098.94735706,0.7,126.0,2458540.847916667,4500.0,63108.0,75.0,4.0,310968496.7675575,0.9,126.0,2458540.904166667,3300.0,63108.0,75.0,4.0,591141337.0953839,0.4,226.0,2458540.550694444,6000.0,63108.0,75.0,4.0,548204491.4357516,0.5,226.0,2458540.634722222,6000.0,63108.0,75.0,4.0,511285059.7538141,0.5,226.0,2458540.7138888887,6000.0,63108.0,75.0,4.0,474532061.0765053,0.5,226.0,2458540.790972222,6000.0,63108.0,75.0,4.0,465587721.8449959,0.5,226.0,2458540.8666666667,6300.0,63108.0,75.0,4.0,313264838.1796624,0.6,326.0,2458540.550694444,4500.0,63108.0,75.0,4.0,295454451.7525847,0.7,326.0,2458540.6145833335,4500.0,63108.0,75.0,4.0,278206983.19049156,0.7,326.0,2458540.675,4500.0,63108.0,75.0,4.0,264542099.70220375,0.6,326.0,2458540.7333333334,4500.0,63108.0,75.0,4.0,250255704.6678177,0.7,326.0,2458540.790972222,4500.0,63108.0,75.0,4.0,236469448.55436596,0.7,326.0,2458540.847916667,4500.0,63108.0,75.0,4.0,165629688.0879772,0.7,326.0,2458540.904166667,3300.0,63108.0,75.0,4.0,25834379.969847634,2.8,326.0,2458542.992361111,3902.0,63108.0,75.0,4.0,45702461.936305836,0.8,126.0,2458543.222222222,4351.0,63108.0,75.0,4.0,30396253.47755942,0.7,126.0,2458541.007638889,359.0,63108.0,75.0,4.0,26318067.60915941,0.7,226.0,2458541.013888889,403.0,63108.0,75.0,4.0,20982906.709877606,3.1,126.0,2458543.9381944444,3793.0,63108.0,75.0,4.0,14054933.681649435,1.0,326.0,2458541.019444444,327.0,63108.0,75.0,4.0,16418821.721582072,2.4,226.0,2458543.9381944444,3875.0,63108.0,75.0,4.0,10536908.310358897,3.6,326.0,2458543.9381944444,3940.0,63108.0,75.0,4.0,26370211.167060886,1.6,126.0,2458542.4604166667,1194.0,63108.0,75.0,4.0,20167016.581405308,2.2,226.0,2458542.476388889,1212.0,63108.0,75.0,4.0,13275781.939645424,2.4,326.0,2458542.476388889,1216.0,63108.0,75.0,4.0,20834253.313949894,3.9,126.0,2458546.9,85440.0,63108.0,75.0,4.0,48836324.315900825,1.4,126.0,2458542.9916666667,3761.0,63108.0,75.0,4.0,38789933.757574156,1.4,226.0,2458542.9916666667,3859.0,63108.0,75.0,4.0,9504038.001299338,4.1,326.0,2458546.9,84889.0,63108.0,75.0,4.0,14448106.522505451,7.2,226.0,2458546.9,85534.0,63108.0,75.0,4.0,0.0,0.0,0.0,0.0,0.0,0.0,0.0,0.0,0.0,0.0,0.0,0.0,0.0,0.0,0.0,0.0,0.0,0.0,0.0,0.0,0.0,0.0,0.0,0.0,29824745.910651628,1.6,226.0,2458543.273611111,3852.0,63108.0,75.0,4.0,19034291.396644183,2.4,326.0,2458543.273611111,3724.0,63108.0,75.0,4.0,0.0,0.0,0.0,0.0,0.0,0.0,0.0,0.0,0.0,0.0,0.0,0.0,0.0,0.0,0.0,0.0,0.0,0.0,0.0,0.0,0.0,0.0,0.0,0.0,0.0,0.0,0.0,0.0,0.0,0.0,0.0,0.0,0.0,0.0,0.0,0.0,0.0,0.0,0.0,0.0,51658299.048369944,0.4,126.0,2458542.103472222,1743.0,63108.0,75.0,4.0,38625236.908198744,0.5,226.0,2458542.129166667,1719.0,63108.0,75.0,4.0,0.0,0.0,0.0,0.0,0.0,0.0,0.0,0.0,27473997.513593618,0.6,326.0,2458542.152083333,1853.0,63108.0,75.0,4.0,0.0,0.0,0.0,0.0,0.0,0.0,0.0,0.0,0.0,0.0,0.0,0.0,0.0,0.0,0.0,0.0
935.544,60228157.86892884,3.1,126.0,2458540.550694444,4500.0,483062.4,94.5,1.3,59801691.94454293,2.5,126.0,2458540.6145833335,4500.0,483062.4,94.5,1.3,59893077.49976848,2.3,126.0,2458540.675,4500.0,483062.4,94.5,1.3,59175986.34155974,2.3,126.0,2458540.7333333334,4500.0,483062.4,94.5,1.3,60216655.22720954,2.4,126.0,2458540.790972222,4500.0,483062.4,94.5,1.3,58989375.89809358,2.3,126.0,2458540.847916667,4500.0,483062.4,94.5,1.3,42946133.98071896,2.6,126.0,2458540.904166667,3300.0,483062.4,94.5,1.3,29773452.06104397,3.8,226.0,2458540.550694444,6000.0,483062.4,94.5,1.3,28940626.372221302,3.4,226.0,2458540.634722222,6000.0,483062.4,94.5,1.3,28701352.342049535,3.2,226.0,2458540.7138888887,6000.0,483062.4,94.5,1.3,28427319.60751434,2.9,226.0,2458540.790972222,6000.0,483062.4,94.5,1.3,29646917.18417411,2.9,226.0,2458540.8666666667,6300.0,483062.4,94.5,1.3,3774895.5844918615,18.7,326.0,2458540.550694444,4500.0,483062.4,94.5,1.3,3856867.147852208,16.6,326.0,2458540.6145833335,4500.0,483062.4,94.5,1.3,3741266.2251645396,15.1,326.0,2458540.675,4500.0,483062.4,94.5,1.3,3696751.235986355,13.7,326.0,2458540.7333333334,4500.0,483062.4,94.5,1.3,3936336.023310087,13.0,326.0,2458540.790972222,4500.0,483062.4,94.5,1.3,3812340.3877653484,11.3,326.0,2458540.847916667,4500.0,483062.4,94.5,1.3,2608111.58832238,12.8,326.0,2458540.904166667,3300.0,483062.4,94.5,1.3,2172708.0490595466,17.6,326.0,2458542.992361111,3902.0,483062.4,94.5,1.3,43399190.70707804,0.9,126.0,2458543.222222222,4351.0,483062.4,94.5,1.3,4632021.781333797,2.1,126.0,2458541.007638889,359.0,483062.4,94.5,1.3,1894557.482874087,4.0,226.0,2458541.013888889,403.0,483062.4,94.5,1.3,34778646.51505754,2.4,126.0,2458543.9381944444,3793.0,483062.4,94.5,1.3,0.0,0.0,0.0,0.0,0.0,0.0,0.0,0.0,12948114.333768195,2.9,226.0,2458543.9381944444,3875.0,483062.4,94.5,1.3,2121523.2660219152,11.7,326.0,2458543.9381944444,3940.0,483062.4,94.5,1.3,13296272.32680643,2.4,126.0,2458542.4604166667,1194.0,483062.4,94.5,1.3,4645812.602499851,5.0,226.0,2458542.476388889,1212.0,483062.4,94.5,1.3,711688.4727156663,18.2,326.0,2458542.476388889,1216.0,483062.4,94.5,1.3,519732180.81390977,0.5,126.0,2458546.9,85440.0,483062.4,94.5,1.3,38010123.06585193,1.6,126.0,2458542.9916666667,3761.0,483062.4,94.5,1.3,14493803.998251718,2.4,226.0,2458542.9916666667,3859.0,483062.4,94.5,1.3,29962309.773639917,1.5,326.0,2458546.9,84889.0,483062.4,94.5,1.3,187420839.67558128,0.9,226.0,2458546.9,85534.0,483062.4,94.5,1.3,221621861.1746996,1.2,126.0,2458553.8798611113,85977.0,483062.4,94.5,1.3,84071322.46286789,1.3,226.0,2458553.8798611113,85957.0,483062.4,94.5,1.3,16503450.906735977,6.5,326.0,2458553.8798611113,86074.0,483062.4,94.5,1.3,13983285.041131157,2.4,226.0,2458543.273611111,3852.0,483062.4,94.5,1.3,2227308.6821020218,11.5,326.0,2458543.273611111,3724.0,483062.4,94.5,1.3,39731385.756938055,2.1,226.0,2458559.4430555557,80330.0,483062.4,94.5,1.3,102431764.1551848,0.7,126.0,2458559.4430555557,80151.0,483062.4,94.5,1.3,7350903.846350034,12.9,326.0,2458559.4430555557,80424.0,483062.4,94.5,1.3,201721019.66872108,2.0,126.0,2458565.2472222224,339315.0,483062.4,94.5,1.3,74803942.39116327,2.4,226.0,2458565.2472222224,339012.0,483062.4,94.5,1.3,19516853.68793394,0.7,126.0,2458542.103472222,1743.0,483062.4,94.5,1.3,7043019.105074441,1.3,226.0,2458542.129166667,1719.0,483062.4,94.5,1.3,17459762.408171937,11.1,326.0,2458565.2472222224,339239.0,483062.4,94.5,1.3,1246835.888552303,4.6,326.0,2458542.152083333,1853.0,483062.4,94.5,1.3,292463621.0134129,0.5,126.0,2458556.038888889,160289.0,483062.4,94.5,1.3,88267242.76800072,0.5,226.0,2458556.038888889,159931.0,483062.4,94.5,1.3
944.13,0.0,0.0,0.0,0.0,0.0,0.0,0.0,0.0,0.0,0.0,0.0,0.0,0.0,0.0,0.0,0.0,0.0,0.0,0.0,0.0,0.0,0.0,0.0,0.0,0.0,0.0,0.0,0.0,0.0,0.0,0.0,0.0,0.0,0.0,0.0,0.0,0.0,0.0,0.0,0.0,0.0,0.0,0.0,0.0,0.0,0.0,0.0,0.0,0.0,0.0,0.0,0.0,0.0,0.0,0.0,0.0,0.0,0.0,0.0,0.0,0.0,0.0,0.0,0.0,0.0,0.0,0.0,0.0,0.0,0.0,0.0,0.0,0.0,0.0,0.0,0.0,0.0,0.0,0.0,0.0,0.0,0.0,0.0,0.0,0.0,0.0,0.0,0.0,0.0,0.0,0.0,0.0,0.0,0.0,0.0,0.0,0.0,0.0,0.0,0.0,0.0,0.0,0.0,0.0,0.0,0.0,0.0,0.0,0.0,0.0,0.0,0.0,0.0,0.0,0.0,0.0,0.0,0.0,0.0,0.0,0.0,0.0,0.0,0.0,0.0,0.0,0.0,0.0,0.0,0.0,0.0,0.0,0.0,0.0,0.0,0.0,0.0,0.0,0.0,0.0,0.0,0.0,0.0,0.0,0.0,0.0,0.0,0.0,0.0,0.0,0.0,0.0,0.0,0.0,0.0,0.0,0.0,0.0,0.0,0.0,0.0,0.0,0.0,0.0,0.0,0.0,0.0,0.0,0.0,0.0,0.0,0.0,0.0,0.0,0.0,0.0,0.0,0.0,0.0,0.0,0.0,0.0,0.0,0.0,0.0,0.0,0.0,0.0,0.0,0.0,0.0,0.0,0.0,0.0,0.0,0.0,0.0,0.0,0.0,0.0,0.0,0.0,0.0,0.0,0.0,0.0,0.0,0.0,0.0,0.0,0.0,0.0,0.0,0.0,0.0,0.0,0.0,0.0,0.0,0.0,0.0,0.0,0.0,0.0,0.0,0.0,0.0,0.0,0.0,0.0,0.0,0.0,0.0,0.0,0.0,0.0,0.0,0.0,0.0,0.0,0.0,0.0,0.0,0.0,0.0,0.0,0.0,0.0,0.0,0.0,0.0,0.0,0.0,0.0,0.0,0.0,0.0,0.0,0.0,0.0,0.0,0.0,0.0,0.0,0.0,0.0,0.0,0.0,0.0,0.0,0.0,0.0,0.0,0.0,0.0,0.0,0.0,0.0,0.0,0.0,0.0,0.0,0.0,0.0,0.0,0.0,0.0,0.0,0.0,0.0,0.0,0.0,0.0,0.0,0.0,0.0,0.0,0.0,0.0,0.0,0.0,0.0,0.0,0.0,0.0,0.0,0.0,0.0,0.0,0.0,0.0,0.0,0.0,0.0,0.0,0.0,0.0,0.0,0.0,0.0,0.0,0.0,0.0,0.0,0.0,0.0,0.0,0.0,0.0,0.0,0.0,0.0,0.0,0.0,0.0,0.0,0.0,0.0,0.0,0.0,0.0,0.0,0.0,0.0,0.0,0.0,0.0,0.0,0.0,0.0,0.0,0.0,0.0,0.0,0.0,0.0,0.0,0.0,0.0,0.0,0.0,0.0,0.0,0.0,0.0,0.0,0.0,0.0,0.0,0.0,0.0,0.0,0.0,0.0,0.0,0.0,0.0,0.0,0.0,0.0,0.0,0.0,0.0,0.0,0.0,0.0,0.0,0.0,0.0,0.0,0.0,0.0,832537.6729282285,28.5,126.0,2458556.038888889,160289.0,1380110.4,7.87,0.007,511054.60344493313,44.0,226.0,2458556.038888889,159931.0,1380110.4,7.87,0.007
977.372,0.0,0.0,0.0,0.0,0.0,0.0,0.0,0.0,0.0,0.0,0.0,0.0,0.0,0.0,0.0,0.0,0.0,0.0,0.0,0.0,0.0,0.0,0.0,0.0,0.0,0.0,0.0,0.0,0.0,0.0,0.0,0.0,0.0,0.0,0.0,0.0,0.0,0.0,0.0,0.0,0.0,0.0,0.0,0.0,0.0,0.0,0.0,0.0,0.0,0.0,0.0,0.0,0.0,0.0,0.0,0.0,0.0,0.0,0.0,0.0,0.0,0.0,0.0,0.0,0.0,0.0,0.0,0.0,0.0,0.0,0.0,0.0,0.0,0.0,0.0,0.0,0.0,0.0,0.0,0.0,783284.4681627942,44.4,226.0,2458540.790972222,6000.0,6673190.4,1.421,0.006,711127.8901436998,49.2,226.0,2458540.8666666667,6300.0,6673190.4,1.421,0.006,0.0,0.0,0.0,0.0,0.0,0.0,0.0,0.0,747133.0705323229,51.3,326.0,2458540.6145833335,4500.0,6673190.4,1.421,0.006,602702.9433115526,47.3,326.0,2458540.675,4500.0,6673190.4,1.421,0.006,775540.5115202337,38.4,326.0,2458540.7333333334,4500.0,6673190.4,1.421,0.006,771158.9267093849,32.7,326.0,2458540.790972222,4500.0,6673190.4,1.421,0.006,685784.9005179385,32.5,326.0,2458540.847916667,4500.0,6673190.4,1.421,0.006,528135.4500082213,35.3,326.0,2458540.904166667,3300.0,6673190.4,1.421,0.006,647199.6533739232,37.0,326.0,2458542.992361111,3902.0,6673190.4,1.421,0.006,404425.7089580626,24.9,126.0,2458543.222222222,4351.0,6673190.4,1.421,0.006,0.0,0.0,0.0,0.0,0.0,0.0,0.0,0.0,0.0,0.0,0.0,0.0,0.0,0.0,0.0,0.0,0.0,0.0,0.0,0.0,0.0,0.0,0.0,0.0,0.0,0.0,0.0,0.0,0.0,0.0,0.0,0.0,528085.0622086818,26.7,226.0,2458543.9381944444,3875.0,6673190.4,1.421,0.006,686807.9724886494,29.7,326.0,2458543.9381944444,3940.0,6673190.4,1.421,0.006,0.0,0.0,0.0,0.0,0.0,0.0,0.0,0.0,0.0,0.0,0.0,0.0,0.0,0.0,0.0,0.0,261121.38703847677,34.3,326.0,2458542.476388889,1216.0,6673190.4,1.421,0.006,8744326.987375695,7.3,126.0,2458546.9,85440.0,6673190.4,1.421,0.006,0.0,0.0,0.0,0.0,0.0,0.0,0.0,0.0,472788.95555921475,29.2,226.0,2458542.9916666667,3859.0,6673190.4,1.421,0.006,12774461.080795636,3.1,326.0,2458546.9,84889.0,6673190.4,1.421,0.006,10419621.70973822,7.8,226.0,2458546.9,85534.0,6673190.4,1.421,0.006,8157307.185866247,13.6,126.0,2458553.8798611113,85977.0,6673190.4,1.421,0.006,10391963.553804379,5.8,226.0,2458553.8798611113,85957.0,6673190.4,1.421,0.006,11912480.081443867,6.8,326.0,2458553.8798611113,86074.0,6673190.4,1.421,0.006,496431.3664129812,25.9,226.0,2458543.273611111,3852.0,6673190.4,1.421,0.006,570621.1680043363,32.6,326.0,2458543.273611111,3724.0,6673190.4,1.421,0.006,9116795.350491256,6.2,226.0,2458559.4430555557,80330.0,6673190.4,1.421,0.006,6796709.94923115,4.1,126.0,2458559.4430555557,80151.0,6673190.4,1.421,0.006,11334175.106567198,7.2,326.0,2458559.4430555557,80424.0,6673190.4,1.421,0.006,28927147.84896912,7.7,126.0,2458565.2472222224,339315.0,6673190.4,1.421,0.006,36223979.218858905,3.7,226.0,2458565.2472222224,339012.0,6673190.4,1.421,0.006,136349.1793679724,29.8,126.0,2458542.103472222,1743.0,6673190.4,1.421,0.006,174474.21943767028,19.2,226.0,2458542.129166667,1719.0,6673190.4,1.421,0.006,43924070.04492944,3.8,326.0,2458565.2472222224,339239.0,6673190.4,1.421,0.006,310128.6875657889,11.6,326.0,2458542.152083333,1853.0,6673190.4,1.421,0.006,14286957.577374328,2.0,126.0,2458556.038888889,160289.0,6673190.4,1.421,0.006,15348883.165575461,1.7,226.0,2458556.038888889,159931.0,6673190.4,1.421,0.006
983.525,4054102.321766883,22.5,126.0,2458540.550694444,4500.0,1380110.4,99.98,0.04,4066027.311199053,18.9,126.0,2458540.6145833335,4500.0,1380110.4,99.98,0.04,3606528.8239939036,20.1,126.0,2458540.675,4500.0,1380110.4,99.98,0.04,3387120.611799309,18.8,126.0,2458540.7333333334,4500.0,1380110.4,99.98,0.04,3237861.4330967492,18.6,126.0,2458540.790972222,4500.0,1380110.4,99.98,0.04,3050234.8384840903,19.3,126.0,2458540.847916667,4500.0,1380110.4,99.98,0.04,2078217.536261721,23.3,126.0,2458540.904166667,3300.0,1380110.4,99.98,0.04,3926090.022357354,20.3,226.0,2458540.550694444,6000.0,1380110.4,99.98,0.04,3431887.7574706837,18.4,226.0,2458540.634722222,6000.0,1380110.4,99.98,0.04,3507747.3453900176,16.6,226.0,2458540.7138888887,6000.0,1380110.4,99.98,0.04,3167571.857296041,13.1,226.0,2458540.790972222,6000.0,1380110.4,99.98,0.04,3701947.890463514,10.8,226.0,2458540.8666666667,6300.0,1380110.4,99.98,0.04,2133163.9974686056,25.3,326.0,2458540.550694444,4500.0,1380110.4,99.98,0.04,1978938.3554028976,20.4,326.0,2458540.6145833335,4500.0,1380110.4,99.98,0.04,1650378.1620006803,19.8,326.0,2458540.675,4500.0,1380110.4,99.98,0.04,1623587.0756327752,19.1,326.0,2458540.7333333334,4500.0,1380110.4,99.98,0.04,1643758.9982493408,17.3,326.0,2458540.790972222,4500.0,1380110.4,99.98,0.04,1590651.6769737895,15.5,326.0,2458540.847916667,4500.0,1380110.4,99.98,0.04,0.0,0.0,0.0,0.0,0.0,0.0,0.0,0.0,486063.7639308287,51.4,326.0,2458542.992361111,3902.0,1380110.4,99.98,0.04,684854.7348649779,15.7,126.0,2458543.222222222,4351.0,1380110.4,99.98,0.04,0.0,0.0,0.0,0.0,0.0,0.0,0.0,0.0,0.0,0.0,0.0,0.0,0.0,0.0,0.0,0.0,0.0,0.0,0.0,0.0,0.0,0.0,0.0,0.0,0.0,0.0,0.0,0.0,0.0,0.0,0.0,0.0,489487.18837207026,30.0,226.0,2458543.9381944444,3875.0,1380110.4,99.98,0.04,0.0,0.0,0.0,0.0,0.0,0.0,0.0,0.0,252881.3624282614,41.4,126.0,2458542.4604166667,1194.0,1380110.4,99.98,0.04,215695.83695652534,58.6,226.0,2458542.476388889,1212.0,1380110.4,99.98,0.04,183083.72470333317,44.9,326.0,2458542.476388889,1216.0,1380110.4,99.98,0.04,8124892.289070714,8.0,126.0,2458546.9,85440.0,1380110.4,99.98,0.04,0.0,0.0,0.0,0.0,0.0,0.0,0.0,0.0,509500.341341129,27.1,226.0,2458542.9916666667,3859.0,1380110.4,99.98,0.04,4124936.5509080826,9.4,326.0,2458546.9,84889.0,1380110.4,99.98,0.04,6562710.633474299,11.9,226.0,2458546.9,85534.0,1380110.4,99.98,0.04,5801932.68202056,19.8,126.0,2458553.8798611113,85977.0,1380110.4,99.98,0.04,4829525.775169989,12.0,226.0,2458553.8798611113,85957.0,1380110.4,99.98,0.04,2664758.4835057617,29.6,326.0,2458553.8798611113,86074.0,1380110.4,99.98,0.04,429932.1840618679,30.6,226.0,2458543.273611111,3852.0,1380110.4,99.98,0.04,0.0,0.0,0.0,0.0,0.0,0.0,0.0,0.0,3916963.625046586,14.8,226.0,2458559.4430555557,80330.0,1380110.4,99.98,0.04,4292404.0669389535,6.2,126.0,2458559.4430555557,80151.0,1380110.4,99.98,0.04,2446986.427836551,30.2,326.0,2458559.4430555557,80424.0,1380110.4,99.98,0.04,15706851.278968258,13.9,126.0,2458565.2472222224,339315.0,1380110.4,99.98,0.04,10761179.750972107,11.9,226.0,2458565.2472222224,339012.0,1380110.4,99.98,0.04,0.0,0.0,0.0,0.0,0.0,0.0,0.0,0.0,0.0,0.0,0.0,0.0,0.0,0.0,0.0,0.0,7265206.26761677,21.1,326.0,2458565.2472222224,339239.0,1380110.4,99.98,0.04,272904.4512358478,13.1,326.0,2458542.152083333,1853.0,1380110.4,99.98,0.04,9994252.852384312,2.9,126.0,2458556.038888889,160289.0,1380110.4,99.98,0.04,6846853.7607003795,3.6,226.0,2458556.038888889,159931.0,1380110.4,99.98,0.04
996.948,0.0,0.0,0.0,0.0,0.0,0.0,0.0,0.0,0.0,0.0,0.0,0.0,0.0,0.0,0.0,0.0,0.0,0.0,0.0,0.0,0.0,0.0,0.0,0.0,0.0,0.0,0.0,0.0,0.0,0.0,0.0,0.0,0.0,0.0,0.0,0.0,0.0,0.0,0.0,0.0,0.0,0.0,0.0,0.0,0.0,0.0,0.0,0.0,0.0,0.0,0.0,0.0,0.0,0.0,0.0,0.0,0.0,0.0,0.0,0.0,0.0,0.0,0.0,0.0,0.0,0.0,0.0,0.0,0.0,0.0,0.0,0.0,0.0,0.0,0.0,0.0,0.0,0.0,0.0,0.0,0.0,0.0,0.0,0.0,0.0,0.0,0.0,0.0,0.0,0.0,0.0,0.0,0.0,0.0,0.0,0.0,0.0,0.0,0.0,0.0,0.0,0.0,0.0,0.0,0.0,0.0,0.0,0.0,0.0,0.0,0.0,0.0,0.0,0.0,0.0,0.0,0.0,0.0,0.0,0.0,0.0,0.0,0.0,0.0,0.0,0.0,0.0,0.0,0.0,0.0,0.0,0.0,0.0,0.0,0.0,0.0,0.0,0.0,0.0,0.0,0.0,0.0,0.0,0.0,0.0,0.0,0.0,0.0,0.0,0.0,0.0,0.0,0.0,0.0,0.0,0.0,0.0,0.0,0.0,0.0,0.0,0.0,0.0,0.0,0.0,0.0,0.0,0.0,0.0,0.0,0.0,0.0,0.0,0.0,0.0,0.0,0.0,0.0,0.0,0.0,0.0,0.0,0.0,0.0,0.0,0.0,0.0,0.0,0.0,0.0,0.0,0.0,0.0,0.0,0.0,0.0,0.0,0.0,0.0,0.0,0.0,0.0,0.0,0.0,0.0,0.0,0.0,0.0,0.0,0.0,0.0,0.0,0.0,0.0,0.0,0.0,0.0,0.0,0.0,0.0,0.0,0.0,0.0,0.0,0.0,0.0,0.0,0.0,0.0,0.0,0.0,0.0,0.0,0.0,0.0,0.0,0.0,0.0,0.0,0.0,0.0,0.0,0.0,0.0,0.0,0.0,0.0,0.0,0.0,0.0,0.0,0.0,0.0,0.0,0.0,0.0,0.0,0.0,0.0,0.0,0.0,0.0,0.0,0.0,767976.0993898688,53.6,326.0,2458546.9,84889.0,6673190.4,0.111,0.004,0.0,0.0,0.0,0.0,0.0,0.0,0.0,0.0,0.0,0.0,0.0,0.0,0.0,0.0,0.0,0.0,0.0,0.0,0.0,0.0,0.0,0.0,0.0,0.0,0.0,0.0,0.0,0.0,0.0,0.0,0.0,0.0,0.0,0.0,0.0,0.0,0.0,0.0,0.0,0.0,0.0,0.0,0.0,0.0,0.0,0.0,0.0,0.0,0.0,0.0,0.0,0.0,0.0,0.0,0.0,0.0,0.0,0.0,0.0,0.0,0.0,0.0,0.0,0.0,0.0,0.0,0.0,0.0,0.0,0.0,0.0,0.0,0.0,0.0,0.0,0.0,0.0,0.0,0.0,0.0,0.0,0.0,0.0,0.0,0.0,0.0,0.0,0.0,0.0,0.0,0.0,0.0,0.0,0.0,0.0,0.0,0.0,0.0,0.0,0.0,0.0,0.0,0.0,0.0,0.0,0.0,0.0,0.0,0.0,0.0,0.0,0.0,0.0,0.0,0.0,0.0,0.0,0.0,0.0,0.0,1110448.2739569345,24.9,126.0,2458556.038888889,160289.0,6673190.4,0.111,0.004,1076179.8568123362,24.4,226.0,2458556.038888889,159931.0,6673190.4,0.111,0.004
1037.843,5183041.046326831,19.7,126.0,2458540.550694444,4500.0,6673190.4,14.05,0.04,5160506.0852558445,17.2,126.0,2458540.6145833335,4500.0,6673190.4,14.05,0.04,4929522.734278236,15.4,126.0,2458540.675,4500.0,6673190.4,14.05,0.04,4721074.344371613,15.8,126.0,2458540.7333333334,4500.0,6673190.4,14.05,0.04,5030930.059097674,13.4,126.0,2458540.790972222,4500.0,6673190.4,14.05,0.04,4732341.824907106,13.3,126.0,2458540.847916667,4500.0,6673190.4,14.05,0.04,3549256.36868033,15.4,126.0,2458540.904166667,3300.0,6673190.4,14.05,0.04,9428980.022599591,9.4,226.0,2458540.550694444,6000.0,6673190.4,14.05,0.04,8235959.646166069,8.2,226.0,2458540.634722222,6000.0,6673190.4,14.05,0.04,8276762.504562981,8.1,226.0,2458540.7138888887,6000.0,6673190.4,14.05,0.04,7844680.935299253,7.7,226.0,2458540.790972222,6000.0,6673190.4,14.05,0.04,8071923.834689807,6.9,226.0,2458540.8666666667,6300.0,6673190.4,14.05,0.04,8923220.149988916,7.0,326.0,2458540.550694444,4500.0,6673190.4,14.05,0.04,8380309.719646377,6.5,326.0,2458540.6145833335,4500.0,6673190.4,14.05,0.04,8046950.362554541,6.2,326.0,2458540.675,4500.0,6673190.4,14.05,0.04,8083333.073988919,5.8,326.0,2458540.7333333334,4500.0,6673190.4,14.05,0.04,7886122.020232014,5.3,326.0,2458540.790972222,4500.0,6673190.4,14.05,0.04,7736024.368153645,5.5,326.0,2458540.847916667,4500.0,6673190.4,14.05,0.04,5554901.720863775,6.2,326.0,2458540.904166667,3300.0,6673190.4,14.05,0.04,5954849.098713803,7.9,326.0,2458542.992361111,3902.0,6673190.4,14.05,0.04,4385689.2552399505,3.8,126.0,2458543.222222222,4351.0,6673190.4,14.05,0.04,326136.32055670366,15.8,126.0,2458541.007638889,359.0,6673190.4,14.05,0.04,491940.6444552025,10.2,226.0,2458541.013888889,403.0,6673190.4,14.05,0.04,3560523.8492158228,11.7,126.0,2458543.9381944444,3793.0,6673190.4,14.05,0.04,494456.88114833087,9.3,326.0,2458541.019444444,327.0,6673190.4,14.05,0.04,5043972.954216431,5.3,226.0,2458543.9381944444,3875.0,6673190.4,14.05,0.04,6132345.232024486,5.5,326.0,2458543.9381944444,3940.0,6673190.4,14.05,0.04,1251784.7691678042,12.0,126.0,2458542.4604166667,1194.0,6673190.4,14.05,0.04,1422282.9555252998,11.8,226.0,2458542.476388889,1212.0,6673190.4,14.05,0.04,1892153.2861642847,8.0,326.0,2458542.476388889,1216.0,6673190.4,14.05,0.04,85049212.18551774,1.4,126.0,2458546.9,85440.0,6673190.4,14.05,0.04,3902344.900020163,7.5,126.0,2458542.9916666667,3761.0,6673190.4,14.05,0.04,4673879.274989718,5.4,226.0,2458542.9916666667,3859.0,6673190.4,14.05,0.04,129645516.55505417,0.8,326.0,2458546.9,84889.0,6673190.4,14.05,0.04,101587177.84022778,1.5,226.0,2458546.9,85534.0,6673190.4,14.05,0.04,78906166.19005826,2.5,126.0,2458553.8798611113,85977.0,6673190.4,14.05,0.04,100408471.72935809,1.3,226.0,2458553.8798611113,85957.0,6673190.4,14.05,0.04,123786317.42890346,1.3,326.0,2458553.8798611113,86074.0,6673190.4,14.05,0.04,4554572.907468708,5.3,226.0,2458543.273611111,3852.0,6673190.4,14.05,0.04,5733451.665192778,5.1,326.0,2458543.273611111,3724.0,6673190.4,14.05,0.04,88960926.85534528,1.4,226.0,2458559.4430555557,80330.0,6673190.4,14.05,0.04,68848967.59697917,1.0,126.0,2458559.4430555557,80151.0,6673190.4,14.05,0.04,111342393.49251974,1.4,326.0,2458559.4430555557,80424.0,6673190.4,14.05,0.04,276954671.56242067,1.3,126.0,2458565.2472222224,339315.0,6673190.4,14.05,0.04,349630386.55137575,0.8,226.0,2458565.2472222224,339012.0,6673190.4,14.05,0.04,1618669.644870619,3.6,126.0,2458542.103472222,1743.0,6673190.4,14.05,0.04,2069668.8270269947,2.6,226.0,2458542.129166667,1719.0,6673190.4,14.05,0.04,434292305.2602477,0.8,326.0,2458565.2472222224,339239.0,6673190.4,14.05,0.04,2947845.3768521,1.9,326.0,2458542.152083333,1853.0,6673190.4,14.05,0.04,142942692.72004163,0.6,126.0,2458556.038888889,160289.0,6673190.4,14.05,0.04,146069598.27611226,0.6,226.0,2458556.038888889,159931.0,6673190.4,14.05,0.04
1099.245,0.0,0.0,0.0,0.0,0.0,0.0,0.0,0.0,0.0,0.0,0.0,0.0,0.0,0.0,0.0,0.0,0.0,0.0,0.0,0.0,0.0,0.0,0.0,0.0,0.0,0.0,0.0,0.0,0.0,0.0,0.0,0.0,0.0,0.0,0.0,0.0,0.0,0.0,0.0,0.0,0.0,0.0,0.0,0.0,0.0,0.0,0.0,0.0,0.0,0.0,0.0,0.0,0.0,0.0,0.0,0.0,0.0,0.0,0.0,0.0,0.0,0.0,0.0,0.0,0.0,0.0,0.0,0.0,0.0,0.0,0.0,0.0,0.0,0.0,0.0,0.0,0.0,0.0,0.0,0.0,0.0,0.0,0.0,0.0,0.0,0.0,0.0,0.0,0.0,0.0,0.0,0.0,0.0,0.0,0.0,0.0,0.0,0.0,0.0,0.0,0.0,0.0,0.0,0.0,0.0,0.0,0.0,0.0,0.0,0.0,0.0,0.0,0.0,0.0,0.0,0.0,0.0,0.0,0.0,0.0,0.0,0.0,0.0,0.0,0.0,0.0,0.0,0.0,0.0,0.0,0.0,0.0,0.0,0.0,0.0,0.0,0.0,0.0,0.0,0.0,0.0,0.0,0.0,0.0,0.0,0.0,0.0,0.0,0.0,0.0,0.0,0.0,0.0,0.0,0.0,0.0,0.0,0.0,0.0,0.0,0.0,0.0,0.0,0.0,0.0,0.0,0.0,0.0,0.0,0.0,0.0,0.0,0.0,0.0,0.0,0.0,0.0,0.0,0.0,0.0,0.0,0.0,0.0,0.0,0.0,0.0,0.0,0.0,0.0,0.0,0.0,0.0,0.0,0.0,0.0,0.0,0.0,0.0,0.0,0.0,0.0,0.0,0.0,0.0,0.0,0.0,0.0,0.0,0.0,0.0,0.0,0.0,0.0,0.0,0.0,0.0,0.0,0.0,0.0,0.0,0.0,0.0,0.0,0.0,0.0,0.0,0.0,0.0,0.0,0.0,0.0,0.0,0.0,0.0,0.0,0.0,0.0,0.0,0.0,0.0,0.0,0.0,0.0,0.0,0.0,0.0,0.0,0.0,0.0,0.0,0.0,0.0,0.0,0.0,0.0,0.0,0.0,0.0,0.0,0.0,0.0,0.0,0.0,0.0,1044381.3896730804,32.4,326.0,2458546.9,84889.0,3843936.0,56.5,0.9,0.0,0.0,0.0,0.0,0.0,0.0,0.0,0.0,0.0,0.0,0.0,0.0,0.0,0.0,0.0,0.0,0.0,0.0,0.0,0.0,0.0,0.0,0.0,0.0,0.0,0.0,0.0,0.0,0.0,0.0,0.0,0.0,0.0,0.0,0.0,0.0,0.0,0.0,0.0,0.0,0.0,0.0,0.0,0.0,0.0,0.0,0.0,0.0,0.0,0.0,0.0,0.0,0.0,0.0,0.0,0.0,601728.1775816572,48.0,126.0,2458559.4430555557,80151.0,3843936.0,56.5,0.9,0.0,0.0,0.0,0.0,0.0,0.0,0.0,0.0,0.0,0.0,0.0,0.0,0.0,0.0,0.0,0.0,2673467.619816688,44.4,226.0,2458565.2472222224,339012.0,3843936.0,56.5,0.9,0.0,0.0,0.0,0.0,0.0,0.0,0.0,0.0,0.0,0.0,0.0,0.0,0.0,0.0,0.0,0.0,0.0,0.0,0.0,0.0,0.0,0.0,0.0,0.0,0.0,0.0,0.0,0.0,0.0,0.0,0.0,0.0,1258962.8068936127,16.4,126.0,2458556.038888889,160289.0,3843936.0,56.5,0.9,1248084.7264572529,14.6,226.0,2458556.038888889,159931.0,3843936.0,56.5,0.9
1140.368,0.0,0.0,0.0,0.0,0.0,0.0,0.0,0.0,0.0,0.0,0.0,0.0,0.0,0.0,0.0,0.0,0.0,0.0,0.0,0.0,0.0,0.0,0.0,0.0,0.0,0.0,0.0,0.0,0.0,0.0,0.0,0.0,0.0,0.0,0.0,0.0,0.0,0.0,0.0,0.0,0.0,0.0,0.0,0.0,0.0,0.0,0.0,0.0,0.0,0.0,0.0,0.0,0.0,0.0,0.0,0.0,0.0,0.0,0.0,0.0,0.0,0.0,0.0,0.0,0.0,0.0,0.0,0.0,0.0,0.0,0.0,0.0,0.0,0.0,0.0,0.0,0.0,0.0,0.0,0.0,0.0,0.0,0.0,0.0,0.0,0.0,0.0,0.0,0.0,0.0,0.0,0.0,0.0,0.0,0.0,0.0,0.0,0.0,0.0,0.0,0.0,0.0,0.0,0.0,0.0,0.0,0.0,0.0,0.0,0.0,0.0,0.0,0.0,0.0,0.0,0.0,0.0,0.0,0.0,0.0,0.0,0.0,0.0,0.0,0.0,0.0,0.0,0.0,0.0,0.0,0.0,0.0,0.0,0.0,0.0,0.0,0.0,0.0,0.0,0.0,0.0,0.0,0.0,0.0,0.0,0.0,0.0,0.0,0.0,0.0,0.0,0.0,0.0,0.0,0.0,0.0,0.0,0.0,0.0,0.0,0.0,0.0,0.0,0.0,0.0,0.0,0.0,0.0,0.0,0.0,0.0,0.0,0.0,0.0,0.0,0.0,0.0,0.0,0.0,0.0,0.0,0.0,0.0,0.0,0.0,0.0,0.0,0.0,0.0,0.0,0.0,0.0,0.0,0.0,0.0,0.0,0.0,0.0,0.0,0.0,0.0,0.0,0.0,0.0,0.0,0.0,0.0,0.0,0.0,0.0,0.0,0.0,0.0,0.0,0.0,0.0,0.0,0.0,0.0,0.0,0.0,0.0,0.0,0.0,0.0,0.0,0.0,0.0,0.0,0.0,0.0,0.0,0.0,0.0,0.0,0.0,0.0,0.0,0.0,0.0,0.0,0.0,0.0,0.0,0.0,0.0,0.0,0.0,0.0,0.0,0.0,0.0,0.0,0.0,0.0,0.0,0.0,0.0,0.0,0.0,0.0,0.0,0.0,0.0,1349407.3632754174,23.4,326.0,2458546.9,84889.0,6673190.4,0.132,0.003,0.0,0.0,0.0,0.0,0.0,0.0,0.0,0.0,0.0,0.0,0.0,0.0,0.0,0.0,0.0,0.0,1073873.6145160438,58.9,226.0,2458553.8798611113,85957.0,6673190.4,0.132,0.003,0.0,0.0,0.0,0.0,0.0,0.0,0.0,0.0,0.0,0.0,0.0,0.0,0.0,0.0,0.0,0.0,0.0,0.0,0.0,0.0,0.0,0.0,0.0,0.0,0.0,0.0,0.0,0.0,0.0,0.0,0.0,0.0,668129.2999428165,42.3,126.0,2458559.4430555557,80151.0,6673190.4,0.132,0.003,0.0,0.0,0.0,0.0,0.0,0.0,0.0,0.0,0.0,0.0,0.0,0.0,0.0,0.0,0.0,0.0,2358657.4044621023,49.9,226.0,2458565.2472222224,339012.0,6673190.4,0.132,0.003,0.0,0.0,0.0,0.0,0.0,0.0,0.0,0.0,0.0,0.0,0.0,0.0,0.0,0.0,0.0,0.0,4196188.786659369,38.5,326.0,2458565.2472222224,339239.0,6673190.4,0.132,0.003,0.0,0.0,0.0,0.0,0.0,0.0,0.0,0.0,1266032.831485884,19.3,126.0,2458556.038888889,160289.0,6673190.4,0.132,0.003,1407880.5673412893,15.8,226.0,2458556.038888889,159931.0,6673190.4,0.132,0.003
1159.944,0.0,0.0,0.0,0.0,0.0,0.0,0.0,0.0,0.0,0.0,0.0,0.0,0.0,0.0,0.0,0.0,0.0,0.0,0.0,0.0,0.0,0.0,0.0,0.0,0.0,0.0,0.0,0.0,0.0,0.0,0.0,0.0,0.0,0.0,0.0,0.0,0.0,0.0,0.0,0.0,0.0,0.0,0.0,0.0,0.0,0.0,0.0,0.0,0.0,0.0,0.0,0.0,0.0,0.0,0.0,0.0,0.0,0.0,0.0,0.0,0.0,0.0,0.0,0.0,0.0,0.0,0.0,0.0,0.0,0.0,0.0,0.0,0.0,0.0,0.0,0.0,0.0,0.0,0.0,0.0,0.0,0.0,0.0,0.0,0.0,0.0,0.0,0.0,0.0,0.0,0.0,0.0,0.0,0.0,0.0,0.0,0.0,0.0,0.0,0.0,0.0,0.0,0.0,0.0,0.0,0.0,0.0,0.0,0.0,0.0,0.0,0.0,0.0,0.0,0.0,0.0,0.0,0.0,0.0,0.0,0.0,0.0,0.0,0.0,0.0,0.0,0.0,0.0,0.0,0.0,0.0,0.0,0.0,0.0,0.0,0.0,0.0,0.0,0.0,0.0,0.0,0.0,0.0,0.0,0.0,0.0,0.0,0.0,0.0,0.0,0.0,0.0,0.0,0.0,0.0,0.0,0.0,0.0,0.0,0.0,0.0,0.0,0.0,0.0,0.0,0.0,0.0,0.0,0.0,0.0,0.0,0.0,0.0,0.0,0.0,0.0,0.0,0.0,0.0,0.0,0.0,0.0,0.0,0.0,0.0,0.0,0.0,0.0,0.0,0.0,0.0,0.0,0.0,0.0,0.0,0.0,0.0,0.0,0.0,0.0,0.0,0.0,0.0,0.0,0.0,0.0,0.0,0.0,0.0,0.0,0.0,0.0,0.0,0.0,0.0,0.0,0.0,0.0,0.0,0.0,0.0,0.0,0.0,0.0,0.0,0.0,0.0,0.0,0.0,0.0,0.0,0.0,0.0,0.0,0.0,0.0,0.0,0.0,0.0,0.0,0.0,0.0,0.0,0.0,0.0,0.0,0.0,0.0,0.0,0.0,0.0,0.0,0.0,0.0,0.0,0.0,0.0,0.0,0.0,0.0,0.0,0.0,0.0,0.0,877740.7514495774,33.2,326.0,2458546.9,84889.0,6673190.4,0.094,0.006,0.0,0.0,0.0,0.0,0.0,0.0,0.0,0.0,0.0,0.0,0.0,0.0,0.0,0.0,0.0,0.0,0.0,0.0,0.0,0.0,0.0,0.0,0.0,0.0,0.0,0.0,0.0,0.0,0.0,0.0,0.0,0.0,0.0,0.0,0.0,0.0,0.0,0.0,0.0,0.0,0.0,0.0,0.0,0.0,0.0,0.0,0.0,0.0,0.0,0.0,0.0,0.0,0.0,0.0,0.0,0.0,0.0,0.0,0.0,0.0,0.0,0.0,0.0,0.0,0.0,0.0,0.0,0.0,0.0,0.0,0.0,0.0,0.0,0.0,0.0,0.0,0.0,0.0,0.0,0.0,2068581.2496640158,55.6,226.0,2458565.2472222224,339012.0,6673190.4,0.094,0.006,0.0,0.0,0.0,0.0,0.0,0.0,0.0,0.0,0.0,0.0,0.0,0.0,0.0,0.0,0.0,0.0,2792280.0065815896,53.9,326.0,2458565.2472222224,339239.0,6673190.4,0.094,0.006,0.0,0.0,0.0,0.0,0.0,0.0,0.0,0.0,869271.2504546345,29.2,126.0,2458556.038888889,160289.0,6673190.4,0.094,0.006,1024954.607514998,21.5,226.0,2458556.038888889,159931.0,6673190.4,0.094,0.006
1175.101,0.0,0.0,0.0,0.0,0.0,0.0,0.0,0.0,0.0,0.0,0.0,0.0,0.0,0.0,0.0,0.0,0.0,0.0,0.0,0.0,0.0,0.0,0.0,0.0,0.0,0.0,0.0,0.0,0.0,0.0,0.0,0.0,0.0,0.0,0.0,0.0,0.0,0.0,0.0,0.0,0.0,0.0,0.0,0.0,0.0,0.0,0.0,0.0,0.0,0.0,0.0,0.0,0.0,0.0,0.0,0.0,0.0,0.0,0.0,0.0,0.0,0.0,0.0,0.0,1467627.1205632968,55.1,226.0,2458540.634722222,6000.0,6673190.4,2.252,0.006,1544049.8174385137,44.9,226.0,2458540.7138888887,6000.0,6673190.4,2.252,0.006,1192164.6859729183,53.8,226.0,2458540.790972222,6000.0,6673190.4,2.252,0.006,1202437.071550622,51.0,226.0,2458540.8666666667,6300.0,6673190.4,2.252,0.006,1277355.679407757,52.2,326.0,2458540.550694444,4500.0,6673190.4,2.252,0.006,1251132.2202252091,42.7,326.0,2458540.6145833335,4500.0,6673190.4,2.252,0.006,1243397.3484623565,38.7,326.0,2458540.675,4500.0,6673190.4,2.252,0.006,1175289.664295431,40.0,326.0,2458540.7333333334,4500.0,6673190.4,2.252,0.006,1507227.4581150834,27.2,326.0,2458540.790972222,4500.0,6673190.4,2.252,0.006,1209439.017516956,32.1,326.0,2458540.847916667,4500.0,6673190.4,2.252,0.006,890753.1424908899,34.7,326.0,2458540.904166667,3300.0,6673190.4,2.252,0.006,1092646.8471230802,31.5,326.0,2458542.992361111,3902.0,6673190.4,2.252,0.006,697807.9691205993,21.1,126.0,2458543.222222222,4351.0,6673190.4,2.252,0.006,0.0,0.0,0.0,0.0,0.0,0.0,0.0,0.0,0.0,0.0,0.0,0.0,0.0,0.0,0.0,0.0,0.0,0.0,0.0,0.0,0.0,0.0,0.0,0.0,79779.51362863516,47.9,326.0,2458541.019444444,327.0,6673190.4,2.252,0.006,741800.0574158853,27.2,226.0,2458543.9381944444,3875.0,6673190.4,2.252,0.006,1068117.1327628226,22.0,326.0,2458543.9381944444,3940.0,6673190.4,2.252,0.006,0.0,0.0,0.0,0.0,0.0,0.0,0.0,0.0,299973.2068059157,48.3,226.0,2458542.476388889,1212.0,6673190.4,2.252,0.006,287213.55646538344,34.6,326.0,2458542.476388889,1216.0,6673190.4,2.252,0.006,14820334.635879718,7.1,126.0,2458546.9,85440.0,6673190.4,2.252,0.006,742870.3274066537,38.0,126.0,2458542.9916666667,3761.0,6673190.4,2.252,0.006,885184.4505634533,21.8,226.0,2458542.9916666667,3859.0,6673190.4,2.252,0.006,21422656.15003247,1.9,326.0,2458546.9,84889.0,6673190.4,2.252,0.006,17164070.086470604,6.5,226.0,2458546.9,85534.0,6673190.4,2.252,0.006,12912590.275294986,11.3,126.0,2458553.8798611113,85977.0,6673190.4,2.252,0.006,17257299.22305195,5.0,226.0,2458553.8798611113,85957.0,6673190.4,2.252,0.006,21075331.58896984,5.7,326.0,2458553.8798611113,86074.0,6673190.4,2.252,0.006,816780.7213444525,23.1,226.0,2458543.273611111,3852.0,6673190.4,2.252,0.006,1021938.1172512955,19.9,326.0,2458543.273611111,3724.0,6673190.4,2.252,0.006,14663610.994129507,5.2,226.0,2458559.4430555557,80330.0,6673190.4,2.252,0.006,11138300.622897355,3.4,126.0,2458559.4430555557,80151.0,6673190.4,2.252,0.006,19204310.08089891,5.2,326.0,2458559.4430555557,80424.0,6673190.4,2.252,0.006,49652625.04955459,6.0,126.0,2458565.2472222224,339315.0,6673190.4,2.252,0.006,59359676.42546975,2.5,226.0,2458565.2472222224,339012.0,6673190.4,2.252,0.006,237054.92815661596,21.7,126.0,2458542.103472222,1743.0,6673190.4,2.252,0.006,323991.4487198959,12.7,226.0,2458542.129166667,1719.0,6673190.4,2.252,0.006,75658296.90403326,2.8,326.0,2458565.2472222224,339239.0,6673190.4,2.252,0.006,475758.430867366,8.3,326.0,2458542.152083333,1853.0,6673190.4,2.252,0.006,23388006.234571725,1.6,126.0,2458556.038888889,160289.0,6673190.4,2.252,0.006,24918912.35070821,1.5,226.0,2458556.038888889,159931.0,6673190.4,2.252,0.006
1198.888,0.0,0.0,0.0,0.0,0.0,0.0,0.0,0.0,0.0,0.0,0.0,0.0,0.0,0.0,0.0,0.0,0.0,0.0,0.0,0.0,0.0,0.0,0.0,0.0,0.0,0.0,0.0,0.0,0.0,0.0,0.0,0.0,0.0,0.0,0.0,0.0,0.0,0.0,0.0,0.0,0.0,0.0,0.0,0.0,0.0,0.0,0.0,0.0,0.0,0.0,0.0,0.0,0.0,0.0,0.0,0.0,0.0,0.0,0.0,0.0,0.0,0.0,0.0,0.0,0.0,0.0,0.0,0.0,0.0,0.0,0.0,0.0,0.0,0.0,0.0,0.0,0.0,0.0,0.0,0.0,0.0,0.0,0.0,0.0,0.0,0.0,0.0,0.0,0.0,0.0,0.0,0.0,0.0,0.0,0.0,0.0,0.0,0.0,0.0,0.0,0.0,0.0,0.0,0.0,0.0,0.0,0.0,0.0,0.0,0.0,0.0,0.0,0.0,0.0,0.0,0.0,0.0,0.0,0.0,0.0,0.0,0.0,0.0,0.0,0.0,0.0,0.0,0.0,0.0,0.0,0.0,0.0,0.0,0.0,0.0,0.0,0.0,0.0,0.0,0.0,0.0,0.0,0.0,0.0,0.0,0.0,0.0,0.0,0.0,0.0,0.0,0.0,0.0,0.0,0.0,0.0,0.0,0.0,0.0,0.0,0.0,0.0,0.0,0.0,0.0,0.0,0.0,0.0,0.0,0.0,0.0,0.0,0.0,0.0,0.0,0.0,0.0,0.0,0.0,0.0,0.0,0.0,0.0,0.0,0.0,0.0,0.0,0.0,0.0,0.0,0.0,0.0,0.0,0.0,0.0,0.0,0.0,0.0,0.0,0.0,0.0,0.0,0.0,0.0,0.0,0.0,0.0,0.0,0.0,0.0,0.0,0.0,0.0,0.0,0.0,0.0,0.0,0.0,0.0,0.0,0.0,0.0,0.0,0.0,0.0,0.0,0.0,0.0,0.0,0.0,0.0,0.0,0.0,0.0,0.0,0.0,0.0,0.0,0.0,0.0,0.0,0.0,0.0,0.0,0.0,0.0,0.0,0.0,0.0,0.0,0.0,0.0,0.0,0.0,0.0,0.0,0.0,0.0,0.0,0.0,0.0,0.0,0.0,0.0,0.0,0.0,0.0,0.0,0.0,0.0,0.0,0.0,0.0,0.0,0.0,0.0,0.0,0.0,0.0,0.0,0.0,0.0,0.0,0.0,0.0,0.0,0.0,0.0,0.0,0.0,0.0,0.0,0.0,0.0,0.0,0.0,0.0,0.0,0.0,0.0,0.0,0.0,0.0,0.0,0.0,0.0,0.0,0.0,0.0,0.0,0.0,0.0,0.0,0.0,0.0,0.0,0.0,0.0,0.0,0.0,0.0,0.0,0.0,0.0,0.0,0.0,0.0,0.0,0.0,0.0,0.0,0.0,0.0,0.0,0.0,0.0,0.0,0.0,0.0,0.0,0.0,0.0,0.0,0.0,0.0,0.0,0.0,0.0,0.0,0.0,0.0,0.0,0.0,0.0,0.0,0.0,0.0,0.0,0.0,0.0,0.0,0.0,0.0,0.0,0.0,0.0,0.0,0.0,0.0,0.0,0.0,0.0,0.0,0.0,0.0,0.0,3000452.425509807,45.7,326.0,2458565.2472222224,339239.0,6673190.4,0.049,0.005,0.0,0.0,0.0,0.0,0.0,0.0,0.0,0.0,620905.3320247172,43.7,126.0,2458556.038888889,160289.0,6673190.4,0.049,0.005,500634.9521874991,45.1,226.0,2458556.038888889,159931.0,6673190.4,0.049,0.005
1238.288,26524549.432020083,4.7,126.0,2458540.550694444,4500.0,6673190.4,66.46,0.12,25450679.858283278,4.3,126.0,2458540.6145833335,4500.0,6673190.4,66.46,0.12,24729487.394078746,4.4,126.0,2458540.675,4500.0,6673190.4,66.46,0.12,24601425.180808783,3.9,126.0,2458540.7333333334,4500.0,6673190.4,66.46,0.12,23327543.16459704,4.4,126.0,2458540.790972222,4500.0,6673190.4,66.46,0.12,23826311.78470111,3.8,126.0,2458540.847916667,4500.0,6673190.4,66.46,0.12,18501619.75926578,4.4,126.0,2458540.904166667,3300.0,6673190.4,66.46,0.12,40663578.76187997,3.1,226.0,2458540.550694444,6000.0,6673190.4,66.46,0.12,38278145.77217052,2.9,226.0,2458540.634722222,6000.0,6673190.4,66.46,0.12,38255135.16455274,2.3,226.0,2458540.7138888887,6000.0,6673190.4,66.46,0.12,37630013.65760316,2.2,226.0,2458540.790972222,6000.0,6673190.4,66.46,0.12,39413335.7479808,2.1,226.0,2458540.8666666667,6300.0,6673190.4,66.46,0.12,39267838.91865006,2.4,326.0,2458540.550694444,4500.0,6673190.4,66.46,0.12,38117183.31287942,2.2,326.0,2458540.6145833335,4500.0,6673190.4,66.46,0.12,37057152.134293586,2.2,326.0,2458540.675,4500.0,6673190.4,66.46,0.12,37567944.360244274,2.1,326.0,2458540.7333333334,4500.0,6673190.4,66.46,0.12,36686415.84126486,1.9,326.0,2458540.790972222,4500.0,6673190.4,66.46,0.12,36181116.004840516,1.9,326.0,2458540.847916667,4500.0,6673190.4,66.46,0.12,26841307.61527979,2.1,326.0,2458540.904166667,3300.0,6673190.4,66.46,0.12,30087813.689738806,3.1,326.0,2458542.992361111,3902.0,6673190.4,66.46,0.12,20955257.611884817,1.7,126.0,2458543.222222222,4351.0,6673190.4,66.46,0.12,1697483.2745807644,3.9,126.0,2458541.007638889,359.0,6673190.4,66.46,0.12,2424141.9345125575,3.0,226.0,2458541.013888889,403.0,6673190.4,66.46,0.12,18865586.049611993,3.9,126.0,2458543.9381944444,3793.0,6673190.4,66.46,0.12,2497886.5502093546,3.0,326.0,2458541.019444444,327.0,6673190.4,66.46,0.12,23944116.54555903,2.1,226.0,2458543.9381944444,3875.0,6673190.4,66.46,0.12,30316419.310863584,2.1,326.0,2458543.9381944444,3940.0,6673190.4,66.46,0.12,5706290.751665005,4.6,126.0,2458542.4604166667,1194.0,6673190.4,66.46,0.12,6945404.713469455,4.6,226.0,2458542.476388889,1212.0,6673190.4,66.46,0.12,9045452.658529831,3.2,326.0,2458542.476388889,1216.0,6673190.4,66.46,0.12,412998394.4674832,0.7,126.0,2458546.9,85440.0,6673190.4,66.46,0.12,17973876.690511193,2.8,126.0,2458542.9916666667,3761.0,6673190.4,66.46,0.12,23376738.209301196,2.0,226.0,2458542.9916666667,3859.0,6673190.4,66.46,0.12,616329918.3292048,0.5,326.0,2458546.9,84889.0,6673190.4,66.46,0.12,497980229.65883154,0.5,226.0,2458546.9,85534.0,6673190.4,66.46,0.12,394370955.82309663,0.9,126.0,2458553.8798611113,85977.0,6673190.4,66.46,0.12,485050295.7880387,0.6,226.0,2458553.8798611113,85957.0,6673190.4,66.46,0.12,601987059.6315794,0.6,326.0,2458553.8798611113,86074.0,6673190.4,66.46,0.12,22671800.066284493,2.1,226.0,2458543.273611111,3852.0,6673190.4,66.46,0.12,27833681.325791135,2.2,326.0,2458543.273611111,3724.0,6673190.4,66.46,0.12,427426761.78257537,0.6,226.0,2458559.4430555557,80330.0,6673190.4,66.46,0.12,330310459.8816296,0.7,126.0,2458559.4430555557,80151.0,6673190.4,66.46,0.12,536617879.7259918,0.6,326.0,2458559.4430555557,80424.0,6673190.4,66.46,0.12,1395938785.6909933,0.7,126.0,2458565.2472222224,339315.0,6673190.4,66.46,0.12,1686374387.113813,0.4,226.0,2458565.2472222224,339012.0,6673190.4,66.46,0.12,8061240.619678859,1.1,126.0,2458542.103472222,1743.0,6673190.4,66.46,0.12,9909359.258439602,0.9,226.0,2458542.129166667,1719.0,6673190.4,66.46,0.12,2123817617.7187338,0.3,326.0,2458565.2472222224,339239.0,6673190.4,66.46,0.12,13928915.681915868,0.8,326.0,2458542.152083333,1853.0,6673190.4,66.46,0.12,690152642.7864192,0.4,126.0,2458556.038888889,160289.0,6673190.4,66.46,0.12,735199520.3213567,0.5,226.0,2458556.038888889,159931.0,6673190.4,66.46,0.12
1246.278,2659811.8557752473,38.9,126.0,2458540.550694444,4500.0,483062.4,4.21,0.07,2530476.727190211,33.1,126.0,2458540.6145833335,4500.0,483062.4,4.21,0.07,2917411.1600989494,25.9,126.0,2458540.675,4500.0,483062.4,4.21,0.07,3141563.4929182134,21.4,126.0,2458540.7333333334,4500.0,483062.4,4.21,0.07,3087535.1508739465,21.3,126.0,2458540.790972222,4500.0,483062.4,4.21,0.07,3168183.998921792,19.4,126.0,2458540.847916667,4500.0,483062.4,4.21,0.07,1662518.9273936637,30.2,126.0,2458540.904166667,3300.0,483062.4,4.21,0.07,0.0,0.0,0.0,0.0,0.0,0.0,0.0,0.0,0.0,0.0,0.0,0.0,0.0,0.0,0.0,0.0,1602341.2498500715,36.4,226.0,2458540.7138888887,6000.0,483062.4,4.21,0.07,1204551.6864756693,42.8,226.0,2458540.790972222,6000.0,483062.4,4.21,0.07,1158222.7754573743,42.6,226.0,2458540.8666666667,6300.0,483062.4,4.21,0.07,0.0,0.0,0.0,0.0,0.0,0.0,0.0,0.0,0.0,0.0,0.0,0.0,0.0,0.0,0.0,0.0,0.0,0.0,0.0,0.0,0.0,0.0,0.0,0.0,0.0,0.0,0.0,0.0,0.0,0.0,0.0,0.0,0.0,0.0,0.0,0.0,0.0,0.0,0.0,0.0,0.0,0.0,0.0,0.0,0.0,0.0,0.0,0.0,0.0,0.0,0.0,0.0,0.0,0.0,0.0,0.0,0.0,0.0,0.0,0.0,0.0,0.0,0.0,0.0,1996484.3287418652,7.2,126.0,2458543.222222222,4351.0,483062.4,4.21,0.07,211143.64915507566,22.8,126.0,2458541.007638889,359.0,483062.4,4.21,0.07,103477.10948628807,42.6,226.0,2458541.013888889,403.0,483062.4,4.21,0.07,1703233.6766359573,21.6,126.0,2458543.9381944444,3793.0,483062.4,4.21,0.07,0.0,0.0,0.0,0.0,0.0,0.0,0.0,0.0,757218.2448193335,23.9,226.0,2458543.9381944444,3875.0,483062.4,4.21,0.07,0.0,0.0,0.0,0.0,0.0,0.0,0.0,0.0,592329.7748892705,20.6,126.0,2458542.4604166667,1194.0,483062.4,4.21,0.07,0.0,0.0,0.0,0.0,0.0,0.0,0.0,0.0,0.0,0.0,0.0,0.0,0.0,0.0,0.0,0.0,24929117.450382434,4.2,126.0,2458546.9,85440.0,483062.4,4.21,0.07,1951609.5540412823,13.6,126.0,2458542.9916666667,3761.0,483062.4,4.21,0.07,679540.060532954,24.7,226.0,2458542.9916666667,3859.0,483062.4,4.21,0.07,1417390.855087027,20.8,326.0,2458546.9,84889.0,483062.4,4.21,0.07,8548394.041368814,12.1,226.0,2458546.9,85534.0,483062.4,4.21,0.07,10761381.64096822,14.6,126.0,2458553.8798611113,85977.0,483062.4,4.21,0.07,4200304.808292692,18.9,226.0,2458553.8798611113,85957.0,483062.4,4.21,0.07,0.0,0.0,0.0,0.0,0.0,0.0,0.0,0.0,776558.2393177708,21.0,226.0,2458543.273611111,3852.0,483062.4,4.21,0.07,0.0,0.0,0.0,0.0,0.0,0.0,0.0,0.0,1588931.095242301,36.7,226.0,2458559.4430555557,80330.0,483062.4,4.21,0.07,4981878.508993879,8.6,126.0,2458559.4430555557,80151.0,483062.4,4.21,0.07,0.0,0.0,0.0,0.0,0.0,0.0,0.0,0.0,9573965.633925699,26.6,126.0,2458565.2472222224,339315.0,483062.4,4.21,0.07,4048940.697446357,28.9,226.0,2458565.2472222224,339012.0,483062.4,4.21,0.07,946540.7639893985,4.9,126.0,2458542.103472222,1743.0,483062.4,4.21,0.07,360652.8857858876,11.3,226.0,2458542.129166667,1719.0,483062.4,4.21,0.07,0.0,0.0,0.0,0.0,0.0,0.0,0.0,0.0,77326.90283313536,40.9,326.0,2458542.152083333,1853.0,483062.4,4.21,0.07,15236782.318141725,2.0,126.0,2458556.038888889,160289.0,483062.4,4.21,0.07,4775740.513376352,4.5,226.0,2458556.038888889,159931.0,483062.4,4.21,0.07
1291.59,0.0,0.0,0.0,0.0,0.0,0.0,0.0,0.0,0.0,0.0,0.0,0.0,0.0,0.0,0.0,0.0,0.0,0.0,0.0,0.0,0.0,0.0,0.0,0.0,0.0,0.0,0.0,0.0,0.0,0.0,0.0,0.0,0.0,0.0,0.0,0.0,0.0,0.0,0.0,0.0,0.0,0.0,0.0,0.0,0.0,0.0,0.0,0.0,0.0,0.0,0.0,0.0,0.0,0.0,0.0,0.0,0.0,0.0,0.0,0.0,0.0,0.0,0.0,0.0,0.0,0.0,0.0,0.0,0.0,0.0,0.0,0.0,0.0,0.0,0.0,0.0,0.0,0.0,0.0,0.0,0.0,0.0,0.0,0.0,0.0,0.0,0.0,0.0,0.0,0.0,0.0,0.0,0.0,0.0,0.0,0.0,0.0,0.0,0.0,0.0,0.0,0.0,0.0,0.0,0.0,0.0,0.0,0.0,0.0,0.0,0.0,0.0,0.0,0.0,0.0,0.0,0.0,0.0,0.0,0.0,0.0,0.0,0.0,0.0,0.0,0.0,0.0,0.0,0.0,0.0,0.0,0.0,0.0,0.0,0.0,0.0,0.0,0.0,0.0,0.0,0.0,0.0,0.0,0.0,0.0,0.0,0.0,0.0,0.0,0.0,0.0,0.0,0.0,0.0,0.0,0.0,0.0,0.0,0.0,0.0,0.0,0.0,0.0,0.0,0.0,0.0,0.0,0.0,0.0,0.0,0.0,0.0,0.0,0.0,0.0,0.0,0.0,0.0,0.0,0.0,0.0,0.0,0.0,0.0,0.0,0.0,0.0,0.0,0.0,0.0,0.0,0.0,0.0,0.0,0.0,0.0,0.0,0.0,0.0,0.0,0.0,0.0,0.0,0.0,0.0,0.0,0.0,0.0,0.0,0.0,0.0,0.0,0.0,0.0,0.0,0.0,0.0,0.0,0.0,0.0,0.0,0.0,0.0,0.0,0.0,0.0,0.0,0.0,0.0,0.0,0.0,0.0,0.0,0.0,0.0,0.0,0.0,0.0,0.0,0.0,0.0,0.0,0.0,0.0,0.0,0.0,0.0,0.0,0.0,0.0,0.0,0.0,0.0,0.0,0.0,0.0,0.0,0.0,0.0,0.0,0.0,0.0,0.0,0.0,649046.6604497556,34.5,326.0,2458546.9,84889.0,3843936.0,43.2,0.9,0.0,0.0,0.0,0.0,0.0,0.0,0.0,0.0,0.0,0.0,0.0,0.0,0.0,0.0,0.0,0.0,0.0,0.0,0.0,0.0,0.0,0.0,0.0,0.0,0.0,0.0,0.0,0.0,0.0,0.0,0.0,0.0,0.0,0.0,0.0,0.0,0.0,0.0,0.0,0.0,0.0,0.0,0.0,0.0,0.0,0.0,0.0,0.0,0.0,0.0,0.0,0.0,0.0,0.0,0.0,0.0,528334.6729228593,39.9,126.0,2458559.4430555557,80151.0,3843936.0,43.2,0.9,0.0,0.0,0.0,0.0,0.0,0.0,0.0,0.0,0.0,0.0,0.0,0.0,0.0,0.0,0.0,0.0,1944001.4400514152,55.0,226.0,2458565.2472222224,339012.0,3843936.0,43.2,0.9,0.0,0.0,0.0,0.0,0.0,0.0,0.0,0.0,0.0,0.0,0.0,0.0,0.0,0.0,0.0,0.0,0.0,0.0,0.0,0.0,0.0,0.0,0.0,0.0,0.0,0.0,0.0,0.0,0.0,0.0,0.0,0.0,974272.5239945247,22.7,126.0,2458556.038888889,160289.0,3843936.0,43.2,0.9,854450.5337940713,22.7,226.0,2458556.038888889,159931.0,3843936.0,43.2,0.9
1312.106,0.0,0.0,0.0,0.0,0.0,0.0,0.0,0.0,0.0,0.0,0.0,0.0,0.0,0.0,0.0,0.0,0.0,0.0,0.0,0.0,0.0,0.0,0.0,0.0,0.0,0.0,0.0,0.0,0.0,0.0,0.0,0.0,0.0,0.0,0.0,0.0,0.0,0.0,0.0,0.0,0.0,0.0,0.0,0.0,0.0,0.0,0.0,0.0,0.0,0.0,0.0,0.0,0.0,0.0,0.0,0.0,0.0,0.0,0.0,0.0,0.0,0.0,0.0,0.0,0.0,0.0,0.0,0.0,0.0,0.0,0.0,0.0,0.0,0.0,0.0,0.0,0.0,0.0,0.0,0.0,0.0,0.0,0.0,0.0,0.0,0.0,0.0,0.0,0.0,0.0,0.0,0.0,0.0,0.0,0.0,0.0,0.0,0.0,0.0,0.0,0.0,0.0,0.0,0.0,0.0,0.0,0.0,0.0,0.0,0.0,0.0,0.0,0.0,0.0,0.0,0.0,0.0,0.0,0.0,0.0,0.0,0.0,0.0,0.0,0.0,0.0,0.0,0.0,0.0,0.0,0.0,0.0,0.0,0.0,0.0,0.0,0.0,0.0,0.0,0.0,0.0,0.0,0.0,0.0,0.0,0.0,0.0,0.0,0.0,0.0,0.0,0.0,0.0,0.0,0.0,0.0,0.0,0.0,0.0,0.0,499621.2112077408,20.6,126.0,2458543.222222222,4351.0,1380110.4,98.2,0.3,0.0,0.0,0.0,0.0,0.0,0.0,0.0,0.0,0.0,0.0,0.0,0.0,0.0,0.0,0.0,0.0,0.0,0.0,0.0,0.0,0.0,0.0,0.0,0.0,0.0,0.0,0.0,0.0,0.0,0.0,0.0,0.0,0.0,0.0,0.0,0.0,0.0,0.0,0.0,0.0,0.0,0.0,0.0,0.0,0.0,0.0,0.0,0.0,0.0,0.0,0.0,0.0,0.0,0.0,0.0,0.0,0.0,0.0,0.0,0.0,0.0,0.0,0.0,0.0,0.0,0.0,0.0,0.0,0.0,0.0,0.0,0.0,7972295.314312276,8.4,126.0,2458546.9,85440.0,1380110.4,98.2,0.3,458708.2797178024,43.3,126.0,2458542.9916666667,3761.0,1380110.4,98.2,0.3,0.0,0.0,0.0,0.0,0.0,0.0,0.0,0.0,4070826.501890238,8.3,326.0,2458546.9,84889.0,1380110.4,98.2,0.3,5872613.091103418,13.3,226.0,2458546.9,85534.0,1380110.4,98.2,0.3,6551591.594744988,18.5,126.0,2458553.8798611113,85977.0,1380110.4,98.2,0.3,4251695.9128424395,13.8,226.0,2458553.8798611113,85957.0,1380110.4,98.2,0.3,2691948.8643424693,28.4,326.0,2458553.8798611113,86074.0,1380110.4,98.2,0.3,0.0,0.0,0.0,0.0,0.0,0.0,0.0,0.0,0.0,0.0,0.0,0.0,0.0,0.0,0.0,0.0,3325900.0110016624,16.4,226.0,2458559.4430555557,80330.0,1380110.4,98.2,0.3,4347741.926691751,6.2,126.0,2458559.4430555557,80151.0,1380110.4,98.2,0.3,1779699.92998133,40.7,326.0,2458559.4430555557,80424.0,1380110.4,98.2,0.3,12582044.396722253,17.9,126.0,2458565.2472222224,339315.0,1380110.4,98.2,0.3,9830404.905138995,11.3,226.0,2458565.2472222224,339012.0,1380110.4,98.2,0.3,127299.67636526181,31.8,126.0,2458542.103472222,1743.0,1380110.4,98.2,0.3,125505.03944137045,25.0,226.0,2458542.129166667,1719.0,1380110.4,98.2,0.3,6881500.290001136,21.3,326.0,2458565.2472222224,339239.0,1380110.4,98.2,0.3,0.0,0.0,0.0,0.0,0.0,0.0,0.0,0.0,10094055.90764812,2.6,126.0,2458556.038888889,160289.0,1380110.4,98.2,0.3,6973359.09322118,3.4,226.0,2458556.038888889,159931.0,1380110.4,98.2,0.3
1316.6,55698320.07391337,3.1,126.0,2458540.550694444,4500.0,63108.0,7.1,0.3,53085666.91580713,2.8,126.0,2458540.6145833335,4500.0,63108.0,7.1,0.3,50889315.63454199,3.1,126.0,2458540.675,4500.0,63108.0,7.1,0.3,47594788.71264428,2.7,126.0,2458540.7333333334,4500.0,63108.0,7.1,0.3,44906851.154122636,2.8,126.0,2458540.790972222,4500.0,63108.0,7.1,0.3,41874226.71536219,2.9,126.0,2458540.847916667,4500.0,63108.0,7.1,0.3,29600498.96711582,3.3,126.0,2458540.904166667,3300.0,63108.0,7.1,0.3,57382308.0079462,2.3,226.0,2458540.550694444,6000.0,63108.0,7.1,0.3,52347409.96181062,2.2,226.0,2458540.634722222,6000.0,63108.0,7.1,0.3,48272902.37090382,2.2,226.0,2458540.7138888887,6000.0,63108.0,7.1,0.3,44333258.12051851,2.1,226.0,2458540.790972222,6000.0,63108.0,7.1,0.3,44145266.79736734,2.2,226.0,2458540.8666666667,6300.0,63108.0,7.1,0.3,28601533.7057691,3.2,326.0,2458540.550694444,4500.0,63108.0,7.1,0.3,27838670.850133196,2.9,326.0,2458540.6145833335,4500.0,63108.0,7.1,0.3,25966453.99450767,3.0,326.0,2458540.675,4500.0,63108.0,7.1,0.3,24286408.697935466,3.0,326.0,2458540.7333333334,4500.0,63108.0,7.1,0.3,22548129.595589526,2.7,326.0,2458540.790972222,4500.0,63108.0,7.1,0.3,21697916.03129302,2.6,326.0,2458540.847916667,4500.0,63108.0,7.1,0.3,15647423.611402132,3.1,326.0,2458540.904166667,3300.0,63108.0,7.1,0.3,2267945.444564234,16.4,326.0,2458542.992361111,3902.0,63108.0,7.1,0.3,4353717.55308848,3.6,126.0,2458543.222222222,4351.0,63108.0,7.1,0.3,2902254.414855661,2.8,126.0,2458541.007638889,359.0,63108.0,7.1,0.3,2402318.57062127,3.4,226.0,2458541.013888889,403.0,63108.0,7.1,0.3,1557299.8920492125,23.1,126.0,2458543.9381944444,3793.0,63108.0,7.1,0.3,1312545.9214255693,4.4,326.0,2458541.019444444,327.0,63108.0,7.1,0.3,1275415.2367023095,15.3,226.0,2458543.9381944444,3875.0,63108.0,7.1,0.3,931781.404758557,23.4,326.0,2458543.9381944444,3940.0,63108.0,7.1,0.3,2324931.2269670134,7.1,126.0,2458542.4604166667,1194.0,63108.0,7.1,0.3,1887473.039431967,9.5,226.0,2458542.476388889,1212.0,63108.0,7.1,0.3,1200382.8939867038,11.8,326.0,2458542.476388889,1216.0,63108.0,7.1,0.3,2032511.7277221254,30.0,126.0,2458546.9,85440.0,63108.0,7.1,0.3,4390859.82107712,6.4,126.0,2458542.9916666667,3761.0,63108.0,7.1,0.3,3284259.1213027663,7.3,226.0,2458542.9916666667,3859.0,63108.0,7.1,0.3,921587.878032469,30.8,326.0,2458546.9,84889.0,63108.0,7.1,0.3,1373045.3915042034,54.7,226.0,2458546.9,85534.0,63108.0,7.1,0.3,0.0,0.0,0.0,0.0,0.0,0.0,0.0,0.0,0.0,0.0,0.0,0.0,0.0,0.0,0.0,0.0,0.0,0.0,0.0,0.0,0.0,0.0,0.0,0.0,2526756.4189432296,7.9,226.0,2458543.273611111,3852.0,63108.0,7.1,0.3,1761638.3364219537,12.0,326.0,2458543.273611111,3724.0,63108.0,7.1,0.3,0.0,0.0,0.0,0.0,0.0,0.0,0.0,0.0,0.0,0.0,0.0,0.0,0.0,0.0,0.0,0.0,0.0,0.0,0.0,0.0,0.0,0.0,0.0,0.0,0.0,0.0,0.0,0.0,0.0,0.0,0.0,0.0,0.0,0.0,0.0,0.0,0.0,0.0,0.0,0.0,4919408.3485077955,1.5,126.0,2458542.103472222,1743.0,63108.0,7.1,0.3,3659175.4096278595,1.6,226.0,2458542.129166667,1719.0,63108.0,7.1,0.3,0.0,0.0,0.0,0.0,0.0,0.0,0.0,0.0,2584940.7620608425,1.9,326.0,2458542.152083333,1853.0,63108.0,7.1,0.3,0.0,0.0,0.0,0.0,0.0,0.0,0.0,0.0,0.0,0.0,0.0,0.0,0.0,0.0,0.0,0.0
1333.649,3491043.3801932135,33.4,126.0,2458540.550694444,4500.0,483062.4,5.07,0.07,3861966.7393387426,24.5,126.0,2458540.6145833335,4500.0,483062.4,5.07,0.07,3796802.795038891,21.2,126.0,2458540.675,4500.0,483062.4,5.07,0.07,3345324.9374529575,21.3,126.0,2458540.7333333334,4500.0,483062.4,5.07,0.07,3658322.5421608053,18.2,126.0,2458540.790972222,4500.0,483062.4,5.07,0.07,3243510.700226128,18.8,126.0,2458540.847916667,4500.0,483062.4,5.07,0.07,2545355.9306707284,19.2,126.0,2458540.904166667,3300.0,483062.4,5.07,0.07,1946636.1103423869,49.0,226.0,2458540.550694444,6000.0,483062.4,5.07,0.07,1441451.7987702836,55.0,226.0,2458540.634722222,6000.0,483062.4,5.07,0.07,1967345.0051332633,32.3,226.0,2458540.7138888887,6000.0,483062.4,5.07,0.07,1992195.678882315,26.0,226.0,2458540.790972222,6000.0,483062.4,5.07,0.07,1810098.9542029134,25.8,226.0,2458540.8666666667,6300.0,483062.4,5.07,0.07,0.0,0.0,0.0,0.0,0.0,0.0,0.0,0.0,0.0,0.0,0.0,0.0,0.0,0.0,0.0,0.0,0.0,0.0,0.0,0.0,0.0,0.0,0.0,0.0,0.0,0.0,0.0,0.0,0.0,0.0,0.0,0.0,0.0,0.0,0.0,0.0,0.0,0.0,0.0,0.0,0.0,0.0,0.0,0.0,0.0,0.0,0.0,0.0,0.0,0.0,0.0,0.0,0.0,0.0,0.0,0.0,0.0,0.0,0.0,0.0,0.0,0.0,0.0,0.0,2460245.8677369645,5.2,126.0,2458543.222222222,4351.0,483062.4,5.07,0.07,268649.92091640225,17.4,126.0,2458541.007638889,359.0,483062.4,5.07,0.07,102823.69164928894,39.6,226.0,2458541.013888889,403.0,483062.4,5.07,0.07,2167356.0985366204,16.5,126.0,2458543.9381944444,3793.0,483062.4,5.07,0.07,0.0,0.0,0.0,0.0,0.0,0.0,0.0,0.0,686797.1690396536,22.8,226.0,2458543.9381944444,3875.0,483062.4,5.07,0.07,0.0,0.0,0.0,0.0,0.0,0.0,0.0,0.0,748191.8951445646,15.7,126.0,2458542.4604166667,1194.0,483062.4,5.07,0.07,224614.0078583391,43.5,226.0,2458542.476388889,1212.0,483062.4,5.07,0.07,0.0,0.0,0.0,0.0,0.0,0.0,0.0,0.0,29481344.27904327,3.1,126.0,2458546.9,85440.0,483062.4,5.07,0.07,2014677.466584004,11.2,126.0,2458542.9916666667,3761.0,483062.4,5.07,0.07,766818.2377260086,19.0,226.0,2458542.9916666667,3859.0,483062.4,5.07,0.07,1947999.3872393833,16.9,326.0,2458546.9,84889.0,483062.4,5.07,0.07,12466754.664107626,7.7,226.0,2458546.9,85534.0,483062.4,5.07,0.07,12697689.871288834,10.1,126.0,2458553.8798611113,85977.0,483062.4,5.07,0.07,5291370.380391671,11.8,226.0,2458553.8798611113,85957.0,483062.4,5.07,0.07,0.0,0.0,0.0,0.0,0.0,0.0,0.0,0.0,841112.0462254143,16.6,226.0,2458543.273611111,3852.0,483062.4,5.07,0.07,0.0,0.0,0.0,0.0,0.0,0.0,0.0,0.0,2466810.333165638,22.4,226.0,2458559.4430555557,80330.0,483062.4,5.07,0.07,6053035.297373096,5.2,126.0,2458559.4430555557,80151.0,483062.4,5.07,0.07,0.0,0.0,0.0,0.0,0.0,0.0,0.0,0.0,13807175.07863433,16.2,126.0,2458565.2472222224,339315.0,483062.4,5.07,0.07,5448990.7603699695,22.1,226.0,2458565.2472222224,339012.0,483062.4,5.07,0.07,1092032.8895677645,4.0,126.0,2458542.103472222,1743.0,483062.4,5.07,0.07,383438.5077586012,8.3,226.0,2458542.129166667,1719.0,483062.4,5.07,0.07,4678005.831061135,33.4,326.0,2458565.2472222224,339239.0,483062.4,5.07,0.07,0.0,0.0,0.0,0.0,0.0,0.0,0.0,0.0,17692737.5904988,1.7,126.0,2458556.038888889,160289.0,483062.4,5.07,0.07,6203017.875963276,4.5,226.0,2458556.038888889,159931.0,483062.4,5.07,0.07
1335.4,0.0,0.0,0.0,0.0,0.0,0.0,0.0,0.0,0.0,0.0,0.0,0.0,0.0,0.0,0.0,0.0,0.0,0.0,0.0,0.0,0.0,0.0,0.0,0.0,0.0,0.0,0.0,0.0,0.0,0.0,0.0,0.0,0.0,0.0,0.0,0.0,0.0,0.0,0.0,0.0,0.0,0.0,0.0,0.0,0.0,0.0,0.0,0.0,0.0,0.0,0.0,0.0,0.0,0.0,0.0,0.0,0.0,0.0,0.0,0.0,0.0,0.0,0.0,0.0,0.0,0.0,0.0,0.0,0.0,0.0,0.0,0.0,0.0,0.0,0.0,0.0,0.0,0.0,0.0,0.0,0.0,0.0,0.0,0.0,0.0,0.0,0.0,0.0,0.0,0.0,0.0,0.0,0.0,0.0,0.0,0.0,0.0,0.0,0.0,0.0,0.0,0.0,0.0,0.0,0.0,0.0,0.0,0.0,0.0,0.0,0.0,0.0,0.0,0.0,0.0,0.0,0.0,0.0,0.0,0.0,0.0,0.0,0.0,0.0,0.0,0.0,0.0,0.0,0.0,0.0,0.0,0.0,0.0,0.0,0.0,0.0,0.0,0.0,0.0,0.0,0.0,0.0,0.0,0.0,0.0,0.0,0.0,0.0,0.0,0.0,0.0,0.0,0.0,0.0,0.0,0.0,0.0,0.0,0.0,0.0,0.0,0.0,0.0,0.0,0.0,0.0,0.0,0.0,0.0,0.0,0.0,0.0,0.0,0.0,0.0,0.0,0.0,0.0,0.0,0.0,0.0,0.0,0.0,0.0,0.0,0.0,0.0,0.0,0.0,0.0,0.0,0.0,0.0,0.0,0.0,0.0,0.0,0.0,0.0,0.0,0.0,0.0,0.0,0.0,0.0,0.0,0.0,0.0,0.0,0.0,0.0,0.0,0.0,0.0,0.0,0.0,0.0,0.0,0.0,0.0,0.0,0.0,0.0,0.0,0.0,0.0,0.0,0.0,0.0,0.0,0.0,0.0,0.0,0.0,0.0,0.0,0.0,0.0,0.0,0.0,0.0,0.0,0.0,0.0,0.0,0.0,0.0,0.0,0.0,0.0,0.0,0.0,0.0,0.0,0.0,0.0,0.0,0.0,0.0,0.0,0.0,0.0,0.0,0.0,0.0,0.0,0.0,0.0,0.0,0.0,0.0,0.0,0.0,0.0,0.0,0.0,0.0,0.0,0.0,0.0,0.0,0.0,0.0,0.0,0.0,0.0,0.0,0.0,0.0,0.0,0.0,0.0,0.0,0.0,0.0,0.0,0.0,0.0,0.0,0.0,0.0,0.0,0.0,0.0,0.0,0.0,0.0,0.0,0.0,0.0,0.0,0.0,0.0,0.0,0.0,0.0,0.0,0.0,0.0,0.0,0.0,0.0,0.0,0.0,0.0,0.0,0.0,0.0,0.0,0.0,0.0,0.0,0.0,0.0,0.0,0.0,0.0,0.0,0.0,0.0,0.0,0.0,0.0,0.0,0.0,0.0,0.0,0.0,0.0,0.0,0.0,0.0,0.0,0.0,0.0,0.0,0.0,0.0,0.0,0.0,0.0,0.0,0.0,0.0,0.0,0.0,0.0,0.0,0.0,0.0,0.0,0.0,0.0,0.0,0.0,0.0,0.0,0.0,0.0,0.0,0.0,0.0,0.0,0.0,69993.0589575008,35.6,326.0,2458542.152083333,1853.0,6673190.4,0.1224,0.0012,0.0,0.0,0.0,0.0,0.0,0.0,0.0,0.0,0.0,0.0,0.0,0.0,0.0,0.0,0.0,0.0
1360.212,0.0,0.0,0.0,0.0,0.0,0.0,0.0,0.0,0.0,0.0,0.0,0.0,0.0,0.0,0.0,0.0,1476975.059818868,48.6,126.0,2458540.675,4500.0,6673190.4,4.283,0.012,0.0,0.0,0.0,0.0,0.0,0.0,0.0,0.0,1410177.192791884,38.1,126.0,2458540.790972222,4500.0,6673190.4,4.283,0.012,1455150.3744208065,31.3,126.0,2458540.847916667,4500.0,6673190.4,4.283,0.012,927748.1531525552,41.9,126.0,2458540.904166667,3300.0,6673190.4,4.283,0.012,2067367.462892829,43.1,226.0,2458540.550694444,6000.0,6673190.4,4.283,0.012,2684618.2800346552,27.9,226.0,2458540.634722222,6000.0,6673190.4,4.283,0.012,3086254.085709131,19.2,226.0,2458540.7138888887,6000.0,6673190.4,4.283,0.012,2231906.4479403957,22.5,226.0,2458540.790972222,6000.0,6673190.4,4.283,0.012,2364036.111641753,19.7,226.0,2458540.8666666667,6300.0,6673190.4,4.283,0.012,2345978.33340788,29.8,326.0,2458540.550694444,4500.0,6673190.4,4.283,0.012,2283219.235855404,25.6,326.0,2458540.6145833335,4500.0,6673190.4,4.283,0.012,2150730.456747813,21.7,326.0,2458540.675,4500.0,6673190.4,4.283,0.012,2210962.151326158,18.7,326.0,2458540.7333333334,4500.0,6673190.4,4.283,0.012,2592473.2834164053,14.4,326.0,2458540.790972222,4500.0,6673190.4,4.283,0.012,2132857.510110832,16.2,326.0,2458540.847916667,4500.0,6673190.4,4.283,0.012,1799284.2787596928,14.2,326.0,2458540.904166667,3300.0,6673190.4,4.283,0.012,1692209.0755804118,16.1,326.0,2458542.992361111,3902.0,6673190.4,4.283,0.012,1256030.3701853994,7.3,126.0,2458543.222222222,4351.0,6673190.4,4.283,0.012,122128.20702319863,32.6,126.0,2458541.007638889,359.0,6673190.4,4.283,0.012,170358.96705506078,23.5,226.0,2458541.013888889,403.0,6673190.4,4.283,0.012,1076351.081203696,22.9,126.0,2458543.9381944444,3793.0,6673190.4,4.283,0.012,169887.127638696,21.0,326.0,2458541.019444444,327.0,6673190.4,4.283,0.012,1589131.8559510366,10.1,226.0,2458543.9381944444,3875.0,6673190.4,4.283,0.012,1987189.4883473746,10.6,326.0,2458543.9381944444,3940.0,6673190.4,4.283,0.012,297338.7680370357,25.8,126.0,2458542.4604166667,1194.0,6673190.4,4.283,0.012,440768.30666896224,20.2,226.0,2458542.476388889,1212.0,6673190.4,4.283,0.012,594717.7088385042,14.7,326.0,2458542.476388889,1216.0,6673190.4,4.283,0.012,26765915.979461797,3.2,126.0,2458546.9,85440.0,6673190.4,4.283,0.012,1216298.7972468438,14.0,126.0,2458542.9916666667,3761.0,6673190.4,4.283,0.012,1467874.0314914815,10.3,226.0,2458542.9916666667,3859.0,6673190.4,4.283,0.012,40395771.01802903,1.5,326.0,2458546.9,84889.0,6673190.4,4.283,0.012,32820802.88460215,3.1,226.0,2458546.9,85534.0,6673190.4,4.283,0.012,24011942.98242683,5.5,126.0,2458553.8798611113,85977.0,6673190.4,4.283,0.012,31298988.293296505,2.7,226.0,2458553.8798611113,85957.0,6673190.4,4.283,0.012,37243638.32347328,2.9,326.0,2458553.8798611113,86074.0,6673190.4,4.283,0.012,1476086.6355705785,10.0,226.0,2458543.273611111,3852.0,6673190.4,4.283,0.012,1626169.4692859275,10.8,326.0,2458543.273611111,3724.0,6673190.4,4.283,0.012,27184560.123872757,2.9,226.0,2458559.4430555557,80330.0,6673190.4,4.283,0.012,21804851.878402885,1.8,126.0,2458559.4430555557,80151.0,6673190.4,4.283,0.012,34369922.022927254,3.0,326.0,2458559.4430555557,80424.0,6673190.4,4.283,0.012,85054978.24903525,3.1,126.0,2458565.2472222224,339315.0,6673190.4,4.283,0.012,109381057.71830969,1.5,226.0,2458565.2472222224,339012.0,6673190.4,4.283,0.012,530524.7320349368,6.6,126.0,2458542.103472222,1743.0,6673190.4,4.283,0.012,666470.3055246994,4.9,226.0,2458542.129166667,1719.0,6673190.4,4.283,0.012,134648775.97328374,1.6,326.0,2458565.2472222224,339239.0,6673190.4,4.283,0.012,969298.30912403,3.6,326.0,2458542.152083333,1853.0,6673190.4,4.283,0.012,47510174.34923268,1.1,126.0,2458556.038888889,160289.0,6673190.4,4.283,0.012,48361595.59566301,1.1,226.0,2458556.038888889,159931.0,6673190.4,4.283,0.012
1370.0,24089616.07898,6.1,126.0,2458540.550694444,4500.0,63108.0,2.9,0.3,23155040.656921495,4.8,126.0,2458540.6145833335,4500.0,63108.0,2.9,0.3,22594295.40368639,4.9,126.0,2458540.675,4500.0,63108.0,2.9,0.3,21383085.65669857,4.9,126.0,2458540.7333333334,4500.0,63108.0,2.9,0.3,20254118.546851896,4.3,126.0,2458540.790972222,4500.0,63108.0,2.9,0.3,19386832.555181604,4.3,126.0,2458540.847916667,4500.0,63108.0,2.9,0.3,13136392.132454332,5.2,126.0,2458540.904166667,3300.0,63108.0,2.9,0.3,26275481.7660389,4.1,226.0,2458540.550694444,6000.0,63108.0,2.9,0.3,24478066.738438245,3.8,226.0,2458540.634722222,6000.0,63108.0,2.9,0.3,23523988.619522262,3.5,226.0,2458540.7138888887,6000.0,63108.0,2.9,0.3,21032311.38931757,3.4,226.0,2458540.790972222,6000.0,63108.0,2.9,0.3,20069714.715768404,3.3,226.0,2458540.8666666667,6300.0,63108.0,2.9,0.3,14110375.480579935,5.5,326.0,2458540.550694444,4500.0,63108.0,2.9,0.3,13287824.659594564,5.2,326.0,2458540.6145833335,4500.0,63108.0,2.9,0.3,13106379.625553673,4.4,326.0,2458540.675,4500.0,63108.0,2.9,0.3,11400796.3055693,4.8,326.0,2458540.7333333334,4500.0,63108.0,2.9,0.3,11393952.617588595,4.6,326.0,2458540.790972222,4500.0,63108.0,2.9,0.3,11122580.586706601,4.3,326.0,2458540.847916667,4500.0,63108.0,2.9,0.3,7638835.9331215,5.0,326.0,2458540.904166667,3300.0,63108.0,2.9,0.3,1091335.0801706705,22.0,326.0,2458542.992361111,3902.0,63108.0,2.9,0.3,1865569.0557995639,5.3,126.0,2458543.222222222,4351.0,63108.0,2.9,0.3,1319961.873273558,4.7,126.0,2458541.007638889,359.0,63108.0,2.9,0.3,1138648.0512407396,5.0,226.0,2458541.013888889,403.0,63108.0,2.9,0.3,777742.5069559886,28.1,126.0,2458543.9381944444,3793.0,63108.0,2.9,0.3,654086.8804113303,6.8,326.0,2458541.019444444,327.0,63108.0,2.9,0.3,674371.8979676401,18.3,226.0,2458543.9381944444,3875.0,63108.0,2.9,0.3,498334.5680355938,32.4,326.0,2458543.9381944444,3940.0,63108.0,2.9,0.3,1047788.5376576445,10.6,126.0,2458542.4604166667,1194.0,63108.0,2.9,0.3,942453.5223937675,12.2,226.0,2458542.476388889,1212.0,63108.0,2.9,0.3,530696.9793137896,15.6,326.0,2458542.476388889,1216.0,63108.0,2.9,0.3,0.0,0.0,0.0,0.0,0.0,0.0,0.0,0.0,1953427.2826023006,9.9,126.0,2458542.9916666667,3761.0,63108.0,2.9,0.3,1586540.9521380495,9.3,226.0,2458542.9916666667,3859.0,63108.0,2.9,0.3,0.0,0.0,0.0,0.0,0.0,0.0,0.0,0.0,0.0,0.0,0.0,0.0,0.0,0.0,0.0,0.0,0.0,0.0,0.0,0.0,0.0,0.0,0.0,0.0,0.0,0.0,0.0,0.0,0.0,0.0,0.0,0.0,0.0,0.0,0.0,0.0,0.0,0.0,0.0,0.0,1153847.9651913089,11.5,226.0,2458543.273611111,3852.0,63108.0,2.9,0.3,797821.3987959729,18.2,326.0,2458543.273611111,3724.0,63108.0,2.9,0.3,0.0,0.0,0.0,0.0,0.0,0.0,0.0,0.0,0.0,0.0,0.0,0.0,0.0,0.0,0.0,0.0,0.0,0.0,0.0,0.0,0.0,0.0,0.0,0.0,0.0,0.0,0.0,0.0,0.0,0.0,0.0,0.0,0.0,0.0,0.0,0.0,0.0,0.0,0.0,0.0,2238719.8044127766,2.2,126.0,2458542.103472222,1743.0,63108.0,2.9,0.3,1735298.430049241,2.4,226.0,2458542.129166667,1719.0,63108.0,2.9,0.3,0.0,0.0,0.0,0.0,0.0,0.0,0.0,0.0,1264184.65705522,3.1,326.0,2458542.152083333,1853.0,63108.0,2.9,0.3,0.0,0.0,0.0,0.0,0.0,0.0,0.0,0.0,0.0,0.0,0.0,0.0,0.0,0.0,0.0,0.0
1408.5,131168518.771366,1.8,126.0,2458540.550694444,4500.0,63108.0,16.9,0.8,122026890.21919055,1.8,126.0,2458540.6145833335,4500.0,63108.0,16.9,0.8,116409559.54319048,1.8,126.0,2458540.675,4500.0,63108.0,16.9,0.8,109945781.77902602,1.8,126.0,2458540.7333333334,4500.0,63108.0,16.9,0.8,105382662.47646706,1.8,126.0,2458540.790972222,4500.0,63108.0,16.9,0.8,100250115.13277933,1.9,126.0,2458540.847916667,4500.0,63108.0,16.9,0.8,70493652.49703649,2.1,126.0,2458540.904166667,3300.0,63108.0,16.9,0.8,131426852.74164,1.4,226.0,2458540.550694444,6000.0,63108.0,16.9,0.8,121787684.85728867,1.4,226.0,2458540.634722222,6000.0,63108.0,16.9,0.8,113398363.5821458,1.4,226.0,2458540.7138888887,6000.0,63108.0,16.9,0.8,106723744.14630288,1.5,226.0,2458540.790972222,6000.0,63108.0,16.9,0.8,103911654.91064094,1.3,226.0,2458540.8666666667,6300.0,63108.0,16.9,0.8,69517635.09261037,1.9,326.0,2458540.550694444,4500.0,63108.0,16.9,0.8,63811983.42318292,1.8,326.0,2458540.6145833335,4500.0,63108.0,16.9,0.8,60721551.517314486,1.8,326.0,2458540.675,4500.0,63108.0,16.9,0.8,58354808.69091072,1.7,326.0,2458540.7333333334,4500.0,63108.0,16.9,0.8,54348118.0792823,1.7,326.0,2458540.790972222,4500.0,63108.0,16.9,0.8,51881984.47801643,1.6,326.0,2458540.847916667,4500.0,63108.0,16.9,0.8,36457778.60410421,2.1,326.0,2458540.904166667,3300.0,63108.0,16.9,0.8,5917857.07911781,8.1,326.0,2458542.992361111,3902.0,63108.0,16.9,0.8,10087921.334301889,2.0,126.0,2458543.222222222,4351.0,63108.0,16.9,0.8,6676189.518838797,1.7,126.0,2458541.007638889,359.0,63108.0,16.9,0.8,5734310.880737458,1.8,226.0,2458541.013888889,403.0,63108.0,16.9,0.8,4686238.879019236,8.7,126.0,2458543.9381944444,3793.0,63108.0,16.9,0.8,3144841.1394945476,2.6,326.0,2458541.019444444,327.0,63108.0,16.9,0.8,3652617.3211535965,6.7,226.0,2458543.9381944444,3875.0,63108.0,16.9,0.8,2552313.9048494464,10.1,326.0,2458543.9381944444,3940.0,63108.0,16.9,0.8,5669308.208470057,4.1,126.0,2458542.4604166667,1194.0,63108.0,16.9,0.8,4270142.07024923,5.8,226.0,2458542.476388889,1212.0,63108.0,16.9,0.8,3051193.5839962284,6.5,326.0,2458542.476388889,1216.0,63108.0,16.9,0.8,7471944.3286860585,8.2,126.0,2458546.9,85440.0,63108.0,16.9,0.8,10455320.62170312,3.7,126.0,2458542.9916666667,3761.0,63108.0,16.9,0.8,8896535.942519562,3.7,226.0,2458542.9916666667,3859.0,63108.0,16.9,0.8,3261090.9689852684,9.5,326.0,2458546.9,84889.0,63108.0,16.9,0.8,6716972.29560107,10.6,226.0,2458546.9,85534.0,63108.0,16.9,0.8,8253674.2866055,13.0,126.0,2458553.8798611113,85977.0,63108.0,16.9,0.8,3076759.2249407936,16.7,226.0,2458553.8798611113,85957.0,63108.0,16.9,0.8,3594704.2868919466,18.9,326.0,2458553.8798611113,86074.0,63108.0,16.9,0.8,6580195.39718391,4.6,226.0,2458543.273611111,3852.0,63108.0,16.9,0.8,4195963.578944366,6.8,326.0,2458543.273611111,3724.0,63108.0,16.9,0.8,3188528.48033723,15.5,226.0,2458559.4430555557,80330.0,63108.0,16.9,0.8,1147002.3737685643,19.7,126.0,2458559.4430555557,80151.0,63108.0,16.9,0.8,3362113.094298197,19.9,326.0,2458559.4430555557,80424.0,63108.0,16.9,0.8,29768610.893907998,6.8,126.0,2458565.2472222224,339315.0,63108.0,16.9,0.8,13964947.521476982,7.9,226.0,2458565.2472222224,339012.0,63108.0,16.9,0.8,11899648.141532902,0.9,126.0,2458542.103472222,1743.0,63108.0,16.9,0.8,8809429.537173085,1.0,226.0,2458542.129166667,1719.0,63108.0,16.9,0.8,15430925.71934104,8.7,326.0,2458565.2472222224,339239.0,63108.0,16.9,0.8,6279662.3540587025,1.2,326.0,2458542.152083333,1853.0,63108.0,16.9,0.8,511819.98676151433,37.2,126.0,2458556.038888889,160289.0,63108.0,16.9,0.8,0.0,0.0,0.0,0.0,0.0,0.0,0.0,0.0
1434.06,0.0,0.0,0.0,0.0,0.0,0.0,0.0,0.0,0.0,0.0,0.0,0.0,0.0,0.0,0.0,0.0,0.0,0.0,0.0,0.0,0.0,0.0,0.0,0.0,0.0,0.0,0.0,0.0,0.0,0.0,0.0,0.0,0.0,0.0,0.0,0.0,0.0,0.0,0.0,0.0,0.0,0.0,0.0,0.0,0.0,0.0,0.0,0.0,0.0,0.0,0.0,0.0,0.0,0.0,0.0,0.0,109436769.75492011,1.7,226.0,2458540.550694444,6000.0,1266.0,98.2,0.5,34488649.168894455,3.4,226.0,2458540.634722222,6000.0,1266.0,98.2,0.5,32428357.958986413,3.1,226.0,2458540.7138888887,6000.0,1266.0,98.2,0.5,33223871.70164071,2.6,226.0,2458540.790972222,6000.0,1266.0,98.2,0.5,33514368.293059412,2.4,226.0,2458540.8666666667,6300.0,1266.0,98.2,0.5,26004593.581485003,3.9,326.0,2458540.550694444,4500.0,1266.0,98.2,0.5,0.0,0.0,0.0,0.0,0.0,0.0,0.0,0.0,0.0,0.0,0.0,0.0,0.0,0.0,0.0,0.0,4651125.364756491,9.9,326.0,2458540.7333333334,4500.0,1266.0,98.2,0.5,4464701.182337583,10.3,326.0,2458540.790972222,4500.0,1266.0,98.2,0.5,4410985.739945694,10.1,326.0,2458540.847916667,4500.0,1266.0,98.2,0.5,3305079.5730538657,10.0,326.0,2458540.904166667,3300.0,1266.0,98.2,0.5,0.0,0.0,0.0,0.0,0.0,0.0,0.0,0.0,0.0,0.0,0.0,0.0,0.0,0.0,0.0,0.0,0.0,0.0,0.0,0.0,0.0,0.0,0.0,0.0,0.0,0.0,0.0,0.0,0.0,0.0,0.0,0.0,0.0,0.0,0.0,0.0,0.0,0.0,0.0,0.0,0.0,0.0,0.0,0.0,0.0,0.0,0.0,0.0,14300971.224802775,3.0,226.0,2458543.9381944444,3875.0,1266.0,98.2,0.5,2305922.993309004,10.6,326.0,2458543.9381944444,3940.0,1266.0,98.2,0.5,13995225.06737518,2.8,126.0,2458542.4604166667,1194.0,1266.0,98.2,0.5,5307328.293345057,5.3,226.0,2458542.476388889,1212.0,1266.0,98.2,0.5,787352.8892905633,14.0,326.0,2458542.476388889,1216.0,1266.0,98.2,0.5,559994111.8741935,0.7,126.0,2458546.9,85440.0,1266.0,98.2,0.5,40320616.179212414,2.0,126.0,2458542.9916666667,3761.0,1266.0,98.2,0.5,15598247.411645465,2.6,226.0,2458542.9916666667,3859.0,1266.0,98.2,0.5,0.0,0.0,0.0,0.0,0.0,0.0,0.0,0.0,204733059.27524358,1.0,226.0,2458546.9,85534.0,1266.0,98.2,0.5,0.0,0.0,0.0,0.0,0.0,0.0,0.0,0.0,86772706.97647676,1.4,226.0,2458553.8798611113,85957.0,1266.0,98.2,0.5,14341568.567697546,5.6,326.0,2458553.8798611113,86074.0,1266.0,98.2,0.5,15092327.579416439,2.8,226.0,2458543.273611111,3852.0,1266.0,98.2,0.5,0.0,0.0,0.0,0.0,0.0,0.0,0.0,0.0,40953355.73236164,2.0,226.0,2458559.4430555557,80330.0,1266.0,98.2,0.5,0.0,0.0,0.0,0.0,0.0,0.0,0.0,0.0,6310468.936612319,11.1,326.0,2458559.4430555557,80424.0,1266.0,98.2,0.5,0.0,0.0,0.0,0.0,0.0,0.0,0.0,0.0,70768637.32256027,1.8,226.0,2458565.2472222224,339012.0,1266.0,98.2,0.5,0.0,0.0,0.0,0.0,0.0,0.0,0.0,0.0,0.0,0.0,0.0,0.0,0.0,0.0,0.0,0.0,10977087.73487584,11.7,326.0,2458565.2472222224,339239.0,1266.0,98.2,0.5,0.0,0.0,0.0,0.0,0.0,0.0,0.0,0.0,0.0,0.0,0.0,0.0,0.0,0.0,0.0,0.0,95865301.86131378,0.6,226.0,2458556.038888889,159931.0,1266.0,98.2,0.5
1434.092,315020013.56429136,1.1,126.0,2458540.550694444,4500.0,483062.4,100.0,14.0,81667499.90789963,2.4,126.0,2458540.6145833335,4500.0,483062.4,100.0,14.0,70723098.46108885,2.5,126.0,2458540.675,4500.0,483062.4,100.0,14.0,67383331.2574059,2.4,126.0,2458540.7333333334,4500.0,483062.4,100.0,14.0,66662066.97867625,2.3,126.0,2458540.790972222,4500.0,483062.4,100.0,14.0,66779664.41542565,2.4,126.0,2458540.847916667,4500.0,483062.4,100.0,14.0,48889174.37128368,2.7,126.0,2458540.904166667,3300.0,483062.4,100.0,14.0,0.0,0.0,0.0,0.0,0.0,0.0,0.0,0.0,0.0,0.0,0.0,0.0,0.0,0.0,0.0,0.0,0.0,0.0,0.0,0.0,0.0,0.0,0.0,0.0,0.0,0.0,0.0,0.0,0.0,0.0,0.0,0.0,0.0,0.0,0.0,0.0,0.0,0.0,0.0,0.0,0.0,0.0,0.0,0.0,0.0,0.0,0.0,0.0,5529899.735246028,13.1,326.0,2458540.6145833335,4500.0,483062.4,100.0,14.0,3899369.2990249135,16.1,326.0,2458540.675,4500.0,483062.4,100.0,14.0,0.0,0.0,0.0,0.0,0.0,0.0,0.0,0.0,0.0,0.0,0.0,0.0,0.0,0.0,0.0,0.0,0.0,0.0,0.0,0.0,0.0,0.0,0.0,0.0,0.0,0.0,0.0,0.0,0.0,0.0,0.0,0.0,2697090.5645760554,12.8,326.0,2458542.992361111,3902.0,483062.4,100.0,14.0,47043227.0044901,1.1,126.0,2458543.222222222,4351.0,483062.4,100.0,14.0,4984401.274348963,2.0,126.0,2458541.007638889,359.0,483062.4,100.0,14.0,1996607.8070832638,3.5,226.0,2458541.013888889,403.0,483062.4,100.0,14.0,38430842.32970375,2.7,126.0,2458543.9381944444,3793.0,483062.4,100.0,14.0,253402.48907790481,14.9,326.0,2458541.019444444,327.0,483062.4,100.0,14.0,0.0,0.0,0.0,0.0,0.0,0.0,0.0,0.0,0.0,0.0,0.0,0.0,0.0,0.0,0.0,0.0,0.0,0.0,0.0,0.0,0.0,0.0,0.0,0.0,0.0,0.0,0.0,0.0,0.0,0.0,0.0,0.0,0.0,0.0,0.0,0.0,0.0,0.0,0.0,0.0,0.0,0.0,0.0,0.0,0.0,0.0,0.0,0.0,0.0,0.0,0.0,0.0,0.0,0.0,0.0,0.0,0.0,0.0,0.0,0.0,0.0,0.0,0.0,0.0,31959332.916335344,1.5,326.0,2458546.9,84889.0,483062.4,100.0,14.0,0.0,0.0,0.0,0.0,0.0,0.0,0.0,0.0,241066905.50715232,1.3,126.0,2458553.8798611113,85977.0,483062.4,100.0,14.0,0.0,0.0,0.0,0.0,0.0,0.0,0.0,0.0,0.0,0.0,0.0,0.0,0.0,0.0,0.0,0.0,0.0,0.0,0.0,0.0,0.0,0.0,0.0,0.0,2332213.8058764697,9.7,326.0,2458543.273611111,3724.0,483062.4,100.0,14.0,0.0,0.0,0.0,0.0,0.0,0.0,0.0,0.0,110423832.78014565,1.0,126.0,2458559.4430555557,80151.0,483062.4,100.0,14.0,0.0,0.0,0.0,0.0,0.0,0.0,0.0,0.0,195407740.7319188,1.5,126.0,2458565.2472222224,339315.0,483062.4,100.0,14.0,0.0,0.0,0.0,0.0,0.0,0.0,0.0,0.0,20499723.672988538,0.8,126.0,2458542.103472222,1743.0,483062.4,100.0,14.0,7395552.820370915,1.2,226.0,2458542.129166667,1719.0,483062.4,100.0,14.0,0.0,0.0,0.0,0.0,0.0,0.0,0.0,0.0,1292447.234253199,3.5,326.0,2458542.152083333,1853.0,483062.4,100.0,14.0,327907102.58471614,0.8,126.0,2458556.038888889,160289.0,483062.4,100.0,14.0,0.0,0.0,0.0,0.0,0.0,0.0,0.0,0.0
1771.357,5886021.735919189,19.7,126.0,2458540.550694444,4500.0,6673190.4,15.41,0.06,5113908.3335890705,20.0,126.0,2458540.6145833335,4500.0,6673190.4,15.41,0.06,5299690.854312191,17.2,126.0,2458540.675,4500.0,6673190.4,15.41,0.06,5632143.786132514,14.2,126.0,2458540.7333333334,4500.0,6673190.4,15.41,0.06,5123381.045883148,14.2,126.0,2458540.790972222,4500.0,6673190.4,15.41,0.06,5905928.553513954,11.7,126.0,2458540.847916667,4500.0,6673190.4,15.41,0.06,4155414.0162220187,12.5,126.0,2458540.904166667,3300.0,6673190.4,15.41,0.06,8386398.097441072,12.7,226.0,2458540.550694444,6000.0,6673190.4,15.41,0.06,8011555.754193205,10.7,226.0,2458540.634722222,6000.0,6673190.4,15.41,0.06,8901106.986676948,8.8,226.0,2458540.7138888887,6000.0,6673190.4,15.41,0.06,9052712.737684043,7.1,226.0,2458540.790972222,6000.0,6673190.4,15.41,0.06,9113704.136578724,6.7,226.0,2458540.8666666667,6300.0,6673190.4,15.41,0.06,7674565.796871811,11.8,326.0,2458540.550694444,4500.0,6673190.4,15.41,0.06,9063259.91031787,8.2,326.0,2458540.6145833335,4500.0,6673190.4,15.41,0.06,8594739.029616188,7.5,326.0,2458540.675,4500.0,6673190.4,15.41,0.06,8258668.334839373,6.5,326.0,2458540.7333333334,4500.0,6673190.4,15.41,0.06,8262089.364203501,6.1,326.0,2458540.790972222,4500.0,6673190.4,15.41,0.06,8474830.42929301,5.5,326.0,2458540.847916667,4500.0,6673190.4,15.41,0.06,6239115.2361705275,6.2,326.0,2458540.904166667,3300.0,6673190.4,15.41,0.06,7010832.666760704,7.7,326.0,2458542.992361111,3902.0,6673190.4,15.41,0.06,5055949.9327392345,3.5,126.0,2458543.222222222,4351.0,6673190.4,15.41,0.06,354017.7408803812,13.5,126.0,2458541.007638889,359.0,6673190.4,15.41,0.06,548420.4965575231,9.7,226.0,2458541.013888889,403.0,6673190.4,15.41,0.06,4047862.124037449,10.5,126.0,2458543.9381944444,3793.0,6673190.4,15.41,0.06,552352.9796176486,8.9,326.0,2458541.019444444,327.0,6673190.4,15.41,0.06,5275986.636449188,5.6,226.0,2458543.9381944444,3875.0,6673190.4,15.41,0.06,7390536.772086164,5.7,326.0,2458543.9381944444,3940.0,6673190.4,15.41,0.06,1274484.3102486527,10.5,126.0,2458542.4604166667,1194.0,6673190.4,15.41,0.06,1521763.1169194279,11.7,226.0,2458542.476388889,1212.0,6673190.4,15.41,0.06,2062785.4990121117,8.0,326.0,2458542.476388889,1216.0,6673190.4,15.41,0.06,98089284.74910243,1.5,126.0,2458546.9,85440.0,6673190.4,15.41,0.06,4103262.038293136,7.1,126.0,2458542.9916666667,3761.0,6673190.4,15.41,0.06,5195171.5757077485,5.4,226.0,2458542.9916666667,3859.0,6673190.4,15.41,0.06,147856101.4818677,0.9,326.0,2458546.9,84889.0,6673190.4,15.41,0.06,118606830.99783237,1.5,226.0,2458546.9,85534.0,6673190.4,15.41,0.06,93927731.26664743,2.2,126.0,2458553.8798611113,85977.0,6673190.4,15.41,0.06,115561126.6499677,1.3,226.0,2458553.8798611113,85957.0,6673190.4,15.41,0.06,143961614.09486842,1.4,326.0,2458553.8798611113,86074.0,6673190.4,15.41,0.06,5129190.118529642,5.5,226.0,2458543.273611111,3852.0,6673190.4,15.41,0.06,6385772.181413689,5.6,326.0,2458543.273611111,3724.0,6673190.4,15.41,0.06,100413939.20983939,1.4,226.0,2458559.4430555557,80330.0,6673190.4,15.41,0.06,78945751.85106333,1.0,126.0,2458559.4430555557,80151.0,6673190.4,15.41,0.06,128783320.17914566,1.4,326.0,2458559.4430555557,80424.0,6673190.4,15.41,0.06,325569200.52616,1.3,126.0,2458565.2472222224,339315.0,6673190.4,15.41,0.06,398193874.1123619,0.9,226.0,2458565.2472222224,339012.0,6673190.4,15.41,0.06,1942104.568202588,2.6,126.0,2458542.103472222,1743.0,6673190.4,15.41,0.06,2399476.860189894,2.2,226.0,2458542.129166667,1719.0,6673190.4,15.41,0.06,515709529.9879868,0.7,326.0,2458565.2472222224,339239.0,6673190.4,15.41,0.06,3316272.7831993042,1.9,326.0,2458542.152083333,1853.0,6673190.4,15.41,0.06,173596099.54130068,0.8,126.0,2458556.038888889,160289.0,6673190.4,15.41,0.06,155311452.9179678,0.5,226.0,2458556.038888889,159931.0,6673190.4,15.41,0.06
1963.741,0.0,0.0,0.0,0.0,0.0,0.0,0.0,0.0,0.0,0.0,0.0,0.0,0.0,0.0,0.0,0.0,0.0,0.0,0.0,0.0,0.0,0.0,0.0,0.0,0.0,0.0,0.0,0.0,0.0,0.0,0.0,0.0,0.0,0.0,0.0,0.0,0.0,0.0,0.0,0.0,0.0,0.0,0.0,0.0,0.0,0.0,0.0,0.0,0.0,0.0,0.0,0.0,0.0,0.0,0.0,0.0,0.0,0.0,0.0,0.0,0.0,0.0,0.0,0.0,0.0,0.0,0.0,0.0,0.0,0.0,0.0,0.0,0.0,0.0,0.0,0.0,0.0,0.0,0.0,0.0,0.0,0.0,0.0,0.0,0.0,0.0,0.0,0.0,0.0,0.0,0.0,0.0,0.0,0.0,0.0,0.0,0.0,0.0,0.0,0.0,0.0,0.0,0.0,0.0,0.0,0.0,0.0,0.0,0.0,0.0,0.0,0.0,0.0,0.0,0.0,0.0,0.0,0.0,0.0,0.0,0.0,0.0,0.0,0.0,0.0,0.0,0.0,0.0,0.0,0.0,0.0,0.0,0.0,0.0,0.0,0.0,0.0,0.0,0.0,0.0,0.0,0.0,0.0,0.0,0.0,0.0,0.0,0.0,0.0,0.0,0.0,0.0,0.0,0.0,0.0,0.0,0.0,0.0,0.0,0.0,192801.28426524784,41.1,126.0,2458543.222222222,4351.0,6673190.4,0.707,0.004,0.0,0.0,0.0,0.0,0.0,0.0,0.0,0.0,0.0,0.0,0.0,0.0,0.0,0.0,0.0,0.0,0.0,0.0,0.0,0.0,0.0,0.0,0.0,0.0,0.0,0.0,0.0,0.0,0.0,0.0,0.0,0.0,0.0,0.0,0.0,0.0,0.0,0.0,0.0,0.0,0.0,0.0,0.0,0.0,0.0,0.0,0.0,0.0,0.0,0.0,0.0,0.0,0.0,0.0,0.0,0.0,0.0,0.0,0.0,0.0,0.0,0.0,0.0,0.0,0.0,0.0,0.0,0.0,0.0,0.0,0.0,0.0,4534270.321524962,13.2,126.0,2458546.9,85440.0,6673190.4,0.707,0.004,247563.51810089345,54.0,126.0,2458542.9916666667,3761.0,6673190.4,0.707,0.004,252786.77706723372,44.7,226.0,2458542.9916666667,3859.0,6673190.4,0.707,0.004,6913507.871659741,5.6,326.0,2458546.9,84889.0,6673190.4,0.707,0.004,5660855.642022443,13.7,226.0,2458546.9,85534.0,6673190.4,0.707,0.004,4493735.86795404,23.8,126.0,2458553.8798611113,85977.0,6673190.4,0.707,0.004,5162146.178617152,11.7,226.0,2458553.8798611113,85957.0,6673190.4,0.707,0.004,7042829.563104728,11.9,326.0,2458553.8798611113,86074.0,6673190.4,0.707,0.004,0.0,0.0,0.0,0.0,0.0,0.0,0.0,0.0,0.0,0.0,0.0,0.0,0.0,0.0,0.0,0.0,4022118.8587736622,14.3,226.0,2458559.4430555557,80330.0,6673190.4,0.707,0.004,3731351.393998473,7.9,126.0,2458559.4430555557,80151.0,6673190.4,0.707,0.004,5717142.9572537895,14.0,326.0,2458559.4430555557,80424.0,6673190.4,0.707,0.004,15139911.896928584,13.0,126.0,2458565.2472222224,339315.0,6673190.4,0.707,0.004,18147389.236484494,6.3,226.0,2458565.2472222224,339012.0,6673190.4,0.707,0.004,98447.95529248593,26.7,126.0,2458542.103472222,1743.0,6673190.4,0.707,0.004,125982.0356225822,19.4,226.0,2458542.129166667,1719.0,6673190.4,0.707,0.004,23656711.88657968,7.0,326.0,2458565.2472222224,339239.0,6673190.4,0.707,0.004,181847.84537755314,14.2,326.0,2458542.152083333,1853.0,6673190.4,0.707,0.004,8413093.747106284,3.4,126.0,2458556.038888889,160289.0,6673190.4,0.707,0.004,8249799.92689003,3.0,226.0,2458556.038888889,159931.0,6673190.4,0.707,0.004
2015.215,0.0,0.0,0.0,0.0,0.0,0.0,0.0,0.0,0.0,0.0,0.0,0.0,0.0,0.0,0.0,0.0,0.0,0.0,0.0,0.0,0.0,0.0,0.0,0.0,0.0,0.0,0.0,0.0,0.0,0.0,0.0,0.0,1524726.6704550062,32.3,126.0,2458540.790972222,4500.0,6673190.4,3.016,0.012,1491408.9880929948,29.5,126.0,2458540.847916667,4500.0,6673190.4,3.016,0.012,863310.1003590912,40.6,126.0,2458540.904166667,3300.0,6673190.4,3.016,0.012,0.0,0.0,0.0,0.0,0.0,0.0,0.0,0.0,0.0,0.0,0.0,0.0,0.0,0.0,0.0,0.0,1756121.2964018786,29.8,226.0,2458540.7138888887,6000.0,6673190.4,3.016,0.012,1768986.6538846763,24.7,226.0,2458540.790972222,6000.0,6673190.4,3.016,0.012,1724144.66065124,22.9,226.0,2458540.8666666667,6300.0,6673190.4,3.016,0.012,2065838.9062832645,26.0,326.0,2458540.550694444,4500.0,6673190.4,3.016,0.012,0.0,0.0,0.0,0.0,0.0,0.0,0.0,0.0,1882103.926936263,20.2,326.0,2458540.675,4500.0,6673190.4,3.016,0.012,1706861.8361911832,22.4,326.0,2458540.7333333334,4500.0,6673190.4,3.016,0.012,1553978.044144532,20.3,326.0,2458540.790972222,4500.0,6673190.4,3.016,0.012,1663096.1480837169,19.1,326.0,2458540.847916667,4500.0,6673190.4,3.016,0.012,1313220.8823756608,19.1,326.0,2458540.904166667,3300.0,6673190.4,3.016,0.012,1479957.5932842658,21.9,326.0,2458542.992361111,3902.0,6673190.4,3.016,0.012,948496.8210140278,10.6,126.0,2458543.222222222,4351.0,6673190.4,3.016,0.012,72594.14607506178,44.9,126.0,2458541.007638889,359.0,6673190.4,3.016,0.012,91990.46271511246,35.2,226.0,2458541.013888889,403.0,6673190.4,3.016,0.012,481954.9973157417,59.7,126.0,2458543.9381944444,3793.0,6673190.4,3.016,0.012,107031.36136677604,25.9,326.0,2458541.019444444,327.0,6673190.4,3.016,0.012,1063710.4743829803,16.6,226.0,2458543.9381944444,3875.0,6673190.4,3.016,0.012,1260939.7685587674,18.4,326.0,2458543.9381944444,3940.0,6673190.4,3.016,0.012,211957.90683453565,42.9,126.0,2458542.4604166667,1194.0,6673190.4,3.016,0.012,273659.32967657276,43.2,226.0,2458542.476388889,1212.0,6673190.4,3.016,0.012,388552.1545717497,26.7,326.0,2458542.476388889,1216.0,6673190.4,3.016,0.012,19066183.702652406,4.4,126.0,2458546.9,85440.0,6673190.4,3.016,0.012,746521.2936494008,23.5,126.0,2458542.9916666667,3761.0,6673190.4,3.016,0.012,910676.6784229084,17.5,226.0,2458542.9916666667,3859.0,6673190.4,3.016,0.012,29183628.264364358,1.9,326.0,2458546.9,84889.0,6673190.4,3.016,0.012,23939887.129464567,4.4,226.0,2458546.9,85534.0,6673190.4,3.016,0.012,18108047.732931737,7.1,126.0,2458553.8798611113,85977.0,6673190.4,3.016,0.012,22134450.03393112,3.8,226.0,2458553.8798611113,85957.0,6673190.4,3.016,0.012,28937281.01519049,4.3,326.0,2458553.8798611113,86074.0,6673190.4,3.016,0.012,1095115.5494329894,16.3,226.0,2458543.273611111,3852.0,6673190.4,3.016,0.012,1169492.3846955644,16.6,326.0,2458543.273611111,3724.0,6673190.4,3.016,0.012,18921737.689674556,4.3,226.0,2458559.4430555557,80330.0,6673190.4,3.016,0.012,15729624.560375001,2.6,126.0,2458559.4430555557,80151.0,6673190.4,3.016,0.012,25310233.23677284,4.4,326.0,2458559.4430555557,80424.0,6673190.4,3.016,0.012,65312308.386580415,4.2,126.0,2458565.2472222224,339315.0,6673190.4,3.016,0.012,76689281.99416792,2.0,226.0,2458565.2472222224,339012.0,6673190.4,3.016,0.012,354030.5525276691,9.0,126.0,2458542.103472222,1743.0,6673190.4,3.016,0.012,456224.8128070865,7.1,226.0,2458542.129166667,1719.0,6673190.4,3.016,0.012,100694067.2060833,2.2,326.0,2458565.2472222224,339239.0,6673190.4,3.016,0.012,645231.2892964571,5.6,326.0,2458542.152083333,1853.0,6673190.4,3.016,0.012,34762655.36846443,1.3,126.0,2458556.038888889,160289.0,6673190.4,3.016,0.012,30757567.255389184,1.2,226.0,2458556.038888889,159931.0,6673190.4,3.016,0.012
2034.791,2888723.169256126,27.7,126.0,2458540.550694444,4500.0,6673190.4,7.77,0.03,2288442.048268818,28.0,126.0,2458540.6145833335,4500.0,6673190.4,7.77,0.03,2957158.9185645343,20.8,126.0,2458540.675,4500.0,6673190.4,7.77,0.03,2673484.9723311597,20.4,126.0,2458540.7333333334,4500.0,6673190.4,7.77,0.03,2616980.7581687965,19.4,126.0,2458540.790972222,4500.0,6673190.4,7.77,0.03,2786475.557759524,17.4,126.0,2458540.847916667,4500.0,6673190.4,7.77,0.03,2084412.012325989,19.1,126.0,2458540.904166667,3300.0,6673190.4,7.77,0.03,4219399.872343781,17.5,226.0,2458540.550694444,6000.0,6673190.4,7.77,0.03,4414915.573282388,13.8,226.0,2458540.634722222,6000.0,6673190.4,7.77,0.03,4154609.093104951,12.5,226.0,2458540.7138888887,6000.0,6673190.4,7.77,0.03,4447187.198253187,10.5,226.0,2458540.790972222,6000.0,6673190.4,7.77,0.03,4622734.061342129,9.2,226.0,2458540.8666666667,6300.0,6673190.4,7.77,0.03,4382716.630135619,11.8,326.0,2458540.550694444,4500.0,6673190.4,7.77,0.03,4462241.730279209,11.0,326.0,2458540.6145833335,4500.0,6673190.4,7.77,0.03,4015828.052951317,10.6,326.0,2458540.675,4500.0,6673190.4,7.77,0.03,4139527.926969619,9.3,326.0,2458540.7333333334,4500.0,6673190.4,7.77,0.03,3954164.701584052,9.6,326.0,2458540.790972222,4500.0,6673190.4,7.77,0.03,4391552.752373796,7.5,326.0,2458540.847916667,4500.0,6673190.4,7.77,0.03,2933592.5830746484,9.7,326.0,2458540.904166667,3300.0,6673190.4,7.77,0.03,3727012.8381983335,11.8,326.0,2458542.992361111,3902.0,6673190.4,7.77,0.03,2527023.345272295,5.6,126.0,2458543.222222222,4351.0,6673190.4,7.77,0.03,168456.6724693229,21.6,126.0,2458541.007638889,359.0,6673190.4,7.77,0.03,242905.62195743492,15.0,226.0,2458541.013888889,403.0,6673190.4,7.77,0.03,2243126.364144683,16.6,126.0,2458543.9381944444,3793.0,6673190.4,7.77,0.03,294665.15384072333,12.5,326.0,2458541.019444444,327.0,6673190.4,7.77,0.03,2854071.6499190764,8.4,226.0,2458543.9381944444,3875.0,6673190.4,7.77,0.03,4037571.9559995336,8.4,326.0,2458543.9381944444,3940.0,6673190.4,7.77,0.03,645623.1148033574,18.6,126.0,2458542.4604166667,1194.0,6673190.4,7.77,0.03,733245.5485653791,20.6,226.0,2458542.476388889,1212.0,6673190.4,7.77,0.03,990356.6102305229,13.9,326.0,2458542.476388889,1216.0,6673190.4,7.77,0.03,49776032.10212017,2.1,126.0,2458546.9,85440.0,6673190.4,7.77,0.03,2054189.291055015,10.9,126.0,2458542.9916666667,3761.0,6673190.4,7.77,0.03,2765079.6929878914,7.8,226.0,2458542.9916666667,3859.0,6673190.4,7.77,0.03,75249712.30391295,1.2,326.0,2458546.9,84889.0,6673190.4,7.77,0.03,61909527.04936674,2.3,226.0,2458546.9,85534.0,6673190.4,7.77,0.03,48269997.74196217,3.7,126.0,2458553.8798611113,85977.0,6673190.4,7.77,0.03,57410078.92373247,2.1,226.0,2458553.8798611113,85957.0,6673190.4,7.77,0.03,74054661.15754378,2.0,326.0,2458553.8798611113,86074.0,6673190.4,7.77,0.03,2364975.0382718784,9.3,226.0,2458543.273611111,3852.0,6673190.4,7.77,0.03,3073744.9019013005,8.8,326.0,2458543.273611111,3724.0,6673190.4,7.77,0.03,50818633.15580566,2.2,226.0,2458559.4430555557,80330.0,6673190.4,7.77,0.03,39855262.40567911,1.5,126.0,2458559.4430555557,80151.0,6673190.4,7.77,0.03,65947008.61465905,2.2,326.0,2458559.4430555557,80424.0,6673190.4,7.77,0.03,169811609.04764444,2.2,126.0,2458565.2472222224,339315.0,6673190.4,7.77,0.03,200000899.03472817,1.3,226.0,2458565.2472222224,339012.0,6673190.4,7.77,0.03,946276.517148929,4.3,126.0,2458542.103472222,1743.0,6673190.4,7.77,0.03,1240147.605548901,3.3,226.0,2458542.129166667,1719.0,6673190.4,7.77,0.03,264951843.44434297,1.1,326.0,2458565.2472222224,339239.0,6673190.4,7.77,0.03,1628186.538536162,3.1,326.0,2458542.152083333,1853.0,6673190.4,7.77,0.03,90233452.23689893,1.0,126.0,2458556.038888889,160289.0,6673190.4,7.77,0.03,80581080.8757881,0.7,226.0,2458556.038888889,159931.0,6673190.4,7.77,0.03
2177.6,2411527.2383303046,27.5,126.0,2458540.550694444,4500.0,63108.0,0.29,0.04,2180010.424532812,25.9,126.0,2458540.6145833335,4500.0,63108.0,0.29,0.04,2070707.6318663592,23.7,126.0,2458540.675,4500.0,63108.0,0.29,0.04,1900084.9624195222,25.9,126.0,2458540.7333333334,4500.0,63108.0,0.29,0.04,1790376.2830028022,25.5,126.0,2458540.790972222,4500.0,63108.0,0.29,0.04,1863820.874118804,22.5,126.0,2458540.847916667,4500.0,63108.0,0.29,0.04,1303392.0862944406,26.7,126.0,2458540.904166667,3300.0,63108.0,0.29,0.04,2597886.3118906305,21.7,226.0,2458540.550694444,6000.0,63108.0,0.29,0.04,1526675.1562164174,29.6,226.0,2458540.634722222,6000.0,63108.0,0.29,0.04,1659901.8149981587,24.9,226.0,2458540.7138888887,6000.0,63108.0,0.29,0.04,1526597.9766466,24.5,226.0,2458540.790972222,6000.0,63108.0,0.29,0.04,1645561.4104967606,21.8,226.0,2458540.8666666667,6300.0,63108.0,0.29,0.04,1206945.0213345755,32.0,326.0,2458540.550694444,4500.0,63108.0,0.29,0.04,810951.9718479782,42.7,326.0,2458540.6145833335,4500.0,63108.0,0.29,0.04,1183424.098452573,27.1,326.0,2458540.675,4500.0,63108.0,0.29,0.04,980642.8298343426,28.0,326.0,2458540.7333333334,4500.0,63108.0,0.29,0.04,825060.0731779324,30.3,326.0,2458540.790972222,4500.0,63108.0,0.29,0.04,942884.1866530946,26.1,326.0,2458540.847916667,4500.0,63108.0,0.29,0.04,655391.269092406,29.2,326.0,2458540.904166667,3300.0,63108.0,0.29,0.04,0.0,0.0,0.0,0.0,0.0,0.0,0.0,0.0,390383.0540556786,23.2,126.0,2458543.222222222,4351.0,63108.0,0.29,0.04,147578.76730008802,22.2,126.0,2458541.007638889,359.0,63108.0,0.29,0.04,98170.76774777545,30.8,226.0,2458541.013888889,403.0,63108.0,0.29,0.04,0.0,0.0,0.0,0.0,0.0,0.0,0.0,0.0,50749.03404049269,47.0,326.0,2458541.019444444,327.0,63108.0,0.29,0.04,0.0,0.0,0.0,0.0,0.0,0.0,0.0,0.0,0.0,0.0,0.0,0.0,0.0,0.0,0.0,0.0,0.0,0.0,0.0,0.0,0.0,0.0,0.0,0.0,0.0,0.0,0.0,0.0,0.0,0.0,0.0,0.0,0.0,0.0,0.0,0.0,0.0,0.0,0.0,0.0,0.0,0.0,0.0,0.0,0.0,0.0,0.0,0.0,0.0,0.0,0.0,0.0,0.0,0.0,0.0,0.0,0.0,0.0,0.0,0.0,0.0,0.0,0.0,0.0,0.0,0.0,0.0,0.0,0.0,0.0,0.0,0.0,0.0,0.0,0.0,0.0,0.0,0.0,0.0,0.0,0.0,0.0,0.0,0.0,0.0,0.0,0.0,0.0,0.0,0.0,0.0,0.0,0.0,0.0,0.0,0.0,0.0,0.0,0.0,0.0,0.0,0.0,0.0,0.0,0.0,0.0,0.0,0.0,0.0,0.0,0.0,0.0,0.0,0.0,0.0,0.0,0.0,0.0,0.0,0.0,0.0,0.0,0.0,0.0,0.0,0.0,0.0,0.0,0.0,0.0,0.0,0.0,0.0,0.0,0.0,0.0,0.0,0.0,0.0,0.0,0.0,0.0,0.0,0.0,0.0,0.0,0.0,0.0,0.0,0.0,0.0,0.0,0.0,0.0,0.0,0.0,0.0,0.0,0.0,0.0,534975.5826607399,6.6,126.0,2458542.103472222,1743.0,63108.0,0.29,0.04,265956.0357346494,11.5,226.0,2458542.129166667,1719.0,63108.0,0.29,0.04,0.0,0.0,0.0,0.0,0.0,0.0,0.0,0.0,160687.3450630147,17.8,326.0,2458542.152083333,1853.0,63108.0,0.29,0.04,0.0,0.0,0.0,0.0,0.0,0.0,0.0,0.0,0.0,0.0,0.0,0.0,0.0,0.0,0.0,0.0
2212.131,0.0,0.0,0.0,0.0,0.0,0.0,0.0,0.0,0.0,0.0,0.0,0.0,0.0,0.0,0.0,0.0,0.0,0.0,0.0,0.0,0.0,0.0,0.0,0.0,0.0,0.0,0.0,0.0,0.0,0.0,0.0,0.0,0.0,0.0,0.0,0.0,0.0,0.0,0.0,0.0,0.0,0.0,0.0,0.0,0.0,0.0,0.0,0.0,0.0,0.0,0.0,0.0,0.0,0.0,0.0,0.0,0.0,0.0,0.0,0.0,0.0,0.0,0.0,0.0,0.0,0.0,0.0,0.0,0.0,0.0,0.0,0.0,0.0,0.0,0.0,0.0,0.0,0.0,0.0,0.0,0.0,0.0,0.0,0.0,0.0,0.0,0.0,0.0,0.0,0.0,0.0,0.0,0.0,0.0,0.0,0.0,0.0,0.0,0.0,0.0,0.0,0.0,0.0,0.0,0.0,0.0,0.0,0.0,0.0,0.0,0.0,0.0,0.0,0.0,0.0,0.0,0.0,0.0,0.0,0.0,0.0,0.0,0.0,0.0,0.0,0.0,0.0,0.0,0.0,0.0,0.0,0.0,0.0,0.0,0.0,0.0,0.0,0.0,0.0,0.0,0.0,0.0,0.0,0.0,0.0,0.0,0.0,0.0,0.0,0.0,0.0,0.0,0.0,0.0,0.0,0.0,0.0,0.0,0.0,0.0,0.0,0.0,0.0,0.0,0.0,0.0,0.0,0.0,0.0,0.0,0.0,0.0,0.0,0.0,0.0,0.0,0.0,0.0,0.0,0.0,0.0,0.0,0.0,0.0,0.0,0.0,0.0,0.0,0.0,0.0,0.0,0.0,0.0,0.0,0.0,0.0,0.0,0.0,0.0,0.0,0.0,0.0,0.0,0.0,0.0,0.0,0.0,0.0,0.0,0.0,0.0,0.0,0.0,0.0,0.0,0.0,0.0,0.0,0.0,0.0,0.0,0.0,0.0,0.0,0.0,0.0,0.0,0.0,0.0,0.0,0.0,0.0,0.0,0.0,0.0,0.0,0.0,0.0,0.0,0.0,2288992.487296701,25.1,126.0,2458546.9,85440.0,6673190.4,0.388,0.004,0.0,0.0,0.0,0.0,0.0,0.0,0.0,0.0,180217.97910731615,57.2,226.0,2458542.9916666667,3859.0,6673190.4,0.388,0.004,4085859.947105333,9.6,326.0,2458546.9,84889.0,6673190.4,0.388,0.004,3093675.600842658,25.0,226.0,2458546.9,85534.0,6673190.4,0.388,0.004,0.0,0.0,0.0,0.0,0.0,0.0,0.0,0.0,2561835.719872315,23.5,226.0,2458553.8798611113,85957.0,6673190.4,0.388,0.004,3977775.5239412207,20.7,326.0,2458553.8798611113,86074.0,6673190.4,0.388,0.004,0.0,0.0,0.0,0.0,0.0,0.0,0.0,0.0,0.0,0.0,0.0,0.0,0.0,0.0,0.0,0.0,2350938.4747438943,24.7,226.0,2458559.4430555557,80330.0,6673190.4,0.388,0.004,2025746.416013284,14.1,126.0,2458559.4430555557,80151.0,6673190.4,0.388,0.004,3464686.8159071687,22.9,326.0,2458559.4430555557,80424.0,6673190.4,0.388,0.004,8615353.829118535,24.5,126.0,2458565.2472222224,339315.0,6673190.4,0.388,0.004,9428103.677290464,12.4,226.0,2458565.2472222224,339012.0,6673190.4,0.388,0.004,0.0,0.0,0.0,0.0,0.0,0.0,0.0,0.0,0.0,0.0,0.0,0.0,0.0,0.0,0.0,0.0,13416750.180117885,12.3,326.0,2458565.2472222224,339239.0,6673190.4,0.388,0.004,0.0,0.0,0.0,0.0,0.0,0.0,0.0,0.0,5087853.882687234,5.8,126.0,2458556.038888889,160289.0,6673190.4,0.388,0.004,4428016.276823898,5.7,226.0,2458556.038888889,159931.0,6673190.4,0.388,0.004
2276.131,0.0,0.0,0.0,0.0,0.0,0.0,0.0,0.0,0.0,0.0,0.0,0.0,0.0,0.0,0.0,0.0,0.0,0.0,0.0,0.0,0.0,0.0,0.0,0.0,0.0,0.0,0.0,0.0,0.0,0.0,0.0,0.0,0.0,0.0,0.0,0.0,0.0,0.0,0.0,0.0,0.0,0.0,0.0,0.0,0.0,0.0,0.0,0.0,0.0,0.0,0.0,0.0,0.0,0.0,0.0,0.0,0.0,0.0,0.0,0.0,0.0,0.0,0.0,0.0,0.0,0.0,0.0,0.0,0.0,0.0,0.0,0.0,0.0,0.0,0.0,0.0,0.0,0.0,0.0,0.0,0.0,0.0,0.0,0.0,0.0,0.0,0.0,0.0,0.0,0.0,0.0,0.0,0.0,0.0,0.0,0.0,0.0,0.0,0.0,0.0,0.0,0.0,0.0,0.0,0.0,0.0,0.0,0.0,0.0,0.0,0.0,0.0,0.0,0.0,0.0,0.0,0.0,0.0,0.0,0.0,0.0,0.0,0.0,0.0,0.0,0.0,0.0,0.0,0.0,0.0,0.0,0.0,0.0,0.0,0.0,0.0,0.0,0.0,0.0,0.0,0.0,0.0,0.0,0.0,0.0,0.0,0.0,0.0,0.0,0.0,0.0,0.0,0.0,0.0,0.0,0.0,0.0,0.0,0.0,0.0,0.0,0.0,0.0,0.0,0.0,0.0,0.0,0.0,0.0,0.0,0.0,0.0,0.0,0.0,0.0,0.0,0.0,0.0,0.0,0.0,0.0,0.0,0.0,0.0,0.0,0.0,0.0,0.0,0.0,0.0,0.0,0.0,0.0,0.0,0.0,0.0,0.0,0.0,0.0,0.0,0.0,0.0,0.0,0.0,0.0,0.0,0.0,0.0,0.0,0.0,0.0,0.0,0.0,0.0,0.0,0.0,0.0,0.0,0.0,0.0,0.0,0.0,0.0,0.0,0.0,0.0,0.0,0.0,0.0,0.0,0.0,0.0,0.0,0.0,0.0,0.0,0.0,0.0,0.0,0.0,0.0,0.0,0.0,0.0,0.0,0.0,0.0,0.0,0.0,0.0,0.0,0.0,0.0,0.0,0.0,0.0,0.0,0.0,0.0,0.0,0.0,0.0,0.0,0.0,1547095.6963219736,30.2,326.0,2458546.9,84889.0,6673190.4,0.118,0.004,0.0,0.0,0.0,0.0,0.0,0.0,0.0,0.0,0.0,0.0,0.0,0.0,0.0,0.0,0.0,0.0,0.0,0.0,0.0,0.0,0.0,0.0,0.0,0.0,0.0,0.0,0.0,0.0,0.0,0.0,0.0,0.0,0.0,0.0,0.0,0.0,0.0,0.0,0.0,0.0,0.0,0.0,0.0,0.0,0.0,0.0,0.0,0.0,0.0,0.0,0.0,0.0,0.0,0.0,0.0,0.0,632876.0592885632,53.5,126.0,2458559.4430555557,80151.0,6673190.4,0.118,0.004,0.0,0.0,0.0,0.0,0.0,0.0,0.0,0.0,0.0,0.0,0.0,0.0,0.0,0.0,0.0,0.0,3527236.0150806205,39.0,226.0,2458565.2472222224,339012.0,6673190.4,0.118,0.004,0.0,0.0,0.0,0.0,0.0,0.0,0.0,0.0,0.0,0.0,0.0,0.0,0.0,0.0,0.0,0.0,0.0,0.0,0.0,0.0,0.0,0.0,0.0,0.0,80678.82731847109,36.4,326.0,2458542.152083333,1853.0,6673190.4,0.118,0.004,2419289.909840624,13.4,126.0,2458556.038888889,160289.0,6673190.4,0.118,0.004,2833421.4585779663,10.9,226.0,2458556.038888889,159931.0,6673190.4,0.118,0.004
2598.5,6608842.678731391,10.1,126.0,2458540.550694444,4500.0,6673190.4,16.97,0.04,6490554.946814871,9.9,126.0,2458540.6145833335,4500.0,6673190.4,16.97,0.04,6564862.820459268,9.9,126.0,2458540.675,4500.0,6673190.4,16.97,0.04,6358060.7020831015,10.2,126.0,2458540.7333333334,4500.0,6673190.4,16.97,0.04,5856004.679661751,10.5,126.0,2458540.790972222,4500.0,6673190.4,16.97,0.04,6136266.868360927,10.1,126.0,2458540.847916667,4500.0,6673190.4,16.97,0.04,4396060.53183472,11.7,126.0,2458540.904166667,3300.0,6673190.4,16.97,0.04,10661519.530303389,6.6,226.0,2458540.550694444,6000.0,6673190.4,16.97,0.04,10363683.275173673,6.1,226.0,2458540.634722222,6000.0,6673190.4,16.97,0.04,10704593.909225438,5.7,226.0,2458540.7138888887,6000.0,6673190.4,16.97,0.04,10755265.905070245,5.5,226.0,2458540.790972222,6000.0,6673190.4,16.97,0.04,10951754.118912969,5.6,226.0,2458540.8666666667,6300.0,6673190.4,16.97,0.04,9320486.204759447,5.5,326.0,2458540.550694444,4500.0,6673190.4,16.97,0.04,9616284.49132751,4.9,326.0,2458540.6145833335,4500.0,6673190.4,16.97,0.04,9180110.457899896,5.2,326.0,2458540.675,4500.0,6673190.4,16.97,0.04,9264607.990102617,5.0,326.0,2458540.7333333334,4500.0,6673190.4,16.97,0.04,9342837.49062218,4.8,326.0,2458540.790972222,4500.0,6673190.4,16.97,0.04,9253432.34717125,4.9,326.0,2458540.847916667,4500.0,6673190.4,16.97,0.04,6303062.613290561,5.8,326.0,2458540.904166667,3300.0,6673190.4,16.97,0.04,8113180.946903763,8.3,326.0,2458542.992361111,3902.0,6673190.4,16.97,0.04,5390527.549911358,3.9,126.0,2458543.222222222,4351.0,6673190.4,16.97,0.04,429693.0553714922,9.9,126.0,2458541.007638889,359.0,6673190.4,16.97,0.04,613957.6722793172,7.5,226.0,2458541.013888889,403.0,6673190.4,16.97,0.04,4867916.210111153,11.0,126.0,2458543.9381944444,3793.0,6673190.4,16.97,0.04,664281.1942526583,7.7,326.0,2458541.019444444,327.0,6673190.4,16.97,0.04,5939421.977460824,5.7,226.0,2458543.9381944444,3875.0,6673190.4,16.97,0.04,8275237.2402612325,6.5,326.0,2458543.9381944444,3940.0,6673190.4,16.97,0.04,1434662.3760597112,11.8,126.0,2458542.4604166667,1194.0,6673190.4,16.97,0.04,1707929.1797802073,12.4,226.0,2458542.476388889,1212.0,6673190.4,16.97,0.04,0.0,0.0,0.0,0.0,0.0,0.0,0.0,0.0,104510905.00510655,1.7,126.0,2458546.9,85440.0,6673190.4,16.97,0.04,3898396.9419600004,8.3,126.0,2458542.9916666667,3761.0,6673190.4,16.97,0.04,5763430.827669876,5.8,226.0,2458542.9916666667,3859.0,6673190.4,16.97,0.04,163656962.54965654,1.2,326.0,2458546.9,84889.0,6673190.4,16.97,0.04,137832738.10039705,1.5,226.0,2458546.9,85534.0,6673190.4,16.97,0.04,105726730.97872294,2.5,126.0,2458553.8798611113,85977.0,6673190.4,16.97,0.04,124425163.24796543,1.4,226.0,2458553.8798611113,85957.0,6673190.4,16.97,0.04,165428043.32719958,1.4,326.0,2458553.8798611113,86074.0,6673190.4,16.97,0.04,5838410.413459163,5.2,226.0,2458543.273611111,3852.0,6673190.4,16.97,0.04,7129855.345672964,5.9,326.0,2458543.273611111,3724.0,6673190.4,16.97,0.04,107785225.39308663,1.6,226.0,2458559.4430555557,80330.0,6673190.4,16.97,0.04,87266955.93329424,1.4,126.0,2458559.4430555557,80151.0,6673190.4,16.97,0.04,148783822.59575757,1.5,326.0,2458559.4430555557,80424.0,6673190.4,16.97,0.04,375227832.23211336,1.5,126.0,2458565.2472222224,339315.0,6673190.4,16.97,0.04,426855195.6171108,1.1,226.0,2458565.2472222224,339012.0,6673190.4,16.97,0.04,2178451.25325231,2.6,126.0,2458542.103472222,1743.0,6673190.4,16.97,0.04,2700566.758249602,2.4,226.0,2458542.129166667,1719.0,6673190.4,16.97,0.04,592927992.2931975,0.8,326.0,2458565.2472222224,339239.0,6673190.4,16.97,0.04,3769070.8137164623,1.8,326.0,2458542.152083333,1853.0,6673190.4,16.97,0.04,184728018.32088616,0.7,126.0,2458556.038888889,160289.0,6673190.4,16.97,0.04,172127644.04569507,0.6,226.0,2458556.038888889,159931.0,6673190.4,16.97,0.04
2872.4,1152299.9108777759,34.1,126.0,2458540.550694444,4500.0,63108.0,0.118,0.008,987685.6378952365,41.4,126.0,2458540.6145833335,4500.0,63108.0,0.118,0.008,0.0,0.0,0.0,0.0,0.0,0.0,0.0,0.0,724358.3511778594,55.0,126.0,2458540.7333333334,4500.0,63108.0,0.118,0.008,0.0,0.0,0.0,0.0,0.0,0.0,0.0,0.0,757312.7685918703,51.3,126.0,2458540.847916667,4500.0,63108.0,0.118,0.008,0.0,0.0,0.0,0.0,0.0,0.0,0.0,0.0,0.0,0.0,0.0,0.0,0.0,0.0,0.0,0.0,0.0,0.0,0.0,0.0,0.0,0.0,0.0,0.0,772920.3403291199,32.2,226.0,2458540.7138888887,6000.0,63108.0,0.118,0.008,0.0,0.0,0.0,0.0,0.0,0.0,0.0,0.0,591641.4147274925,46.1,226.0,2458540.8666666667,6300.0,63108.0,0.118,0.008,0.0,0.0,0.0,0.0,0.0,0.0,0.0,0.0,640016.8824062627,31.4,326.0,2458540.6145833335,4500.0,63108.0,0.118,0.008,0.0,0.0,0.0,0.0,0.0,0.0,0.0,0.0,399983.71462338616,39.5,326.0,2458540.7333333334,4500.0,63108.0,0.118,0.008,0.0,0.0,0.0,0.0,0.0,0.0,0.0,0.0,0.0,0.0,0.0,0.0,0.0,0.0,0.0,0.0,0.0,0.0,0.0,0.0,0.0,0.0,0.0,0.0,0.0,0.0,0.0,0.0,0.0,0.0,0.0,0.0,0.0,0.0,0.0,0.0,0.0,0.0,0.0,0.0,0.0,0.0,0.0,0.0,0.0,0.0,0.0,0.0,0.0,0.0,0.0,0.0,0.0,0.0,0.0,0.0,0.0,0.0,0.0,0.0,0.0,0.0,0.0,0.0,0.0,0.0,0.0,0.0,0.0,0.0,0.0,0.0,0.0,0.0,0.0,0.0,0.0,0.0,0.0,0.0,0.0,0.0,0.0,0.0,0.0,0.0,0.0,0.0,0.0,0.0,0.0,0.0,0.0,0.0,0.0,0.0,0.0,0.0,0.0,0.0,0.0,0.0,0.0,0.0,0.0,0.0,0.0,0.0,0.0,0.0,0.0,0.0,0.0,0.0,0.0,0.0,0.0,0.0,0.0,0.0,0.0,0.0,0.0,0.0,0.0,0.0,0.0,0.0,0.0,0.0,0.0,0.0,0.0,0.0,0.0,0.0,0.0,0.0,0.0,0.0,0.0,0.0,0.0,0.0,0.0,0.0,0.0,0.0,0.0,0.0,0.0,0.0,0.0,0.0,0.0,0.0,0.0,0.0,0.0,0.0,0.0,0.0,0.0,0.0,0.0,0.0,0.0,0.0,0.0,0.0,0.0,0.0,0.0,0.0,0.0,0.0,0.0,0.0,0.0,0.0,0.0,0.0,0.0,0.0,0.0,0.0,0.0,0.0,0.0,0.0,0.0,0.0,0.0,0.0,0.0,0.0,0.0,0.0,0.0,0.0,0.0,0.0,0.0,0.0,0.0,0.0,0.0,0.0,0.0,0.0,0.0,0.0,0.0,0.0,0.0,0.0,0.0,0.0,0.0,0.0,0.0,0.0,0.0,0.0,0.0,0.0,0.0,0.0,0.0,0.0,0.0,0.0,101886.1964326437,23.3,126.0,2458542.103472222,1743.0,63108.0,0.118,0.008,63102.22115504885,41.9,226.0,2458542.129166667,1719.0,63108.0,0.118,0.008,0.0,0.0,0.0,0.0,0.0,0.0,0.0,0.0,0.0,0.0,0.0,0.0,0.0,0.0,0.0,0.0,0.0,0.0,0.0,0.0,0.0,0.0,0.0,0.0,0.0,0.0,0.0,0.0,0.0,0.0,0.0,0.0
2938.9,0.0,0.0,0.0,0.0,0.0,0.0,0.0,0.0,0.0,0.0,0.0,0.0,0.0,0.0,0.0,0.0,0.0,0.0,0.0,0.0,0.0,0.0,0.0,0.0,0.0,0.0,0.0,0.0,0.0,0.0,0.0,0.0,0.0,0.0,0.0,0.0,0.0,0.0,0.0,0.0,0.0,0.0,0.0,0.0,0.0,0.0,0.0,0.0,0.0,0.0,0.0,0.0,0.0,0.0,0.0,0.0,0.0,0.0,0.0,0.0,0.0,0.0,0.0,0.0,0.0,0.0,0.0,0.0,0.0,0.0,0.0,0.0,646431.9767352096,47.3,226.0,2458540.7138888887,6000.0,63108.0,0.057,0.01,489778.07137680094,54.6,226.0,2458540.790972222,6000.0,63108.0,0.057,0.01,0.0,0.0,0.0,0.0,0.0,0.0,0.0,0.0,0.0,0.0,0.0,0.0,0.0,0.0,0.0,0.0,0.0,0.0,0.0,0.0,0.0,0.0,0.0,0.0,0.0,0.0,0.0,0.0,0.0,0.0,0.0,0.0,0.0,0.0,0.0,0.0,0.0,0.0,0.0,0.0,0.0,0.0,0.0,0.0,0.0,0.0,0.0,0.0,0.0,0.0,0.0,0.0,0.0,0.0,0.0,0.0,0.0,0.0,0.0,0.0,0.0,0.0,0.0,0.0,0.0,0.0,0.0,0.0,0.0,0.0,0.0,0.0,0.0,0.0,0.0,0.0,0.0,0.0,0.0,0.0,0.0,0.0,0.0,0.0,0.0,0.0,0.0,0.0,0.0,0.0,0.0,0.0,0.0,0.0,0.0,0.0,0.0,0.0,0.0,0.0,0.0,0.0,0.0,0.0,0.0,0.0,0.0,0.0,0.0,0.0,0.0,0.0,0.0,0.0,0.0,0.0,0.0,0.0,0.0,0.0,0.0,0.0,0.0,0.0,0.0,0.0,0.0,0.0,0.0,0.0,0.0,0.0,0.0,0.0,0.0,0.0,0.0,0.0,0.0,0.0,0.0,0.0,0.0,0.0,0.0,0.0,0.0,0.0,0.0,0.0,0.0,0.0,1340521.0781453762,47.3,126.0,2458546.9,85440.0,63108.0,0.057,0.01,0.0,0.0,0.0,0.0,0.0,0.0,0.0,0.0,0.0,0.0,0.0,0.0,0.0,0.0,0.0,0.0,2050779.3909001278,23.4,326.0,2458546.9,84889.0,63108.0,0.057,0.01,1960022.3730898919,43.9,226.0,2458546.9,85534.0,63108.0,0.057,0.01,0.0,0.0,0.0,0.0,0.0,0.0,0.0,0.0,1220743.6699957869,57.3,226.0,2458553.8798611113,85957.0,63108.0,0.057,0.01,1753810.5425324626,53.0,326.0,2458553.8798611113,86074.0,63108.0,0.057,0.01,0.0,0.0,0.0,0.0,0.0,0.0,0.0,0.0,0.0,0.0,0.0,0.0,0.0,0.0,0.0,0.0,1246036.1910774321,50.7,226.0,2458559.4430555557,80330.0,63108.0,0.057,0.01,909437.8969278893,37.4,126.0,2458559.4430555557,80151.0,63108.0,0.057,0.01,1911019.4092188766,47.3,326.0,2458559.4430555557,80424.0,63108.0,0.057,0.01,3851581.338672554,49.2,126.0,2458565.2472222224,339315.0,63108.0,0.057,0.01,4436789.4624057505,28.6,226.0,2458565.2472222224,339012.0,63108.0,0.057,0.01,69382.8237188646,37.2,126.0,2458542.103472222,1743.0,63108.0,0.057,0.01,58233.34794779069,46.4,226.0,2458542.129166667,1719.0,63108.0,0.057,0.01,7182083.139397156,25.5,326.0,2458565.2472222224,339239.0,63108.0,0.057,0.01,0.0,0.0,0.0,0.0,0.0,0.0,0.0,0.0,2145336.9058179026,16.4,126.0,2458556.038888889,160289.0,63108.0,0.057,0.01,2085411.4204540197,13.6,226.0,2458556.038888889,159931.0,63108.0,0.057,0.01
2938.9,0.0,0.0,0.0,0.0,0.0,0.0,0.0,0.0,0.0,0.0,0.0,0.0,0.0,0.0,0.0,0.0,0.0,0.0,0.0,0.0,0.0,0.0,0.0,0.0,0.0,0.0,0.0,0.0,0.0,0.0,0.0,0.0,0.0,0.0,0.0,0.0,0.0,0.0,0.0,0.0,0.0,0.0,0.0,0.0,0.0,0.0,0.0,0.0,0.0,0.0,0.0,0.0,0.0,0.0,0.0,0.0,0.0,0.0,0.0,0.0,0.0,0.0,0.0,0.0,0.0,0.0,0.0,0.0,0.0,0.0,0.0,0.0,0.0,0.0,0.0,0.0,0.0,0.0,0.0,0.0,0.0,0.0,0.0,0.0,0.0,0.0,0.0,0.0,0.0,0.0,0.0,0.0,0.0,0.0,0.0,0.0,0.0,0.0,0.0,0.0,0.0,0.0,0.0,0.0,0.0,0.0,0.0,0.0,0.0,0.0,0.0,0.0,0.0,0.0,0.0,0.0,0.0,0.0,0.0,0.0,0.0,0.0,0.0,0.0,0.0,0.0,0.0,0.0,0.0,0.0,0.0,0.0,0.0,0.0,0.0,0.0,0.0,0.0,0.0,0.0,0.0,0.0,0.0,0.0,0.0,0.0,0.0,0.0,0.0,0.0,0.0,0.0,0.0,0.0,0.0,0.0,0.0,0.0,0.0,0.0,0.0,0.0,0.0,0.0,0.0,0.0,0.0,0.0,0.0,0.0,0.0,0.0,0.0,0.0,0.0,0.0,0.0,0.0,0.0,0.0,0.0,0.0,0.0,0.0,0.0,0.0,0.0,0.0,0.0,0.0,0.0,0.0,0.0,0.0,0.0,0.0,0.0,0.0,0.0,0.0,0.0,0.0,0.0,0.0,0.0,0.0,0.0,0.0,0.0,0.0,0.0,0.0,0.0,0.0,0.0,0.0,0.0,0.0,0.0,0.0,0.0,0.0,0.0,0.0,0.0,0.0,0.0,0.0,0.0,0.0,0.0,0.0,0.0,0.0,0.0,0.0,0.0,0.0,0.0,0.0,0.0,0.0,0.0,0.0,0.0,0.0,0.0,0.0,0.0,0.0,0.0,0.0,0.0,0.0,0.0,0.0,0.0,0.0,0.0,0.0,0.0,0.0,0.0,0.0,0.0,0.0,0.0,0.0,0.0,0.0,0.0,0.0,0.0,0.0,0.0,0.0,0.0,0.0,0.0,0.0,0.0,0.0,0.0,0.0,0.0,0.0,0.0,0.0,0.0,0.0,0.0,0.0,0.0,0.0,0.0,0.0,0.0,0.0,0.0,0.0,0.0,0.0,0.0,0.0,0.0,0.0,0.0,0.0,0.0,0.0,0.0,0.0,0.0,0.0,0.0,0.0,0.0,0.0,0.0,0.0,0.0,0.0,0.0,0.0,0.0,0.0,0.0,0.0,0.0,0.0,0.0,0.0,0.0,0.0,0.0,0.0,0.0,0.0,0.0,0.0,0.0,0.0,0.0,0.0,0.0,0.0,0.0,0.0,0.0,0.0,0.0,0.0,0.0,0.0,0.0,0.0,0.0,0.0,0.0,0.0,0.0,0.0,0.0,0.0,0.0,0.0,0.0,0.0,0.0,0.0,0.0,0.0,0.0,0.0,0.0,0.0,0.0,0.0,0.0,0.0,0.0,0.0,0.0,0.0,0.0,0.0,0.0,0.0,0.0,0.0,0.0,0.0,0.0,0.0,0.0,0.0,0.0,0.0,0.0,0.0,0.0,0.0,0.0,0.0,0.0,0.0,0.0,0.0
