###################################################################################################
#                                                                                    3.6.0-Cordelia
#
#                                                      .oooooo.             ooooo   ooooo        
#     Clair de Lune                                   d8P    Y8b             888     888         
#     =============                                  888           .ooooo.   888     888         
#                                                    888          d88   88b  888ooooo888         
# Votre ame est un paysage choisi                    888          888   888  888     888  dP^Y8b 
# Que vont charmant masques et bergamasques           88b    ooo  888   888  888     888      8P 
# Jouant du luth et dansant et quasi                   Y8bood8P    Y8bod8P' o888o   o888o   <8B  
# Tristes sous leurs deguisements fantasques.                                           8b    8b 
#                                                                                        Y8oo8P  
#
# Tout en chantant sur le mode mineur            Au calme clair de lune triste et beau,
# L'amour vainqueur et la vie opportune          Qui fait rever les oiseaux dans les arbres
# Ils n'ont pas l'air de croire a leur bonheur   Et sangloter d'extase les jets d'eau,
# Et leur chanson se mele au clair de lune,      Les grands jets d'eau sveltes parmi les marbres.
# 
#                                                                                   Paul Verlaine
#
######################################################################################## Moonage 11
###################################################################################################
#                                                                                    3.6.0-Cordelia
#          
#......................................................................../  028-062Ni //  23.500000
#                                                                                 SYSTEM PARAMETERS
#            AtomicNum    MassNum
#    Target         28         62
#  Incident          1          2
#            Ecms[MeV]  Elab[MeV] ReduceMass WaveNumber
     Energy 2.2760e+01 2.3500e+01 1.9507e+00 1.4574e+00
#......................................................................../  028-062Ni //  23.500000
#                                                                             ROTATIONAL STATE DATA
#             Energy       Spin   WaveNum Eout[MeV]   Coulomb   Sig0   
      Level   0.00000       0.0   1.45745  22.75978   1.29094  -0.24205
#......................................................................../  028-062Ni //  23.500000
#                                                                            DEFORMATION PARAMETERS
#              Lambda     Beta
#......................................................................../  028-062Ni //  23.500000
#                                                                           OPTICAL MODEL POTENTIAL
# OMP  0      V         Vs        Wv        Ws        Vso       Wso       Coul
      r[fm]   1.15004   0.00000   1.33019   1.37240   0.97200   0.00000      1.30
      a[fm]   0.76887   0.00000   0.45921   0.77639   1.01100   0.00000
 Depth[MeV]  90.78472   0.00000   2.51966  10.13355   7.11400   0.00000
#......................................................................../  028-062Ni //  23.500000
#                                                                      TOTAL REACTION CROSS SECTION
  Sigma[mb] 1.7700e+03
#......................................................................../  028-062Ni //  23.500000
#                                                                     DISCRETE DIRECT CROSS SECTION
#              Ex[MeV]     Spin    Eout[MeV]  Sigma[mb]
  Direct  0    0.00000      0.0   2.2760e+01 1.2675e+03
#......................................................................../  028-062Ni //  23.500000
#                                                                                      TARGET STATE
#           Excitation  Spin
  028-062Ni 0.0000e+00  0.0+
#......................................................................../  028-062Ni //  23.500000
#                                                                             COMPOUND NUCLEUS DATA
#              Z     A  MassExess    Ex(max) Separation     N-cont    N-level
  029-064Cu              -65.4241    34.5739                   160         96
      gamma  029-064Cu     0.0000                0.0000
    neutron  029-063Cu     8.0714                7.9162
     proton  028-063Ni     7.2890                7.2008
      alpha  027-060Co     2.4249                6.1993
   deuteron  028-062Ni    13.1358               11.8141
  029-063Cu              -65.5793    26.6576                   115         96
      gamma  029-063Cu     0.0000                0.0000
    neutron  029-062Cu     8.0714               10.8638
     proton  028-062Ni     7.2890                6.1225
      alpha  027-059Co     2.4249                5.7751
   deuteron  028-061Ni    13.1358               14.4938
  028-063Ni              -65.5123    27.3730                   124         23
      gamma  028-063Ni     0.0000                0.0000
    neutron  028-062Ni     8.0714                6.8379
     proton  027-062Co     7.2890               11.3775
      alpha  026-059Fe     2.4249                7.2731
   deuteron  027-061Co    13.1358               15.7505
  027-060Co              -61.6497    28.3746                   130         66
      gamma  027-060Co     0.0000                0.0000
    neutron  027-059Co     8.0714                7.4920
     proton  026-059Fe     7.2890                8.2746
      alpha  025-056Mn     2.4249                7.1638
   deuteron  026-058Fe    13.1358               12.6311
  028-062Ni              -66.7459    22.7598                    92         47
      gamma  028-062Ni     0.0000                0.0000
    neutron  028-061Ni     8.0714               10.5960
     proton  027-061Co     7.2890               11.1373
      alpha  026-058Fe     2.4249                7.0163
   deuteron  027-060Co    13.1358               18.2320
  029-062Cu              -62.7870    15.7939                    69         60
      gamma  029-062Cu     0.0000                0.0000
    neutron  029-061Cu     8.0714                8.8746
     proton  028-061Ni     7.2890                5.8547
      alpha  027-058Co     2.4249                5.3653
   deuteron  028-060Ni    13.1358               11.4503
  028-062Ni              -66.7459    20.5352                    81         47
      gamma  028-062Ni     0.0000                0.0000
    neutron  028-061Ni     8.0714               10.5960
     proton  027-061Co     7.2890               11.1373
      alpha  026-058Fe     2.4249                7.0163
   deuteron  027-060Co    13.1358               18.2320
  027-059Co              -62.2291    20.8825                    85         83
      gamma  027-059Co     0.0000                0.0000
    neutron  027-058Co     8.0714               10.4540
     proton  026-058Fe     7.2890                7.3637
      alpha  025-055Mn     2.4249                6.9423
   deuteron  026-057Fe    13.1358               15.1838
  028-061Ni              -64.2213    12.1638                    47         36
      gamma  028-061Ni     0.0000                0.0000
    neutron  028-060Ni     8.0714                7.8202
     proton  027-060Co     7.2890                9.8606
      alpha  026-057Fe     2.4249                6.4651
  027-062Co              -61.4238    15.9955                    71         25
      gamma  027-062Co     0.0000                0.0000
    neutron  027-061Co     8.0714                6.5976
     proton  026-061Fe     7.2890                9.7924
      alpha  025-058Mn     2.4249                8.0212
   deuteron  026-060Fe    13.1358               13.1473
  026-059Fe              -60.6642    20.1000                    88         27
      gamma  026-059Fe     0.0000                0.0000
    neutron  026-058Fe     8.0714                6.5811
     proton  025-058Mn     7.2890               12.1256
      alpha  024-055Cr     2.4249                7.9804
   deuteron  025-057Mn    13.1358               16.3139
  027-061Co              -62.8976    11.6225                    42         50
      gamma  027-061Co     0.0000                0.0000
    neutron  027-060Co     8.0714                9.3193
     proton  026-060Fe     7.2890                8.7743
      alpha  025-057Mn     2.4249                7.8364
  025-056Mn              -56.9108    21.2108                    97         46
      gamma  025-056Mn     0.0000                0.0000
    neutron  025-055Mn     8.0714                7.2706
     proton  024-055Cr     7.2890                9.0912
      alpha  023-052V      2.4249                7.8922
   deuteron  024-054Cr    13.1358               13.1130
  026-058Fe              -62.1545    15.7435                    56         60
      gamma  026-058Fe     0.0000                0.0000
    neutron  026-057Fe     8.0714               10.0447
     proton  025-057Mn     7.2890               11.9574
      alpha  024-054Cr     2.4249                7.6457
  027-060Co              -61.6497     4.5278                    11         66
      gamma  027-060Co     0.0000                0.0000
  029-061Cu              -61.9838     6.9193                    18         46
      gamma  029-061Cu     0.0000                0.0000
     proton  028-060Ni     7.2890                4.8003
      alpha  027-057Co     2.4249                5.0638
  028-061Ni              -64.2213     9.9392                    36         36
      gamma  028-061Ni     0.0000                0.0000
    neutron  028-060Ni     8.0714                7.8202
     proton  027-060Co     7.2890                9.8606
      alpha  026-057Fe     2.4249                6.4651
  027-058Co              -59.8466    10.4285                    41         52
      gamma  027-058Co     0.0000                0.0000
    neutron  027-057Co     8.0714                8.5730
     proton  026-057Fe     7.2890                6.9544
      alpha  025-054Mn     2.4249                6.7150
  028-060Ni              -64.4725     4.3436                     0         48
      gamma  028-060Ni     0.0000                0.0000
  027-061Co              -62.8976     9.3979                    31         50
      gamma  027-061Co     0.0000                0.0000
    neutron  027-060Co     8.0714                9.3193
     proton  026-060Fe     7.2890                8.7743
      alpha  025-057Mn     2.4249                7.8364
  026-058Fe              -62.1545    13.5188                    44         60
      gamma  026-058Fe     0.0000                0.0000
    neutron  026-057Fe     8.0714               10.0447
     proton  025-057Mn     7.2890               11.9574
      alpha  024-054Cr     2.4249                7.6457
  027-060Co              -61.6497     2.3032                     0         66
      gamma  027-060Co     0.0000                0.0000
  025-055Mn              -57.7117    13.9402                    50         92
      gamma  025-055Mn     0.0000                0.0000
    neutron  025-054Mn     8.0714               10.2266
     proton  024-054Cr     7.2890                8.0671
      alpha  023-051V      2.4249                7.9330
  026-057Fe              -60.1812     5.6987                    16         30
      gamma  026-057Fe     0.0000                0.0000
  026-061Fe              -58.9205     6.2031                    32          1
      gamma  026-061Fe     0.0000                0.0000
    neutron  026-060Fe     8.0714                5.5795
  025-058Mn              -55.8276     7.9743                    33         24
      gamma  025-058Mn     0.0000                0.0000
    neutron  025-057Mn     8.0714                6.4129
  026-060Fe              -61.4124     2.8482                     0         28
      gamma  026-060Fe     0.0000                0.0000
  024-055Cr              -55.1086    12.1195                    44         36
      gamma  024-055Cr     0.0000                0.0000
    neutron  024-054Cr     8.0714                6.2464
      alpha  022-051Ti     2.4249                7.8017
  025-057Mn              -57.4861     3.7861                     6         34
      gamma  025-057Mn     0.0000                0.0000
  023-052V               -51.4436    13.3186                    54         32
      gamma  023-052V      0.0000                0.0000
    neutron  023-051V      8.0714                7.3114
     proton  022-051Ti     7.2890                9.0008
      alpha  021-048Sc     2.4249                9.3651
   deuteron  022-050Ti    13.1358               13.1488
  024-054Cr              -56.9337     8.0978                    18         39
      gamma  024-054Cr     0.0000                0.0000
      alpha  022-050Ti     2.4249                7.9279
  028-060Ni              -64.4725     2.1190                     0         48
      gamma  028-060Ni     0.0000                0.0000
  027-057Co              -59.3449     1.8555                     0         54
      gamma  027-057Co     0.0000                0.0000
  027-060Co              -61.6497     0.0785                     0         66
      gamma  027-060Co     0.0000                0.0000
  026-057Fe              -60.1812     3.4741                     5         30
      gamma  026-057Fe     0.0000                0.0000
  025-054Mn              -55.5565     3.7136                     7         34
      gamma  025-054Mn     0.0000                0.0000
  026-060Fe              -61.4124     0.6236                     0         28
      gamma  026-060Fe     0.0000                0.0000
  025-057Mn              -57.4861     1.5615                     0         34
      gamma  025-057Mn     0.0000                0.0000
  024-054Cr              -56.9337     5.8731                     6         39
      gamma  024-054Cr     0.0000                0.0000
  023-051V               -52.2037     6.0073                     9         69
      gamma  023-051V      0.0000                0.0000
  022-051Ti              -49.7319     4.3178                     0         35
      gamma  022-051Ti     0.0000                0.0000
  021-048Sc              -44.5034     3.9535                     5         35
      gamma  021-048Sc     0.0000                0.0000
  022-050Ti              -51.4307     0.1698                     0         40
      gamma  022-050Ti     0.0000                0.0000
#......................................................................../  028-062Ni //  23.500000
#                                                                          LEVEL DENSITY PARAMETERS
#                 a       Pairing     T          E0         Em         Sigma2     Eshell
  029-064Cu     8.3837     0.0000     1.2150    -3.1037     7.5348     5.4479  -1.040700
  029-063Cu     8.2479     1.4195     1.3133    -2.2834    10.0631     4.5469  -1.480200
  028-063Ni     8.2479     1.5421     1.2712    -1.4515     9.1042     4.8533  -1.875100
  027-060Co     7.8416     0.0000     1.4091    -3.6789     9.0170     8.4545  -2.076200
  028-062Ni     8.1124     2.5722     1.3457    -0.7264    10.7774     4.8936  -2.299500
  029-062Cu     8.1124     0.0000     1.4078    -4.1587     9.5485     4.3833  -2.074600
  027-059Co     7.7065     1.4438     1.5264    -2.9139    11.5997     7.7063  -2.757200
  028-061Ni     7.9769     1.5389     1.4887    -2.6578    11.4045     5.4861  -2.935000
  027-062Co     8.1124     0.0000     1.1588    -2.1136     6.1829     8.0800  -1.102200
  026-059Fe     7.7065     1.5837     1.3802    -2.2119    10.4891     4.2269  -1.376600
  027-061Co     7.9769     1.3987     1.3251    -2.0509     9.7071     6.6550  -1.540800
  025-056Mn     7.3020     0.0000     1.5287    -4.3615    10.0833     4.8043  -1.982200
  026-058Fe     7.5715     2.6240     1.4533    -1.2878    11.9123     5.8167  -2.027200
  029-061Cu     7.9769     1.4636     1.4192    -2.1095    10.2663     5.7446  -2.730200
  027-058Co     7.5715     0.0000     1.6003    -4.5097    10.6265     8.1538  -3.270900
  025-055Mn     7.1675     1.4696     1.6536    -3.6282    12.9169     6.5000  -2.554700
  026-057Fe     7.4367     1.5804     1.5737    -3.0878    12.2497     4.5917  -2.515600
  026-061Fe     7.6655     1.5832     1.2321    -1.0497     8.5808     7.2206  -0.646000
  025-058Mn     7.5715     0.0000     1.3446    -3.4818     8.3447     6.0417  -1.028600
  024-055Cr     7.1675     1.6306     1.4907    -2.1573    11.0288     8.3889  -1.681300
  025-057Mn     7.4367     1.4198     1.4373    -2.5221    10.6638     3.7426  -1.494100
  023-052V      6.7648     0.0000     1.5348    -3.0418     8.3249     6.7187  -2.479300
  024-054Cr     7.0331     2.6811     1.5243    -0.9696    11.7541     5.9744  -2.242300
  025-054Mn     7.0331     0.0000     1.5814    -3.6263     9.3214     7.3235  -2.894400
  023-051V      6.6309     1.4973     1.7524    -3.3151    12.8516     7.3098  -2.858800
  021-048Sc     6.2300     0.0000     1.6597    -3.2214     8.9661     7.0571  -2.468100
#......................................................................../  028-062Ni //  23.500000
#                                                                       GIANT DIPOLE RESONANCE DATA
#          Energy[MeV] Width[MeV] Sigma0[mb]            Profile
         E1    17.2177     4.3709  50.955440                 GL
         E1    19.0518     6.3827  58.718379                 GL
         M1    10.2500     4.0000   0.639405                 SL
         E2    15.7500     5.3420   1.464484                 SL
         M2    10.2500     4.0000   0.000512                 SL
         E3    15.7500     5.3420   0.001172                 SL
         M1     2.1400     1.5000   0.323625                 SL
#......................................................................../  028-062Ni //  23.500000
#                                                                       SUM OF PRECOMPOUND EMISSION
#            029-064Cu      gamma    neutron     proton      alpha   deuteron
 SpcSum[mb]            0.0000e+00 4.4961e+02 5.2530e+02 1.5489e+01 3.6160e+01
 Emean[MeV]            0.0000e+00 1.3805e+01 1.6554e+01 1.7586e+01 1.0748e+01
#          
#           TotalPreEq   Compound   Fraction
  Sigma[mb] 1.0266e+03 1.7700e+03 5.7999e-01
#......................................................................../  028-062Ni //  23.500000
#                                                                          SUM SPECTRA FOR COMPOUND
#            029-064Cu      gamma    neutron     proton      alpha   deuteron
 SpcSum[mb]            2.7627e-01 6.2752e+02 6.7931e+01 4.1732e+01 6.2070e+00
 Emean[MeV]            1.2714e+01 3.3501e+00 6.5908e+00 1.1317e+01 6.4947e+00
#......................................................................../  028-062Ni //  23.500000
#                                                                   GAMMAS FROM DISCRETE TRANSITION
#           0 0 0 0 0 0             029-064Cu
#   Ex[MeV]     Jpi    FinalState  Branching Production    Egamma Production   T(1/2)[s]
 95  2.5949    1.0+                          5.9164e-08
                       17  1.2906     0.0909               1.3043 5.3785e-09
                       23  1.4613     0.0909               1.1336 5.3785e-09
                       24  1.4992     0.0909               1.0957 5.3785e-09
                       32  1.6480     0.0909               0.9469 5.3785e-09
                       57  2.0751     0.0909               0.5198 5.3785e-09
                       69  2.2670     0.0909               0.3279 5.3785e-09
                       74  2.3165     0.0909               0.2784 5.3785e-09
                       86  2.4655     0.0909               0.1294 5.3785e-09
                       88  2.4936     0.0909               0.1013 5.3785e-09
                       91  2.5220     0.0909               0.0729 5.3785e-09
                       92  2.5337     0.0909               0.0612 5.3785e-09
 94  2.5860    3.0+                          1.4117e-07
                       14  1.2427     0.0435               1.3433 6.1380e-09
                       17  1.2906     0.0435               1.2954 6.1380e-09
                       21  1.3632     0.0435               1.2228 6.1380e-09
                       23  1.4613     0.0435               1.1246 6.1380e-09
                       24  1.4992     0.0435               1.0868 6.1380e-09
                       32  1.6480     0.0435               0.9380 6.1380e-09
                       38  1.7492     0.0435               0.8368 6.1380e-09
                       42  1.8840     0.0435               0.7020 6.1380e-09
                       45  1.9180     0.0435               0.6680 6.1380e-09
                       47  1.9700     0.0435               0.6160 6.1380e-09
                       51  2.0419     0.0435               0.5441 6.1380e-09
                       53  2.0533     0.0435               0.5327 6.1380e-09
                       54  2.0600     0.0435               0.5260 6.1380e-09
                       57  2.0751     0.0435               0.5109 6.1380e-09
                       58  2.0801     0.0435               0.5059 6.1380e-09
                       61  2.1397     0.0435               0.4463 6.1380e-09
                       69  2.2670     0.0435               0.3190 6.1380e-09
                       72  2.3011     0.0435               0.2849 6.1380e-09
                       78  2.3605     0.0435               0.2255 6.1380e-09
                       81  2.3812     0.0435               0.2048 6.1380e-09
                       87  2.4912     0.0435               0.0948 6.1380e-09
                       88  2.4936     0.0435               0.0924 6.1380e-09
                       90  2.5073     0.0435               0.0787 6.1380e-09
 93  2.5670    5.0+                          9.9143e-07
                       21  1.3632     0.1429               1.2038 1.4163e-07
                       27  1.5942     0.1429               0.9728 1.4163e-07
                       38  1.7492     0.1429               0.8178 1.4163e-07
                       45  1.9180     0.1429               0.6490 1.4163e-07
                       53  2.0533     0.1429               0.5137 1.4163e-07
                       56  2.0732     0.1429               0.4938 1.4163e-07
                       78  2.3605     0.1429               0.2065 1.4163e-07
 92  2.5337    1.0-                          6.7092e-08
                        0  0.0000     1.0000               2.5337 6.7025e-08
 91  2.5220    0.0-                          3.4734e-08
                        0  0.0000     0.0625               2.5220 2.1709e-09
                        3  0.3439     0.0625               2.1781 2.1709e-09
                        7  0.6630     0.0625               1.8590 2.1709e-09
                       12  0.9271     0.0625               1.5949 2.1709e-09
                       13  1.2411     0.0625               1.2809 2.1709e-09
                       15  1.2872     0.0625               1.2348 2.1709e-09
                       18  1.2981     0.0625               1.2239 2.1709e-09
                       19  1.3203     0.0625               1.2017 2.1709e-09
                       22  1.4387     0.0625               1.0833 2.1709e-09
                       40  1.7795     0.0625               0.7425 2.1709e-09
                       43  1.9003     0.0625               0.6217 2.1709e-09
                       46  1.9400     0.0625               0.5820 2.1709e-09
                       59  2.0923     0.0625               0.4297 2.1709e-09
                       79  2.3764     0.0625               0.1456 2.1709e-09
                       83  2.3880     0.0625               0.1340 2.1709e-09
                       85  2.4567     0.0625               0.0653 2.1709e-09
 90  2.5073    3.0-                          1.6122e-07
                        1  0.1593     1.0000               2.3480 1.6107e-07
 89  2.4976    2.0+                          9.6194e-08
                       33  1.6831     0.1847               0.8145 1.7763e-08
                       29  1.6073     0.1305               0.8903 1.2551e-08
                       24  1.4992     0.1699               0.9984 1.6344e-08
                       10  0.8783     0.1995               1.6193 1.9189e-08
                        7  0.6630     0.0690               1.8346 6.6326e-09
                        3  0.3439     0.2463               2.1537 2.3686e-08
 88  2.4936    2.0-                          1.0998e-07
                        7  0.6630     0.4710               1.8306 5.1772e-08
                        5  0.5746     0.5290               1.9189 5.8166e-08
 87  2.4912    3.0-                          1.6391e-07
                        1  0.1593     0.0655               2.3319 1.0719e-08
                        0  0.0000     0.9345               2.4912 1.5312e-07
 86  2.4655    1.0-                          7.1259e-08
                        0  0.0000     1.0000               2.4655 7.1190e-08
 85  2.4567    1.0+                          6.8913e-08
                       11  0.8957     1.0000               1.5610 6.8898e-08
                        0  0.0000     0.0000               2.4567 0.0000e+00
 84  2.4170    3.0+                          1.6752e-07
                        7  0.6630     1.0000               1.7540 1.6747e-07
 83  2.3880    1.0+                          7.3114e-08
                        9  0.7462     1.0000               1.6417 7.3096e-08
 82  2.3872    6.0+                          3.9003e-06
                       56  2.0732     1.0000               0.3140 3.8927e-06
 81  2.3812    3.0-                          1.8398e-07
                        2  0.2783     0.6994               2.1029 1.2858e-07
                        0  0.0000     0.3006               2.3812 5.5285e-08
 80  2.3784    7.0-                          2.0775e-05
                       27  1.5942     1.0000               0.7842 2.0766e-05
 79  2.3764    1.0+                          7.3849e-08
                       27  1.5942     0.4999               0.7822 3.6917e-08
                        9  0.7462     0.5001               1.6302 3.6923e-08
 78  2.3605    4.0-                          5.9429e-07
                       13  1.2411     1.0000               1.1194 5.9404e-07
 77  2.3546    3.0+                          1.7876e-07
                       29  1.6073     0.0000               0.7473 0.0000e+00
                        8  0.7391     0.9524               1.6156 1.7021e-07
                        0  0.0000     0.0476               2.3546 8.5097e-09
 76  2.3247    3.0+                          1.8447e-07
                       14  1.2427     0.0556               1.0821 1.0249e-08
                       17  1.2906     0.0556               1.0341 1.0249e-08
                       21  1.3632     0.0556               0.9615 1.0249e-08
                       23  1.4613     0.0556               0.8634 1.0249e-08
                       24  1.4992     0.0556               0.8256 1.0249e-08
                       32  1.6480     0.0556               0.6767 1.0249e-08
                       38  1.7492     0.0556               0.5755 1.0249e-08
                       42  1.8840     0.0556               0.4407 1.0249e-08
                       45  1.9180     0.0556               0.4067 1.0249e-08
                       47  1.9700     0.0556               0.3547 1.0249e-08
                       51  2.0419     0.0556               0.2828 1.0249e-08
                       53  2.0533     0.0556               0.2714 1.0249e-08
                       54  2.0600     0.0556               0.2647 1.0249e-08
                       57  2.0751     0.0556               0.2496 1.0249e-08
                       58  2.0801     0.0556               0.2447 1.0249e-08
                       61  2.1397     0.0556               0.1850 1.0249e-08
                       69  2.2670     0.0556               0.0577 1.0249e-08
                       72  2.3011     0.0556               0.0237 1.0249e-08
 75  2.3232    5.0+                          1.4058e-06
                       56  2.0732     1.0000               0.2500 1.4005e-06
 74  2.3165    1.0-                          8.1685e-08
                        3  0.3439     0.5000               1.9726 4.0842e-08
                        0  0.0000     0.5000               2.3165 4.0842e-08
 73  2.3094    3.0+                          1.8750e-07
                        7  0.6630     0.3598               1.6464 6.7443e-08
                        2  0.2783     0.4673               2.0311 8.7583e-08
                        1  0.1593     0.0935               2.1501 1.7518e-08
                        0  0.0000     0.0794               2.3094 1.4889e-08
 72  2.3011    3.0-                          2.1091e-07
                       51  2.0419     0.3090               0.2592 6.4463e-08
                       13  1.2411     0.1162               1.0600 2.4497e-08
                       12  0.9271     0.1651               1.3740 3.4813e-08
                        3  0.3439     0.1162               1.9572 2.4502e-08
                        1  0.1593     0.0000               2.1418 0.0000e+00
                        0  0.0000     0.2935               2.3011 6.1882e-08
 71  2.2797    3.0+                          1.9350e-07
                        6  0.6088     1.0000               1.6710 1.9346e-07
 70  2.2743    3.0+                          1.9464e-07
                       19  1.3203     0.6493               0.9539 1.2635e-07
                        3  0.3439     0.1818               1.9304 3.5375e-08
                        2  0.2783     0.0649               1.9960 1.2636e-08
                        1  0.1593     0.0520               2.1150 1.0108e-08
                        0  0.0000     0.0520               2.2743 1.0109e-08
 69  2.2670    2.0-                          1.4595e-07
                        4  0.3622     0.5000               1.9048 7.2977e-08
                        2  0.2783     0.5000               1.9888 7.2977e-08
 68  2.2541    3.0+                          1.9889e-07
                        3  0.3439     1.0000               1.9102 1.9883e-07
 67  2.2516    4.0+                          5.0272e-07
                        5  0.5746     1.0000               1.6770 5.0260e-07
 66  2.2440    2.0+                          1.2252e-07
                        0  0.0000     1.0000               2.2440 1.2247e-07
 65  2.2210    3.0+                          2.0610e-07
                        0  0.0000     1.0000               2.2210 2.0600e-07
 64  2.2120    3.0+                          2.0812e-07
                       14  1.2427     0.0625               0.9694 1.3007e-08
                       17  1.2906     0.0625               0.9214 1.3007e-08
                       21  1.3632     0.0625               0.8488 1.3007e-08
                       23  1.4613     0.0625               0.7507 1.3007e-08
                       24  1.4992     0.0625               0.7128 1.3007e-08
                       32  1.6480     0.0625               0.5640 1.3007e-08
                       38  1.7492     0.0625               0.4628 1.3007e-08
                       42  1.8840     0.0625               0.3280 1.3007e-08
                       45  1.9180     0.0625               0.2940 1.3007e-08
                       47  1.9700     0.0625               0.2420 1.3007e-08
                       51  2.0419     0.0625               0.1701 1.3007e-08
                       53  2.0533     0.0625               0.1587 1.3007e-08
                       54  2.0600     0.0625               0.1520 1.3007e-08
                       57  2.0751     0.0625               0.1369 1.3007e-08
                       58  2.0801     0.0625               0.1319 1.3007e-08
                       61  2.1397     0.0625               0.0723 1.3007e-08
 63  2.1842    3.0+                          2.1449e-07
                       20  1.3542     0.0839               0.8300 1.7995e-08
                        6  0.6088     0.6993               1.5754 1.4996e-07
                        0  0.0000     0.2168               2.1842 4.6479e-08
 62  2.1445    2.0+                          1.3509e-07
                       41  1.8526     0.1354               0.2919 1.8163e-08
                        7  0.6630     0.1441               1.4815 1.9462e-08
                        6  0.6088     0.1297               1.5357 1.7517e-08
                        5  0.5746     0.1105               1.5699 1.4924e-08
                        4  0.3622     0.4803               1.7823 6.4865e-08
 61  2.1397    3.0-                          2.6392e-07
                        8  0.7391     0.5618               1.4006 1.4823e-07
                        7  0.6630     0.3090               1.4767 8.1532e-08
                        0  0.0000     0.1292               2.1397 3.4088e-08
 60  2.1150    3.0+                          2.3138e-07
                       14  1.2427     0.0667               0.8724 1.5425e-08
                       17  1.2906     0.0667               0.8244 1.5425e-08
                       21  1.3632     0.0667               0.7518 1.5425e-08
                       23  1.4613     0.0667               0.6537 1.5425e-08
                       24  1.4992     0.0667               0.6158 1.5425e-08
                       32  1.6480     0.0667               0.4670 1.5425e-08
                       38  1.7492     0.0667               0.3658 1.5425e-08
                       42  1.8840     0.0667               0.2310 1.5425e-08
                       45  1.9180     0.0667               0.1970 1.5425e-08
                       47  1.9700     0.0667               0.1450 1.5425e-08
                       51  2.0419     0.0667               0.0731 1.5425e-08
                       53  2.0533     0.0667               0.0617 1.5425e-08
                       54  2.0600     0.0667               0.0550 1.5425e-08
                       57  2.0751     0.0667               0.0399 1.5425e-08
                       58  2.0801     0.0667               0.0349 1.5425e-08
 59  2.0923    1.0+                          9.5081e-08
                        4  0.3622     1.0000               1.7301 9.5056e-08
 58  2.0801    3.0-                          2.9664e-07
                        4  0.3622     0.4924               1.7179 1.4600e-07
                        0  0.0000     0.5076               2.0801 1.5054e-07
 57  2.0751    2.0-                          2.0277e-07
                       21  1.3632     1.0000               0.7119 2.0264e-07
 56  2.0732    5.0-                          7.5405e-06
                       27  1.5942     1.0000               0.4790 7.5285e-06
 55  2.0650    4.0+                          6.4190e-07
                       14  1.2427     0.1111               0.8223 7.1322e-08
                       21  1.3632     0.1111               0.7018 7.1322e-08
                       38  1.7492     0.1111               0.3158 7.1322e-08
                       42  1.8840     0.1111               0.1810 7.1322e-08
                       45  1.9180     0.1111               0.1470 7.1322e-08
                       47  1.9700     0.1111               0.0950 7.1322e-08
                       51  2.0419     0.1111               0.0231 7.1322e-08
                       53  2.0533     0.1111               0.0117 7.1322e-08
                       54  2.0600     0.1111               0.0050 7.1322e-08
 54  2.0600    3.0-                          3.7415e-07
                        0  0.0000     1.0000               2.0600 3.7405e-07
 53  2.0533    4.0-                          9.2313e-07
                        1  0.1593     1.0000               1.8940 9.2291e-07
 52  2.0500    2.0+                          1.4839e-07
                       20  1.3542     0.4710               0.6957 6.9853e-08
                        9  0.7462     0.5290               1.3038 7.8488e-08
 51  2.0419    3.0-                          4.4504e-07
                        0  0.0000     1.0000               2.0419 4.4493e-07
 50  2.0212    2.0+                          1.5274e-07
                       35  1.7068     0.0000               0.3144 0.0000e+00
                       13  1.2411     0.7353               0.7801 1.1226e-07
                        0  0.0000     0.2647               2.0212 4.0415e-08
 49  1.9793    3.0+                          2.6911e-07
                        4  0.3622     1.0000               1.6171 2.6905e-07
 48  1.9763    4.0+                          7.2281e-07
                        5  0.5746     1.0000               1.4017 7.2269e-07
 47  1.9700    3.0-                          4.0416e-07
                        0  0.0000     1.0000               1.9700 4.0406e-07
 46  1.9400    1.0+                          1.0931e-07
                        0  0.0000     1.0000               1.9400 1.0928e-07
 45  1.9180    4.0-                          1.0591e-06
                        4  0.3622     0.0769               1.5558 8.1471e-08
                        5  0.5746     0.0769               1.3434 8.1471e-08
                        9  0.7462     0.0769               1.1718 8.1471e-08
                       11  0.8957     0.0769               1.0223 8.1471e-08
                       16  1.2886     0.0769               0.6294 8.1471e-08
                       20  1.3542     0.0769               0.5637 8.1471e-08
                       29  1.6073     0.0769               0.3107 8.1471e-08
                       30  1.6157     0.0769               0.3023 8.1471e-08
                       33  1.6831     0.0769               0.2349 8.1471e-08
                       35  1.7068     0.0769               0.2112 8.1471e-08
                       36  1.7398     0.0769               0.1782 8.1471e-08
                       37  1.7426     0.0769               0.1754 8.1471e-08
                       39  1.7690     0.0769               0.1490 8.1471e-08
 44  1.9051    2.0+                          1.7169e-07
                       11  0.8957     0.2000               1.0094 3.4329e-08
                        9  0.7462     0.8000               1.1588 1.3733e-07
 43  1.9003    1.0+                          1.1340e-07
                        3  0.3439     0.2753               1.5564 3.1213e-08
                        0  0.0000     0.7247               1.9003 8.2157e-08
 42  1.8840    3.0-                          4.3675e-07
                        1  0.1593     0.0455               1.7247 1.9852e-08
                        2  0.2783     0.0455               1.6057 1.9852e-08
                        4  0.3622     0.0455               1.5218 1.9852e-08
                        5  0.5746     0.0455               1.3094 1.9852e-08
                        6  0.6088     0.0455               1.2752 1.9852e-08
                        8  0.7391     0.0455               1.1449 1.9852e-08
                        9  0.7462     0.0455               1.1378 1.9852e-08
                       11  0.8957     0.0455               0.9883 1.9852e-08
                       16  1.2886     0.0455               0.5954 1.9852e-08
                       20  1.3542     0.0455               0.5297 1.9852e-08
                       25  1.5211     0.0455               0.3629 1.9852e-08
                       26  1.5505     0.0455               0.3335 1.9852e-08
                       28  1.5944     0.0455               0.2896 1.9852e-08
                       29  1.6073     0.0455               0.2767 1.9852e-08
                       31  1.6300     0.0455               0.2540 1.9852e-08
                       33  1.6831     0.0455               0.2009 1.9852e-08
                       34  1.7006     0.0455               0.1833 1.9852e-08
                       35  1.7068     0.0455               0.1772 1.9852e-08
                       36  1.7398     0.0455               0.1442 1.9852e-08
                       37  1.7426     0.0455               0.1414 1.9852e-08
                       39  1.7690     0.0455               0.1150 1.9852e-08
                       41  1.8526     0.0455               0.0313 1.9852e-08
 41  1.8526    2.0+                          2.1920e-07
                        3  0.3439     0.2187               1.5088 4.7930e-08
                        0  0.0000     0.7813               1.8526 1.7121e-07
 40  1.7795    1.0+                          1.2685e-07
                        4  0.3622     0.2958               1.4173 3.7518e-08
                        3  0.3439     0.0237               1.4356 3.0022e-09
                        0  0.0000     0.6805               1.7795 8.6305e-08
 39  1.7690    4.0+                          1.0581e-06
                        5  0.5746     0.0000               1.1944 0.0000e+00
                        4  0.3622     1.0000               1.4068 1.0579e-06
 38  1.7492    4.0-                          1.2756e-06
                        4  0.3622     0.0833               1.3870 1.0630e-07
                        5  0.5746     0.0833               1.1746 1.0630e-07
                        9  0.7462     0.0833               1.0030 1.0630e-07
                       11  0.8957     0.0833               0.8535 1.0630e-07
                       16  1.2886     0.0833               0.4606 1.0630e-07
                       20  1.3542     0.0833               0.3950 1.0630e-07
                       29  1.6073     0.0833               0.1419 1.0630e-07
                       30  1.6157     0.0833               0.1335 1.0630e-07
                       33  1.6831     0.0833               0.0661 1.0630e-07
                       35  1.7068     0.0833               0.0424 1.0630e-07
                       36  1.7398     0.0833               0.0094 1.0630e-07
                       37  1.7426     0.0833               0.0066 1.0630e-07
 37  1.7426    3.0+                          5.5957e-07
                       11  0.8957     0.4184               0.8469 2.3404e-07
                        3  0.3439     0.2803               1.3987 1.5682e-07
                        0  0.0000     0.3013               1.7426 1.6855e-07
 36  1.7398    3.0+                          5.6067e-07
                        5  0.5746     1.0000               1.1652 5.6057e-07
 35  1.7068    3.0+                          5.7420e-07
                        9  0.7462     1.0000               0.9606 5.7405e-07
 34  1.7006    2.0+                          2.3113e-07
                       11  0.8957     0.2412               0.8049 5.5732e-08
                       10  0.8783     0.5026               0.8224 1.1610e-07
                        1  0.1593     0.2562               1.5414 5.9210e-08
 33  1.6831    3.0+                          6.0198e-07
                       12  0.9271     0.0375               0.7560 2.2567e-08
                       10  0.8783     0.0250               0.8048 1.5042e-08
                        9  0.7462     0.0750               0.9369 4.5134e-08
                        3  0.3439     0.2375               1.3392 1.4294e-07
                        0  0.0000     0.6250               1.6831 3.7613e-07
 32  1.6480    2.0-                          2.9731e-07
                        0  0.0000     0.0435               1.6480 1.2927e-08
                        1  0.1593     0.0435               1.4887 1.2927e-08
                        2  0.2783     0.0435               1.3697 1.2927e-08
                        3  0.3439     0.0435               1.3041 1.2927e-08
                        4  0.3622     0.0435               1.2858 1.2927e-08
                        6  0.6088     0.0435               1.0392 1.2927e-08
                        7  0.6630     0.0435               0.9850 1.2927e-08
                        8  0.7391     0.0435               0.9089 1.2927e-08
                        9  0.7462     0.0435               0.9018 1.2927e-08
                       11  0.8957     0.0435               0.7523 1.2927e-08
                       12  0.9271     0.0435               0.7209 1.2927e-08
                       13  1.2411     0.0435               0.4069 1.2927e-08
                       15  1.2872     0.0435               0.3608 1.2927e-08
                       16  1.2886     0.0435               0.3594 1.2927e-08
                       18  1.2981     0.0435               0.3499 1.2927e-08
                       19  1.3203     0.0435               0.3277 1.2927e-08
                       20  1.3542     0.0435               0.2937 1.2927e-08
                       22  1.4387     0.0435               0.2093 1.2927e-08
                       25  1.5211     0.0435               0.1269 1.2927e-08
                       26  1.5505     0.0435               0.0975 1.2927e-08
                       28  1.5944     0.0435               0.0536 1.2927e-08
                       29  1.6073     0.0435               0.0407 1.2927e-08
                       31  1.6300     0.0435               0.0180 1.2927e-08
 31  1.6300    2.0+                          2.5973e-07
                       14  1.2427     0.2500               0.3873 6.4933e-08
                       17  1.2906     0.2500               0.3394 6.4933e-08
                       23  1.4613     0.2500               0.1686 6.4933e-08
                       24  1.4992     0.2500               0.1308 6.4933e-08
 30  1.6157    5.0+                          4.7449e-06
                        5  0.5746     1.0000               1.0411 4.7439e-06
 29  1.6073    3.0+                          6.4351e-07
                        6  0.6088     0.0000               0.9985 0.0000e+00
                        5  0.5746     1.0000               1.0327 6.4337e-07
                        1  0.1593     0.0000               1.4480 0.0000e+00
 28  1.5944    2.0+                          2.6804e-07
                        5  0.5746     0.0000               1.0198 0.0000e+00
                        4  0.3622     0.6622               1.2321 1.7748e-07
                        3  0.3439     0.0729               1.2505 1.9525e-08
                        2  0.2783     0.0000               1.3161 0.0000e+00
                        0  0.0000     0.2649               1.5944 7.0994e-08
 27  1.5942    6.0-                          4.3912e-05                       2.0400e-08
                        5  0.5746     1.0000               1.0196 4.3890e-05
 26  1.5505    2.0+                          2.7865e-07
                        8  0.7391     0.0709               0.8115 1.9738e-08
                        2  0.2783     0.7644               1.2723 2.1297e-07
                        1  0.1593     0.1647               1.3913 4.5887e-08
 25  1.5211    2.0+                          2.8599e-07
                        7  0.6630     0.0308               0.8581 8.8142e-09
                        6  0.6088     0.0282               0.9124 8.0484e-09
                        5  0.5746     0.3794               0.9465 1.0847e-07
                        4  0.3622     0.3043               1.1589 8.7013e-08
                        3  0.3439     0.0094               1.1772 2.6830e-09
                        1  0.1593     0.1340               1.3619 3.8317e-08
                        0  0.0000     0.1139               1.5211 3.2569e-08
 24  1.4992    2.0-                          4.2470e-07
                        6  0.6088     0.2326               0.8904 9.8770e-08
                        2  0.2783     0.2749               1.2209 1.1673e-07
                        1  0.1593     0.3021               1.3399 1.2827e-07
                        0  0.0000     0.1904               1.4992 8.0838e-08
 23  1.4613    2.0-                          4.2130e-07
                       11  0.8957     0.5000               0.5656 2.1065e-07
                        4  0.3622     0.5000               1.0991 2.1065e-07
 22  1.4387    1.0+                          1.8683e-07
                        8  0.7391     0.0000               0.6996 0.0000e+00
                        7  0.6630     0.0195               0.7757 3.6508e-09
                        6  0.6088     0.0000               0.8299 0.0000e+00
                        4  0.3622     0.3008               1.0765 5.6184e-08
                        2  0.2783     0.3218               1.1604 6.0110e-08
                        1  0.1593     0.2135               1.2794 3.9881e-08
                        0  0.0000     0.1444               1.4387 2.6973e-08
 21  1.3632    4.0-                          2.2346e-06
                        2  0.2783     0.5709               1.0850 1.2752e-06
                        0  0.0000     0.4291               1.3632 9.5859e-07
 20  1.3542    3.0+                          8.5172e-07
                        9  0.7462     0.0000               0.6080 0.0000e+00
                        5  0.5746     0.1879               0.7796 1.5996e-07
                        4  0.3622     0.1602               0.9920 1.3641e-07
                        2  0.2783     0.0000               1.0760 0.0000e+00
                        1  0.1593     0.5525               1.1950 4.7048e-07
                        0  0.0000     0.0994               1.3542 8.4677e-08
 19  1.3203    1.0+                          3.3275e-07
                        6  0.6088     0.0834               0.7115 2.7724e-08
                        4  0.3622     0.0000               0.9581 0.0000e+00
                        3  0.3439     0.0985               0.9764 3.2766e-08
                        2  0.2783     0.0606               1.0421 2.0165e-08
                        0  0.0000     0.7575               1.3203 2.5203e-07
 18  1.2981    1.0+                          2.1021e-07
                        8  0.7391     0.0264               0.5591 5.5541e-09
                        3  0.3439     0.0837               0.9542 1.7589e-08
                        2  0.2783     0.2291               1.0199 4.8144e-08
                        1  0.1593     0.4405               1.1388 9.2573e-08
                        0  0.0000     0.2203               1.2981 4.6298e-08
 17  1.2906    2.0-                          4.8570e-07
                        7  0.6630     0.3333               0.6276 1.6190e-07
                        3  0.3439     0.3333               0.9467 1.6190e-07
                        1  0.1593     0.3333               1.1313 1.6190e-07
 16  1.2886    3.0+                          8.0311e-07
                        7  0.6630     0.2434               0.6256 1.9529e-07
                        2  0.2783     0.2162               1.0103 1.7359e-07
                        1  0.1593     0.5404               1.1293 4.3392e-07
 15  1.2872    1.0+                          2.1212e-07
                        4  0.3622     1.0000               0.9249 2.1205e-07
 14  1.2427    3.0-                          9.0492e-07
                        0  0.0000     1.0000               1.2427 9.0464e-07
 13  1.2411    1.0+                          9.5138e-07
                       10  0.8783     0.0000               0.3628 0.0000e+00
                        9  0.7462     0.3956               0.4948 3.7567e-07
                        6  0.6088     0.1541               0.6323 1.4651e-07
                        4  0.3622     0.0000               0.8789 0.0000e+00
                        2  0.2783     0.2567               0.9628 2.4418e-07
                        1  0.1593     0.1935               1.0818 1.8407e-07
 12  0.9271    1.0+                          3.3708e-07                       1.1000e-11
                        4  0.3622     0.0877               0.5648 2.9530e-08
                        2  0.2783     0.6743               0.6488 2.2713e-07
                        1  0.1593     0.1598               0.7678 5.3841e-08
                        0  0.0000     0.0782               0.9271 2.6348e-08
 11  0.8957    3.0+                          1.6674e-06                       2.0000e-11
                        9  0.7462     0.0000               0.1495 0.0000e+00
                        8  0.7391     0.0000               0.1567 0.0000e+00
                        5  0.5746     0.1544               0.3211 2.5616e-07
                        4  0.3622     0.0000               0.5335 0.0000e+00
                        2  0.2783     0.6407               0.6175 1.0674e-06
                        1  0.1593     0.0640               0.7364 1.0674e-07
                        0  0.0000     0.1409               0.8957 2.3485e-07
 10  0.8783    0.0+                          2.5692e-07                       1.5000e-11
                        3  0.3439     0.4013               0.5344 1.0301e-07
                        2  0.2783     0.0000               0.6000 0.0000e+00
                        1  0.1593     0.0339               0.7190 8.7041e-09
                        0  0.0000     0.5648               0.8783 1.4506e-07
  9  0.7462    3.0+                          2.4851e-06                       1.3000e-11
                        6  0.6088     0.0921               0.1375 2.0797e-07
                        4  0.3622     0.2098               0.3840 5.1980e-07
                        2  0.2783     0.6981               0.4680 1.7330e-06
                        1  0.1593     0.0000               0.5870 0.0000e+00
  8  0.7391    2.0+                          8.7101e-07                       1.1000e-11
                        4  0.3622     0.1770               0.3768 1.5388e-07
                        3  0.3439     0.0272               0.3952 2.3635e-08
                        2  0.2783     0.0960               0.4608 8.3551e-08
                        1  0.1593     0.6315               0.5798 5.4968e-07
                        0  0.0000     0.0682               0.7391 5.9368e-08
  7  0.6630    1.0+                          1.0944e-06                       8.0000e-12
                        3  0.3439     0.0611               0.3191 6.6513e-08
                        2  0.2783     0.3497               0.3847 3.8157e-07
                        1  0.1593     0.2691               0.5037 2.9409e-07
                        0  0.0000     0.3201               0.6630 3.5009e-07
  6  0.6088    2.0+                          1.4387e-06                       9.0000e-12
                        3  0.3439     0.0576               0.2649 8.2454e-08
                        2  0.2783     0.0411               0.3305 5.8898e-08
                        1  0.1593     0.0820               0.4495 1.1779e-07
                        0  0.0000     0.8193               0.6088 1.1779e-06
  5  0.5746    4.0+                          5.5276e-05                       1.7000e-11
                        4  0.3622     0.9436               0.2124 5.1767e-05
                        1  0.1593     0.0564               0.4153 3.1063e-06
  4  0.3622    3.0+                          5.6889e-05                       4.0000e-12
                        2  0.2783     0.0000               0.0840 0.0000e+00
                        1  0.1593     0.9766               0.2029 5.5086e-05
                        0  0.0000     0.0234               0.3622 1.3223e-06
  3  0.3439    1.0+                          1.6057e-06                       4.0000e-12
                        1  0.1593     0.0387               0.1846 6.1480e-08
                        0  0.0000     0.9613               0.3439 1.5370e-06
  2  0.2783    2.0+                          6.6789e-06                       9.0000e-12
                        1  0.1593     0.0000               0.1190 0.0000e+00
                        0  0.0000     1.0000               0.2783 6.6524e-06
  1  0.1593    2.0+                          6.3357e-05                       2.1000e-11
                        0  0.0000     1.0000               0.1593 6.2421e-05
  0  0.0000    1.0+                          8.1125e-05                       4.5720e+04
#......................................................................../  028-062Ni //  23.500000
#                                                                          SUM SPECTRA FOR COMPOUND
#            029-063Cu      gamma    neutron     proton      alpha   deuteron
 SpcSum[mb]            5.5126e+02 6.7134e+02 1.8437e+02 5.6873e+01 1.8089e+00
 Emean[MeV]            2.0096e+00 2.3617e+00 5.0821e+00 1.0587e+01 5.8362e+00
#......................................................................../  028-062Ni //  23.500000
#                                                                   GAMMAS FROM DISCRETE TRANSITION
#           1 0 0 0 0 0             029-063Cu
#   Ex[MeV]     Jpi    FinalState  Branching Production    Egamma Production   T(1/2)[s]
 95  3.7867    1.5-                          2.3971e-01
                       28  2.6823     0.0601               1.1044 1.4400e-02
                        8  2.0129     0.0328               1.7738 7.8537e-03
                        4  1.4122     0.2076               2.3745 4.9742e-02
                        2  0.9620     0.1530               2.8247 3.6653e-02
                        1  0.6699     0.5465               3.1168 1.3090e-01
 94  3.7790    2.5+                          4.3555e-01
                        0  0.0000     0.0204               3.7790 8.8887e-03
                        2  0.9620     0.0204               2.8170 8.8887e-03
                        3  1.3268     0.0204               2.4522 8.8887e-03
                        4  1.4122     0.0204               2.3668 8.8887e-03
                        5  1.5470     0.0204               2.2320 8.8887e-03
                        6  1.8606     0.0204               1.9184 8.8887e-03
                        8  2.0129     0.0204               1.7661 8.8887e-03
                       10  2.0813     0.0204               1.6977 8.8887e-03
                       11  2.0921     0.0204               1.6869 8.8887e-03
                       13  2.3365     0.0204               1.4425 8.8887e-03
                       15  2.4047     0.0204               1.3743 8.8887e-03
                       16  2.4304     0.0204               1.3486 8.8887e-03
                       17  2.4972     0.0204               1.2818 8.8887e-03
                       18  2.5035     0.0204               1.2755 8.8887e-03
                       21  2.5358     0.0204               1.2432 8.8887e-03
                       23  2.6179     0.0204               1.1610 8.8887e-03
                       24  2.6307     0.0204               1.1483 8.8887e-03
                       25  2.6729     0.0204               1.1061 8.8887e-03
                       27  2.6784     0.0204               1.1006 8.8887e-03
                       28  2.6823     0.0204               1.0967 8.8887e-03
                       29  2.6967     0.0204               1.0823 8.8887e-03
                       30  2.7165     0.0204               1.0625 8.8887e-03
                       31  2.7641     0.0204               1.0149 8.8887e-03
                       32  2.7764     0.0204               1.0026 8.8887e-03
                       33  2.7802     0.0204               0.9988 8.8887e-03
                       34  2.8081     0.0204               0.9709 8.8887e-03
                       36  2.8189     0.0204               0.9601 8.8887e-03
                       37  2.8324     0.0204               0.9466 8.8887e-03
                       39  2.8470     0.0204               0.9320 8.8887e-03
                       44  2.9573     0.0204               0.8217 8.8887e-03
                       45  2.9775     0.0204               0.8015 8.8887e-03
                       46  3.0327     0.0204               0.7463 8.8887e-03
                       47  3.0426     0.0204               0.7364 8.8887e-03
                       48  3.0952     0.0204               0.6838 8.8887e-03
                       49  3.1014     0.0204               0.6776 8.8887e-03
                       50  3.1281     0.0204               0.6509 8.8887e-03
                       55  3.2255     0.0204               0.5535 8.8887e-03
                       58  3.2800     0.0204               0.4990 8.8887e-03
                       59  3.2910     0.0204               0.4880 8.8887e-03
                       60  3.2926     0.0204               0.4864 8.8887e-03
                       69  3.4260     0.0204               0.3530 8.8887e-03
                       70  3.4299     0.0204               0.3491 8.8887e-03
                       73  3.4651     0.0204               0.3139 8.8887e-03
                       76  3.5376     0.0204               0.2414 8.8887e-03
                       79  3.5654     0.0204               0.2136 8.8887e-03
                       81  3.5750     0.0204               0.2040 8.8887e-03
                       82  3.5811     0.0204               0.1979 8.8887e-03
                       83  3.5833     0.0204               0.1957 8.8887e-03
                       84  3.6070     0.0204               0.1720 8.8887e-03
 93  3.7746    2.5-                          4.4177e-01                       1.1600e-13
                       13  2.3365     0.1120               1.4381 4.9465e-02
                        9  2.0625     0.1701               1.7121 7.5118e-02
                        6  1.8606     0.1369               1.9140 6.0453e-02
                        3  1.3268     0.1660               2.4478 7.3287e-02
                        0  0.0000     0.4151               3.7746 1.8317e-01
 92  3.7401    1.5+                          2.5598e-01
                        5  1.5470     0.3588               2.1931 9.1773e-02
                        0  0.0000     0.6412               3.7401 1.6388e-01
 91  3.7300    2.5-                          4.6610e-01
                        7  1.9520     0.0400               1.7780 1.8644e-02
                       14  2.3374     0.0400               1.3926 1.8644e-02
                       38  2.8367     0.0400               0.8933 1.8644e-02
                       41  2.8655     0.0400               0.8645 1.8644e-02
                       42  2.8889     0.0400               0.8411 1.8644e-02
                       43  2.9111     0.0400               0.8189 1.8644e-02
                       51  3.1830     0.0400               0.5470 1.8644e-02
                       52  3.2080     0.0400               0.5220 1.8644e-02
                       53  3.2100     0.0400               0.5200 1.8644e-02
                       56  3.2480     0.0400               0.4820 1.8644e-02
                       57  3.2637     0.0400               0.4663 1.8644e-02
                       63  3.3075     0.0400               0.4225 1.8644e-02
                       64  3.3097     0.0400               0.4203 1.8644e-02
                       65  3.3700     0.0400               0.3600 1.8644e-02
                       66  3.3890     0.0400               0.3410 1.8644e-02
                       67  3.4064     0.0400               0.3236 1.8644e-02
                       68  3.4181     0.0400               0.3119 1.8644e-02
                       71  3.4601     0.0400               0.2699 1.8644e-02
                       74  3.4761     0.0400               0.2539 1.8644e-02
                       75  3.5000     0.0400               0.2300 1.8644e-02
                       77  3.5401     0.0400               0.1899 1.8644e-02
                       78  3.5411     0.0400               0.1889 1.8644e-02
                       80  3.5701     0.0400               0.1599 1.8644e-02
                       85  3.6492     0.0400               0.0808 1.8644e-02
                       88  3.6830     0.0400               0.0470 1.8644e-02
 90  3.7191    1.5-                          2.6133e-01
                        2  0.9620     0.4259               2.7571 1.1123e-01
                        1  0.6699     0.4630               3.0492 1.2090e-01
                        0  0.0000     0.1111               3.7191 2.9004e-02
 89  3.7080    0.5-                          1.2084e-01
                       20  2.5111     0.1111               1.1969 1.3427e-02
                       42  2.8889     0.1111               0.8191 1.3427e-02
                       57  3.2637     0.1111               0.4443 1.3427e-02
                       62  3.2977     0.1111               0.4103 1.3427e-02
                       63  3.3075     0.1111               0.4005 1.3427e-02
                       71  3.4601     0.1111               0.2479 1.3427e-02
                       75  3.5000     0.1111               0.2080 1.3427e-02
                       77  3.5401     0.1111               0.1679 1.3427e-02
                       80  3.5701     0.1111               0.1379 1.3427e-02
 88  3.6830    2.5+                          5.0939e-01
                        0  0.0000     0.0204               3.6830 1.0396e-02
                        2  0.9620     0.0204               2.7210 1.0396e-02
                        3  1.3268     0.0204               2.3562 1.0396e-02
                        4  1.4122     0.0204               2.2708 1.0396e-02
                        5  1.5470     0.0204               2.1360 1.0396e-02
                        6  1.8606     0.0204               1.8224 1.0396e-02
                        8  2.0129     0.0204               1.6701 1.0396e-02
                       10  2.0813     0.0204               1.6017 1.0396e-02
                       11  2.0921     0.0204               1.5909 1.0396e-02
                       13  2.3365     0.0204               1.3465 1.0396e-02
                       15  2.4047     0.0204               1.2783 1.0396e-02
                       16  2.4304     0.0204               1.2526 1.0396e-02
                       17  2.4972     0.0204               1.1858 1.0396e-02
                       18  2.5035     0.0204               1.1795 1.0396e-02
                       21  2.5358     0.0204               1.1472 1.0396e-02
                       23  2.6179     0.0204               1.0650 1.0396e-02
                       24  2.6307     0.0204               1.0523 1.0396e-02
                       25  2.6729     0.0204               1.0101 1.0396e-02
                       27  2.6784     0.0204               1.0046 1.0396e-02
                       28  2.6823     0.0204               1.0007 1.0396e-02
                       29  2.6967     0.0204               0.9863 1.0396e-02
                       30  2.7165     0.0204               0.9665 1.0396e-02
                       31  2.7641     0.0204               0.9189 1.0396e-02
                       32  2.7764     0.0204               0.9066 1.0396e-02
                       33  2.7802     0.0204               0.9028 1.0396e-02
                       34  2.8081     0.0204               0.8749 1.0396e-02
                       36  2.8189     0.0204               0.8641 1.0396e-02
                       37  2.8324     0.0204               0.8506 1.0396e-02
                       39  2.8470     0.0204               0.8360 1.0396e-02
                       44  2.9573     0.0204               0.7257 1.0396e-02
                       45  2.9775     0.0204               0.7055 1.0396e-02
                       46  3.0327     0.0204               0.6503 1.0396e-02
                       47  3.0426     0.0204               0.6404 1.0396e-02
                       48  3.0952     0.0204               0.5878 1.0396e-02
                       49  3.1014     0.0204               0.5816 1.0396e-02
                       50  3.1281     0.0204               0.5549 1.0396e-02
                       55  3.2255     0.0204               0.4575 1.0396e-02
                       58  3.2800     0.0204               0.4030 1.0396e-02
                       59  3.2910     0.0204               0.3920 1.0396e-02
                       60  3.2926     0.0204               0.3904 1.0396e-02
                       69  3.4260     0.0204               0.2570 1.0396e-02
                       70  3.4299     0.0204               0.2531 1.0396e-02
                       73  3.4651     0.0204               0.2179 1.0396e-02
                       76  3.5376     0.0204               0.1454 1.0396e-02
                       79  3.5654     0.0204               0.1176 1.0396e-02
                       81  3.5750     0.0204               0.1080 1.0396e-02
                       82  3.5811     0.0204               0.1019 1.0396e-02
                       83  3.5833     0.0204               0.0997 1.0396e-02
                       84  3.6070     0.0204               0.0760 1.0396e-02
 87  3.6809    3.5-                          8.2052e-01                       6.3000e-14
                        2  0.9620     1.0000               2.7189 8.1999e-01
 86  3.6579    0.5-                          1.2926e-01
                        0  0.0000     1.0000               3.6579 1.2913e-01
 85  3.6492    2.5+                          5.3056e-01
                        9  2.0625     0.0741               1.5867 3.9282e-02
                        1  0.6699     0.9259               2.9793 4.9101e-01
 84  3.6070    2.5-                          5.5997e-01
                        0  0.0000     1.0000               3.6070 5.5941e-01
 83  3.5833    2.5-                          5.7572e-01                       1.0000e-13
                        3  1.3268     0.4791               2.2565 2.7570e-01
                        2  0.9620     0.5209               2.6213 2.9971e-01
 82  3.5811    1.5-                          3.3133e-01                       5.0000e-15
                        1  0.6699     0.6289               2.9112 2.0822e-01
                        0  0.0000     0.3711               3.5811 1.2283e-01
 81  3.5750    1.5-                          3.3379e-01
                        1  0.6699     1.0000               2.9051 3.3355e-01
 80  3.5701    1.5+                          3.5289e-01
                        0  0.0000     1.0000               3.5701 3.5236e-01
 79  3.5654    2.5-                          5.8793e-01
                        5  1.5470     0.3349               2.0184 1.9683e-01
                        1  0.6699     0.1414               2.8955 8.3069e-02
                        0  0.0000     0.5237               3.5654 3.0760e-01
 78  3.5411    3.5+                          9.9294e-01
                        2  0.9620     0.3289               2.5791 3.2624e-01
                        0  0.0000     0.6711               3.5411 6.6588e-01
 77  3.5401    1.5+                          3.6605e-01
                        5  1.5470     0.6060               1.9931 2.2168e-01
                        4  1.4122     0.3940               2.1279 1.4412e-01
 76  3.5376    2.5-                          6.0744e-01
                        1  0.6699     0.5952               2.8677 3.6128e-01
                        0  0.0000     0.4048               3.5376 2.4565e-01
 75  3.5000    1.5+                          3.8454e-01
                        0  0.0000     0.0263               3.5000 1.0120e-02
                        1  0.6699     0.0263               2.8301 1.0120e-02
                        2  0.9620     0.0263               2.5380 1.0120e-02
                        4  1.4122     0.0263               2.0878 1.0120e-02
                        5  1.5470     0.0263               1.9530 1.0120e-02
                        8  2.0129     0.0263               1.4871 1.0120e-02
                        9  2.0625     0.0263               1.4375 1.0120e-02
                       10  2.0813     0.0263               1.4187 1.0120e-02
                       13  2.3365     0.0263               1.1635 1.0120e-02
                       16  2.4304     0.0263               1.0696 1.0120e-02
                       17  2.4972     0.0263               1.0028 1.0120e-02
                       18  2.5035     0.0263               0.9965 1.0120e-02
                       21  2.5358     0.0263               0.9642 1.0120e-02
                       23  2.6179     0.0263               0.8821 1.0120e-02
                       24  2.6307     0.0263               0.8693 1.0120e-02
                       25  2.6729     0.0263               0.8271 1.0120e-02
                       28  2.6823     0.0263               0.8177 1.0120e-02
                       29  2.6967     0.0263               0.8033 1.0120e-02
                       30  2.7165     0.0263               0.7835 1.0120e-02
                       31  2.7641     0.0263               0.7359 1.0120e-02
                       32  2.7764     0.0263               0.7236 1.0120e-02
                       33  2.7802     0.0263               0.7198 1.0120e-02
                       34  2.8081     0.0263               0.6919 1.0120e-02
                       35  2.8100     0.0263               0.6900 1.0120e-02
                       40  2.8579     0.0263               0.6421 1.0120e-02
                       44  2.9573     0.0263               0.5427 1.0120e-02
                       45  2.9775     0.0263               0.5225 1.0120e-02
                       46  3.0327     0.0263               0.4673 1.0120e-02
                       47  3.0426     0.0263               0.4574 1.0120e-02
                       48  3.0952     0.0263               0.4048 1.0120e-02
                       49  3.1014     0.0263               0.3986 1.0120e-02
                       50  3.1281     0.0263               0.3719 1.0120e-02
                       55  3.2255     0.0263               0.2745 1.0120e-02
                       59  3.2910     0.0263               0.2090 1.0120e-02
                       60  3.2926     0.0263               0.2074 1.0120e-02
                       69  3.4260     0.0263               0.0740 1.0120e-02
                       70  3.4299     0.0263               0.0701 1.0120e-02
                       73  3.4651     0.0263               0.0349 1.0120e-02
 74  3.4761    2.5+                          6.5541e-01
                        0  0.0000     1.0000               3.4761 6.5444e-01
 73  3.4651    1.5-                          3.9202e-01                       7.0000e-14
                        1  0.6699     0.4594               2.7952 1.7997e-01
                        0  0.0000     0.5406               3.4651 2.1172e-01
 72  3.4612    5.5+                          3.0557e+00
                       19  2.5051     1.0000               0.9561 3.0550e+00
                        0  0.0000     0.0000               3.4612 0.0000e+00
 71  3.4601    1.5+                          4.0402e-01
                       19  2.5051     1.0000               0.9550 4.0353e-01
 70  3.4299    1.5-                          4.0899e-01
                        2  0.9620     0.1869               2.4679 7.6399e-02
                        0  0.0000     0.8131               3.4299 3.3224e-01
 69  3.4260    1.5-                          4.1092e-01                       2.2000e-14
                        1  0.6699     0.4047               2.7561 1.6619e-01
                        0  0.0000     0.5953               3.4260 2.4440e-01
 68  3.4181    2.5+                          7.0418e-01
                       17  2.4972     0.3786               0.9209 2.6657e-01
                        0  0.0000     0.6214               3.4181 4.3695e-01
 67  3.4064    3.5+                          1.1649e+00
                        0  0.0000     1.0000               3.4064 1.1641e+00
 66  3.3890    3.5+                          1.1894e+00
                        2  0.9620     0.0385               2.4270 4.5744e-02
                        3  1.3268     0.0385               2.0622 4.5744e-02
                        4  1.4122     0.0385               1.9768 4.5744e-02
                        6  1.8606     0.0385               1.5284 4.5744e-02
                       10  2.0813     0.0385               1.3077 4.5744e-02
                       11  2.0921     0.0385               1.2969 4.5744e-02
                       12  2.2078     0.0385               1.1812 4.5744e-02
                       13  2.3365     0.0385               1.0525 4.5744e-02
                       15  2.4047     0.0385               0.9843 4.5744e-02
                       16  2.4304     0.0385               0.9586 4.5744e-02
                       18  2.5035     0.0385               0.8855 4.5744e-02
                       21  2.5358     0.0385               0.8532 4.5744e-02
                       22  2.5473     0.0385               0.8417 4.5744e-02
                       25  2.6729     0.0385               0.7161 4.5744e-02
                       27  2.6784     0.0385               0.7106 4.5744e-02
                       30  2.7165     0.0385               0.6725 4.5744e-02
                       36  2.8189     0.0385               0.5701 4.5744e-02
                       37  2.8324     0.0385               0.5566 4.5744e-02
                       39  2.8470     0.0385               0.5420 4.5744e-02
                       47  3.0426     0.0385               0.3464 4.5744e-02
                       50  3.1281     0.0385               0.2609 4.5744e-02
                       54  3.2101     0.0385               0.1789 4.5744e-02
                       55  3.2255     0.0385               0.1635 4.5744e-02
                       58  3.2800     0.0385               0.1090 4.5744e-02
                       59  3.2910     0.0385               0.0980 4.5744e-02
                       60  3.2926     0.0385               0.0964 4.5744e-02
 65  3.3700    3.5+                          1.2167e+00
                        2  0.9620     0.0385               2.4080 4.6797e-02
                        3  1.3268     0.0385               2.0432 4.6797e-02
                        4  1.4122     0.0385               1.9578 4.6797e-02
                        6  1.8606     0.0385               1.5094 4.6797e-02
                       10  2.0813     0.0385               1.2887 4.6797e-02
                       11  2.0921     0.0385               1.2779 4.6797e-02
                       12  2.2078     0.0385               1.1622 4.6797e-02
                       13  2.3365     0.0385               1.0335 4.6797e-02
                       15  2.4047     0.0385               0.9653 4.6797e-02
                       16  2.4304     0.0385               0.9396 4.6797e-02
                       18  2.5035     0.0385               0.8665 4.6797e-02
                       21  2.5358     0.0385               0.8342 4.6797e-02
                       22  2.5473     0.0385               0.8227 4.6797e-02
                       25  2.6729     0.0385               0.6971 4.6797e-02
                       27  2.6784     0.0385               0.6916 4.6797e-02
                       30  2.7165     0.0385               0.6535 4.6797e-02
                       36  2.8189     0.0385               0.5511 4.6797e-02
                       37  2.8324     0.0385               0.5376 4.6797e-02
                       39  2.8470     0.0385               0.5230 4.6797e-02
                       47  3.0426     0.0385               0.3274 4.6797e-02
                       50  3.1281     0.0385               0.2419 4.6797e-02
                       54  3.2101     0.0385               0.1599 4.6797e-02
                       55  3.2255     0.0385               0.1445 4.6797e-02
                       58  3.2800     0.0385               0.0900 4.6797e-02
                       59  3.2910     0.0385               0.0790 4.6797e-02
                       60  3.2926     0.0385               0.0774 4.6797e-02
 64  3.3097    3.5+                          1.3082e+00
                        5  1.5470     0.4999               1.7627 6.5384e-01
                        0  0.0000     0.5001               3.3097 6.5382e-01
 63  3.3075    1.5+                          4.8952e-01
                        9  2.0625     0.2963               1.2450 1.4501e-01
                        8  2.0129     0.1433               1.2946 7.0129e-02
                        2  0.9620     0.3258               2.3455 1.5933e-01
                        1  0.6699     0.1532               2.6376 7.4909e-02
                        0  0.0000     0.0815               3.3075 3.9832e-02
 62  3.2977    0.5+                          2.2384e-01                       1.6000e-14
                        1  0.6699     0.6802               2.6278 1.5210e-01
                        0  0.0000     0.3198               3.2977 7.1486e-02
 61  3.2948    5.5+                          4.0469e+00
                       26  2.6768     0.3351               0.6180 1.3557e+00
                       19  2.5051     0.5320               0.7898 2.1520e+00
                       12  2.2078     0.1329               1.0870 5.3778e-01
 60  3.2926    2.5-                          9.1505e-01
                        0  0.0000     1.0000               3.2926 9.1425e-01
 59  3.2910    2.5-                          9.1661e-01
                        1  0.6699     1.0000               2.6211 9.1601e-01
 58  3.2800    3.5-                          1.4155e+00
                        7  1.9520     0.1000               1.3280 1.4155e-01
                       14  2.3374     0.1000               0.9426 1.4155e-01
                       19  2.5051     0.1000               0.7749 1.4155e-01
                       38  2.8367     0.1000               0.4432 1.4155e-01
                       41  2.8655     0.1000               0.4145 1.4155e-01
                       43  2.9111     0.1000               0.3689 1.4155e-01
                       51  3.1830     0.1000               0.0970 1.4155e-01
                       52  3.2080     0.1000               0.0720 1.4155e-01
                       53  3.2100     0.1000               0.0700 1.4155e-01
                       56  3.2480     0.1000               0.0320 1.4155e-01
 57  3.2637    1.5+                          5.1763e-01
                        1  0.6699     0.4011               2.5938 2.0741e-01
                        0  0.0000     0.5989               3.2637 3.0958e-01
 56  3.2480    2.5+                          1.0127e+00
                        1  0.6699     1.0000               2.5781 1.0123e+00
 55  3.2255    2.5-                          9.8299e-01
                        1  0.6699     0.6578               2.5556 6.4621e-01
                        0  0.0000     0.3422               3.2255 3.3609e-01
 54  3.2101    4.5-                          2.4710e+00
                       19  2.5051     0.5000               0.7050 1.2355e+00
                       41  2.8655     0.5000               0.3446 1.2355e+00
 53  3.2100    2.5+                          1.0555e+00
                        0  0.0000     0.0278               3.2100 2.9319e-02
                        2  0.9620     0.0278               2.2480 2.9319e-02
                        3  1.3268     0.0278               1.8832 2.9319e-02
                        4  1.4122     0.0278               1.7978 2.9319e-02
                        5  1.5470     0.0278               1.6630 2.9319e-02
                        6  1.8606     0.0278               1.3494 2.9319e-02
                        8  2.0129     0.0278               1.1971 2.9319e-02
                       10  2.0813     0.0278               1.1287 2.9319e-02
                       11  2.0921     0.0278               1.1179 2.9319e-02
                       13  2.3365     0.0278               0.8735 2.9319e-02
                       15  2.4047     0.0278               0.8053 2.9319e-02
                       16  2.4304     0.0278               0.7796 2.9319e-02
                       17  2.4972     0.0278               0.7128 2.9319e-02
                       18  2.5035     0.0278               0.7065 2.9319e-02
                       21  2.5358     0.0278               0.6742 2.9319e-02
                       23  2.6179     0.0278               0.5920 2.9319e-02
                       24  2.6307     0.0278               0.5793 2.9319e-02
                       25  2.6729     0.0278               0.5371 2.9319e-02
                       27  2.6784     0.0278               0.5316 2.9319e-02
                       28  2.6823     0.0278               0.5277 2.9319e-02
                       29  2.6967     0.0278               0.5133 2.9319e-02
                       30  2.7165     0.0278               0.4935 2.9319e-02
                       31  2.7641     0.0278               0.4459 2.9319e-02
                       32  2.7764     0.0278               0.4336 2.9319e-02
                       33  2.7802     0.0278               0.4298 2.9319e-02
                       34  2.8081     0.0278               0.4019 2.9319e-02
                       36  2.8189     0.0278               0.3911 2.9319e-02
                       37  2.8324     0.0278               0.3776 2.9319e-02
                       39  2.8470     0.0278               0.3630 2.9319e-02
                       44  2.9573     0.0278               0.2527 2.9319e-02
                       45  2.9775     0.0278               0.2325 2.9319e-02
                       46  3.0327     0.0278               0.1773 2.9319e-02
                       47  3.0426     0.0278               0.1674 2.9319e-02
                       48  3.0952     0.0278               0.1148 2.9319e-02
                       49  3.1014     0.0278               0.1086 2.9319e-02
                       50  3.1281     0.0278               0.0819 2.9319e-02
 52  3.2080    2.5+                          1.0578e+00
                        0  0.0000     0.0278               3.2080 2.9384e-02
                        2  0.9620     0.0278               2.2460 2.9384e-02
                        3  1.3268     0.0278               1.8812 2.9384e-02
                        4  1.4122     0.0278               1.7958 2.9384e-02
                        5  1.5470     0.0278               1.6610 2.9384e-02
                        6  1.8606     0.0278               1.3474 2.9384e-02
                        8  2.0129     0.0278               1.1951 2.9384e-02
                       10  2.0813     0.0278               1.1267 2.9384e-02
                       11  2.0921     0.0278               1.1159 2.9384e-02
                       13  2.3365     0.0278               0.8715 2.9384e-02
                       15  2.4047     0.0278               0.8033 2.9384e-02
                       16  2.4304     0.0278               0.7776 2.9384e-02
                       17  2.4972     0.0278               0.7108 2.9384e-02
                       18  2.5035     0.0278               0.7045 2.9384e-02
                       21  2.5358     0.0278               0.6722 2.9384e-02
                       23  2.6179     0.0278               0.5901 2.9384e-02
                       24  2.6307     0.0278               0.5774 2.9384e-02
                       25  2.6729     0.0278               0.5351 2.9384e-02
                       27  2.6784     0.0278               0.5296 2.9384e-02
                       28  2.6823     0.0278               0.5257 2.9384e-02
                       29  2.6967     0.0278               0.5113 2.9384e-02
                       30  2.7165     0.0278               0.4915 2.9384e-02
                       31  2.7641     0.0278               0.4439 2.9384e-02
                       32  2.7764     0.0278               0.4316 2.9384e-02
                       33  2.7802     0.0278               0.4278 2.9384e-02
                       34  2.8081     0.0278               0.3999 2.9384e-02
                       36  2.8189     0.0278               0.3891 2.9384e-02
                       37  2.8324     0.0278               0.3756 2.9384e-02
                       39  2.8470     0.0278               0.3610 2.9384e-02
                       44  2.9573     0.0278               0.2507 2.9384e-02
                       45  2.9775     0.0278               0.2305 2.9384e-02
                       46  3.0327     0.0278               0.1753 2.9384e-02
                       47  3.0426     0.0278               0.1654 2.9384e-02
                       48  3.0952     0.0278               0.1128 2.9384e-02
                       49  3.1014     0.0278               0.1066 2.9384e-02
                       50  3.1281     0.0278               0.0799 2.9384e-02
 51  3.1830    2.5+                          1.0872e+00
                        0  0.0000     0.0278               3.1830 3.0200e-02
                        2  0.9620     0.0278               2.2210 3.0200e-02
                        3  1.3268     0.0278               1.8562 3.0200e-02
                        4  1.4122     0.0278               1.7708 3.0200e-02
                        5  1.5470     0.0278               1.6360 3.0200e-02
                        6  1.8606     0.0278               1.3224 3.0200e-02
                        8  2.0129     0.0278               1.1701 3.0200e-02
                       10  2.0813     0.0278               1.1017 3.0200e-02
                       11  2.0921     0.0278               1.0909 3.0200e-02
                       13  2.3365     0.0278               0.8465 3.0200e-02
                       15  2.4047     0.0278               0.7783 3.0200e-02
                       16  2.4304     0.0278               0.7526 3.0200e-02
                       17  2.4972     0.0278               0.6858 3.0200e-02
                       18  2.5035     0.0278               0.6795 3.0200e-02
                       21  2.5358     0.0278               0.6472 3.0200e-02
                       23  2.6179     0.0278               0.5650 3.0200e-02
                       24  2.6307     0.0278               0.5523 3.0200e-02
                       25  2.6729     0.0278               0.5101 3.0200e-02
                       27  2.6784     0.0278               0.5046 3.0200e-02
                       28  2.6823     0.0278               0.5007 3.0200e-02
                       29  2.6967     0.0278               0.4863 3.0200e-02
                       30  2.7165     0.0278               0.4665 3.0200e-02
                       31  2.7641     0.0278               0.4189 3.0200e-02
                       32  2.7764     0.0278               0.4066 3.0200e-02
                       33  2.7802     0.0278               0.4028 3.0200e-02
                       34  2.8081     0.0278               0.3749 3.0200e-02
                       36  2.8189     0.0278               0.3641 3.0200e-02
                       37  2.8324     0.0278               0.3506 3.0200e-02
                       39  2.8470     0.0278               0.3360 3.0200e-02
                       44  2.9573     0.0278               0.2257 3.0200e-02
                       45  2.9775     0.0278               0.2055 3.0200e-02
                       46  3.0327     0.0278               0.1503 3.0200e-02
                       47  3.0426     0.0278               0.1404 3.0200e-02
                       48  3.0952     0.0278               0.0878 3.0200e-02
                       49  3.1014     0.0278               0.0816 3.0200e-02
                       50  3.1281     0.0278               0.0549 3.0200e-02
 50  3.1281    2.5-                          1.1810e+00
                        8  2.0129     1.0000               1.1152 1.1808e+00
 49  3.1014    1.5-                          7.0127e-01
                        1  0.6699     0.4505               2.4315 3.1576e-01
                        0  0.0000     0.5495               3.1014 3.8504e-01
 48  3.0952    1.5-                          7.0598e-01
                        1  0.6699     0.2366               2.4253 1.6695e-01
                        0  0.0000     0.7634               3.0952 5.3852e-01
 47  3.0426    2.5-                          1.2880e+00
                       17  2.4972     0.0517               0.5454 6.6581e-02
                        5  1.5470     0.0575               1.4956 7.3982e-02
                        1  0.6699     0.5747               2.3727 7.3982e-01
                        0  0.0000     0.3161               3.0426 4.0682e-01
 46  3.0327    1.5-                          7.5597e-01
                        3  1.3268     0.3755               1.7059 2.8382e-01
                        2  0.9620     0.1167               2.0707 8.8198e-02
                        0  0.0000     0.5078               3.0327 3.8355e-01
 45  2.9775    1.5-                          8.0353e-01
                        1  0.6699     0.4011               2.3075 3.2214e-01
                        0  0.0000     0.5989               2.9775 4.8087e-01
 44  2.9573    1.5-                          8.2174e-01
                        8  2.0129     0.3134               0.9444 2.5746e-01
                        2  0.9620     0.3134               1.9953 2.5745e-01
                        0  0.0000     0.3732               2.9573 3.0644e-01
 43  2.9111    2.5+                          1.4760e+00
                       19  2.5051     1.0000               0.4060 1.4705e+00
 42  2.8889    1.5+                          8.3932e-01
                       10  2.0813     0.0989               0.8076 8.2985e-02
                        2  0.9620     0.5207               1.9269 4.3680e-01
                        1  0.6699     0.1615               2.2190 1.3543e-01
                        0  0.0000     0.2189               2.8889 1.8349e-01
 41  2.8655    3.5+                          3.6290e+00
                        6  1.8606     0.4629               1.0048 1.6796e+00
                        4  1.4122     0.3195               1.4533 1.1591e+00
                        0  0.0000     0.2176               2.8655 7.8926e-01
 40  2.8579    0.5-                          3.9377e-01                       4.0000e-13
                        4  1.4122     0.3144               1.4457 1.2378e-01
                        2  0.9620     0.1095               1.8959 4.3103e-02
                        1  0.6699     0.2226               2.1880 8.7619e-02
                        0  0.0000     0.3535               2.8579 1.3910e-01
 39  2.8470    3.5-                          2.3487e+00
                        7  1.9520     0.2500               0.8950 5.8717e-01
                       14  2.3374     0.2500               0.5096 5.8717e-01
                       19  2.5051     0.2500               0.3419 5.8717e-01
                       38  2.8367     0.2500               0.0103 5.8717e-01
 38  2.8367    2.5+                          2.1942e+00
                        6  1.8606     0.2049               0.9761 4.4953e-01
                        1  0.6699     0.4999               2.1668 1.0965e+00
                        0  0.0000     0.2952               2.8367 6.4696e-01
 37  2.8324    3.5-                          2.3849e+00                       2.0000e-13
                        6  1.8606     0.7576               0.9717 1.8063e+00
                        3  1.3268     0.2424               1.5056 5.7800e-01
                        0  0.0000     0.0000               2.8324 0.0000e+00
 36  2.8189    3.5-                          2.4189e+00
                        0  0.0000     1.0000               2.8189 2.4171e+00
 35  2.8100    0.5-                          4.1914e-01
                       20  2.5111     1.0000               0.2989 4.1914e-01
 34  2.8081    1.5-                          9.7119e-01                       1.8000e-13
                        5  1.5470     0.0000               1.2611 0.0000e+00
                        3  1.3268     0.2625               1.4813 2.5486e-01
                        1  0.6699     0.1788               2.1382 1.7356e-01
                        0  0.0000     0.5587               2.8081 5.4227e-01
 33  2.7802    1.5-                          1.0022e+00
                       21  2.5358     0.1282               0.2444 1.2683e-01
                        9  2.0625     0.2422               0.7178 2.4261e-01
                        5  1.5470     0.0857               1.2332 8.5825e-02
                        1  0.6699     0.1713               2.1103 1.7161e-01
                        0  0.0000     0.3726               2.7802 3.7317e-01
 32  2.7764    1.5-                          1.0065e+00
                        2  0.9620     0.7194               1.8143 7.2390e-01
                        1  0.6699     0.2806               2.1064 2.8232e-01
 31  2.7641    1.5-                          1.0205e+00
                        6  1.8606     0.4167               0.9035 4.2511e-01
                        3  1.3268     0.3666               1.4373 3.7406e-01
                        2  0.9620     0.2167               1.8021 2.2109e-01
 30  2.7165    2.5-                          1.8089e+00                       2.0000e-13
                       11  2.0921     0.1642               0.6243 2.9680e-01
                        5  1.5470     0.0895               1.1695 1.6194e-01
                        3  1.3268     0.4974               1.3897 8.9960e-01
                        2  0.9620     0.0498               1.7545 8.9970e-02
                        1  0.6699     0.0448               2.0465 8.0971e-02
                        0  0.0000     0.1543               2.7165 2.7893e-01
 29  2.6967    1.5-                          1.1011e+00
                        8  2.0129     0.0370               0.6837 4.0758e-02
                        5  1.5470     0.1574               1.1497 1.7327e-01
                        1  0.6699     0.4629               2.0267 5.0949e-01
                        0  0.0000     0.3427               2.6967 3.7709e-01
 28  2.6823    1.5-                          1.1335e+00
                        1  0.6699     0.6289               2.0123 7.1259e-01
                        0  0.0000     0.3711               2.6823 4.2037e-01
 27  2.6784    3.5-                          2.8021e+00
                        5  1.5470     0.6289               1.1314 1.7619e+00
                        2  0.9620     0.3711               1.7164 1.0396e+00
 26  2.6768    5.5-                          1.0410e+01                       5.8000e-13
                       12  2.2078     0.3009               0.4690 3.1289e+00
                        3  1.3268     0.6991               1.3501 7.2765e+00
 25  2.6729    2.5-                          1.8936e+00                       6.6000e-14
                        6  1.8606     0.1337               0.8123 2.5309e-01
                        3  1.3268     0.2292               1.3462 4.3397e-01
                        0  0.0000     0.6371               2.6729 1.2056e+00
 24  2.6307    1.5-                          1.1859e+00
                        2  0.9620     0.7936               1.6686 9.4088e-01
                        0  0.0000     0.2064               2.6307 2.4461e-01
 23  2.6179    1.5-                          1.2028e+00
                       11  2.0921     0.4684               0.5258 5.6251e-01
                        3  1.3268     0.5316               1.2912 6.3932e-01
 22  2.5473    4.5-                          5.1178e+00
                        6  1.8606     0.6945               0.6867 3.5525e+00
                        3  1.3268     0.1250               1.2205 6.3961e-01
                        2  0.9620     0.1805               1.5853 9.2356e-01
 21  2.5358    2.5-                          2.3140e+00
                       11  2.0921     0.0577               0.4437 1.3318e-01
                        6  1.8606     0.0499               0.6752 1.1541e-01
                        5  1.5470     0.0134               0.9888 3.1068e-02
                        4  1.4122     0.3838               1.1237 8.8790e-01
                        3  1.3268     0.0422               1.2091 9.7676e-02
                        2  0.9620     0.0921               1.5738 2.1309e-01
                        1  0.6699     0.0691               1.8659 1.5982e-01
                        0  0.0000     0.2918               2.5358 6.7481e-01
 20  2.5111    0.5+                          1.0546e+00                       1.5000e-13
                        4  1.4122     0.2441               1.0989 2.5731e-01
                        1  0.6699     0.1744               1.8411 1.8381e-01
                        0  0.0000     0.5815               2.5111 6.1262e-01
 19  2.5051    4.5+                          1.4779e+01                       1.5000e-12
                       12  2.2078     0.0297               0.2972 4.3764e-01
                       11  2.0921     0.3075               0.4129 4.5404e+00
                        6  1.8606     0.3703               0.6444 5.4711e+00
                        3  1.3268     0.2518               1.1783 3.7209e+00
                        2  0.9620     0.0407               1.5431 6.0181e-01
 18  2.5035    2.5-                          2.2599e+00
                        2  0.9620     0.4999               1.5415 1.1295e+00
                        0  0.0000     0.5001               2.5035 1.1296e+00
 17  2.4972    1.5-                          1.7086e+00                       1.0300e-13
                        4  1.4122     0.0148               1.0850 2.5265e-02
                        2  0.9620     0.0238               1.5352 4.0691e-02
                        1  0.6699     0.1397               1.8273 2.3863e-01
                        0  0.0000     0.8217               2.4972 1.4032e+00
 16  2.4304    2.5-                          2.4360e+00
                        6  1.8606     0.1986               0.5697 4.8332e-01
                        5  1.5470     0.3816               0.8834 9.2928e-01
                        2  0.9620     0.3091               1.4684 7.5283e-01
                        0  0.0000     0.1107               2.4304 2.6952e-01
 15  2.4047    3.5-                          3.7162e+00                       1.2000e-13
                       10  2.0813     0.0419               0.3233 1.5498e-01
                        9  2.0625     0.0433               0.3422 1.5499e-01
                        8  2.0129     0.0419               0.3917 1.5496e-01
                        6  1.8606     0.0358               0.5440 1.3283e-01
                        5  1.5470     0.0358               0.8577 1.3285e-01
                        4  1.4122     0.1519               0.9925 5.6440e-01
                        3  1.3268     0.2413               1.0779 8.9660e-01
                        2  0.9620     0.2979               1.4426 1.1069e+00
                        1  0.6699     0.0417               1.7347 1.5497e-01
                        0  0.0000     0.0685               2.4047 2.5459e-01
 14  2.3374    2.5+                          3.3950e+00
                        0  0.0000     0.1000               2.3374 3.3950e-01
                        2  0.9620     0.1000               1.3754 3.3950e-01
                        3  1.3268     0.1000               1.0106 3.3950e-01
                        4  1.4122     0.1000               0.9252 3.3950e-01
                        5  1.5470     0.1000               0.7904 3.3950e-01
                        6  1.8606     0.1000               0.4768 3.3950e-01
                        8  2.0129     0.1000               0.3245 3.3950e-01
                       10  2.0813     0.1000               0.2561 3.3950e-01
                       11  2.0921     0.1000               0.2453 3.3950e-01
                       13  2.3365     0.1000               0.0009 3.3950e-01
 13  2.3365    2.5-                          3.0657e+00
                        6  1.8606     0.0458               0.4759 1.4018e-01
                        4  1.4122     0.0719               0.9244 2.2030e-01
                        2  0.9620     0.2026               1.3745 6.2100e-01
                        1  0.6699     0.0261               1.6666 8.0116e-02
                        0  0.0000     0.6536               2.3365 2.0027e+00
 12  2.2078    4.5-                          1.1450e+01                       3.1000e-13
                        3  1.3268     0.5715               0.8811 6.5420e+00
                        2  0.9620     0.4285               1.2458 4.9056e+00
 11  2.0921    3.5-                          1.0880e+01                       2.4000e-13
                        4  1.4122     0.0490               0.6800 5.3314e-01
                        3  1.3268     0.3775               0.7654 4.1058e+00
                        2  0.9620     0.4901               1.1301 5.3315e+00
                        0  0.0000     0.0833               2.0921 9.0640e-01
 10  2.0813    2.5-                          3.9731e+00                       1.2600e-13
                        5  1.5470     0.1012               0.5343 4.0173e-01
                        3  1.3268     0.2685               0.7546 1.0663e+00
                        2  0.9620     0.2412               1.1193 9.5813e-01
                        0  0.0000     0.3891               2.0813 1.5454e+00
  9  2.0625    0.5-                          1.6654e+00
                        5  1.5470     0.3639               0.5155 6.0519e-01
                        1  0.6699     0.4783               1.3925 7.9636e-01
                        0  0.0000     0.1579               2.0625 2.6284e-01
  8  2.0129    1.5-                          4.2757e+00                       3.3000e-14
                        5  1.5470     0.0241               0.4659 1.0274e-01
                        4  1.4122     0.0192               0.6008 8.2194e-02
                        2  0.9620     0.2548               1.0509 1.0892e+00
                        1  0.6699     0.2211               1.3430 9.4520e-01
                        0  0.0000     0.4808               2.0129 2.0550e+00
  7  1.9520    2.5+                          4.6016e+00
                        2  0.9620     1.0000               0.9900 4.6011e+00
  6  1.8606    3.5-                          2.0940e+01                       6.6000e-13
                        2  0.9620     0.4505               0.8986 9.4307e+00
                        0  0.0000     0.5495               1.8606 1.1503e+01
  5  1.5470    1.5-                          8.9850e+00                       1.1600e-13
                        2  0.9620     0.2152               0.5850 1.9322e+00
                        1  0.6699     0.0221               0.8771 1.9868e-01
                        0  0.0000     0.7627               1.5470 6.8515e+00
  4  1.4122    2.5-                          9.6231e+00                       1.7000e-12
                        2  0.9620     0.2181               0.4501 2.0962e+00
                        1  0.6699     0.0652               0.7422 6.2748e-01
                        0  0.0000     0.7166               1.4122 6.8952e+00
  3  1.3268    3.5-                          3.6819e+01                       6.1000e-13
                        2  0.9620     0.1585               0.3647 5.8236e+00
                        0  0.0000     0.8415               1.3268 3.0978e+01
  2  0.9620    2.5-                          5.4200e+01                       5.7000e-13
                        0  0.0000     1.0000               0.9620 5.4187e+01
  1  0.6699    0.5-                          1.5516e+01                       1.9800e-13
                        0  0.0000     1.0000               0.6699 1.5508e+01
  0  0.0000    1.5-                          1.6274e+02
#......................................................................../  028-062Ni //  23.500000
#                                                                          SUM SPECTRA FOR COMPOUND
#            028-063Ni      gamma    neutron     proton      alpha   deuteron
 SpcSum[mb]            5.5428e+02 4.0957e+02 2.2189e+00 1.6390e+00 3.1823e-02
 Emean[MeV]            1.6482e+00 1.8770e+00 4.9624e+00 9.4035e+00 4.6003e+00
#......................................................................../  028-062Ni //  23.500000
#                                                                   GAMMAS FROM DISCRETE TRANSITION
#           0 1 0 0 0 0             028-063Ni
#   Ex[MeV]     Jpi    FinalState  Branching Production    Egamma Production   T(1/2)[s]
 22  2.6966    0.5-                          5.1195e-01
                        2  0.1555     0.6757               2.5411 3.4573e-01
                        0  0.0000     0.3243               2.6966 1.6593e-01
 21  2.6750    2.5+                          2.1438e+00
                        1  0.0872     0.0909               2.5878 1.9489e-01
                        2  0.1555     0.0909               2.5194 1.9489e-01
                        3  0.5175     0.0909               2.1574 1.9489e-01
                        5  1.0690     0.0909               1.6060 1.9489e-01
                        8  1.3240     0.0909               1.3510 1.9489e-01
                        9  1.4517     0.0909               1.2233 1.9489e-01
                       12  1.7870     0.0909               0.8880 1.9489e-01
                       13  1.8990     0.0909               0.7760 1.9489e-01
                       14  2.1490     0.0909               0.5260 1.9489e-01
                       16  2.2617     0.0909               0.4133 1.9489e-01
                       18  2.3531     0.0909               0.3219 1.9489e-01
 20  2.5730    3.5+                          4.1975e+00
                        1  0.0872     0.1667               2.4859 6.9959e-01
                        5  1.0690     0.1667               1.5040 6.9959e-01
                        9  1.4517     0.1667               1.1213 6.9959e-01
                       12  1.7870     0.1667               0.7860 6.9959e-01
                       13  1.8990     0.1667               0.6740 6.9959e-01
                       16  2.2617     0.1667               0.3113 6.9959e-01
 19  2.5190    4.5+                          5.8725e+00
                        9  1.4517     1.0000               1.0673 5.8725e+00
 18  2.3531    1.5-                          1.9533e+00
                        1  0.0872     0.1870               2.2660 3.6510e-01
                        0  0.0000     0.8130               2.3531 1.5872e+00
 17  2.2970    2.5+                          3.5248e+00
                        1  0.0872     0.1000               2.2099 3.5248e-01
                        2  0.1555     0.1000               2.1415 3.5248e-01
                        3  0.5175     0.1000               1.7795 3.5248e-01
                        5  1.0690     0.1000               1.2280 3.5248e-01
                        8  1.3240     0.1000               0.9730 3.5248e-01
                        9  1.4517     0.1000               0.8453 3.5248e-01
                       12  1.7870     0.1000               0.5100 3.5248e-01
                       13  1.8990     0.1000               0.3980 3.5248e-01
                       14  2.1490     0.1000               0.1480 3.5248e-01
                       16  2.2617     0.1000               0.0353 3.5248e-01
 16  2.2617    2.5-                          4.8421e+00
                        2  0.1555     0.3865               2.1061 1.8707e+00
                        1  0.0872     0.6135               2.1745 2.9694e+00
 15  2.1835    6.5+                          1.1829e+01                       3.6000e-12
                        7  1.2918     1.0000               0.8917 1.1825e+01
 14  2.1490    1.5-                          2.7783e+00
                        6  1.2511     0.3333               0.8979 9.2611e-01
                       10  1.6570     0.3333               0.4920 9.2611e-01
                       11  1.6770     0.3333               0.4720 9.2611e-01
 13  1.8990    2.5-                          6.7401e+00
                        6  1.2511     0.3333               0.6479 2.2467e+00
                       10  1.6570     0.3333               0.2420 2.2467e+00
                       11  1.6770     0.3333               0.2220 2.2467e+00
 12  1.7870    2.5-                          7.4877e+00
                        6  1.2511     0.3333               0.5359 2.4959e+00
                       10  1.6570     0.3333               0.1300 2.4959e+00
                       11  1.6770     0.3333               0.1100 2.4959e+00
 11  1.6770    1.5+                          9.8170e+00
                        0  0.0000     0.1429               1.6770 1.4024e+00
                        1  0.0872     0.1429               1.5898 1.4024e+00
                        2  0.1555     0.1429               1.5214 1.4024e+00
                        3  0.5175     0.1429               1.1595 1.4024e+00
                        4  1.0011     0.1429               0.6759 1.4024e+00
                        5  1.0690     0.1429               0.6080 1.4024e+00
                        8  1.3240     0.1429               0.3530 1.4024e+00
 10  1.6570    1.5+                          9.9196e+00
                        0  0.0000     0.1429               1.6570 1.4171e+00
                        1  0.0872     0.1429               1.5698 1.4171e+00
                        2  0.1555     0.1429               1.5014 1.4171e+00
                        3  0.5175     0.1429               1.1395 1.4171e+00
                        4  1.0011     0.1429               0.6559 1.4171e+00
                        5  1.0690     0.1429               0.5880 1.4171e+00
                        8  1.3240     0.1429               0.3330 1.4171e+00
  9  1.4517    3.5-                          2.5122e+01
                        1  0.0872     1.0000               1.3645 2.5119e+01
  8  1.3240    1.5-                          8.7154e+00
                        2  0.1555     0.5988               1.1685 5.2179e+00
                        1  0.0872     0.1557               1.2369 1.3568e+00
                        0  0.0000     0.2455               1.3240 2.1393e+00
  7  1.2918    4.5+                          4.1131e+01                       3.3300e-09
                        1  0.0872     1.0000               1.2047 4.1119e+01
  6  1.2511    1.5+                          1.2504e+01
                        2  0.1555     0.2958               1.0956 3.6983e+00
                        1  0.0872     0.7042               1.1640 8.8043e+00
  5  1.0690    2.5-                          1.7102e+01
                        2  0.1555     0.1421               0.9134 2.4293e+00
                        1  0.0872     0.5681               0.9818 9.7141e+00
                        0  0.0000     0.2898               1.0690 4.9546e+00
  4  1.0011    0.5-                          5.8293e+00                       2.9000e-13
                        3  0.5175     0.4581               0.4836 2.6665e+00
                        2  0.1555     0.5084               0.8456 2.9625e+00
                        0  0.0000     0.0335               1.0011 1.9552e-01
  3  0.5175    1.5-                          1.5459e+01
                        2  0.1555     0.8743               0.3620 1.3472e+01
                        1  0.0872     0.0210               0.4304 3.2335e-01
                        0  0.0000     0.1047               0.5175 1.6166e+00
  2  0.1555    1.5-                          4.4504e+01
                        0  0.0000     1.0000               0.1555 4.3847e+01
  1  0.0872    2.5-                          1.1673e+02                       1.6700e-06
                        0  0.0000     1.0000               0.0872 5.8425e+01
  0  0.0000    0.5-                          1.7977e+02                       3.1940e+09
#......................................................................../  028-062Ni //  23.500000
#                                                                          SUM SPECTRA FOR COMPOUND
#            027-060Co      gamma    neutron     proton      alpha   deuteron
 SpcSum[mb]            1.3725e+01 5.0540e+01 1.2238e+00 9.8245e-01 2.6630e-02
 Emean[MeV]            1.7242e+00 2.4507e+00 5.2750e+00 9.1780e+00 4.4346e+00
#......................................................................../  028-062Ni //  23.500000
#                                                                   GAMMAS FROM DISCRETE TRANSITION
#           0 0 1 0 0 0             027-060Co
#   Ex[MeV]     Jpi    FinalState  Branching Production    Egamma Production   T(1/2)[s]
 65  2.4887    5.0-                          2.6278e-02
                       17  1.2168     0.2655               1.2719 6.9755e-03
                        5  0.5062     0.3147               1.9825 8.2675e-03
                        2  0.2772     0.0918               2.2115 2.4111e-03
                        0  0.0000     0.3280               2.4887 8.6106e-03
 64  2.4697    3.0+                          2.0159e-02
                        0  0.0000     1.0000               2.4697 2.0147e-02
 63  2.4509    4.0+                          2.2727e-02
                       44  2.0808     1.0000               0.3701 2.2631e-02
 62  2.4310    3.0-                          2.1172e-02
                       47  2.1334     0.6373               0.2975 1.3468e-02
                        0  0.0000     0.3627               2.4310 7.6763e-03
 61  2.4233    4.0-                          2.3747e-02
                       11  1.0039     1.0000               1.4194 2.3744e-02
 60  2.3640    1.0-                          1.5528e-02
                        1  0.0586     0.0833               2.3054 1.2940e-03
                        6  0.5428     0.0833               1.8211 1.2940e-03
                        8  0.7388     0.0833               1.6252 1.2940e-03
                       14  1.1507     0.0833               1.2133 1.2940e-03
                       28  1.6862     0.0833               0.6778 1.2940e-03
                       29  1.7097     0.0833               0.6543 1.2940e-03
                       35  1.8332     0.0833               0.5307 1.2940e-03
                       42  2.0327     0.0833               0.3313 1.2940e-03
                       44  2.0808     0.0833               0.2832 1.2940e-03
                       49  2.1831     0.0833               0.1809 1.2940e-03
                       57  2.3243     0.0833               0.0397 1.2940e-03
                       58  2.3418     0.0833               0.0221 1.2940e-03
 59  2.3519    2.0-                          2.0429e-02
                       17  1.2168     0.2063               1.1350 4.2132e-03
                        6  0.5428     0.7937               1.8091 1.6206e-02
 58  2.3418    2.0+                          2.1733e-02
                        9  0.7857     1.0000               1.5561 2.1729e-02
 57  2.3243    1.0+                          1.7294e-02
                        1  0.0586     1.0000               2.2657 1.7286e-02
 56  2.3184    0.0-                          6.0823e-03
                        8  0.7388     0.3333               1.5796 2.0274e-03
                       28  1.6862     0.3333               0.6322 2.0274e-03
                       29  1.7097     0.3333               0.6087 2.0274e-03
 55  2.3102    3.0-                          2.4317e-02
                        2  0.2772     1.0000               2.0330 2.4300e-02
 54  2.2799    5.0+                          3.2718e-02
                        0  0.0000     1.0000               2.2799 3.2703e-02
 53  2.2747    3.0+                          2.4817e-02
                        3  0.2884     1.0000               1.9863 2.4809e-02
 52  2.2304    3.0-                          2.6668e-02
                        1  0.0586     1.0000               2.1719 2.6647e-02
 51  2.2216    4.0+                          2.8766e-02
                       12  1.0058     0.4736               1.2158 1.3621e-02
                        0  0.0000     0.5264               2.2216 1.5136e-02
 50  2.1999    6.0-                          4.6333e-02
                        0  0.0000     0.1429               2.1999 6.6190e-03
                        4  0.4357     0.1429               1.7642 6.6190e-03
                       15  1.2078     0.1429               0.9921 6.6190e-03
                       16  1.2165     0.1429               0.9834 6.6190e-03
                       19  1.3797     0.1429               0.8202 6.6190e-03
                       23  1.5100     0.1429               0.6899 6.6190e-03
                       31  1.7876     0.1429               0.4123 6.6190e-03
 49  2.1831    2.0+                          2.5807e-02
                       25  1.5659     1.0000               0.6172 2.5800e-02
 48  2.1519    5.0-                          3.8903e-02
                       12  1.0058     1.0000               1.1461 3.8899e-02
 47  2.1334    3.0+                          4.2369e-02
                        3  0.2884     0.4117               1.8450 1.7439e-02
                        1  0.0586     0.5883               2.0748 2.4917e-02
 46  2.1322    7.0-                          9.1221e-02                       4.9000e-13
                       32  1.8002     0.8202               0.3320 7.4529e-02
                       16  1.2165     0.1798               0.9158 1.6400e-02
 45  2.1218    4.0+                          3.1887e-02
                       11  1.0039     0.7874               1.1179 2.5105e-02
                        0  0.0000     0.2126               2.1218 6.7766e-03
 44  2.0808    2.0+                          5.1605e-02
                        1  0.0586     1.0000               2.0222 5.1588e-02
 43  2.0454    4.0-                          3.6632e-02
                       15  1.2078     0.3464               0.8376 1.2688e-02
                        5  0.5062     0.6536               1.5392 2.3935e-02
 42  2.0327    2.0+                          3.0454e-02
                       15  1.2078     1.0000               0.8249 3.0410e-02
 41  1.9835    2.0-                          3.2096e-02
                       33  1.8086     1.0000               0.1749 3.0862e-02
 40  1.9812    4.0-                          3.9500e-02
                        3  0.2884     1.0000               1.6928 3.9482e-02
 39  1.9243    2.0-                          3.4585e-02
                        2  0.2772     1.0000               1.6471 3.4579e-02
 38  1.8889    4.0+                          4.0599e-02
                       12  1.0058     0.1957               0.8831 7.9432e-03
                        7  0.6146     0.5362               1.2744 2.1766e-02
                        0  0.0000     0.2681               1.8889 1.0881e-02
 37  1.8772    2.0-                          3.6717e-02
                        7  0.6146     0.0000               1.2626 0.0000e+00
                        1  0.0586     1.0000               1.8186 3.6697e-02
 36  1.8527    4.0+                          4.2154e-02
                        0  0.0000     1.0000               1.8527 4.2143e-02
 35  1.8332    2.0+                          3.8022e-02
                        1  0.0586     1.0000               1.7746 3.8013e-02
 34  1.8308    4.0+                          4.3124e-02
                        2  0.2772     0.0663               1.5536 2.8582e-03
                        0  0.0000     0.9337               1.8308 4.0255e-02
 33  1.8086    3.0-                          7.6111e-02
                        0  0.0000     1.0000               1.8086 7.6096e-02
 32  1.8002    6.0-                          1.5458e-01                       1.7000e-12
                       19  1.3797     0.0102               0.4205 1.5802e-03
                       16  1.2165     0.0604               0.5838 9.3333e-03
                        0  0.0000     0.9294               1.8002 1.4359e-01
 31  1.7876    5.0+                          6.1290e-02
                       12  1.0058     0.6993               0.7818 4.2845e-02
                        0  0.0000     0.3007               1.7876 1.8425e-02
 30  1.7493    3.0+                          4.3652e-02
                        9  0.7857     0.1921               0.9636 8.3828e-03
                        6  0.5428     0.1205               1.2065 5.2587e-03
                        2  0.2772     0.3331               1.4721 1.4537e-02
                        1  0.0586     0.3544               1.6907 1.5465e-02
 29  1.7097    1.0+                          3.7441e-02
                        1  0.0586     1.0000               1.6511 3.7433e-02
 28  1.6862    1.0+                          3.8432e-02
                        8  0.7388     1.0000               0.9474 3.8423e-02
 27  1.6690    3.0-                          5.2145e-02
                        1  0.0586     0.0625               1.6104 3.2590e-03
                        2  0.2772     0.0625               1.3918 3.2590e-03
                        3  0.2884     0.0625               1.3806 3.2590e-03
                        5  0.5062     0.0625               1.1628 3.2590e-03
                        6  0.5428     0.0625               1.1262 3.2590e-03
                        7  0.6146     0.0625               1.0545 3.2590e-03
                        9  0.7857     0.0625               0.8833 3.2590e-03
                       12  1.0058     0.0625               0.6632 3.2590e-03
                       14  1.1507     0.0625               0.5183 3.2590e-03
                       17  1.2168     0.0625               0.4522 3.2590e-03
                       18  1.3419     0.0625               0.3271 3.2590e-03
                       20  1.3810     0.0625               0.2880 3.2590e-03
                       21  1.4512     0.0625               0.2178 3.2590e-03
                       22  1.5083     0.0625               0.1607 3.2590e-03
                       24  1.5158     0.0625               0.1532 3.2590e-03
                       26  1.6398     0.0625               0.0292 3.2590e-03
 26  1.6398    4.0+                          5.5821e-02
                        9  0.7857     0.6964               0.8541 3.8863e-02
                        2  0.2772     0.3036               1.3626 1.6945e-02
 25  1.5659    2.0-                          8.0625e-02
                       18  1.3419     0.1045               0.2241 8.3894e-03
                        3  0.2884     0.1970               1.2775 1.5880e-02
                        1  0.0586     0.6985               1.5074 5.6299e-02
 24  1.5158    4.0+                          6.2975e-02
                        7  0.6146     0.1325               0.9012 8.3417e-03
                        2  0.2772     0.0929               1.2386 5.8525e-03
                        0  0.0000     0.7746               1.5158 4.8770e-02
 23  1.5100    7.0+                          2.1939e-01
                       16  1.2165     1.0000               0.2935 2.1939e-01
 22  1.5083    3.0+                          5.9629e-02
                        5  0.5062     1.0000               1.0021 5.9617e-02
 21  1.4512    4.0+                          6.7045e-02
                        9  0.7857     0.4153               0.6655 2.7829e-02
                        6  0.5428     0.5847               0.9084 3.9190e-02
 20  1.3810    3.0+                          6.7592e-02
                        2  0.2772     1.0000               1.1038 6.7581e-02
 19  1.3797    6.0+                          1.2679e-01                       7.0000e-13
                       15  1.2078     0.1650               0.1719 2.0116e-02
                        4  0.4357     0.8350               0.9440 1.0585e-01
 18  1.3419    3.0+                          7.8642e-02
                        6  0.5428     0.3361               0.7990 2.6423e-02
                        1  0.0586     0.6222               1.2833 4.8925e-02
                        0  0.0000     0.0417               1.3419 3.2781e-03
 17  1.2168    4.0+                          9.5063e-02
                        5  0.5062     0.8078               0.7107 7.6758e-02
                        3  0.2884     0.1922               0.9284 1.8267e-02
 16  1.2165    6.0+                          3.9612e-01                       2.8000e-13
                        4  0.4357     0.2593               0.7807 1.0268e-01
                        0  0.0000     0.7407               1.2165 2.9337e-01
 15  1.2078    5.0+                          1.6941e-01
                        2  0.2772     0.7143               0.9306 1.2099e-01
                        0  0.0000     0.2857               1.2078 4.8395e-02
 14  1.1507    2.0+                          8.2574e-02
                        3  0.2884     1.0000               0.8623 8.2551e-02
 13  1.1320    2.0-                          9.5322e-02
                        8  0.7388     1.0000               0.3932 9.5240e-02
 12  1.0058    4.0+                          2.0502e-01
                        9  0.7857     0.0187               0.2201 3.7737e-03
                        7  0.6146     0.5153               0.3912 1.0540e-01
                        3  0.2884     0.4027               0.7174 8.2530e-02
                        0  0.0000     0.0633               1.0058 1.2966e-02
 11  1.0039    3.0-                          1.6326e-01
                        6  0.5428     0.2559               0.4611 4.1758e-02
                        3  0.2884     0.0234               0.7155 3.8117e-03
                        2  0.2772     0.2344               0.7267 3.8264e-02
                        1  0.0586     0.4863               0.9453 7.9391e-02
 10  0.9400    4.0-                          1.3165e-01
                        0  0.0000     0.1429               0.9400 1.8807e-02
                        2  0.2772     0.1429               0.6628 1.8807e-02
                        3  0.2884     0.1429               0.6516 1.8807e-02
                        4  0.4357     0.1429               0.5043 1.8807e-02
                        5  0.5062     0.1429               0.4338 1.8807e-02
                        7  0.6146     0.1429               0.3254 1.8807e-02
                        9  0.7857     0.1429               0.1543 1.8807e-02
  9  0.7857    4.0+                          2.4170e-01                       3.2000e-12
                        7  0.6146     0.0126               0.1712 2.9168e-03
                        4  0.4357     0.0228               0.3500 5.4929e-03
                        3  0.2884     0.4397               0.4973 1.0615e-01
                        0  0.0000     0.5249               0.7857 1.2683e-01
  8  0.7388    1.0+                          2.3421e-01
                        6  0.5428     0.4198               0.1960 9.6015e-02
                        1  0.0586     0.5802               0.6802 1.3582e-01
  7  0.6146    3.0+                          2.8837e-01
                        2  0.2772     0.0356               0.3374 1.0227e-02
                        1  0.0586     0.9644               0.5560 2.7787e-01
  6  0.5428    2.0+                          3.6290e-01
                        3  0.2884     0.6213               0.2544 2.2324e-01
                        1  0.0586     0.3787               0.4842 1.3726e-01
  5  0.5062    3.0+                          3.2765e-01
                        3  0.2884     0.0053               0.2178 1.7243e-03
                        1  0.0586     0.9947               0.4476 3.2538e-01
  4  0.4357    5.0+                          4.2509e-01
                        2  0.2772     0.6209               0.1585 2.5137e-01
                        0  0.0000     0.3791               0.4357 1.6088e-01
  3  0.2884    3.0+                          7.9544e-01
                        1  0.0586     1.0000               0.2298 7.8445e-01
  2  0.2772    4.0+                          7.9068e-01
                        0  0.0000     1.0000               0.2772 7.8518e-01
  1  0.0586    2.0+                          2.2799e+00                       6.2800e+02
                        0  0.0000     1.0000               0.0586 4.6528e-02
  0  0.0000    5.0+                          4.4480e+00                       1.6630e+08
#......................................................................../  028-062Ni //  23.500000
#                                                                         ISOMERIC STATE PRODUCTION
#            027-060Co
#   Ex[MeV]     Jpi     T(1/2)[s]  Prod.[mb]
  1  0.0586    2.0+    6.2800e+02 2.2799e+00
#......................................................................../  028-062Ni //  23.500000
#                                                                          SUM SPECTRA FOR COMPOUND
#            028-062Ni      gamma    neutron     proton      alpha   deuteron
 SpcSum[mb]            5.2650e+01 2.7693e+01 3.2241e-01 2.3097e-01 2.0276e-07
 Emean[MeV]            2.1756e+00 1.7470e+00 4.3644e+00 8.3297e+00 2.1934e+00
#......................................................................../  028-062Ni //  23.500000
#                                                                   GAMMAS FROM DISCRETE TRANSITION
#           0 0 0 1 0 0             028-062Ni
#   Ex[MeV]     Jpi    FinalState  Branching Production    Egamma Production   T(1/2)[s]
 46  4.5030    3.0-                          1.1764e-01
                        1  1.1730     0.0400               3.3300 4.7056e-03
                        3  2.3018     0.0400               2.2012 4.7056e-03
                        4  2.3365     0.0400               2.1665 4.7056e-03
                        6  3.0588     0.0400               1.4442 4.7056e-03
                        7  3.1580     0.0400               1.3450 4.7056e-03
                        8  3.1767     0.0400               1.3263 4.7056e-03
                        9  3.2576     0.0400               1.2454 4.7056e-03
                       10  3.2620     0.0400               1.2410 4.7056e-03
                       12  3.2777     0.0400               1.2253 4.7056e-03
                       14  3.3780     0.0400               1.1250 4.7056e-03
                       17  3.5182     0.0400               0.9848 4.7056e-03
                       18  3.5225     0.0400               0.9805 4.7056e-03
                       23  3.9670     0.0400               0.5360 4.7056e-03
                       24  3.9729     0.0400               0.5301 4.7056e-03
                       25  4.0005     0.0400               0.5025 4.7056e-03
                       28  4.0350     0.0400               0.4680 4.7056e-03
                       29  4.0553     0.0400               0.4477 4.7056e-03
                       30  4.0624     0.0400               0.4406 4.7056e-03
                       31  4.1460     0.0400               0.3570 4.7056e-03
                       32  4.1514     0.0400               0.3516 4.7056e-03
                       33  4.1542     0.0400               0.3488 4.7056e-03
                       39  4.3172     0.0400               0.1858 4.7056e-03
                       40  4.3930     0.0400               0.1100 4.7056e-03
                       41  4.4070     0.0400               0.0960 4.7056e-03
                       42  4.4159     0.0400               0.0871 4.7056e-03
 45  4.4550    2.0-                          8.3375e-02
                        1  1.1730     0.0455               3.2820 3.7898e-03
                        3  2.3018     0.0455               2.1532 3.7898e-03
                        6  3.0588     0.0455               1.3962 3.7898e-03
                        7  3.1580     0.0455               1.2970 3.7898e-03
                        9  3.2576     0.0455               1.1974 3.7898e-03
                       10  3.2620     0.0455               1.1930 3.7898e-03
                       11  3.2700     0.0455               1.1850 3.7898e-03
                       13  3.3700     0.0455               1.0850 3.7898e-03
                       14  3.3780     0.0455               1.0770 3.7898e-03
                       15  3.4620     0.0455               0.9930 3.7898e-03
                       17  3.5182     0.0455               0.9368 3.7898e-03
                       18  3.5225     0.0455               0.9325 3.7898e-03
                       21  3.8494     0.0455               0.6056 3.7898e-03
                       22  3.8596     0.0455               0.5954 3.7898e-03
                       23  3.9670     0.0455               0.4880 3.7898e-03
                       24  3.9729     0.0455               0.4821 3.7898e-03
                       28  4.0350     0.0455               0.4200 3.7898e-03
                       30  4.0624     0.0455               0.3926 3.7898e-03
                       32  4.1514     0.0455               0.3036 3.7898e-03
                       39  4.3172     0.0455               0.1378 3.7898e-03
                       41  4.4070     0.0455               0.0480 3.7898e-03
                       42  4.4159     0.0455               0.0391 3.7898e-03
 44  4.4370    3.0-                          1.2705e-01
                        1  1.1730     0.0400               3.2640 5.0819e-03
                        3  2.3018     0.0400               2.1352 5.0819e-03
                        4  2.3365     0.0400               2.1005 5.0819e-03
                        6  3.0588     0.0400               1.3782 5.0819e-03
                        7  3.1580     0.0400               1.2790 5.0819e-03
                        8  3.1767     0.0400               1.2603 5.0819e-03
                        9  3.2576     0.0400               1.1794 5.0819e-03
                       10  3.2620     0.0400               1.1750 5.0819e-03
                       12  3.2777     0.0400               1.1593 5.0819e-03
                       14  3.3780     0.0400               1.0590 5.0819e-03
                       17  3.5182     0.0400               0.9188 5.0819e-03
                       18  3.5225     0.0400               0.9145 5.0819e-03
                       23  3.9670     0.0400               0.4700 5.0819e-03
                       24  3.9729     0.0400               0.4641 5.0819e-03
                       25  4.0005     0.0400               0.4365 5.0819e-03
                       28  4.0350     0.0400               0.4020 5.0819e-03
                       29  4.0553     0.0400               0.3817 5.0819e-03
                       30  4.0624     0.0400               0.3746 5.0819e-03
                       31  4.1460     0.0400               0.2910 5.0819e-03
                       32  4.1514     0.0400               0.2856 5.0819e-03
                       33  4.1542     0.0400               0.2828 5.0819e-03
                       39  4.3172     0.0400               0.1198 5.0819e-03
                       40  4.3930     0.0400               0.0440 5.0819e-03
                       41  4.4070     0.0400               0.0300 5.0819e-03
                       42  4.4159     0.0400               0.0211 5.0819e-03
 43  4.4240    2.0-                          8.6431e-02
                        3  2.3018     1.0000               2.1222 8.6366e-02
 42  4.4159    2.0+                          1.0042e-01
                       13  3.3700     0.5553               1.0459 5.5755e-02
                        0  0.0000     0.4447               4.4159 4.4600e-02
 41  4.4070    2.0+                          1.0128e-01
                       16  3.4860     0.2000               0.9210 2.0256e-02
                       20  3.7565     0.2000               0.6505 2.0256e-02
                       26  4.0110     0.2000               0.3960 2.0256e-02
                       35  4.1790     0.2000               0.2280 2.0256e-02
                       36  4.2010     0.2000               0.2060 2.0256e-02
 40  4.3930    4.0+                          1.7691e-01
                       20  3.7565     0.2500               0.6365 4.4227e-02
                       34  4.1613     0.2500               0.2317 4.4227e-02
                       36  4.2010     0.2500               0.1920 4.4227e-02
                       37  4.2088     0.2500               0.1842 4.4227e-02
 39  4.3172    2.0+                          1.1047e-01
                        0  0.0000     1.0000               4.3172 1.1032e-01
 38  4.2300    0.0+                          2.0215e-02
                       11  3.2700     1.0000               0.9600 2.0215e-02
 37  4.2088    4.0-                          2.5765e-01
                        4  2.3365     0.1000               1.8723 2.5765e-02
                        6  3.0588     0.1000               1.1500 2.5765e-02
                        8  3.1767     0.1000               1.0321 2.5765e-02
                       12  3.2777     0.1000               0.9311 2.5765e-02
                       14  3.3780     0.1000               0.8308 2.5765e-02
                       25  4.0005     0.1000               0.2083 2.5765e-02
                       29  4.0553     0.1000               0.1535 2.5765e-02
                       31  4.1460     0.1000               0.0628 2.5765e-02
                       32  4.1514     0.1000               0.0574 2.5765e-02
                       33  4.1542     0.1000               0.0546 2.5765e-02
 36  4.2010    3.0-                          2.3290e-01
                       18  3.5225     1.0000               0.6785 2.3285e-01
 35  4.1790    2.0-                          1.3559e-01
                        8  3.1767     1.0000               1.0023 1.3552e-01
 34  4.1613    5.0-                          4.7796e-01                       1.4000e-12
                       12  3.2777     0.2659               0.8836 1.2707e-01
                        7  3.1580     0.2021               1.0033 9.6546e-02
                        4  2.3365     0.5320               1.8247 2.5414e-01
 33  4.1542    4.0+                          2.5352e-01
                        4  2.3365     1.0000               1.8177 2.5345e-01
 32  4.1514    3.0+                          2.1485e-01                       3.4000e-14
                        6  3.0588     0.4762               1.0926 1.0229e-01
                        4  2.3365     0.2095               1.8149 4.4998e-02
                        3  2.3018     0.3143               1.8496 6.7507e-02
 31  4.1460    4.0+                          2.5556e-01                       3.4000e-13
                       12  3.2777     0.0000               0.8683 0.0000e+00
                        3  2.3018     1.0000               1.8442 2.5548e-01
 30  4.0624    2.0+                          1.4261e-01
                        3  2.3018     0.5261               1.7606 7.5006e-02
                        0  0.0000     0.4739               4.0624 6.7499e-02
 29  4.0553    4.0+                          2.7964e-01                       4.2000e-14
                       12  3.2777     0.1722               0.7776 4.8135e-02
                        4  2.3365     0.6622               1.7188 1.8513e-01
                        3  2.3018     0.0596               1.7535 1.6662e-02
                        1  1.1730     0.1060               2.8823 2.9620e-02
 28  4.0350    2.0+                          1.4669e-01
                       16  3.4860     0.3333               0.5490 4.8895e-02
                       20  3.7565     0.3333               0.2785 4.8895e-02
                       26  4.0110     0.3333               0.0240 4.8895e-02
 27  4.0189    6.0+                          9.1539e-01                       6.2000e-13
                        4  2.3365     1.0000               1.6824 9.1517e-01
 26  4.0110    2.0-                          2.1023e-01                       9.0000e-13
                        1  1.1730     1.0000               2.8380 2.0999e-01
 25  4.0005    4.0+                          2.9561e-01                       4.2000e-14
                        4  2.3365     1.0000               1.6640 2.9555e-01
 24  3.9729    2.0+                          1.5645e-01                       1.1100e-13
                       18  3.5225     0.0095               0.4504 1.4886e-03
                       11  3.2700     0.0524               0.7029 8.1874e-03
                        1  1.1730     0.4761               2.7999 7.4434e-02
                        0  0.0000     0.4620               3.9729 7.2193e-02
 23  3.9670    2.0+                          1.5741e-01
                        3  2.3018     1.0000               1.6652 1.5738e-01
 22  3.8596    1.0+                          1.1769e-01                       2.7700e-13
                        5  2.8906     0.2480               0.9690 2.9181e-02
                        0  0.0000     0.7520               3.8596 8.8412e-02
 21  3.8494    1.0+                          1.1911e-01
                       11  3.2700     0.5237               0.5794 6.2324e-02
                        3  2.3018     0.4763               1.5476 5.6720e-02
 20  3.7565    3.0-                          4.0754e-01                       1.4900e-13
                        3  2.3018     0.4790               1.4547 1.9516e-01
                        1  1.1730     0.5210               2.5835 2.1211e-01
 19  3.5244    0.0+                          4.3434e-02                       7.0000e-13
                        1  1.1730     1.0000               2.3514 4.3411e-02
 18  3.5225    2.0+                          4.8772e-01                       1.5000e-13
                        9  3.2576     0.0112               0.2649 5.4185e-03
                        6  3.0588     0.1613               0.4638 7.8542e-02
                        4  2.3365     0.2721               1.1860 1.3268e-01
                        3  2.3018     0.5554               1.2207 2.7083e-01
 17  3.5182    2.0+                          2.5451e-01                       2.0100e-13
                        7  3.1580     0.0192               0.3603 4.8699e-03
                        6  3.0588     0.0737               0.4595 1.8729e-02
                        2  2.0487     0.0979               1.4695 2.4911e-02
                        1  1.1730     0.7363               2.3453 1.8730e-01
                        0  0.0000     0.0729               3.5182 1.8542e-02
 16  3.4860    2.0-                          3.3544e-01
                        3  2.3018     1.0000               1.1842 3.3540e-01
 15  3.4620    1.0+                          1.8890e-01
                        1  1.1730     1.0000               2.2890 1.8882e-01
 14  3.3780    3.0+                          4.7621e-01
                        1  1.1730     1.0000               2.2050 4.7601e-01
 13  3.3700    1.0+                          2.6672e-01                       1.9000e-13
                        5  2.8906     0.0212               0.4794 5.6466e-03
                        3  2.3018     0.1255               1.0681 3.3468e-02
                        2  2.0487     0.0968               1.3213 2.5808e-02
                        0  0.0000     0.7565               3.3700 2.0161e-01
 12  3.2777    4.0+                          8.1779e-01                       1.9500e-13
                        1  1.1730     1.0000               2.1047 8.1746e-01
 11  3.2700    1.0+                          3.2850e-01                       1.2500e-13
                        3  2.3018     0.0499               0.9681 1.6379e-02
                        2  2.0487     0.4200               1.2213 1.3795e-01
                        1  1.1730     0.4299               2.0970 1.4117e-01
                        0  0.0000     0.1002               3.2700 3.2890e-02
 10  3.2620    2.0+                          3.3592e-01
                        1  1.1730     1.0000               2.0890 3.3592e-01
  9  3.2576    2.0+                          3.4297e-01                       7.1000e-13
                        3  2.3018     0.0351               0.9558 1.2043e-02
                        1  1.1730     0.9340               2.0846 3.2022e-01
                        0  0.0000     0.0308               3.2576 1.0568e-02
  8  3.1767    4.0+                          8.5162e-01                       7.3000e-13
                        3  2.3018     0.0645               0.8749 5.4942e-02
                        1  1.1730     0.9355               2.0037 7.9636e-01
  7  3.1580    2.0+                          4.7667e-01                       6.2000e-13
                        3  2.3018     0.0722               0.8561 3.4409e-02
                        1  1.1730     0.5871               1.9850 2.7976e-01
                        0  0.0000     0.3407               3.1580 1.6226e-01
  6  3.0588    3.0+                          8.6606e-01                       2.3000e-12
                        4  2.3365     0.1975               0.7222 1.7096e-01
                        3  2.3018     0.4202               0.7569 3.6379e-01
                        1  1.1730     0.3823               1.8858 3.3101e-01
  5  2.8906    0.0+                          1.1765e-01                       3.1000e-12
                        1  1.1730     1.0000               1.7176 1.1762e-01
  4  2.3365    4.0+                          3.7502e+00                       8.6000e-13
                        1  1.1730     1.0000               1.1635 3.7495e+00
  3  2.3018    2.0+                          2.7949e+00                       5.8000e-13
                        1  1.1730     0.4468               1.1289 1.2485e+00
                        0  0.0000     0.5532               2.3018 1.5454e+00
  2  2.0487    0.0+                          3.2992e-01                       7.6000e-13
                        1  1.1730     1.0000               0.8757 3.2981e-01
                        0  0.0000     0.0000               2.0487 0.0000e+00
  1  1.1730    2.0+                          1.1304e+01                       1.4500e-12
                        0  0.0000     1.0000               1.1730 1.1302e+01
  0  0.0000    0.0+                          1.4121e+01
#......................................................................../  028-062Ni //  23.500000
#                                                                          SUM SPECTRA FOR COMPOUND
#            029-062Cu      gamma    neutron     proton      alpha   deuteron
 SpcSum[mb]            1.1331e+03 1.4078e+02 2.0835e+02 1.1199e+01 6.3440e-04
 Emean[MeV]            1.3138e+00 1.2191e+00 3.5044e+00 7.0918e+00 3.1179e+00
#......................................................................../  028-062Ni //  23.500000
#                                                                   GAMMAS FROM DISCRETE TRANSITION
#           2 0 0 0 0 0             029-062Cu
#   Ex[MeV]     Jpi    FinalState  Branching Production    Egamma Production   T(1/2)[s]
 59  1.9960    3.0-                          2.0125e+00
                        1  0.0408     0.0303               1.9552 6.0984e-02
                        2  0.2434     0.0303               1.7526 6.0984e-02
                        3  0.2878     0.0303               1.7082 6.0984e-02
                        4  0.3901     0.0303               1.6059 6.0984e-02
                        5  0.4262     0.0303               1.5698 6.0984e-02
                        8  0.6448     0.0303               1.3512 6.0984e-02
                        9  0.6750     0.0303               1.3210 6.0984e-02
                       10  0.6983     0.0303               1.2977 6.0984e-02
                       11  0.7277     0.0303               1.2683 6.0984e-02
                       12  0.7560     0.0303               1.2401 6.0984e-02
                       13  0.9153     0.0303               1.0807 6.0984e-02
                       14  0.9827     0.0303               1.0133 6.0984e-02
                       15  1.0230     0.0303               0.9730 6.0984e-02
                       17  1.0772     0.0303               0.9188 6.0984e-02
                       18  1.1417     0.0303               0.8543 6.0984e-02
                       19  1.1441     0.0303               0.8519 6.0984e-02
                       20  1.1700     0.0303               0.8260 6.0984e-02
                       21  1.2215     0.0303               0.7745 6.0984e-02
                       22  1.2487     0.0303               0.7473 6.0984e-02
                       23  1.2850     0.0303               0.7110 6.0984e-02
                       24  1.3463     0.0303               0.6497 6.0984e-02
                       26  1.3670     0.0303               0.6290 6.0984e-02
                       30  1.4033     0.0303               0.5927 6.0984e-02
                       33  1.4275     0.0303               0.5685 6.0984e-02
                       35  1.4330     0.0303               0.5630 6.0984e-02
                       36  1.4857     0.0303               0.5103 6.0984e-02
                       39  1.5112     0.0303               0.4848 6.0984e-02
                       45  1.6783     0.0303               0.3177 6.0984e-02
                       46  1.6791     0.0303               0.3169 6.0984e-02
                       48  1.7105     0.0303               0.2855 6.0984e-02
                       50  1.7450     0.0303               0.2510 6.0984e-02
                       52  1.7750     0.0303               0.2210 6.0984e-02
                       58  1.9814     0.0303               0.0146 6.0984e-02
 58  1.9814    3.0+                          2.0031e+00
                        9  0.6750     0.5000               1.3064 1.0016e+00
                        5  0.4262     0.5000               1.5552 1.0016e+00
 57  1.9205    5.0+                          1.0661e+01
                       44  1.6776     0.3273               0.2429 3.4411e+00
                       10  0.6983     0.6727               1.2222 7.1701e+00
 56  1.9167    5.0-                          1.5418e+01
                       27  1.3705     0.3333               0.5462 5.1392e+00
                        5  0.4262     0.3333               1.4905 5.1392e+00
                        1  0.0408     0.3333               1.8759 5.1392e+00
 55  1.8430    1.0-                          6.3212e-01
                       14  0.9827     1.0000               0.8603 6.3162e-01
 54  1.8276    3.0-                          2.4907e+00
                        5  0.4262     1.0000               1.4014 2.4901e+00
 53  1.8203    2.0-                          1.2546e+00
                        4  0.3901     1.0000               1.4302 1.2543e+00
 52  1.7750    2.0+                          1.3035e+00
                       16  1.0516     0.1111               0.7234 1.4484e-01
                       29  1.3950     0.1111               0.3800 1.4484e-01
                       31  1.4102     0.1111               0.3648 1.4484e-01
                       32  1.4161     0.1111               0.3589 1.4484e-01
                       38  1.5073     0.1111               0.2677 1.4484e-01
                       41  1.5681     0.1111               0.2069 1.4484e-01
                       42  1.5816     0.1111               0.1934 1.4484e-01
                       47  1.6821     0.1111               0.0929 1.4484e-01
                       49  1.7363     0.1111               0.0387 1.4484e-01
 51  1.7595    1.0+                          6.5997e-01
                       10  0.6983     0.5000               1.0612 3.2998e-01
                        8  0.6448     0.5000               1.1147 3.2998e-01
 50  1.7450    4.0+                          5.6759e+00
                       10  0.6983     1.0000               1.0467 5.6747e+00
 49  1.7363    3.0-                          2.9618e+00
                        9  0.6750     1.0000               1.0613 2.9615e+00
 48  1.7105    2.0+                          1.3962e+00
                        9  0.6750     0.0887               1.0355 1.2378e-01
                        5  0.4262     0.4187               1.2843 5.8452e-01
                        0  0.0000     0.4926               1.7105 6.8764e-01
 47  1.6821    2.0-                          1.6364e+00
                       10  0.6983     0.5000               0.9838 8.1820e-01
                        3  0.2878     0.5000               1.3943 8.1820e-01
 46  1.6791    3.0+                          2.8154e+00
                       11  0.7277     0.5000               0.9514 1.4077e+00
                       10  0.6983     0.5000               0.9808 1.4077e+00
 45  1.6783    3.0+                          2.8180e+00
                       12  0.7560     0.2875               0.9223 8.0994e-01
                        7  0.6375     0.6250               1.0408 1.7608e+00
                        2  0.2434     0.0875               1.4349 2.4651e-01
 44  1.6776    5.0+                          2.1142e+01
                       36  1.4857     0.0723               0.1919 1.4467e+00
                       22  1.2487     0.2993               0.4290 6.3137e+00
                        9  0.6750     0.1369               1.0027 2.8934e+00
                        5  0.4262     0.3111               1.2514 6.5758e+00
                        4  0.3901     0.1804               1.2875 3.8133e+00
 43  1.5870    1.0+                          8.0246e-01
                       16  1.0516     0.1429               0.5354 1.1464e-01
                       29  1.3950     0.1429               0.1920 1.1464e-01
                       31  1.4102     0.1429               0.1768 1.1464e-01
                       32  1.4161     0.1429               0.1709 1.1464e-01
                       38  1.5073     0.1429               0.0797 1.1464e-01
                       41  1.5681     0.1429               0.0189 1.1464e-01
                       42  1.5816     0.1429               0.0054 1.1464e-01
 42  1.5816    1.0-                          1.1356e+00
                       10  0.6983     0.2500               0.8833 2.8390e-01
                        5  0.4262     0.2500               1.1554 2.8390e-01
                        3  0.2878     0.2500               1.2938 2.8390e-01
                        2  0.2434     0.2500               1.3382 2.8390e-01
 41  1.5681    2.0-                          1.9874e+00
                        9  0.6750     0.2500               0.8931 4.9684e-01
                        5  0.4262     0.2500               1.1419 4.9684e-01
                        2  0.2434     0.2500               1.3246 4.9684e-01
                        1  0.0408     0.2500               1.5272 4.9684e-01
 40  1.5259    1.0+                          8.6270e-01
                       10  0.6983     0.3230               0.8276 2.7853e-01
                        1  0.0408     0.0559               1.4851 4.8216e-02
                        0  0.0000     0.6211               1.5259 5.3572e-01
 39  1.5112    2.0+                          1.7363e+00
                        5  0.4262     0.3333               1.0850 5.7875e-01
                        4  0.3901     0.3333               1.1211 5.7875e-01
                        1  0.0408     0.3333               1.4704 5.7875e-01
 38  1.5073    2.0-                          2.1305e+00
                        9  0.6750     1.0000               0.8323 2.1301e+00
 37  1.5049    1.0+                          8.8409e-01
                       11  0.7277     1.0000               0.7772 8.8370e-01
 36  1.4857    3.0+                          5.0769e+00
                        9  0.6750     0.2028               0.8108 1.0292e+00
                        5  0.4262     0.6993               1.0595 3.5495e+00
                        4  0.3901     0.0979               1.0956 4.9693e-01
 35  1.4330    2.0+                          1.8932e+00
                       10  0.6983     0.2500               0.7347 4.7329e-01
                        9  0.6750     0.2500               0.7580 4.7329e-01
                        6  0.5483     0.2500               0.8847 4.7329e-01
                        5  0.4262     0.2500               1.0068 4.7329e-01
 34  1.4296    1.0+                          9.6497e-01
                       10  0.6983     0.0242               0.7313 2.3292e-02
                        7  0.6375     0.0897               0.7921 8.6501e-02
                        6  0.5483     0.1448               0.8813 1.3970e-01
                        3  0.2878     0.3448               1.1418 3.3269e-01
                        2  0.2434     0.0379               1.1862 3.6599e-02
                        1  0.0408     0.0828               1.3887 7.9846e-02
                        0  0.0000     0.2758               1.4296 2.6612e-01
 33  1.4275    3.0+                          3.8046e+00
                        9  0.6750     0.5000               0.7525 1.9023e+00
                        1  0.0408     0.5000               1.3867 1.9023e+00
 32  1.4161    2.0-                          2.3640e+00
                       11  0.7277     0.2000               0.6884 4.7279e-01
                       10  0.6983     0.2000               0.7178 4.7279e-01
                        9  0.6750     0.2000               0.7411 4.7279e-01
                        2  0.2434     0.2000               1.1727 4.7279e-01
                        1  0.0408     0.2000               1.3753 4.7279e-01
 31  1.4102    1.0-                          1.3550e+00
                       14  0.9827     1.0000               0.4275 1.3456e+00
 30  1.4033    2.0+                          1.9563e+00
                        9  0.6750     0.3333               0.7283 6.5211e-01
                        4  0.3901     0.3333               1.0132 6.5211e-01
                        1  0.0408     0.3333               1.3625 6.5211e-01
 29  1.3950    2.0-                          2.4221e+00
                        0  0.0000     0.0400               1.3950 9.6884e-02
                        1  0.0408     0.0400               1.3542 9.6884e-02
                        2  0.2434     0.0400               1.1516 9.6884e-02
                        3  0.2878     0.0400               1.1072 9.6884e-02
                        5  0.4262     0.0400               0.9688 9.6884e-02
                        6  0.5483     0.0400               0.8467 9.6884e-02
                        7  0.6375     0.0400               0.7575 9.6884e-02
                        8  0.6448     0.0400               0.7502 9.6884e-02
                        9  0.6750     0.0400               0.7200 9.6884e-02
                       10  0.6983     0.0400               0.6967 9.6884e-02
                       11  0.7277     0.0400               0.6673 9.6884e-02
                       12  0.7560     0.0400               0.6391 9.6884e-02
                       13  0.9153     0.0400               0.4797 9.6884e-02
                       14  0.9827     0.0400               0.4123 9.6884e-02
                       15  1.0230     0.0400               0.3720 9.6884e-02
                       17  1.0772     0.0400               0.3178 9.6884e-02
                       18  1.1417     0.0400               0.2533 9.6884e-02
                       19  1.1441     0.0400               0.2509 9.6884e-02
                       20  1.1700     0.0400               0.2250 9.6884e-02
                       21  1.2215     0.0400               0.1735 9.6884e-02
                       23  1.2850     0.0400               0.1100 9.6884e-02
                       24  1.3463     0.0400               0.0487 9.6884e-02
                       25  1.3543     0.0400               0.0407 9.6884e-02
                       26  1.3670     0.0400               0.0280 9.6884e-02
                       28  1.3739     0.0400               0.0211 9.6884e-02
 28  1.3739    1.0+                          1.1298e+00
                        3  0.2878     0.5000               1.0861 5.6492e-01
                        2  0.2434     0.5000               1.1305 5.6492e-01
 27  1.3705    5.0+                          4.4136e+01                       2.0000e-12
                        5  0.4262     0.1708               0.9443 7.5361e+00
                        4  0.3901     0.8292               0.9804 3.6589e+01
 26  1.3670    2.0+                          2.1416e+00
                        1  0.0408     1.0000               1.3262 2.1412e+00
 25  1.3543    1.0+                          1.1550e+00
                       13  0.9153     0.2011               0.4390 2.3183e-01
                        8  0.6448     0.2175               0.7095 2.5110e-01
                        5  0.4262     0.1631               0.9281 1.8834e-01
                        3  0.2878     0.4182               1.0665 4.8297e-01
 24  1.3463    2.0+                          2.1917e+00
                       11  0.7277     0.2500               0.6186 5.4792e-01
                        9  0.6750     0.2500               0.6713 5.4792e-01
                        2  0.2434     0.2500               1.1029 5.4792e-01
                        1  0.0408     0.2500               1.3055 5.4792e-01
 23  1.2850    3.0+                          4.6488e+00
                       10  0.6983     0.3333               0.5867 1.5496e+00
                        5  0.4262     0.3333               0.8588 1.5496e+00
                        3  0.2878     0.3333               0.9972 1.5496e+00
 22  1.2487    4.0+                          1.7487e+01
                        9  0.6750     0.1492               0.5737 2.6063e+00
                        5  0.4262     0.3106               0.8225 5.4289e+00
                        4  0.3901     0.0404               0.8585 7.0564e-01
                        2  0.2434     0.1025               1.0052 1.7918e+00
                        1  0.0408     0.3974               1.2078 6.9474e+00
 21  1.2215    3.0+                          5.0216e+00
                        0  0.0000     1.0000               1.2215 5.0206e+00
 20  1.1700    2.0+                          2.6720e+00
                       16  1.0516     1.0000               0.1184 2.6720e+00
 19  1.1441    2.0+                          2.7539e+00
                        9  0.6750     0.5000               0.4691 1.3770e+00
                        4  0.3901     0.5000               0.7540 1.3770e+00
 18  1.1417    2.0+                          2.7617e+00
                        6  0.5483     0.0000               0.5933 0.0000e+00
                        5  0.4262     0.3000               0.7155 8.2807e-01
                        4  0.3901     0.5000               0.7515 1.3801e+00
                        2  0.2434     0.2000               0.8982 5.5217e-01
                        1  0.0408     0.0000               1.1008 0.0000e+00
 17  1.0772    2.0+                          2.9735e+00
                        4  0.3901     0.5954               0.6871 1.7691e+00
                        2  0.2434     0.0000               0.8338 0.0000e+00
                        1  0.0408     0.4046               1.0364 1.2028e+00
 16  1.0516    1.0-                          4.7480e+00
                        9  0.6750     1.0000               0.3766 4.6917e+00
 15  1.0230    2.0+                          3.1620e+00
                        2  0.2434     0.4000               0.7796 1.2643e+00
                        1  0.0408     0.1000               0.9822 3.1609e-01
                        0  0.0000     0.5000               1.0230 1.5807e+00
 14  0.9827    3.0+                          8.7980e+00
                        5  0.4262     0.1983               0.5565 1.7429e+00
                        4  0.3901     0.3514               0.5926 3.0889e+00
                        1  0.0408     0.4503               0.9419 3.9606e+00
 13  0.9153    2.0+                          3.8322e+00
                       12  0.7560     0.0000               0.1594 0.0000e+00
                        5  0.4262     0.4352               0.4891 1.6653e+00
                        3  0.2878     0.0213               0.6275 8.1602e-02
                        2  0.2434     0.1218               0.6719 4.6646e-01
                        0  0.0000     0.4217               0.9153 1.6155e+00
 12  0.7560    2.0+                          5.1638e+00
                        0  0.0000     1.0000               0.7560 5.1617e+00
 11  0.7277    2.0+                          7.8171e+00
                        3  0.2878     0.1023               0.4399 7.9801e-01
                        2  0.2434     0.5376               0.4843 4.1984e+00
                        1  0.0408     0.3601               0.6869 2.8130e+00
                        0  0.0000     0.0000               0.7277 0.0000e+00
 10  0.6983    3.0+                          2.8365e+01
                        5  0.4262     0.2550               0.2721 7.1842e+00
                        2  0.2434     0.3551               0.4549 1.0059e+01
                        1  0.0408     0.3899               0.6575 1.1054e+01
                        0  0.0000     0.0000               0.6983 0.0000e+00
  9  0.6750    3.0+                          3.3603e+01
                        4  0.3901     0.1595               0.2848 5.3398e+00
                        2  0.2434     0.4545               0.4315 1.5252e+01
                        1  0.0408     0.3860               0.6341 1.2963e+01
                        0  0.0000     0.0000               0.6750 0.0000e+00
  8  0.6448    2.0+                          5.5455e+00
                        0  0.0000     1.0000               0.6448 5.5424e+00
  7  0.6375    1.0+                          4.4946e+00                       1.5000e-13
                        3  0.2878     0.0156               0.3497 6.9782e-02
                        2  0.2434     0.0774               0.3940 3.4693e-01
                        1  0.0408     0.8982               0.5966 4.0338e+00
                        0  0.0000     0.0088               0.6375 3.9535e-02
  6  0.5483    1.0+                          3.5592e+00                       1.7000e-13
                        3  0.2878     0.0425               0.2605 1.5059e-01
                        2  0.2434     0.0092               0.3049 3.2517e-02
                        1  0.0408     0.4670               0.5075 1.6601e+00
                        0  0.0000     0.4813               0.5483 1.7112e+00
  5  0.4262    3.0+                          6.1586e+01                       1.6000e-13
                        1  0.0408     1.0000               0.3854 6.1475e+01
  4  0.3901    4.0+                          9.6166e+01                       1.1000e-08
                        2  0.2434     0.0372               0.1467 3.1293e+00
                        1  0.0408     0.9628               0.3493 9.2042e+01
  3  0.2878    2.0+                          1.2828e+01
                        1  0.0408     1.0000               0.2470 1.2663e+01
  2  0.2434    2.0+                          4.8344e+01
                        1  0.0408     0.0043               0.2026 2.0431e-01
                        0  0.0000     0.9957               0.2434 4.7517e+01
  1  0.0408    2.0+                          2.3508e+02                       4.5700e-09
                        0  0.0000     1.0000               0.0408 1.4273e+02
  0  0.0000    1.0+                          3.1100e+02                       5.8020e+02
#......................................................................../  028-062Ni //  23.500000
#                                                                          SUM SPECTRA FOR COMPOUND
#            028-062Ni      gamma    neutron     proton      alpha   deuteron
 SpcSum[mb]            1.1972e+03 1.3971e+02 1.9307e-01 1.3751e-01 4.1943e-15
 Emean[MeV]            1.8435e+00 1.1726e+00 3.6075e+00 7.2714e+00 1.2760e+00
#......................................................................../  028-062Ni //  23.500000
#                                                                   GAMMAS FROM DISCRETE TRANSITION
#           1 1 0 0 0 0             028-062Ni
#   Ex[MeV]     Jpi    FinalState  Branching Production    Egamma Production   T(1/2)[s]
 46  4.5030    3.0-                          2.6268e+00
                        1  1.1730     0.0400               3.3300 1.0507e-01
                        3  2.3018     0.0400               2.2012 1.0507e-01
                        4  2.3365     0.0400               2.1665 1.0507e-01
                        6  3.0588     0.0400               1.4442 1.0507e-01
                        7  3.1580     0.0400               1.3450 1.0507e-01
                        8  3.1767     0.0400               1.3263 1.0507e-01
                        9  3.2576     0.0400               1.2454 1.0507e-01
                       10  3.2620     0.0400               1.2410 1.0507e-01
                       12  3.2777     0.0400               1.2253 1.0507e-01
                       14  3.3780     0.0400               1.1250 1.0507e-01
                       17  3.5182     0.0400               0.9848 1.0507e-01
                       18  3.5225     0.0400               0.9805 1.0507e-01
                       23  3.9670     0.0400               0.5360 1.0507e-01
                       24  3.9729     0.0400               0.5301 1.0507e-01
                       25  4.0005     0.0400               0.5025 1.0507e-01
                       28  4.0350     0.0400               0.4680 1.0507e-01
                       29  4.0553     0.0400               0.4477 1.0507e-01
                       30  4.0624     0.0400               0.4406 1.0507e-01
                       31  4.1460     0.0400               0.3570 1.0507e-01
                       32  4.1514     0.0400               0.3516 1.0507e-01
                       33  4.1542     0.0400               0.3488 1.0507e-01
                       39  4.3172     0.0400               0.1858 1.0507e-01
                       40  4.3930     0.0400               0.1100 1.0507e-01
                       41  4.4070     0.0400               0.0960 1.0507e-01
                       42  4.4159     0.0400               0.0871 1.0507e-01
 45  4.4550    2.0-                          1.6231e+00
                        1  1.1730     0.0455               3.2820 7.3777e-02
                        3  2.3018     0.0455               2.1532 7.3777e-02
                        6  3.0588     0.0455               1.3962 7.3777e-02
                        7  3.1580     0.0455               1.2970 7.3777e-02
                        9  3.2576     0.0455               1.1974 7.3777e-02
                       10  3.2620     0.0455               1.1930 7.3777e-02
                       11  3.2700     0.0455               1.1850 7.3777e-02
                       13  3.3700     0.0455               1.0850 7.3777e-02
                       14  3.3780     0.0455               1.0770 7.3777e-02
                       15  3.4620     0.0455               0.9930 7.3777e-02
                       17  3.5182     0.0455               0.9368 7.3777e-02
                       18  3.5225     0.0455               0.9325 7.3777e-02
                       21  3.8494     0.0455               0.6056 7.3777e-02
                       22  3.8596     0.0455               0.5954 7.3777e-02
                       23  3.9670     0.0455               0.4880 7.3777e-02
                       24  3.9729     0.0455               0.4821 7.3777e-02
                       28  4.0350     0.0455               0.4200 7.3777e-02
                       30  4.0624     0.0455               0.3926 7.3777e-02
                       32  4.1514     0.0455               0.3036 7.3777e-02
                       39  4.3172     0.0455               0.1378 7.3777e-02
                       41  4.4070     0.0455               0.0480 7.3777e-02
                       42  4.4159     0.0455               0.0391 7.3777e-02
 44  4.4370    3.0-                          2.8251e+00
                        1  1.1730     0.0400               3.2640 1.1300e-01
                        3  2.3018     0.0400               2.1352 1.1300e-01
                        4  2.3365     0.0400               2.1005 1.1300e-01
                        6  3.0588     0.0400               1.3782 1.1300e-01
                        7  3.1580     0.0400               1.2790 1.1300e-01
                        8  3.1767     0.0400               1.2603 1.1300e-01
                        9  3.2576     0.0400               1.1794 1.1300e-01
                       10  3.2620     0.0400               1.1750 1.1300e-01
                       12  3.2777     0.0400               1.1593 1.1300e-01
                       14  3.3780     0.0400               1.0590 1.1300e-01
                       17  3.5182     0.0400               0.9188 1.1300e-01
                       18  3.5225     0.0400               0.9145 1.1300e-01
                       23  3.9670     0.0400               0.4700 1.1300e-01
                       24  3.9729     0.0400               0.4641 1.1300e-01
                       25  4.0005     0.0400               0.4365 1.1300e-01
                       28  4.0350     0.0400               0.4020 1.1300e-01
                       29  4.0553     0.0400               0.3817 1.1300e-01
                       30  4.0624     0.0400               0.3746 1.1300e-01
                       31  4.1460     0.0400               0.2910 1.1300e-01
                       32  4.1514     0.0400               0.2856 1.1300e-01
                       33  4.1542     0.0400               0.2828 1.1300e-01
                       39  4.3172     0.0400               0.1198 1.1300e-01
                       40  4.3930     0.0400               0.0440 1.1300e-01
                       41  4.4070     0.0400               0.0300 1.1300e-01
                       42  4.4159     0.0400               0.0211 1.1300e-01
 43  4.4240    2.0-                          1.6773e+00
                        3  2.3018     1.0000               2.1222 1.6761e+00
 42  4.4159    2.0+                          1.9294e+00
                       13  3.3700     0.5553               1.0459 1.0712e+00
                        0  0.0000     0.4447               4.4159 8.5685e-01
 41  4.4070    2.0+                          1.9441e+00
                       16  3.4860     0.2000               0.9210 3.8883e-01
                       20  3.7565     0.2000               0.6505 3.8883e-01
                       26  4.0110     0.2000               0.3960 3.8883e-01
                       35  4.1790     0.2000               0.2280 3.8883e-01
                       36  4.2010     0.2000               0.2060 3.8883e-01
 40  4.3930    4.0+                          4.6763e+00
                       20  3.7565     0.2500               0.6365 1.1691e+00
                       34  4.1613     0.2500               0.2317 1.1691e+00
                       36  4.2010     0.2500               0.1920 1.1691e+00
                       37  4.2088     0.2500               0.1842 1.1691e+00
 39  4.3172    2.0+                          2.1086e+00
                        0  0.0000     1.0000               4.3172 2.1059e+00
 38  4.2300    0.0+                          3.2522e-01
                       11  3.2700     1.0000               0.9600 3.2522e-01
 37  4.2088    4.0-                          7.0059e+00
                        4  2.3365     0.1000               1.8723 7.0059e-01
                        6  3.0588     0.1000               1.1500 7.0059e-01
                        8  3.1767     0.1000               1.0321 7.0059e-01
                       12  3.2777     0.1000               0.9311 7.0059e-01
                       14  3.3780     0.1000               0.8308 7.0059e-01
                       25  4.0005     0.1000               0.2083 7.0059e-01
                       29  4.0553     0.1000               0.1535 7.0059e-01
                       31  4.1460     0.1000               0.0628 7.0059e-01
                       32  4.1514     0.1000               0.0574 7.0059e-01
                       33  4.1542     0.1000               0.0546 7.0059e-01
 36  4.2010    3.0-                          5.2640e+00
                       18  3.5225     1.0000               0.6785 5.2627e+00
 35  4.1790    2.0-                          2.5957e+00
                        8  3.1767     1.0000               1.0023 2.5945e+00
 34  4.1613    5.0-                          1.5212e+01                       1.4000e-12
                       12  3.2777     0.2659               0.8836 4.0442e+00
                        7  3.1580     0.2021               1.0033 3.0727e+00
                        4  2.3365     0.5320               1.8247 8.0882e+00
 33  4.1542    4.0+                          6.6946e+00
                        4  2.3365     1.0000               1.8177 6.6928e+00
 32  4.1514    3.0+                          4.7485e+00                       3.4000e-14
                        6  3.0588     0.4762               1.0926 2.2608e+00
                        4  2.3365     0.2095               1.8149 9.9454e-01
                        3  2.3018     0.3143               1.8496 1.4920e+00
 31  4.1460    4.0+                          6.7459e+00                       3.4000e-13
                       12  3.2777     0.0000               0.8683 0.0000e+00
                        3  2.3018     1.0000               1.8442 6.7438e+00
 30  4.0624    2.0+                          2.6848e+00
                        3  2.3018     0.5261               1.7606 1.4121e+00
                        0  0.0000     0.4739               4.0624 1.2708e+00
 29  4.0553    4.0+                          7.4066e+00                       4.2000e-14
                       12  3.2777     0.1722               0.7776 1.2749e+00
                        4  2.3365     0.6622               1.7188 4.9035e+00
                        3  2.3018     0.0596               1.7535 4.4132e-01
                        1  1.1730     0.1060               2.8823 7.8451e-01
 28  4.0350    2.0+                          2.7570e+00
                       16  3.4860     0.3333               0.5490 9.1898e-01
                       20  3.7565     0.3333               0.2785 9.1898e-01
                       26  4.0110     0.3333               0.0240 9.1898e-01
 27  4.0189    6.0+                          3.9827e+01                       6.2000e-13
                        4  2.3365     1.0000               1.6824 3.9817e+01
 26  4.0110    2.0-                          4.0032e+00                       9.0000e-13
                        1  1.1730     1.0000               2.8380 3.9985e+00
 25  4.0005    4.0+                          7.8231e+00                       4.2000e-14
                        4  2.3365     1.0000               1.6640 7.8214e+00
 24  3.9729    2.0+                          2.9273e+00                       1.1100e-13
                       18  3.5225     0.0095               0.4504 2.7853e-02
                       11  3.2700     0.0524               0.7029 1.5320e-01
                        1  1.1730     0.4761               2.7999 1.3928e+00
                        0  0.0000     0.4620               3.9729 1.3508e+00
 23  3.9670    2.0+                          2.9440e+00
                        3  2.3018     1.0000               1.6652 2.9434e+00
 22  3.8596    1.0+                          1.8271e+00                       2.7700e-13
                        5  2.8906     0.2480               0.9690 4.5301e-01
                        0  0.0000     0.7520               3.8596 1.3725e+00
 21  3.8494    1.0+                          1.8480e+00
                       11  3.2700     0.5237               0.5794 9.6700e-01
                        3  2.3018     0.4763               1.5476 8.8006e-01
 20  3.7565    3.0-                          8.9349e+00                       1.4900e-13
                        3  2.3018     0.4790               1.4547 4.2787e+00
                        1  1.1730     0.5210               2.5835 4.6503e+00
 19  3.5244    0.0+                          6.8319e-01                       7.0000e-13
                        1  1.1730     1.0000               2.3514 6.8283e-01
 18  3.5225    2.0+                          1.0013e+01                       1.5000e-13
                        9  3.2576     0.0112               0.2649 1.1124e-01
                        6  3.0588     0.1613               0.4638 1.6125e+00
                        4  2.3365     0.2721               1.1860 2.7241e+00
                        3  2.3018     0.5554               1.2207 5.5603e+00
 17  3.5182    2.0+                          4.7453e+00                       2.0100e-13
                        7  3.1580     0.0192               0.3603 9.0798e-02
                        6  3.0588     0.0737               0.4595 3.4921e-01
                        2  2.0487     0.0979               1.4695 4.6447e-01
                        1  1.1730     0.7363               2.3453 3.4923e+00
                        0  0.0000     0.0729               3.5182 3.4571e-01
 16  3.4860    2.0-                          6.5038e+00
                        3  2.3018     1.0000               1.1842 6.5030e+00
 15  3.4620    1.0+                          2.9085e+00
                        1  1.1730     1.0000               2.2890 2.9071e+00
 14  3.3780    3.0+                          1.0480e+01
                        1  1.1730     1.0000               2.2050 1.0476e+01
 13  3.3700    1.0+                          4.3136e+00                       1.9000e-13
                        5  2.8906     0.0212               0.4794 9.1321e-02
                        3  2.3018     0.1255               1.0681 5.4127e-01
                        2  2.0487     0.0968               1.3213 4.1738e-01
                        0  0.0000     0.7565               3.3700 3.2606e+00
 12  3.2777    4.0+                          2.3149e+01                       1.9500e-13
                        1  1.1730     1.0000               2.1047 2.3140e+01
 11  3.2700    1.0+                          5.1188e+00                       1.2500e-13
                        3  2.3018     0.0499               0.9681 2.5522e-01
                        2  2.0487     0.4200               1.2213 2.1496e+00
                        1  1.1730     0.4299               2.0970 2.1998e+00
                        0  0.0000     0.1002               3.2700 5.1250e-01
 10  3.2620    2.0+                          6.3321e+00
                        1  1.1730     1.0000               2.0890 6.3321e+00
  9  3.2576    2.0+                          6.4755e+00                       7.1000e-13
                        3  2.3018     0.0351               0.9558 2.2737e-01
                        1  1.1730     0.9340               2.0846 6.0461e+00
                        0  0.0000     0.0308               3.2576 1.9953e-01
  8  3.1767    4.0+                          2.2718e+01                       7.3000e-13
                        3  2.3018     0.0645               0.8749 1.4656e+00
                        1  1.1730     0.9355               2.0037 2.1244e+01
  7  3.1580    2.0+                          1.0265e+01                       6.2000e-13
                        3  2.3018     0.0722               0.8561 7.4097e-01
                        1  1.1730     0.5871               1.9850 6.0244e+00
                        0  0.0000     0.3407               3.1580 3.4941e+00
  6  3.0588    3.0+                          1.9406e+01                       2.3000e-12
                        4  2.3365     0.1975               0.7222 3.8307e+00
                        3  2.3018     0.4202               0.7569 8.1516e+00
                        1  1.1730     0.3823               1.8858 7.4170e+00
  5  2.8906    0.0+                          1.9125e+00                       3.1000e-12
                        1  1.1730     1.0000               1.7176 1.9120e+00
  4  2.3365    4.0+                          1.3586e+02                       8.6000e-13
                        1  1.1730     1.0000               1.1635 1.3584e+02
  3  2.3018    2.0+                          6.1005e+01                       5.8000e-13
                        1  1.1730     0.4468               1.1289 2.7252e+01
                        0  0.0000     0.5532               2.3018 3.3731e+01
  2  2.0487    0.0+                          6.0130e+00                       7.6000e-13
                        1  1.1730     1.0000               0.8757 6.0110e+00
                        0  0.0000     0.0000               2.0487 0.0000e+00
  1  1.1730    2.0+                          3.5263e+02                       1.4500e-12
                        0  0.0000     1.0000               1.1730 3.5257e+02
  0  0.0000    0.0+                          4.5390e+02
#......................................................................../  028-062Ni //  23.500000
#                                                                          SUM SPECTRA FOR COMPOUND
#            027-059Co      gamma    neutron     proton      alpha   deuteron
 SpcSum[mb]            2.6303e+02 6.8439e+00 1.9409e+00 1.4583e-03 5.3585e-13
 Emean[MeV]            2.0350e+00 6.7678e-01 2.4088e+00 5.4937e+00 1.7399e+00
#......................................................................../  028-062Ni //  23.500000
#                                                                   GAMMAS FROM DISCRETE TRANSITION
#           1 0 1 0 0 0             027-059Co
#   Ex[MeV]     Jpi    FinalState  Branching Production    Egamma Production   T(1/2)[s]
 82  3.9501    3.5-                          3.8412e-01
                        0  0.0000     1.0000               3.9501 3.8369e-01
 81  3.9442    3.5+                          3.8367e-01                       6.0000e-13
                        3  1.2916     1.0000               2.6526 3.8350e-01
 80  3.9263    4.5+                          5.8740e-01
                        0  0.0000     0.0435               3.9263 2.5539e-02
                        2  1.1905     0.0435               2.7359 2.5539e-02
                        5  1.4595     0.0435               2.4668 2.5539e-02
                        7  1.7447     0.0435               2.1816 2.5539e-02
                        8  2.0618     0.0435               1.8645 2.5539e-02
                       15  2.5404     0.0435               1.3859 2.5539e-02
                       17  2.5858     0.0435               1.3405 2.5539e-02
                       24  2.8262     0.0435               1.1001 2.5539e-02
                       25  2.8291     0.0435               1.0972 2.5539e-02
                       31  2.9730     0.0435               0.9533 2.5539e-02
                       33  3.0149     0.0435               0.9114 2.5539e-02
                       34  3.0168     0.0435               0.9095 2.5539e-02
                       36  3.0816     0.0435               0.8447 2.5539e-02
                       37  3.0904     0.0435               0.8359 2.5539e-02
                       38  3.1209     0.0435               0.8054 2.5539e-02
                       40  3.1405     0.0435               0.7858 2.5539e-02
                       41  3.1410     0.0435               0.7853 2.5539e-02
                       51  3.3234     0.0435               0.6029 2.5539e-02
                       56  3.3820     0.0435               0.5443 2.5539e-02
                       57  3.4145     0.0435               0.5118 2.5539e-02
                       58  3.4261     0.0435               0.5002 2.5539e-02
                       60  3.4974     0.0435               0.4289 2.5539e-02
                       65  3.6228     0.0435               0.3035 2.5539e-02
 79  3.9152    2.5+                          2.6726e-01
                        0  0.0000     0.0312               3.9152 8.3520e-03
                        1  1.0993     0.0312               2.8159 8.3520e-03
                        3  1.2916     0.0312               2.6236 8.3520e-03
                        6  1.4817     0.0312               2.4335 8.3520e-03
                        7  1.7447     0.0312               2.1705 8.3520e-03
                        8  2.0618     0.0312               1.8534 8.3520e-03
                        9  2.0872     0.0312               1.8280 8.3520e-03
                       12  2.2048     0.0312               1.7104 8.3520e-03
                       14  2.4787     0.0312               1.4365 8.3520e-03
                       15  2.5404     0.0312               1.3748 8.3520e-03
                       16  2.5817     0.0312               1.3335 8.3520e-03
                       17  2.5858     0.0312               1.3294 8.3520e-03
                       20  2.7702     0.0312               1.1450 8.3520e-03
                       21  2.7817     0.0312               1.1335 8.3520e-03
                       24  2.8262     0.0312               1.0890 8.3520e-03
                       25  2.8291     0.0312               1.0861 8.3520e-03
                       26  2.9120     0.0312               1.0032 8.3520e-03
                       28  2.9579     0.0312               0.9573 8.3520e-03
                       30  2.9659     0.0312               0.9493 8.3520e-03
                       33  3.0149     0.0312               0.9003 8.3520e-03
                       37  3.0904     0.0312               0.8248 8.3520e-03
                       40  3.1405     0.0312               0.7747 8.3520e-03
                       41  3.1410     0.0312               0.7742 8.3520e-03
                       43  3.1637     0.0312               0.7515 8.3520e-03
                       45  3.2195     0.0312               0.6957 8.3520e-03
                       49  3.2760     0.0312               0.6392 8.3520e-03
                       51  3.3234     0.0312               0.5918 8.3520e-03
                       56  3.3820     0.0312               0.5332 8.3520e-03
                       58  3.4261     0.0312               0.4891 8.3520e-03
                       60  3.4974     0.0312               0.4178 8.3520e-03
                       66  3.6260     0.0312               0.2892 8.3520e-03
                       68  3.6672     0.0312               0.2480 8.3520e-03
 78  3.8886    4.5+                          6.0655e-01
                        0  0.0000     0.0435               3.8886 2.6372e-02
                        2  1.1905     0.0435               2.6982 2.6372e-02
                        5  1.4595     0.0435               2.4291 2.6372e-02
                        7  1.7447     0.0435               2.1439 2.6372e-02
                        8  2.0618     0.0435               1.8268 2.6372e-02
                       15  2.5404     0.0435               1.3482 2.6372e-02
                       17  2.5858     0.0435               1.3028 2.6372e-02
                       24  2.8262     0.0435               1.0624 2.6372e-02
                       25  2.8291     0.0435               1.0595 2.6372e-02
                       31  2.9730     0.0435               0.9156 2.6372e-02
                       33  3.0149     0.0435               0.8737 2.6372e-02
                       34  3.0168     0.0435               0.8718 2.6372e-02
                       36  3.0816     0.0435               0.8070 2.6372e-02
                       37  3.0904     0.0435               0.7982 2.6372e-02
                       38  3.1209     0.0435               0.7677 2.6372e-02
                       40  3.1405     0.0435               0.7481 2.6372e-02
                       41  3.1410     0.0435               0.7476 2.6372e-02
                       51  3.3234     0.0435               0.5652 2.6372e-02
                       56  3.3820     0.0435               0.5066 2.6372e-02
                       57  3.4145     0.0435               0.4741 2.6372e-02
                       58  3.4261     0.0435               0.4625 2.6372e-02
                       60  3.4974     0.0435               0.3912 2.6372e-02
                       65  3.6228     0.0435               0.2658 2.6372e-02
 77  3.8549    1.5+                          1.7865e-01
                        1  1.0993     0.0526               2.7556 9.4029e-03
                        3  1.2916     0.0526               2.5633 9.4029e-03
                        4  1.4343     0.0526               2.4206 9.4029e-03
                        6  1.4817     0.0526               2.3732 9.4029e-03
                        9  2.0872     0.0526               1.7677 9.4029e-03
                       12  2.2048     0.0526               1.6501 9.4029e-03
                       14  2.4787     0.0526               1.3762 9.4029e-03
                       16  2.5817     0.0526               1.2732 9.4029e-03
                       20  2.7702     0.0526               1.0847 9.4029e-03
                       21  2.7817     0.0526               1.0732 9.4029e-03
                       26  2.9120     0.0526               0.9429 9.4029e-03
                       28  2.9579     0.0526               0.8970 9.4029e-03
                       30  2.9659     0.0526               0.8890 9.4029e-03
                       35  3.0627     0.0526               0.7922 9.4029e-03
                       43  3.1637     0.0526               0.6912 9.4029e-03
                       45  3.2195     0.0526               0.6354 9.4029e-03
                       49  3.2760     0.0526               0.5789 9.4029e-03
                       66  3.6260     0.0526               0.2289 9.4029e-03
                       68  3.6672     0.0526               0.1877 9.4029e-03
 76  3.8427    5.5+                          9.0366e-01
                        5  1.4595     0.4709               2.3832 4.2515e-01
                        2  1.1905     0.5291               2.6522 4.7762e-01
 75  3.8321    2.5+                          2.8812e-01
                        0  0.0000     0.0312               3.8321 9.0036e-03
                        1  1.0993     0.0312               2.7328 9.0036e-03
                        3  1.2916     0.0312               2.5405 9.0036e-03
                        6  1.4817     0.0312               2.3504 9.0036e-03
                        7  1.7447     0.0312               2.0874 9.0036e-03
                        8  2.0618     0.0312               1.7703 9.0036e-03
                        9  2.0872     0.0312               1.7449 9.0036e-03
                       12  2.2048     0.0312               1.6273 9.0036e-03
                       14  2.4787     0.0312               1.3534 9.0036e-03
                       15  2.5404     0.0312               1.2917 9.0036e-03
                       16  2.5817     0.0312               1.2504 9.0036e-03
                       17  2.5858     0.0312               1.2463 9.0036e-03
                       20  2.7702     0.0312               1.0619 9.0036e-03
                       21  2.7817     0.0312               1.0504 9.0036e-03
                       24  2.8262     0.0312               1.0059 9.0036e-03
                       25  2.8291     0.0312               1.0030 9.0036e-03
                       26  2.9120     0.0312               0.9201 9.0036e-03
                       28  2.9579     0.0312               0.8742 9.0036e-03
                       30  2.9659     0.0312               0.8662 9.0036e-03
                       33  3.0149     0.0312               0.8172 9.0036e-03
                       37  3.0904     0.0312               0.7417 9.0036e-03
                       40  3.1405     0.0312               0.6916 9.0036e-03
                       41  3.1410     0.0312               0.6911 9.0036e-03
                       43  3.1637     0.0312               0.6684 9.0036e-03
                       45  3.2195     0.0312               0.6126 9.0036e-03
                       49  3.2760     0.0312               0.5561 9.0036e-03
                       51  3.3234     0.0312               0.5087 9.0036e-03
                       56  3.3820     0.0312               0.4501 9.0036e-03
                       58  3.4261     0.0312               0.4060 9.0036e-03
                       60  3.4974     0.0312               0.3347 9.0036e-03
                       66  3.6260     0.0312               0.2061 9.0036e-03
                       68  3.6672     0.0312               0.1649 9.0036e-03
 74  3.8209    1.5+                          1.8442e-01
                        1  1.0993     0.0526               2.7216 9.7061e-03
                        3  1.2916     0.0526               2.5293 9.7061e-03
                        4  1.4343     0.0526               2.3866 9.7061e-03
                        6  1.4817     0.0526               2.3392 9.7061e-03
                        9  2.0872     0.0526               1.7337 9.7061e-03
                       12  2.2048     0.0526               1.6161 9.7061e-03
                       14  2.4787     0.0526               1.3422 9.7061e-03
                       16  2.5817     0.0526               1.2392 9.7061e-03
                       20  2.7702     0.0526               1.0507 9.7061e-03
                       21  2.7817     0.0526               1.0392 9.7061e-03
                       26  2.9120     0.0526               0.9089 9.7061e-03
                       28  2.9579     0.0526               0.8630 9.7061e-03
                       30  2.9659     0.0526               0.8550 9.7061e-03
                       35  3.0627     0.0526               0.7582 9.7061e-03
                       43  3.1637     0.0526               0.6572 9.7061e-03
                       45  3.2195     0.0526               0.6014 9.7061e-03
                       49  3.2760     0.0526               0.5449 9.7061e-03
                       66  3.6260     0.0526               0.1949 9.7061e-03
                       68  3.6672     0.0526               0.1537 9.7061e-03
 73  3.8077    3.5+                          4.3191e-01
                        0  0.0000     0.0345               3.8077 1.4893e-02
                        2  1.1905     0.0345               2.6173 1.4893e-02
                        6  1.4817     0.0345               2.3260 1.4893e-02
                        7  1.7447     0.0345               2.0630 1.4893e-02
                        8  2.0618     0.0345               1.7459 1.4893e-02
                        9  2.0872     0.0345               1.7205 1.4893e-02
                       12  2.2048     0.0345               1.6029 1.4893e-02
                       14  2.4787     0.0345               1.3290 1.4893e-02
                       15  2.5404     0.0345               1.2673 1.4893e-02
                       17  2.5858     0.0345               1.2219 1.4893e-02
                       20  2.7702     0.0345               1.0375 1.4893e-02
                       21  2.7817     0.0345               1.0260 1.4893e-02
                       24  2.8262     0.0345               0.9815 1.4893e-02
                       25  2.8291     0.0345               0.9786 1.4893e-02
                       28  2.9579     0.0345               0.8498 1.4893e-02
                       33  3.0149     0.0345               0.7928 1.4893e-02
                       34  3.0168     0.0345               0.7909 1.4893e-02
                       36  3.0816     0.0345               0.7261 1.4893e-02
                       37  3.0904     0.0345               0.7173 1.4893e-02
                       40  3.1405     0.0345               0.6672 1.4893e-02
                       41  3.1410     0.0345               0.6667 1.4893e-02
                       43  3.1637     0.0345               0.6440 1.4893e-02
                       51  3.3234     0.0345               0.4843 1.4893e-02
                       56  3.3820     0.0345               0.4257 1.4893e-02
                       57  3.4145     0.0345               0.3932 1.4893e-02
                       58  3.4261     0.0345               0.3816 1.4893e-02
                       60  3.4974     0.0345               0.3103 1.4893e-02
                       66  3.6260     0.0345               0.1817 1.4893e-02
                       68  3.6672     0.0345               0.1405 1.4893e-02
 72  3.7924    1.5+                          1.8935e-01
                        1  1.0993     0.0526               2.6931 9.9658e-03
                        3  1.2916     0.0526               2.5008 9.9658e-03
                        4  1.4343     0.0526               2.3581 9.9658e-03
                        6  1.4817     0.0526               2.3107 9.9658e-03
                        9  2.0872     0.0526               1.7052 9.9658e-03
                       12  2.2048     0.0526               1.5876 9.9658e-03
                       14  2.4787     0.0526               1.3137 9.9658e-03
                       16  2.5817     0.0526               1.2107 9.9658e-03
                       20  2.7702     0.0526               1.0222 9.9658e-03
                       21  2.7817     0.0526               1.0107 9.9658e-03
                       26  2.9120     0.0526               0.8804 9.9658e-03
                       28  2.9579     0.0526               0.8345 9.9658e-03
                       30  2.9659     0.0526               0.8265 9.9658e-03
                       35  3.0627     0.0526               0.7297 9.9658e-03
                       43  3.1637     0.0526               0.6287 9.9658e-03
                       45  3.2195     0.0526               0.5729 9.9658e-03
                       49  3.2760     0.0526               0.5164 9.9658e-03
                       66  3.6260     0.0526               0.1664 9.9658e-03
                       68  3.6672     0.0526               0.1252 9.9658e-03
 71  3.7689    2.5+                          3.0479e-01
                        0  0.0000     0.0312               3.7689 9.5247e-03
                        1  1.0993     0.0312               2.6696 9.5247e-03
                        3  1.2916     0.0312               2.4773 9.5247e-03
                        6  1.4817     0.0312               2.2872 9.5247e-03
                        7  1.7447     0.0312               2.0242 9.5247e-03
                        8  2.0618     0.0312               1.7071 9.5247e-03
                        9  2.0872     0.0312               1.6817 9.5247e-03
                       12  2.2048     0.0312               1.5641 9.5247e-03
                       14  2.4787     0.0312               1.2902 9.5247e-03
                       15  2.5404     0.0312               1.2285 9.5247e-03
                       16  2.5817     0.0312               1.1872 9.5247e-03
                       17  2.5858     0.0312               1.1831 9.5247e-03
                       20  2.7702     0.0312               0.9987 9.5247e-03
                       21  2.7817     0.0312               0.9872 9.5247e-03
                       24  2.8262     0.0312               0.9427 9.5247e-03
                       25  2.8291     0.0312               0.9398 9.5247e-03
                       26  2.9120     0.0312               0.8569 9.5247e-03
                       28  2.9579     0.0312               0.8110 9.5247e-03
                       30  2.9659     0.0312               0.8030 9.5247e-03
                       33  3.0149     0.0312               0.7540 9.5247e-03
                       37  3.0904     0.0312               0.6785 9.5247e-03
                       40  3.1405     0.0312               0.6284 9.5247e-03
                       41  3.1410     0.0312               0.6279 9.5247e-03
                       43  3.1637     0.0312               0.6052 9.5247e-03
                       45  3.2195     0.0312               0.5494 9.5247e-03
                       49  3.2760     0.0312               0.4929 9.5247e-03
                       51  3.3234     0.0312               0.4455 9.5247e-03
                       56  3.3820     0.0312               0.3869 9.5247e-03
                       58  3.4261     0.0312               0.3428 9.5247e-03
                       60  3.4974     0.0312               0.2715 9.5247e-03
                       66  3.6260     0.0312               0.1429 9.5247e-03
                       68  3.6672     0.0312               0.1017 9.5247e-03
 70  3.7575    3.5+                          4.5105e-01
                        0  0.0000     0.0345               3.7575 1.5553e-02
                        2  1.1905     0.0345               2.5671 1.5553e-02
                        6  1.4817     0.0345               2.2758 1.5553e-02
                        7  1.7447     0.0345               2.0128 1.5553e-02
                        8  2.0618     0.0345               1.6957 1.5553e-02
                        9  2.0872     0.0345               1.6703 1.5553e-02
                       12  2.2048     0.0345               1.5527 1.5553e-02
                       14  2.4787     0.0345               1.2788 1.5553e-02
                       15  2.5404     0.0345               1.2171 1.5553e-02
                       17  2.5858     0.0345               1.1717 1.5553e-02
                       20  2.7702     0.0345               0.9873 1.5553e-02
                       21  2.7817     0.0345               0.9758 1.5553e-02
                       24  2.8262     0.0345               0.9313 1.5553e-02
                       25  2.8291     0.0345               0.9284 1.5553e-02
                       28  2.9579     0.0345               0.7996 1.5553e-02
                       33  3.0149     0.0345               0.7426 1.5553e-02
                       34  3.0168     0.0345               0.7407 1.5553e-02
                       36  3.0816     0.0345               0.6759 1.5553e-02
                       37  3.0904     0.0345               0.6671 1.5553e-02
                       40  3.1405     0.0345               0.6170 1.5553e-02
                       41  3.1410     0.0345               0.6165 1.5553e-02
                       43  3.1637     0.0345               0.5938 1.5553e-02
                       51  3.3234     0.0345               0.4341 1.5553e-02
                       56  3.3820     0.0345               0.3755 1.5553e-02
                       57  3.4145     0.0345               0.3430 1.5553e-02
                       58  3.4261     0.0345               0.3314 1.5553e-02
                       60  3.4974     0.0345               0.2601 1.5553e-02
                       66  3.6260     0.0345               0.1315 1.5553e-02
                       68  3.6672     0.0345               0.0903 1.5553e-02
 69  3.7373    0.5+                          1.0046e-01
                        1  1.0993     0.1111               2.6380 1.1162e-02
                        3  1.2916     0.1111               2.4457 1.1162e-02
                        4  1.4343     0.1111               2.3030 1.1162e-02
                       16  2.5817     0.1111               1.1556 1.1162e-02
                       26  2.9120     0.1111               0.8253 1.1162e-02
                       30  2.9659     0.1111               0.7714 1.1162e-02
                       35  3.0627     0.1111               0.6746 1.1162e-02
                       45  3.2195     0.1111               0.5178 1.1162e-02
                       49  3.2760     0.1111               0.4613 1.1162e-02
 68  3.6672    2.5-                          4.2278e-01
                        1  1.0993     0.5713               2.5679 2.4139e-01
                        0  0.0000     0.4287               3.6672 1.8106e-01
 67  3.6528    2.5+                          3.3891e-01
                        1  1.0993     1.0000               2.5535 3.3857e-01
 66  3.6260    2.5-                          4.3540e-01                       3.0000e-14
                        6  1.4817     1.0000               2.1443 4.3523e-01
 65  3.6228    5.5-                          1.1471e+00
                        0  0.0000     1.0000               3.6228 1.1459e+00
 64  3.5995    4.5+                          7.8288e-01
                        0  0.0000     0.0455               3.5995 3.5585e-02
                        2  1.1905     0.0455               2.4090 3.5585e-02
                        5  1.4595     0.0455               2.1400 3.5585e-02
                        7  1.7447     0.0455               1.8548 3.5585e-02
                        8  2.0618     0.0455               1.5377 3.5585e-02
                       15  2.5404     0.0455               1.0591 3.5585e-02
                       17  2.5858     0.0455               1.0137 3.5585e-02
                       24  2.8262     0.0455               0.7733 3.5585e-02
                       25  2.8291     0.0455               0.7704 3.5585e-02
                       31  2.9730     0.0455               0.6265 3.5585e-02
                       33  3.0149     0.0455               0.5846 3.5585e-02
                       34  3.0168     0.0455               0.5827 3.5585e-02
                       36  3.0816     0.0455               0.5179 3.5585e-02
                       37  3.0904     0.0455               0.5091 3.5585e-02
                       38  3.1209     0.0455               0.4786 3.5585e-02
                       40  3.1405     0.0455               0.4590 3.5585e-02
                       41  3.1410     0.0455               0.4585 3.5585e-02
                       51  3.3234     0.0455               0.2761 3.5585e-02
                       56  3.3820     0.0455               0.2175 3.5585e-02
                       57  3.4145     0.0455               0.1850 3.5585e-02
                       58  3.4261     0.0455               0.1734 3.5585e-02
                       60  3.4974     0.0455               0.1021 3.5585e-02
 63  3.5801    2.5+                          3.6229e-01
                        0  0.0000     0.0333               3.5801 1.2076e-02
                        1  1.0993     0.0333               2.4808 1.2076e-02
                        3  1.2916     0.0333               2.2885 1.2076e-02
                        6  1.4817     0.0333               2.0984 1.2076e-02
                        7  1.7447     0.0333               1.8354 1.2076e-02
                        8  2.0618     0.0333               1.5183 1.2076e-02
                        9  2.0872     0.0333               1.4929 1.2076e-02
                       12  2.2048     0.0333               1.3753 1.2076e-02
                       14  2.4787     0.0333               1.1014 1.2076e-02
                       15  2.5404     0.0333               1.0397 1.2076e-02
                       16  2.5817     0.0333               0.9984 1.2076e-02
                       17  2.5858     0.0333               0.9943 1.2076e-02
                       20  2.7702     0.0333               0.8099 1.2076e-02
                       21  2.7817     0.0333               0.7984 1.2076e-02
                       24  2.8262     0.0333               0.7539 1.2076e-02
                       25  2.8291     0.0333               0.7510 1.2076e-02
                       26  2.9120     0.0333               0.6681 1.2076e-02
                       28  2.9579     0.0333               0.6222 1.2076e-02
                       30  2.9659     0.0333               0.6142 1.2076e-02
                       33  3.0149     0.0333               0.5652 1.2076e-02
                       37  3.0904     0.0333               0.4897 1.2076e-02
                       40  3.1405     0.0333               0.4396 1.2076e-02
                       41  3.1410     0.0333               0.4391 1.2076e-02
                       43  3.1637     0.0333               0.4164 1.2076e-02
                       45  3.2195     0.0333               0.3606 1.2076e-02
                       49  3.2760     0.0333               0.3041 1.2076e-02
                       51  3.3234     0.0333               0.2567 1.2076e-02
                       56  3.3820     0.0333               0.1981 1.2076e-02
                       58  3.4261     0.0333               0.1540 1.2076e-02
                       60  3.4974     0.0333               0.0827 1.2076e-02
 62  3.5701    5.5+                          1.1463e+00
                        2  1.1905     0.1111               2.3796 1.2737e-01
                        5  1.4595     0.1111               2.1106 1.2737e-01
                       10  2.1536     0.1111               1.4165 1.2737e-01
                       31  2.9730     0.1111               0.5971 1.2737e-01
                       34  3.0168     0.1111               0.5533 1.2737e-01
                       36  3.0816     0.1111               0.4885 1.2737e-01
                       38  3.1209     0.1111               0.4492 1.2737e-01
                       46  3.2238     0.1111               0.3463 1.2737e-01
                       57  3.4145     0.1111               0.1556 1.2737e-01
 61  3.5650    0.5+                          1.1929e-01
                        9  2.0872     0.3333               1.4778 3.9762e-02
                        6  1.4817     0.3333               2.0833 3.9762e-02
                        3  1.2916     0.3333               2.2734 3.9762e-02
 60  3.4974    3.5-                          7.2063e-01
                        0  0.0000     1.0000               3.4974 7.1994e-01
 59  3.4916    0.5+                          1.2829e-01
                        6  1.4817     0.3333               2.0099 4.2763e-02
                        3  1.2916     0.3333               2.2000 4.2763e-02
                        1  1.0993     0.3333               2.3923 4.2763e-02
 58  3.4261    3.5-                          7.5718e-01                       5.5000e-14
                        5  1.4595     0.6210               1.9666 4.7004e-01
                        0  0.0000     0.3790               3.4261 2.8671e-01
 57  3.4145    4.5-                          1.1616e+00
                        6  1.4817     0.4695               1.9328 5.4521e-01
                        1  1.0993     0.3708               2.3152 4.3063e-01
                        0  0.0000     0.1597               3.4145 1.8534e-01
 56  3.3820    3.5-                          7.8067e-01                       7.6000e-14
                        7  1.7447     0.2276               1.6373 1.7764e-01
                        5  1.4595     0.6896               1.9225 5.3817e-01
                        0  0.0000     0.0828               3.3820 6.4588e-02
 55  3.3660    4.5+                          9.6669e-01
                        0  0.0000     0.0556               3.3660 5.3705e-02
                        2  1.1905     0.0556               2.1756 5.3705e-02
                        5  1.4595     0.0556               1.9065 5.3705e-02
                        7  1.7447     0.0556               1.6213 5.3705e-02
                        8  2.0618     0.0556               1.3042 5.3705e-02
                       15  2.5404     0.0556               0.8256 5.3705e-02
                       17  2.5858     0.0556               0.7802 5.3705e-02
                       24  2.8262     0.0556               0.5398 5.3705e-02
                       25  2.8291     0.0556               0.5369 5.3705e-02
                       31  2.9730     0.0556               0.3930 5.3705e-02
                       33  3.0149     0.0556               0.3511 5.3705e-02
                       34  3.0168     0.0556               0.3492 5.3705e-02
                       36  3.0816     0.0556               0.2844 5.3705e-02
                       37  3.0904     0.0556               0.2756 5.3705e-02
                       38  3.1209     0.0556               0.2451 5.3705e-02
                       40  3.1405     0.0556               0.2255 5.3705e-02
                       41  3.1410     0.0556               0.2250 5.3705e-02
                       51  3.3234     0.0556               0.0426 5.3705e-02
 54  3.3509    0.5+                          1.4855e-01
                        1  1.0993     0.1111               2.2516 1.6506e-02
                        3  1.2916     0.1111               2.0593 1.6506e-02
                        4  1.4343     0.1111               1.9166 1.6506e-02
                       16  2.5817     0.1111               0.7692 1.6506e-02
                       26  2.9120     0.1111               0.4389 1.6506e-02
                       30  2.9659     0.1111               0.3850 1.6506e-02
                       35  3.0627     0.1111               0.2882 1.6506e-02
                       45  3.2195     0.1111               0.1314 1.6506e-02
                       49  3.2760     0.1111               0.0749 1.6506e-02
 53  3.3298    2.5+                          4.5837e-01
                        0  0.0000     1.0000               3.3298 4.5773e-01
 52  3.3254    7.5+                          5.1388e+00                       3.2000e-13
                       10  2.1536     1.0000               1.1718 5.1382e+00
 51  3.3234    3.5-                          8.6705e-01
                       21  2.7817     0.0617               0.5417 5.3452e-02
                       10  2.1536     0.1234               1.1698 1.0693e-01
                        6  1.4817     0.0487               1.8417 4.2201e-02
                        4  1.4343     0.2759               1.8891 2.3914e-01
                        3  1.2916     0.1656               2.0318 1.4351e-01
                        0  0.0000     0.3248               3.3234 2.8134e-01
 50  3.3200    2.5+                          4.6262e-01
                        6  1.4817     0.5000               1.8383 2.3131e-01
                        1  1.0993     0.5000               2.2207 2.3131e-01
 49  3.2760    1.5-                          4.0814e-01
                        0  0.0000     1.0000               3.2760 4.0777e-01
 48  3.2410    3.5+                          7.1964e-01
                        1  1.0993     1.0000               2.1417 7.1945e-01
 47  3.2364    2.5+                          5.0225e-01
                        0  0.0000     0.0400               3.2364 2.0090e-02
                        1  1.0993     0.0400               2.1371 2.0090e-02
                        3  1.2916     0.0400               1.9448 2.0090e-02
                        6  1.4817     0.0400               1.7547 2.0090e-02
                        7  1.7447     0.0400               1.4917 2.0090e-02
                        8  2.0618     0.0400               1.1746 2.0090e-02
                        9  2.0872     0.0400               1.1492 2.0090e-02
                       12  2.2048     0.0400               1.0316 2.0090e-02
                       14  2.4787     0.0400               0.7577 2.0090e-02
                       15  2.5404     0.0400               0.6960 2.0090e-02
                       16  2.5817     0.0400               0.6547 2.0090e-02
                       17  2.5858     0.0400               0.6506 2.0090e-02
                       20  2.7702     0.0400               0.4662 2.0090e-02
                       21  2.7817     0.0400               0.4547 2.0090e-02
                       24  2.8262     0.0400               0.4102 2.0090e-02
                       25  2.8291     0.0400               0.4073 2.0090e-02
                       26  2.9120     0.0400               0.3244 2.0090e-02
                       28  2.9579     0.0400               0.2785 2.0090e-02
                       30  2.9659     0.0400               0.2705 2.0090e-02
                       33  3.0149     0.0400               0.2215 2.0090e-02
                       37  3.0904     0.0400               0.1460 2.0090e-02
                       40  3.1405     0.0400               0.0959 2.0090e-02
                       41  3.1410     0.0400               0.0954 2.0090e-02
                       43  3.1637     0.0400               0.0727 2.0090e-02
                       45  3.2195     0.0400               0.0169 2.0090e-02
 46  3.2238    6.5-                          2.4494e+00                       7.0000e-13
                       11  2.1835     0.5494               1.0403 1.3456e+00
                        5  1.4595     0.4506               1.7643 1.1035e+00
 45  3.2195    1.5-                          4.4572e-01
                       24  2.8262     0.2403               0.3933 1.0675e-01
                       13  2.3948     0.2694               0.8247 1.1998e-01
                        0  0.0000     0.4903               3.2195 2.1834e-01
 44  3.1938    2.5+                          5.2331e-01
                       10  2.1536     0.2986               1.0402 1.5602e-01
                        3  1.2916     0.1094               1.9022 5.7214e-02
                        2  1.1905     0.0944               2.0034 4.9408e-02
                        0  0.0000     0.4976               3.1938 2.6004e-01
 43  3.1637    2.5-                          6.4892e-01
                        1  1.0993     1.0000               2.0644 6.4869e-01
 42  3.1604    1.5+                          3.5206e-01
                        0  0.0000     1.0000               3.1604 3.5186e-01
 41  3.1410    3.5-                          1.0026e+00
                        7  1.7447     0.5000               1.3964 5.0132e-01
                        5  1.4595     0.5000               1.6815 5.0132e-01
 40  3.1405    3.5-                          1.0030e+00
                        9  2.0872     0.2926               1.0533 2.9343e-01
                        2  1.1905     0.2195               1.9500 2.2009e-01
                        0  0.0000     0.4879               3.1405 4.8897e-01
 39  3.1221    3.5+                          8.0298e-01
                        1  1.0993     1.0000               2.0228 8.0278e-01
 38  3.1209    5.5-                          1.9697e+00
                        0  0.0000     1.0000               3.1209 1.9680e+00
 37  3.0904    3.5-                          1.0381e+00                       2.1000e-13
                        9  2.0872     0.4807               1.0032 4.9895e-01
                        3  1.2916     0.2596               1.7988 2.6943e-01
                        1  1.0993     0.2596               1.9911 2.6941e-01
 36  3.0816    4.5-                          1.5324e+00                       2.1000e-13
                        2  1.1905     1.0000               1.8912 1.5319e+00
 35  3.0627    0.5-                          2.5798e-01
                       15  2.5404     1.0000               0.5223 2.5634e-01
 34  3.0168    4.5-                          1.6077e+00
                       13  2.3948     0.2010               0.6220 3.2307e-01
                        7  1.7447     0.4902               1.2721 7.8801e-01
                        5  1.4595     0.3088               1.5573 4.9638e-01
 33  3.0149    3.5-                          1.0956e+00                       2.3000e-13
                        8  2.0618     0.1759               0.9531 1.9268e-01
                        5  1.4595     0.3257               1.5554 3.5678e-01
                        3  1.2916     0.2182               1.7233 2.3901e-01
                        0  0.0000     0.2802               3.0149 3.0676e-01
 32  2.9770    1.5+                          4.2543e-01
                        1  1.0993     0.0769               1.8777 3.2725e-02
                        3  1.2916     0.0769               1.6854 3.2725e-02
                        4  1.4343     0.0769               1.5427 3.2725e-02
                        6  1.4817     0.0769               1.4953 3.2725e-02
                        9  2.0872     0.0769               0.8898 3.2725e-02
                       12  2.2048     0.0769               0.7722 3.2725e-02
                       14  2.4787     0.0769               0.4983 3.2725e-02
                       16  2.5817     0.0769               0.3953 3.2725e-02
                       20  2.7702     0.0769               0.2068 3.2725e-02
                       21  2.7817     0.0769               0.1953 3.2725e-02
                       26  2.9120     0.0769               0.0650 3.2725e-02
                       28  2.9579     0.0769               0.0191 3.2725e-02
                       30  2.9659     0.0769               0.0111 3.2725e-02
 31  2.9730    5.5-                          2.2111e+00
                        7  1.7447     1.0000               1.2283 2.2108e+00
 30  2.9659    1.5-                          5.6904e-01                       3.0000e-14
                       11  2.1835     0.2555               0.7824 1.4482e-01
                        1  1.0993     0.0914               1.8666 5.1991e-02
                        0  0.0000     0.6531               2.9659 3.7135e-01
 29  2.9631    3.5+                          9.3315e-01
                        7  1.7447     0.3333               1.2184 3.1105e-01
                        2  1.1905     0.3333               1.7726 3.1105e-01
                        0  0.0000     0.3333               2.9631 3.1105e-01
 28  2.9579    2.5-                          7.9262e-01
                       17  2.5858     0.3289               0.3721 2.5996e-01
                       12  2.2048     0.1740               0.7531 1.3786e-01
                        1  1.0993     0.4971               1.8586 3.9390e-01
 27  2.9146    2.5+                          6.8811e-01
                       13  2.3948     0.2819               0.5198 1.9373e-01
                        9  2.0872     0.2487               0.8274 1.7113e-01
                        2  1.1905     0.4693               1.7242 3.2290e-01
 26  2.9120    1.5-                          5.9101e-01                       4.3000e-14
                        8  2.0618     0.2907               0.8502 1.7175e-01
                        0  0.0000     0.7093               2.9120 4.1888e-01
 25  2.8291    3.5-                          1.2534e+00
                        1  1.0993     1.0000               1.7298 1.2531e+00
 24  2.8262    3.5-                          1.3632e+00                       8.0000e-14
                        2  1.1905     0.0621               1.6358 8.4639e-02
                        1  1.0993     0.6210               1.7269 8.4634e-01
                        0  0.0000     0.3169               2.8262 4.3170e-01
 23  2.8242    6.5+                          3.5602e+00                       5.5000e-14
                       10  2.1536     0.2009               0.6706 7.1509e-01
                        9  2.0872     0.2410               0.7370 8.5382e-01
                        0  0.0000     0.5581               2.8242 1.9860e+00
 22  2.8168    2.5+                          7.6030e-01
                        0  0.0000     1.0000               2.8168 7.5942e-01
 21  2.7817    2.5-                          9.5957e-01                       9.7000e-14
                        1  1.0993     0.1525               1.6824 1.4630e-01
                        0  0.0000     0.8475               2.7817 8.1270e-01
 20  2.7702    2.5-                          9.1402e-01
                        8  2.0618     0.5000               0.7084 4.5701e-01
                        4  1.4343     0.5000               1.3359 4.5701e-01
 19  2.7224    3.5+                          1.1698e+00
                       15  2.5404     0.2011               0.1820 2.3338e-01
                       11  2.1835     0.7989               0.5389 9.3340e-01
 18  2.7131    0.5+                          2.9314e-01
                       10  2.1536     0.1999               0.5595 5.8598e-02
                        1  1.0993     0.8001               1.6138 2.3445e-01
 17  2.5858    3.5-                          1.7617e+00                       6.8000e-14
                        2  1.1905     0.4219               1.3953 7.4317e-01
                        0  0.0000     0.5781               2.5858 1.0179e+00
 16  2.5817    1.5-                          7.5305e-01                       2.1000e-13
                        0  0.0000     1.0000               2.5817 7.5258e-01
 15  2.5404    3.5-                          2.0451e+00                       1.5000e-13
                        7  1.7447     0.7246               0.7957 1.4814e+00
                        2  1.1905     0.1377               1.3499 2.8157e-01
                        0  0.0000     0.1377               2.5404 2.8145e-01
 14  2.4787    2.5-                          1.1424e+00                       2.9000e-14
                       12  2.2048     0.1312               0.2739 1.4883e-01
                        0  0.0000     0.8688               2.4787 9.9198e-01
 13  2.3948    4.5+                          2.9805e+00                       1.3000e-13
                        8  2.0618     0.0527               0.3330 1.5679e-01
                        7  1.7447     0.4385               0.6501 1.3065e+00
                        5  1.4595     0.1754               0.9353 5.2268e-01
                        0  0.0000     0.3335               2.3948 9.9300e-01
 12  2.2048    2.5-                          1.6826e+00                       6.9000e-13
                        6  1.4817     0.3597               0.7231 6.0498e-01
                        4  1.4343     0.0935               0.7705 1.5732e-01
                        3  1.2916     0.2590               0.9132 4.3570e-01
                        2  1.1905     0.2194               1.0143 3.6909e-01
                        0  0.0000     0.0684               2.2048 1.1496e-01
 11  2.1835    5.5+                          6.3289e+00                       4.1000e-14
                        7  1.7447     0.0000               0.4388 0.0000e+00
                        3  1.2916     0.1243               0.8919 7.8472e-01
                        2  1.1905     0.7749               0.9930 4.9037e+00
                        0  0.0000     0.1008               2.1835 6.3777e-01
 10  2.1536    6.5-                          1.2298e+01                       1.4000e-14
                        5  1.4595     1.0000               0.6941 1.2292e+01
  9  2.0872    2.5-                          3.3682e+00                       1.7000e-14
                        7  1.7447     0.1581               0.3425 5.3061e-01
                        3  1.2916     0.3917               0.7956 1.3190e+00
                        0  0.0000     0.4502               2.0872 1.5159e+00
  8  2.0618    3.5-                          3.1393e+00                       1.3000e-13
                        7  1.7447     0.0374               0.3171 1.1674e-01
                        6  1.4817     0.4140               0.5800 1.2988e+00
                        2  1.1905     0.4650               0.8713 1.4593e+00
                        0  0.0000     0.0837               2.0618 2.6267e-01
  7  1.7447    3.5-                          1.0018e+01                       3.2000e-13
                        6  1.4817     0.1059               0.2630 1.0571e+00
                        2  1.1905     0.3389               0.5542 3.3927e+00
                        0  0.0000     0.5552               1.7447 5.5613e+00
  6  1.4817    2.5-                          6.4378e+00                       1.6600e-13
                        3  1.2916     0.0110               0.1901 6.8768e-02
                        1  1.0993     0.2261               0.3825 1.4534e+00
                        0  0.0000     0.7629               1.4817 4.9108e+00
  5  1.4595    5.5-                          2.2968e+01                       1.0700e-12
                        2  1.1905     0.0711               0.2691 1.6211e+00
                        0  0.0000     0.9289               1.4595 2.1330e+01
  4  1.4343    0.5-                          1.6702e+00                       2.1000e-10
                        3  1.2916     0.7929               0.1427 1.3025e+00
                        1  1.0993     0.2071               0.3350 3.4521e-01
  3  1.2916    1.5-                          6.7522e+00                       5.5100e-10
                        1  1.0993     0.0669               0.1923 4.4729e-01
                        0  0.0000     0.9331               1.2916 6.3000e+00
  2  1.1905    4.5-                          2.1072e+01                       5.2000e-14
                        0  0.0000     1.0000               1.1905 2.1070e+01
  1  1.0993    1.5-                          1.0758e+01                       3.1000e-12
                        0  0.0000     1.0000               1.0993 1.0756e+01
  0  0.0000    3.5-                          9.8626e+01
#......................................................................../  028-062Ni //  23.500000
#                                                                          SUM SPECTRA FOR COMPOUND
#            028-061Ni      gamma    neutron     proton      alpha
 SpcSum[mb]            6.4667e+01 4.1417e-02 3.3951e-12 1.5159e-09
 Emean[MeV]            1.1602e+00 5.8152e-01 1.0254e+00 3.3013e+00
#......................................................................../  028-062Ni //  23.500000
#                                                                   GAMMAS FROM DISCRETE TRANSITION
#           1 0 0 1 0 0             028-061Ni
#   Ex[MeV]     Jpi    FinalState  Branching Production    Egamma Production   T(1/2)[s]
 35  2.9050    3.5-                          2.6788e-01
                       17  2.0300     0.2500               0.8750 6.6970e-02
                       18  2.1216     0.2500               0.7834 6.6970e-02
                       27  2.6970     0.2500               0.2080 6.6970e-02
                       28  2.7090     0.2500               0.1960 6.6970e-02
 34  2.8635    1.5-                          1.2081e-01
                       11  1.7295     0.2662               1.1340 3.2154e-02
                       10  1.6097     0.1728               1.2538 2.0873e-02
                        8  1.1853     0.1586               1.6782 1.9156e-02
                        2  0.2830     0.2834               2.5805 3.4217e-02
                        1  0.0674     0.1190               2.7961 1.4366e-02
 33  2.8530    3.5-                          2.8196e-01
                       17  2.0300     0.2500               0.8230 7.0490e-02
                       18  2.1216     0.2500               0.7314 7.0490e-02
                       27  2.6970     0.2500               0.1560 7.0490e-02
                       28  2.7090     0.2500               0.1440 7.0490e-02
 32  2.8010    2.5-                          2.0087e-01
                       13  1.9780     0.2000               0.8230 4.0175e-02
                       17  2.0300     0.2000               0.7710 4.0175e-02
                       27  2.6970     0.2000               0.1040 4.0175e-02
                       28  2.7090     0.2000               0.0920 4.0175e-02
                       31  2.7860     0.2000               0.0150 4.0175e-02
 31  2.7860    1.5+                          1.7830e-01
                        0  0.0000     0.0667               2.7860 1.1886e-02
                        1  0.0674     0.0667               2.7186 1.1886e-02
                        2  0.2830     0.0667               2.5030 1.1886e-02
                        3  0.6560     0.0667               2.1300 1.1886e-02
                        4  0.9086     0.0667               1.8774 1.1886e-02
                        6  1.0996     0.0667               1.6864 1.1886e-02
                        7  1.1323     0.0667               1.6537 1.1886e-02
                        8  1.1853     0.0667               1.6007 1.1886e-02
                       10  1.6097     0.0667               1.1763 1.1886e-02
                       11  1.7295     0.0667               1.0565 1.1886e-02
                       15  1.9976     0.0667               0.7884 1.1886e-02
                       19  2.1240     0.0667               0.6620 1.1886e-02
                       22  2.4140     0.0667               0.3720 1.1886e-02
                       26  2.6397     0.0667               0.1463 1.1886e-02
                       30  2.7651     0.0667               0.0209 1.1886e-02
 30  2.7651    1.5-                          1.4469e-01
                        7  1.1323     0.0874               1.6328 1.2641e-02
                        6  1.0996     0.1608               1.6655 2.3260e-02
                        4  0.9086     0.0664               1.8565 9.6073e-03
                        2  0.2830     0.3357               2.4821 4.8544e-02
                        0  0.0000     0.3497               2.7651 5.0563e-02
 29  2.7340    3.5-                          3.1861e-01
                       17  2.0300     0.2500               0.7040 7.9653e-02
                       18  2.1216     0.2500               0.6124 7.9653e-02
                       27  2.6970     0.2500               0.0370 7.9653e-02
                       28  2.7090     0.2500               0.0250 7.9653e-02
 28  2.7090    2.5+                          4.9638e-01
                        0  0.0000     0.0588               2.7090 2.9199e-02
                        1  0.0674     0.0588               2.6416 2.9199e-02
                        4  0.9086     0.0588               1.8004 2.9199e-02
                        5  1.0151     0.0588               1.6939 2.9199e-02
                        6  1.0996     0.0588               1.6094 2.9199e-02
                        7  1.1323     0.0588               1.5767 2.9199e-02
                        8  1.1853     0.0588               1.5237 2.9199e-02
                        9  1.4548     0.0588               1.2542 2.9199e-02
                       10  1.6097     0.0588               1.0993 2.9199e-02
                       11  1.7295     0.0588               0.9795 2.9199e-02
                       15  1.9976     0.0588               0.7114 2.9199e-02
                       16  2.0181     0.0588               0.6909 2.9199e-02
                       22  2.4140     0.0588               0.2950 2.9199e-02
                       23  2.4690     0.0588               0.2400 2.9199e-02
                       24  2.5290     0.0588               0.1800 2.9199e-02
                       25  2.5930     0.0588               0.1160 2.9199e-02
                       26  2.6397     0.0588               0.0693 2.9199e-02
 27  2.6970    2.5+                          4.9949e-01
                        0  0.0000     0.0588               2.6970 2.9382e-02
                        1  0.0674     0.0588               2.6296 2.9382e-02
                        4  0.9086     0.0588               1.7884 2.9382e-02
                        5  1.0151     0.0588               1.6819 2.9382e-02
                        6  1.0996     0.0588               1.5974 2.9382e-02
                        7  1.1323     0.0588               1.5647 2.9382e-02
                        8  1.1853     0.0588               1.5117 2.9382e-02
                        9  1.4548     0.0588               1.2422 2.9382e-02
                       10  1.6097     0.0588               1.0873 2.9382e-02
                       11  1.7295     0.0588               0.9675 2.9382e-02
                       15  1.9976     0.0588               0.6994 2.9382e-02
                       16  2.0181     0.0588               0.6789 2.9382e-02
                       22  2.4140     0.0588               0.2830 2.9382e-02
                       23  2.4690     0.0588               0.2280 2.9382e-02
                       24  2.5290     0.0588               0.1680 2.9382e-02
                       25  2.5930     0.0588               0.1040 2.9382e-02
                       26  2.6397     0.0588               0.0573 2.9382e-02
 26  2.6397    1.5-                          2.2213e-01
                        2  0.2830     0.0880               2.3568 1.9539e-02
                        1  0.0674     0.0738               2.5723 1.6376e-02
                        0  0.0000     0.8382               2.6397 1.8609e-01
 25  2.5930    3.5-                          4.2629e-01
                       17  2.0300     0.5000               0.5630 2.1315e-01
                       18  2.1216     0.5000               0.4714 2.1315e-01
 24  2.5290    3.5-                          4.5354e-01
                       17  2.0300     0.5000               0.4990 2.2677e-01
                       18  2.1216     0.5000               0.4074 2.2677e-01
 23  2.4690    3.5-                          4.7953e-01                       2.3600e-13
                       17  2.0300     0.5000               0.4390 2.3977e-01
                       18  2.1216     0.5000               0.3474 2.3977e-01
 22  2.4140    1.5-                          2.6155e-01
                       13  1.9780     0.5000               0.4360 1.3078e-01
                       17  2.0300     0.5000               0.3840 1.3078e-01
 21  2.4097    4.5-                          7.1236e-01                       1.9000e-13
                        9  1.4548     0.1677               0.9549 1.1943e-01
                        7  1.1323     0.1180               1.2774 8.4041e-02
                        5  1.0151     0.0931               1.3946 6.6343e-02
                        1  0.0674     0.6212               2.3423 4.4226e-01
 20  2.1292    5.5-                          2.6299e+00                       2.0000e-12
                        5  1.0151     1.0000               1.1141 2.6294e+00
 19  2.1240    0.5-                          1.4110e-01                       4.4000e-14
                        8  1.1853     0.1039               0.9387 1.4657e-02
                        0  0.0000     0.8961               2.1240 1.2639e-01
 18  2.1216    4.5+                          2.1230e+00                       4.0000e-13
                        5  1.0151     1.0000               1.1065 2.1228e+00
 17  2.0300    2.5+                          1.5847e+00
                        0  0.0000     0.0833               2.0300 1.3206e-01
                        1  0.0674     0.0833               1.9626 1.3206e-01
                        4  0.9086     0.0833               1.1214 1.3206e-01
                        5  1.0151     0.0833               1.0149 1.3206e-01
                        6  1.0996     0.0833               0.9304 1.3206e-01
                        7  1.1323     0.0833               0.8977 1.3206e-01
                        8  1.1853     0.0833               0.8447 1.3206e-01
                        9  1.4548     0.0833               0.5752 1.3206e-01
                       10  1.6097     0.0833               0.4203 1.3206e-01
                       11  1.7295     0.0833               0.3005 1.3206e-01
                       15  1.9976     0.0833               0.0324 1.3206e-01
                       16  2.0181     0.0833               0.0119 1.3206e-01
 16  2.0181    3.5-                          8.8178e-01                       1.2000e-13
                        4  0.9086     0.0991               1.1095 8.7361e-02
                        1  0.0674     0.9009               1.9507 7.9417e-01
 15  1.9976    2.5-                          6.6281e-01                       4.5000e-14
                        5  1.0151     0.1101               0.9825 7.2965e-02
                        4  0.9086     0.1597               1.0890 1.0584e-01
                        1  0.0674     0.0503               1.9302 3.3339e-02
                        0  0.0000     0.6799               1.9976 4.5048e-01
 14  1.9880    4.5-                          1.2457e+00                       5.1000e-13
                        9  1.4548     0.1297               0.5332 1.6146e-01
                        5  1.0151     0.1194               0.9729 1.4871e-01
                        4  0.9086     0.1820               1.0794 2.2669e-01
                        1  0.0674     0.5689               1.9206 7.0836e-01
 13  1.9780    1.5+                          5.1239e-01
                        0  0.0000     0.1000               1.9780 5.1239e-02
                        1  0.0674     0.1000               1.9106 5.1239e-02
                        2  0.2830     0.1000               1.6950 5.1239e-02
                        3  0.6560     0.1000               1.3220 5.1239e-02
                        4  0.9086     0.1000               1.0694 5.1239e-02
                        6  1.0996     0.1000               0.8784 5.1239e-02
                        7  1.1323     0.1000               0.8457 5.1239e-02
                        8  1.1853     0.1000               0.7927 5.1239e-02
                       10  1.6097     0.1000               0.3683 5.1239e-02
                       11  1.7295     0.1000               0.2485 5.1239e-02
 12  1.8077    4.5-                          1.6565e+00                       6.0000e-13
                        5  1.0151     0.1103               0.7926 1.8264e-01
                        1  0.0674     0.8897               1.7403 1.4734e+00
 11  1.7295    1.5-                          6.6944e-01                       6.5000e-14
                        8  1.1853     0.0586               0.5442 3.9169e-02
                        4  0.9086     0.0712               0.8209 4.7680e-02
                        3  0.6560     0.1527               1.0735 1.0220e-01
                        2  0.2830     0.2137               1.4465 1.4303e-01
                        1  0.0674     0.2494               1.6621 1.6692e-01
                        0  0.0000     0.2544               1.7295 1.7026e-01
 10  1.6097    2.5-                          9.6304e-01                       2.6000e-13
                        7  1.1323     0.0371               0.4773 3.5679e-02
                        4  0.9086     0.0466               0.7010 4.4836e-02
                        1  0.0674     0.5007               1.5422 4.8212e-01
                        0  0.0000     0.4156               1.6097 4.0017e-01
  9  1.4548    3.5-                          1.8198e+00                       5.8000e-13
                        5  1.0151     0.0602               0.4397 1.0928e-01
                        1  0.0674     0.2332               1.3874 4.2431e-01
                        0  0.0000     0.7066               1.4548 1.2857e+00
  8  1.1853    1.5-                          9.6851e-01                       1.2000e-13
                        3  0.6560     0.0882               0.5292 8.5302e-02
                        2  0.2830     0.0194               0.9023 1.8765e-02
                        1  0.0674     0.0116               1.1178 1.1262e-02
                        0  0.0000     0.8808               1.1853 8.5296e-01
  7  1.1323    2.5-                          1.5080e+00                       3.2000e-13
                        5  1.0151     0.0835               0.1172 1.0767e-01
                        1  0.0674     0.3214               1.0649 4.8456e-01
                        0  0.0000     0.5951               1.1323 8.9723e-01
  6  1.0996    1.5-                          9.7361e-01                       1.6000e-13
                        2  0.2830     0.5163               0.8167 5.0251e-01
                        1  0.0674     0.0707               1.0322 6.8847e-02
                        0  0.0000     0.4130               1.0996 4.0202e-01
  5  1.0151    3.5-                          8.0718e+00                       4.4000e-12
                        3  0.6560     0.0328               0.3591 2.5765e-01
                        1  0.0674     0.7256               0.9477 5.8553e+00
                        0  0.0000     0.2416               1.0151 1.9497e+00
  4  0.9086    2.5-                          2.1852e+00                       7.0000e-13
                        2  0.2830     0.0301               0.6257 6.5655e-02
                        1  0.0674     0.1576               0.8412 3.4428e-01
                        0  0.0000     0.8123               0.9086 1.7747e+00
  3  0.6560    0.5-                          9.9945e-01                       1.7000e-11
                        2  0.2830     0.1530               0.3731 1.5266e-01
                        1  0.0674     0.0826               0.5886 8.2450e-02
                        0  0.0000     0.7644               0.6560 7.6349e-01
  2  0.2830    0.5-                          1.7262e+00                       2.3000e-11
                        1  0.0674     0.0018               0.2155 3.0906e-03
                        0  0.0000     0.9982               0.2830 1.7174e+00
  1  0.0674    2.5-                          1.5916e+01                       5.3400e-09
                        0  0.0000     1.0000               0.0674 1.3973e+01
  0  0.0000    1.5-                          2.9461e+01
#......................................................................../  028-062Ni //  23.500000
#                                                                          SUM SPECTRA FOR COMPOUND
#            027-062Co      gamma    neutron     proton      alpha   deuteron
 SpcSum[mb]            6.2235e+00 2.7155e-01 1.0736e-09 1.4805e-12 5.2551e-24
 Emean[MeV]            1.0029e+00 8.3067e-01 1.9510e+00 4.0162e+00 9.9087e-01
#......................................................................../  028-062Ni //  23.500000
#                                                                   GAMMAS FROM DISCRETE TRANSITION
#           0 2 0 0 0 0             027-062Co
#   Ex[MeV]     Jpi    FinalState  Branching Production    Egamma Production   T(1/2)[s]
 24  1.8730    0.0-                          2.5983e-03
                        4  0.5061     0.3333               1.3669 8.6609e-04
                        5  0.5320     0.3333               1.3410 8.6609e-04
                       22  1.8050     0.3333               0.0680 8.6609e-04
 23  1.8200    3.0-                          2.3613e-02
                        0  0.0000     0.5000               1.8200 1.1807e-02
                       16  1.3590     0.5000               0.4610 1.1807e-02
 22  1.8050    1.0+                          9.4182e-03
                        2  0.2300     0.1429               1.5750 1.3455e-03
                        7  0.6960     0.1429               1.1090 1.3455e-03
                        9  0.8630     0.1429               0.9420 1.3455e-03
                       10  0.9010     0.1429               0.9040 1.3455e-03
                       14  1.2480     0.1429               0.5570 1.3455e-03
                       17  1.4690     0.1429               0.3360 1.3455e-03
                       21  1.6920     0.1429               0.1130 1.3455e-03
 21  1.6920    2.0-                          1.8644e-02
                        0  0.0000     0.2500               1.6920 4.6609e-03
                        4  0.5061     0.2500               1.1859 4.6609e-03
                        5  0.5320     0.2500               1.1600 4.6609e-03
                       16  1.3590     0.2500               0.3330 4.6609e-03
 20  1.6670    4.0-                          3.7917e-02
                        1  0.0220     0.3333               1.6450 1.2639e-02
                        6  0.6097     0.3333               1.0573 1.2639e-02
                        8  0.7060     0.3333               0.9610 1.2639e-02
 19  1.5432    7.0-                          2.0114e-01                       1.3200e-12
                       13  1.2163     1.0000               0.3269 2.0085e-01
 18  1.5000    3.0-                          3.4676e-02
                        0  0.0000     0.5000               1.5000 1.7338e-02
                       16  1.3590     0.5000               0.1410 1.7338e-02
 17  1.4690    1.0-                          1.2963e-02
                        0  0.0000     0.2500               1.4690 3.2407e-03
                        4  0.5061     0.2500               0.9629 3.2407e-03
                        5  0.5320     0.2500               0.9370 3.2407e-03
                       16  1.3590     0.2500               0.1100 3.2407e-03
 16  1.3590    2.0+                          6.6297e-02
                        2  0.2300     0.2000               1.1290 1.3259e-02
                        7  0.6960     0.2000               0.6630 1.3259e-02
                        9  0.8630     0.2000               0.4960 1.3259e-02
                       10  0.9010     0.2000               0.4580 1.3259e-02
                       14  1.2480     0.2000               0.1110 1.3259e-02
 15  1.2710    6.0-                          1.1108e-01
                        1  0.0220     0.2500               1.2490 2.7770e-02
                        6  0.6097     0.2500               0.6613 2.7770e-02
                        8  0.7060     0.2500               0.5650 2.7770e-02
                       13  1.2163     0.2500               0.0547 2.7770e-02
 14  1.2480    2.0-                          4.3910e-02
                        0  0.0000     0.3333               1.2480 1.4637e-02
                        4  0.5061     0.3333               0.7419 1.4637e-02
                        5  0.5320     0.3333               0.7160 1.4637e-02
 13  1.2163    6.0+                          3.5039e-01
                        6  0.6097     0.2482               0.6066 8.6908e-02
                        1  0.0220     0.7518               1.1943 2.6338e-01
 12  1.1720    6.0-                          1.2982e-01
                        1  0.0220     0.3333               1.1500 4.3274e-02
                        6  0.6097     0.3333               0.5623 4.3274e-02
                        8  0.7060     0.3333               0.4660 4.3274e-02
 11  0.9200    4.0-                          9.1786e-02
                        1  0.0220     0.3333               0.8980 3.0595e-02
                        6  0.6097     0.3333               0.3103 3.0595e-02
                        8  0.7060     0.3333               0.2140 3.0595e-02
 10  0.9010    2.0-                          5.9604e-02
                        0  0.0000     0.3333               0.9010 1.9868e-02
                        4  0.5061     0.3333               0.3949 1.9868e-02
                        5  0.5320     0.3333               0.3690 1.9868e-02
  9  0.8630    2.0-                          6.1789e-02
                        0  0.0000     0.3333               0.8630 2.0596e-02
                        4  0.5061     0.3333               0.3569 2.0596e-02
                        5  0.5320     0.3333               0.3310 2.0596e-02
  8  0.7060    5.0+                          2.4992e-01
                        3  0.2440     1.0000               0.4620 2.4992e-01
  7  0.6960    1.0-                          4.2753e-02
                        0  0.0000     0.3333               0.6960 1.4251e-02
                        4  0.5061     0.3333               0.1899 1.4251e-02
                        5  0.5320     0.3333               0.1640 1.4251e-02
  6  0.6097    5.0+                          3.5073e-01
                        1  0.0220     1.0000               0.5877 3.5047e-01
  5  0.5320    1.0+                          1.1248e-01
                        2  0.2300     1.0000               0.3020 1.1248e-01
  4  0.5061    1.0+                          1.1339e-01
                        0  0.0000     1.0000               0.5061 1.1327e-01
  3  0.2440    4.0-                          4.4616e-01
                        1  0.0220     1.0000               0.2220 4.4616e-01
  2  0.2300    1.0-                          1.7395e-01
                        0  0.0000     1.0000               0.2300 1.7395e-01
  1  0.0220    5.0+                          1.4294e+00                       8.3160e+02
                        0  0.0000     1.0000               0.0220 1.4294e+00
  0  0.0000    2.0+                          1.9473e+00                       9.2400e+01
#......................................................................../  028-062Ni //  23.500000
#                                                                         ISOMERIC STATE PRODUCTION
#            027-062Co
#   Ex[MeV]     Jpi     T(1/2)[s]  Prod.[mb]
  1  0.0220    5.0+    8.3160e+02 1.4294e+00
#......................................................................../  028-062Ni //  23.500000
#                                                                          SUM SPECTRA FOR COMPOUND
#            026-059Fe      gamma    neutron     proton      alpha   deuteron
 SpcSum[mb]            5.9532e+00 2.3355e-01 1.0681e-12 6.0707e-11 3.0028e-33
 Emean[MeV]            1.4183e+00 7.6465e-01 1.7936e+00 4.6456e+00 5.9994e-01
#......................................................................../  028-062Ni //  23.500000
#                                                                   GAMMAS FROM DISCRETE TRANSITION
#           0 1 1 0 0 0             026-059Fe
#   Ex[MeV]     Jpi    FinalState  Branching Production    Egamma Production   T(1/2)[s]
 26  2.5699    1.5-                          2.1431e-02
                        4  0.6130     1.0000               1.9569 2.1424e-02
 25  2.4938    4.5-                          9.1695e-02
                        0  0.0000     1.0000               2.4938 9.1670e-02
 24  2.4473    1.5-                          2.4291e-02
                       14  1.7498     0.1138               0.6975 2.7632e-03
                        6  0.7264     0.1937               1.7209 4.7041e-03
                        1  0.2870     0.6250               2.1602 1.5176e-02
                        0  0.0000     0.0675               2.4473 1.6390e-03
 23  2.3900    3.5+                          7.1314e-02
                        2  0.4727     0.1667               1.9173 1.1886e-02
                        3  0.5709     0.1667               1.8191 1.1886e-02
                        7  1.0231     0.1667               1.3669 1.1886e-02
                       12  1.5699     0.1667               0.8201 1.1886e-02
                       18  2.2779     0.1667               0.1121 1.1886e-02
                       22  2.3490     0.1667               0.0410 1.1886e-02
 22  2.3490    3.5-                          8.4676e-02
                        0  0.0000     1.0000               2.3490 8.4633e-02
 21  2.3482    0.5-                          1.2155e-02
                       10  1.2113     1.0000               1.1369 1.2153e-02
 20  2.3224    1.5+                          2.8712e-02
                        0  0.0000     1.0000               2.3224 2.8687e-02
 19  2.3122    6.5+                          2.0015e-01                       4.7000e-12
                       11  1.5172     1.0000               0.7950 2.0007e-01
 18  2.2779    2.5-                          6.1193e-02
                        6  0.7264     0.5464               1.5515 3.3430e-02
                        0  0.0000     0.4536               2.2779 2.7745e-02
 17  2.1619    1.5+                          3.4463e-02
                        4  0.6130     1.0000               1.5489 3.4452e-02
 16  1.9620    0.5-                          1.7765e-02
                        6  0.7264     0.6849               1.2355 1.2166e-02
                        4  0.6130     0.0685               1.3489 1.2166e-03
                        0  0.0000     0.2466               1.9620 4.3796e-03
 15  1.9189    1.5+                          4.5800e-02
                        9  1.1621     0.0336               0.7568 1.5409e-03
                        8  1.0778     0.1033               0.8411 4.7303e-03
                        6  0.7264     0.0979               1.1925 4.4831e-03
                        0  0.0000     0.7652               1.9189 3.5023e-02
 14  1.7498    1.5-                          5.1767e-02
                       10  1.2113     0.3335               0.5384 1.7250e-02
                        0  0.0000     0.6665               1.7498 3.4494e-02
 13  1.6480    2.5+                          1.0741e-01
                        0  0.0000     0.1429               1.6480 1.5344e-02
                        2  0.4727     0.1429               1.1753 1.5344e-02
                        3  0.5709     0.1429               1.0771 1.5344e-02
                        6  0.7264     0.1429               0.9216 1.5344e-02
                        7  1.0231     0.1429               0.6249 1.5344e-02
                        9  1.1621     0.1429               0.4859 1.5344e-02
                       12  1.5699     0.1429               0.0781 1.5344e-02
 12  1.5699    2.5-                          1.2809e-01
                        0  0.0000     1.0000               1.5699 1.2807e-01
 11  1.5172    4.5+                          4.8704e-01                       1.4500e-10
                        7  1.0231     1.0000               0.4941 4.8683e-01
 10  1.2113    0.5-                          6.4792e-02
                        0  0.0000     1.0000               1.2113 6.4784e-02
  9  1.1621    1.5-                          1.0121e-01
                        3  0.5709     0.6809               0.5912 6.8863e-02
                        2  0.4727     0.0211               0.6893 2.1347e-03
                        1  0.2870     0.1980               0.8751 2.0036e-02
                        0  0.0000     0.1000               1.1621 1.0120e-02
  8  1.0778    0.5-                          4.4304e-02
                        4  0.6130     1.0000               0.4647 4.4269e-02
  7  1.0231    3.5-                          8.0275e-01
                        3  0.5709     0.4014               0.4523 3.2176e-01
                        2  0.4727     0.0494               0.5504 3.9663e-02
                        0  0.0000     0.5492               1.0231 4.4076e-01
  6  0.7264    1.5-                          1.8937e-01
                        1  0.2870     0.0360               0.4394 6.8073e-03
                        0  0.0000     0.9640               0.7264 1.8249e-01
  5  0.6428    0.5-                          5.5100e-02
                        0  0.0000     1.0000               0.6428 5.5072e-02
  4  0.6130    0.5-                          1.5766e-01
                        0  0.0000     1.0000               0.6130 1.5756e-01
  3  0.5709    2.5-                          6.4988e-01
                        0  0.0000     1.0000               0.5709 6.4942e-01
  2  0.4727    2.5-                          3.1562e-01
                        0  0.0000     1.0000               0.4727 3.1524e-01
  1  0.2870    0.5-                          1.1153e-01
                        0  0.0000     1.0000               0.2870 1.1086e-01
  0  0.0000    1.5-                          2.6293e+00                       3.8440e+06
#......................................................................../  028-062Ni //  23.500000
#                                                                          SUM SPECTRA FOR COMPOUND
#            027-061Co      gamma    neutron     proton      alpha
 SpcSum[mb]            5.8058e-01 2.1172e-13 2.8623e-20 1.5616e-28
 Emean[MeV]            1.1839e+00 1.4526e-01 6.1178e-01 1.9605e+00
#......................................................................../  028-062Ni //  23.500000
#                                                                   GAMMAS FROM DISCRETE TRANSITION
#           0 1 0 1 0 0             027-061Co
#   Ex[MeV]     Jpi    FinalState  Branching Production    Egamma Production   T(1/2)[s]
 49  3.2520    2.5+                          9.7874e-04
                        0  0.0000     0.0526               3.2520 5.1512e-05
                        1  1.0275     0.0526               2.2245 5.1512e-05
                        2  1.2051     0.0526               2.0469 5.1512e-05
                        6  1.6189     0.0526               1.6331 5.1512e-05
                        7  1.6310     0.0526               1.6210 5.1512e-05
                        8  1.6459     0.0526               1.6061 5.1512e-05
                       10  1.6820     0.0526               1.5700 5.1512e-05
                       11  1.8892     0.0526               1.3628 5.1512e-05
                       13  2.0115     0.0526               1.2405 5.1512e-05
                       16  2.3030     0.0526               0.9490 5.1512e-05
                       18  2.3455     0.0526               0.9065 5.1512e-05
                       21  2.4480     0.0526               0.8040 5.1512e-05
                       30  2.7545     0.0526               0.4975 5.1512e-05
                       32  2.8644     0.0526               0.3876 5.1512e-05
                       36  3.0003     0.0526               0.2517 5.1512e-05
                       38  3.0280     0.0526               0.2240 5.1512e-05
                       40  3.1044     0.0526               0.1476 5.1512e-05
                       46  3.2047     0.0526               0.0473 5.1512e-05
                       48  3.2392     0.0526               0.0128 5.1512e-05
 48  3.2392    3.5-                          1.5824e-03
                        0  0.0000     1.0000               3.2392 1.5811e-03
 47  3.2180    1.5+                          6.3573e-04
                        1  1.0275     0.0667               2.1905 4.2382e-05
                        2  1.2051     0.0667               2.0129 4.2382e-05
                        6  1.6189     0.0667               1.5991 4.2382e-05
                        7  1.6310     0.0667               1.5870 4.2382e-05
                       10  1.6820     0.0667               1.5360 4.2382e-05
                       12  1.9532     0.0667               1.2648 4.2382e-05
                       13  2.0115     0.0667               1.2065 4.2382e-05
                       16  2.3030     0.0667               0.9150 4.2382e-05
                       18  2.3455     0.0667               0.8725 4.2382e-05
                       30  2.7545     0.0667               0.4635 4.2382e-05
                       32  2.8644     0.0667               0.3536 4.2382e-05
                       36  3.0003     0.0667               0.2177 4.2382e-05
                       38  3.0280     0.0667               0.1900 4.2382e-05
                       40  3.1044     0.0667               0.1136 4.2382e-05
                       46  3.2047     0.0667               0.0133 4.2382e-05
 46  3.2047    2.5-                          1.1534e-03
                        5  1.3254     0.4048               1.8793 4.6681e-04
                        2  1.2051     0.2024               1.9996 2.3338e-04
                        1  1.0275     0.3239               2.1772 3.7344e-04
                        0  0.0000     0.0689               3.2047 7.9358e-05
 45  3.1911    1.5+                          6.6326e-04
                        0  0.0000     1.0000               3.1911 6.6287e-04
 44  3.1760    3.5+                          1.6949e-03
                        0  0.0000     0.0667               3.1760 1.1299e-04
                        2  1.2051     0.0667               1.9709 1.1299e-04
                        4  1.2857     0.0667               1.8903 1.1299e-04
                        6  1.6189     0.0667               1.5571 1.1299e-04
                        7  1.6310     0.0667               1.5450 1.1299e-04
                        8  1.6459     0.0667               1.5301 1.1299e-04
                       10  1.6820     0.0667               1.4940 1.1299e-04
                       11  1.8892     0.0667               1.2868 1.1299e-04
                       18  2.3455     0.0667               0.8305 1.1299e-04
                       21  2.4480     0.0667               0.7280 1.1299e-04
                       30  2.7545     0.0667               0.4215 1.1299e-04
                       32  2.8644     0.0667               0.3116 1.1299e-04
                       36  3.0003     0.0667               0.1757 1.1299e-04
                       38  3.0280     0.0667               0.1480 1.1299e-04
                       40  3.1044     0.0667               0.0716 1.1299e-04
 43  3.1517    1.5+                          7.0553e-04
                        1  1.0275     0.0714               2.1242 5.0395e-05
                        2  1.2051     0.0714               1.9466 5.0395e-05
                        6  1.6189     0.0714               1.5328 5.0395e-05
                        7  1.6310     0.0714               1.5207 5.0395e-05
                       10  1.6820     0.0714               1.4697 5.0395e-05
                       12  1.9532     0.0714               1.1985 5.0395e-05
                       13  2.0115     0.0714               1.1402 5.0395e-05
                       16  2.3030     0.0714               0.8487 5.0395e-05
                       18  2.3455     0.0714               0.8062 5.0395e-05
                       30  2.7545     0.0714               0.3972 5.0395e-05
                       32  2.8644     0.0714               0.2873 5.0395e-05
                       36  3.0003     0.0714               0.1514 5.0395e-05
                       38  3.0280     0.0714               0.1237 5.0395e-05
                       40  3.1044     0.0714               0.0473 5.0395e-05
 42  3.1271    7.5-                          1.3566e-02
                       19  2.3747     0.8000               0.7524 1.0849e-02
                        9  1.6646     0.2000               1.4625 2.7128e-03
 41  3.1167    1.5+                          7.4509e-04
                        1  1.0275     0.0714               2.0892 5.3221e-05
                        2  1.2051     0.0714               1.9116 5.3221e-05
                        6  1.6189     0.0714               1.4978 5.3221e-05
                        7  1.6310     0.0714               1.4857 5.3221e-05
                       10  1.6820     0.0714               1.4347 5.3221e-05
                       12  1.9532     0.0714               1.1635 5.3221e-05
                       13  2.0115     0.0714               1.1052 5.3221e-05
                       16  2.3030     0.0714               0.8137 5.3221e-05
                       18  2.3455     0.0714               0.7712 5.3221e-05
                       30  2.7545     0.0714               0.3622 5.3221e-05
                       32  2.8644     0.0714               0.2523 5.3221e-05
                       36  3.0003     0.0714               0.1164 5.3221e-05
                       38  3.0280     0.0714               0.0887 5.3221e-05
                       40  3.1044     0.0714               0.0123 5.3221e-05
 40  3.1044    2.5-                          1.5500e-03
                        2  1.2051     1.0000               1.8993 1.5495e-03
 39  3.0770    5.5+                          4.6985e-03
                        4  1.2857     0.2000               1.7913 9.3970e-04
                        9  1.6646     0.2000               1.4124 9.3970e-04
                       14  2.2309     0.2000               0.8461 9.3970e-04
                       17  2.3391     0.2000               0.7379 9.3970e-04
                       19  2.3747     0.2000               0.7023 9.3970e-04
 38  3.0280    2.5-                          1.7047e-03
                        3  1.2720     0.0833               1.7560 1.4206e-04
                       20  2.4314     0.0833               0.5966 1.4206e-04
                       22  2.4845     0.0833               0.5435 1.4206e-04
                       24  2.5586     0.0833               0.4694 1.4206e-04
                       26  2.5740     0.0833               0.4540 1.4206e-04
                       27  2.6423     0.0833               0.3857 1.4206e-04
                       28  2.7067     0.0833               0.3213 1.4206e-04
                       29  2.7265     0.0833               0.3015 1.4206e-04
                       31  2.7801     0.0833               0.2479 1.4206e-04
                       34  2.9529     0.0833               0.0751 1.4206e-04
                       35  2.9799     0.0833               0.0481 1.4206e-04
                       37  3.0260     0.0833               0.0020 1.4206e-04
 37  3.0260    1.5+                          9.9915e-04
                        1  1.0275     0.0833               1.9985 8.3262e-05
                        2  1.2051     0.0833               1.8209 8.3262e-05
                        6  1.6189     0.0833               1.4071 8.3262e-05
                        7  1.6310     0.0833               1.3950 8.3262e-05
                       10  1.6820     0.0833               1.3440 8.3262e-05
                       12  1.9532     0.0833               1.0728 8.3262e-05
                       13  2.0115     0.0833               1.0145 8.3262e-05
                       16  2.3030     0.0833               0.7230 8.3262e-05
                       18  2.3455     0.0833               0.6805 8.3262e-05
                       30  2.7545     0.0833               0.2715 8.3262e-05
                       32  2.8644     0.0833               0.1616 8.3262e-05
                       36  3.0003     0.0833               0.0257 8.3262e-05
 36  3.0003    2.5-                          1.8482e-03
                       16  2.3030     0.0860               0.6973 1.5883e-04
                       14  2.2309     0.1178               0.7694 2.1732e-04
                       13  2.0115     0.4524               0.9888 8.3593e-04
                        6  1.6189     0.2986               1.3814 5.5178e-04
                        1  1.0275     0.0452               1.9728 8.3602e-05
 35  2.9799    1.5+                          1.0617e-03
                        1  1.0275     0.0909               1.9524 9.6519e-05
                        2  1.2051     0.0909               1.7748 9.6519e-05
                        6  1.6189     0.0909               1.3610 9.6519e-05
                        7  1.6310     0.0909               1.3489 9.6519e-05
                       10  1.6820     0.0909               1.2979 9.6519e-05
                       12  1.9532     0.0909               1.0267 9.6519e-05
                       13  2.0115     0.0909               0.9684 9.6519e-05
                       16  2.3030     0.0909               0.6769 9.6519e-05
                       18  2.3455     0.0909               0.6344 9.6519e-05
                       30  2.7545     0.0909               0.2254 9.6519e-05
                       32  2.8644     0.0909               0.1155 9.6519e-05
 34  2.9529    3.5+                          2.5334e-03
                        0  0.0000     0.0833               2.9529 2.1112e-04
                        2  1.2051     0.0833               1.7478 2.1112e-04
                        4  1.2857     0.0833               1.6672 2.1112e-04
                        6  1.6189     0.0833               1.3340 2.1112e-04
                        7  1.6310     0.0833               1.3219 2.1112e-04
                        8  1.6459     0.0833               1.3070 2.1112e-04
                       10  1.6820     0.0833               1.2709 2.1112e-04
                       11  1.8892     0.0833               1.0637 2.1112e-04
                       18  2.3455     0.0833               0.6074 2.1112e-04
                       21  2.4480     0.0833               0.5049 2.1112e-04
                       30  2.7545     0.0833               0.1984 2.1112e-04
                       32  2.8644     0.0833               0.0885 2.1112e-04
 33  2.9201    5.5+                          5.9731e-03
                        0  0.0000     1.0000               2.9201 5.9700e-03
 32  2.8644    2.5-                          2.4856e-03
                       16  2.3030     0.0438               0.5614 1.0873e-04
                        5  1.3254     0.2187               1.5390 5.4351e-04
                        2  1.2051     0.6250               1.6593 1.5532e-03
                        1  1.0275     0.1125               1.8369 2.7956e-04
 31  2.7801    1.5+                          1.3833e-03
                        1  1.0275     0.1000               1.7526 1.3833e-04
                        2  1.2051     0.1000               1.5750 1.3833e-04
                        6  1.6189     0.1000               1.1612 1.3833e-04
                        7  1.6310     0.1000               1.1491 1.3833e-04
                       10  1.6820     0.1000               1.0981 1.3833e-04
                       12  1.9532     0.1000               0.8269 1.3833e-04
                       13  2.0115     0.1000               0.7686 1.3833e-04
                       16  2.3030     0.1000               0.4771 1.3833e-04
                       18  2.3455     0.1000               0.4346 1.3833e-04
                       30  2.7545     0.1000               0.0256 1.3833e-04
 30  2.7545    2.5-                          2.9367e-03
                        0  0.0000     1.0000               2.7545 2.9348e-03
 29  2.7265    1.5+                          1.4853e-03
                        1  1.0275     0.1111               1.6990 1.6504e-04
                        2  1.2051     0.1111               1.5214 1.6504e-04
                        6  1.6189     0.1111               1.1076 1.6504e-04
                        7  1.6310     0.1111               1.0955 1.6504e-04
                       10  1.6820     0.1111               1.0445 1.6504e-04
                       12  1.9532     0.1111               0.7733 1.6504e-04
                       13  2.0115     0.1111               0.7150 1.6504e-04
                       16  2.3030     0.1111               0.4235 1.6504e-04
                       18  2.3455     0.1111               0.3810 1.6504e-04
 28  2.7067    3.5+                          3.5905e-03
                        0  0.0000     0.1000               2.7067 3.5905e-04
                        2  1.2051     0.1000               1.5016 3.5905e-04
                        4  1.2857     0.1000               1.4210 3.5905e-04
                        6  1.6189     0.1000               1.0878 3.5905e-04
                        7  1.6310     0.1000               1.0757 3.5905e-04
                        8  1.6459     0.1000               1.0608 3.5905e-04
                       10  1.6820     0.1000               1.0247 3.5905e-04
                       11  1.8892     0.1000               0.8175 3.5905e-04
                       18  2.3455     0.1000               0.3612 3.5905e-04
                       21  2.4480     0.1000               0.2587 3.5905e-04
 27  2.6423    2.5+                          2.6136e-03
                        0  0.0000     0.0833               2.6423 2.1780e-04
                        1  1.0275     0.0833               1.6148 2.1780e-04
                        2  1.2051     0.0833               1.4372 2.1780e-04
                        6  1.6189     0.0833               1.0234 2.1780e-04
                        7  1.6310     0.0833               1.0113 2.1780e-04
                        8  1.6459     0.0833               0.9964 2.1780e-04
                       10  1.6820     0.0833               0.9603 2.1780e-04
                       11  1.8892     0.0833               0.7531 2.1780e-04
                       13  2.0115     0.0833               0.6308 2.1780e-04
                       16  2.3030     0.0833               0.3393 2.1780e-04
                       18  2.3455     0.0833               0.2968 2.1780e-04
                       21  2.4480     0.0833               0.1943 2.1780e-04
 26  2.5740    2.5+                          2.8697e-03
                        0  0.0000     0.0833               2.5740 2.3914e-04
                        1  1.0275     0.0833               1.5465 2.3914e-04
                        2  1.2051     0.0833               1.3689 2.3914e-04
                        6  1.6189     0.0833               0.9551 2.3914e-04
                        7  1.6310     0.0833               0.9430 2.3914e-04
                        8  1.6459     0.0833               0.9281 2.3914e-04
                       10  1.6820     0.0833               0.8920 2.3914e-04
                       11  1.8892     0.0833               0.6848 2.3914e-04
                       13  2.0115     0.0833               0.5625 2.3914e-04
                       16  2.3030     0.0833               0.2710 2.3914e-04
                       18  2.3455     0.0833               0.2285 2.3914e-04
                       21  2.4480     0.0833               0.1260 2.3914e-04
 25  2.5716    0.5+                          8.0838e-04
                        1  1.0275     0.2500               1.5441 2.0209e-04
                       12  1.9532     0.2500               0.6184 2.0209e-04
                       13  2.0115     0.2500               0.5601 2.0209e-04
                       16  2.3030     0.2500               0.2686 2.0209e-04
 24  2.5586    1.5+                          1.8556e-03
                        1  1.0275     0.1111               1.5311 2.0617e-04
                        2  1.2051     0.1111               1.3535 2.0617e-04
                        6  1.6189     0.1111               0.9397 2.0617e-04
                        7  1.6310     0.1111               0.9276 2.0617e-04
                       10  1.6820     0.1111               0.8766 2.0617e-04
                       12  1.9532     0.1111               0.6054 2.0617e-04
                       13  2.0115     0.1111               0.5471 2.0617e-04
                       16  2.3030     0.1111               0.2556 2.0617e-04
                       18  2.3455     0.1111               0.2131 2.0617e-04
 23  2.4990    4.5+                          7.1393e-03
                        0  0.0000     0.1250               2.4990 8.9241e-04
                        4  1.2857     0.1250               1.2133 8.9241e-04
                        8  1.6459     0.1250               0.8531 8.9241e-04
                        9  1.6646     0.1250               0.8344 8.9241e-04
                       11  1.8892     0.1250               0.6098 8.9241e-04
                       14  2.2309     0.1250               0.2681 8.9241e-04
                       17  2.3391     0.1250               0.1599 8.9241e-04
                       21  2.4480     0.1250               0.0510 8.9241e-04
 22  2.4845    3.5+                          4.8855e-03
                        0  0.0000     1.0000               2.4845 4.8807e-03
 21  2.4480    3.5-                          7.0049e-03
                       20  2.4314     1.0000               0.0166 7.0049e-03
 20  2.4314    2.5+                          1.0487e-02
                       11  1.8892     0.3750               0.5422 3.9313e-03
                        1  1.0275     0.6250               1.4039 6.5530e-03
 19  2.3747    6.5-                          3.4747e-02
                        9  1.6646     1.0000               0.7101 3.4731e-02
 18  2.3455    2.5-                          5.7438e-03
                        3  1.2720     1.0000               1.0735 5.7438e-03
 17  2.3391    5.5-                          1.5322e-02                       1.7000e-12
                        4  1.2857     1.0000               1.0534 1.5319e-02
 16  2.3030    1.5-                          4.2308e-03
                       12  1.9532     0.0908               0.3498 3.8290e-04
                        8  1.6459     0.1260               0.6571 5.3272e-04
                        5  1.3254     0.0433               0.9776 1.8313e-04
                        2  1.2051     0.3936               1.0979 1.6650e-03
                        1  1.0275     0.3463               1.2755 1.4649e-03
 15  2.2580    0.5+                          1.2541e-03
                        1  1.0275     0.3333               1.2305 4.1802e-04
                       12  1.9532     0.3333               0.3048 4.1802e-04
                       13  2.0115     0.3333               0.2465 4.1802e-04
 14  2.2309    5.5-                          1.7620e-02
                        4  1.2857     0.4999               0.9452 8.8061e-03
                        2  1.2051     0.0000               1.0258 0.0000e+00
                        1  1.0275     0.0000               1.2034 0.0000e+00
                        0  0.0000     0.5001               2.2309 8.8074e-03
 13  2.0115    1.5-                          6.3310e-03
                        5  1.3254     0.0714               0.6861 4.5170e-04
                        2  1.2051     0.0345               0.8064 2.1842e-04
                        1  1.0275     0.1098               0.9840 6.9502e-04
                        0  0.0000     0.7843               2.0115 4.9637e-03
 12  1.9532    0.5-                          3.6845e-03
                        2  1.2051     0.7043               0.7481 2.5938e-03
                        1  1.0275     0.2957               0.9257 1.0893e-03
 11  1.8892    3.5-                          1.6110e-02
                        8  1.6459     0.1029               0.2433 1.6397e-03
                        4  1.2857     0.2609               0.6035 4.2002e-03
                        0  0.0000     0.6362               1.8892 1.0246e-02
 10  1.6820    2.5-                          1.0520e-02
                        3  1.2720     1.0000               0.4100 1.0520e-02
  9  1.6646    5.5-                          7.0583e-02                       7.0000e-12
                        4  1.2857     0.2004               0.3789 1.4108e-02
                        0  0.0000     0.7996               1.6646 5.6425e-02
  8  1.6459    3.5-                          1.7665e-02
                        2  1.2051     0.0266               0.4408 4.6981e-04
                        1  1.0275     0.1151               0.6184 2.0315e-03
                        0  0.0000     0.8583               1.6459 1.5158e-02
  7  1.6310    2.5-                          1.1023e-02
                        3  1.2720     1.0000               0.3590 1.1023e-02
  6  1.6189    2.5-                          1.1697e-02
                        4  1.2857     0.3803               0.3332 4.4215e-03
                        0  0.0000     0.6197               1.6189 7.2474e-03
  5  1.3254    0.5+                          5.4910e-03                       1.0000e-07
                        2  1.2051     0.3442               0.1203 8.5909e-04
                        1  1.0275     0.6558               0.2979 3.5943e-03
  4  1.2857    4.5-                          7.9716e-02                       6.0000e-13
                        0  0.0000     1.0000               1.2857 7.9705e-02
  3  1.2720    1.5+                          3.5867e-02
                        1  1.0275     0.5000               0.2445 1.7933e-02
                        2  1.2051     0.5000               0.0669 1.7933e-02
  2  1.2051    2.5-                          4.4158e-02                       1.0000e-07
                        1  1.0275     0.0452               0.1776 1.9391e-03
                        0  0.0000     0.9548               1.2051 4.2155e-02
  1  1.0275    1.5-                          4.8339e-02                       1.0000e-07
                        0  0.0000     1.0000               1.0275 4.8328e-02
  0  0.0000    3.5-                          3.5423e-01                       5.9400e+03
#......................................................................../  028-062Ni //  23.500000
#                                                                          SUM SPECTRA FOR COMPOUND
#            025-056Mn      gamma    neutron     proton      alpha   deuteron
 SpcSum[mb]            2.6518e+00 2.0536e-03 2.3860e-11 4.3339e-14 2.9273e-22
 Emean[MeV]            7.4980e-01 4.8667e-01 2.0073e+00 4.0732e+00 1.4820e+00
#......................................................................../  028-062Ni //  23.500000
#                                                                   GAMMAS FROM DISCRETE TRANSITION
#           0 0 2 0 0 0             025-056Mn
#   Ex[MeV]     Jpi    FinalState  Branching Production    Egamma Production   T(1/2)[s]
 45  1.9802    2.0-                          5.3516e-03
                        0  0.0000     0.0455               1.9802 2.4325e-04
                        1  0.0266     0.0455               1.9536 2.4325e-04
                        2  0.1105     0.0455               1.8697 2.4325e-04
                        4  0.2151     0.0455               1.7651 2.4325e-04
                        6  0.3410     0.0455               1.6392 2.4325e-04
                        7  0.4543     0.0455               1.5259 2.4325e-04
                        8  0.4863     0.0455               1.4939 2.4325e-04
                       11  0.7162     0.0455               1.2640 2.4325e-04
                       12  0.7535     0.0455               1.2267 2.4325e-04
                       18  1.1677     0.0455               0.8125 2.4325e-04
                       20  1.1950     0.0455               0.7852 2.4325e-04
                       22  1.2390     0.0455               0.7412 2.4325e-04
                       23  1.2937     0.0455               0.6865 2.4325e-04
                       24  1.3509     0.0455               0.6293 2.4325e-04
                       30  1.5099     0.0455               0.4703 2.4325e-04
                       31  1.5600     0.0455               0.4202 2.4325e-04
                       32  1.6136     0.0455               0.3666 2.4325e-04
                       33  1.6550     0.0455               0.3252 2.4325e-04
                       37  1.7444     0.0455               0.2358 2.4325e-04
                       39  1.8337     0.0455               0.1465 2.4325e-04
                       40  1.8660     0.0455               0.1142 2.4325e-04
                       44  1.9700     0.0455               0.0102 2.4325e-04
 44  1.9700    3.0+                          8.5570e-03
                        9  0.5410     0.0769               1.4290 6.5823e-04
                       10  0.6610     0.0769               1.3090 6.5823e-04
                       14  0.8530     0.0769               1.1170 6.5823e-04
                       17  1.1400     0.0769               0.8300 6.5823e-04
                       25  1.3640     0.0769               0.6060 6.5823e-04
                       26  1.3840     0.0769               0.5860 6.5823e-04
                       27  1.4470     0.0769               0.5230 6.5823e-04
                       28  1.4840     0.0769               0.4860 6.5823e-04
                       34  1.6740     0.0769               0.2960 6.5823e-04
                       36  1.7275     0.0769               0.2425 6.5823e-04
                       38  1.7800     0.0769               0.1900 6.5823e-04
                       41  1.8780     0.0769               0.0920 6.5823e-04
                       42  1.9110     0.0769               0.0590 6.5823e-04
 43  1.9490    1.0-                          3.0337e-03
                        1  0.0266     0.0769               1.9224 2.3336e-04
                        2  0.1105     0.0769               1.8385 2.3336e-04
                        4  0.2151     0.0769               1.7339 2.3336e-04
                       11  0.7162     0.0769               1.2328 2.3336e-04
                       18  1.1677     0.0769               0.7813 2.3336e-04
                       23  1.2937     0.0769               0.6553 2.3336e-04
                       24  1.3509     0.0769               0.5981 2.3336e-04
                       30  1.5099     0.0769               0.4391 2.3336e-04
                       31  1.5600     0.0769               0.3890 2.3336e-04
                       33  1.6550     0.0769               0.2940 2.3336e-04
                       37  1.7444     0.0769               0.2046 2.3336e-04
                       39  1.8337     0.0769               0.1153 2.3336e-04
                       40  1.8660     0.0769               0.0830 2.3336e-04
 42  1.9110    3.0-                          9.3168e-03
                        0  0.0000     0.0556               1.9110 5.1760e-04
                        1  0.0266     0.0556               1.8844 5.1760e-04
                        3  0.2120     0.0556               1.6990 5.1760e-04
                        4  0.2151     0.0556               1.6959 5.1760e-04
                        6  0.3410     0.0556               1.5700 5.1760e-04
                        7  0.4543     0.0556               1.4567 5.1760e-04
                        8  0.4863     0.0556               1.4247 5.1760e-04
                       12  0.7535     0.0556               1.1575 5.1760e-04
                       19  1.1923     0.0556               0.7187 5.1760e-04
                       20  1.1950     0.0556               0.7160 5.1760e-04
                       22  1.2390     0.0556               0.6720 5.1760e-04
                       23  1.2937     0.0556               0.6173 5.1760e-04
                       24  1.3509     0.0556               0.5601 5.1760e-04
                       29  1.4845     0.0556               0.4265 5.1760e-04
                       30  1.5099     0.0556               0.4011 5.1760e-04
                       32  1.6136     0.0556               0.2974 5.1760e-04
                       37  1.7444     0.0556               0.1666 5.1760e-04
                       40  1.8660     0.0556               0.0450 5.1760e-04
 41  1.8780    3.0-                          9.6293e-03
                        0  0.0000     0.0556               1.8780 5.3496e-04
                        1  0.0266     0.0556               1.8514 5.3496e-04
                        3  0.2120     0.0556               1.6660 5.3496e-04
                        4  0.2151     0.0556               1.6629 5.3496e-04
                        6  0.3410     0.0556               1.5370 5.3496e-04
                        7  0.4543     0.0556               1.4237 5.3496e-04
                        8  0.4863     0.0556               1.3917 5.3496e-04
                       12  0.7535     0.0556               1.1245 5.3496e-04
                       19  1.1923     0.0556               0.6857 5.3496e-04
                       20  1.1950     0.0556               0.6830 5.3496e-04
                       22  1.2390     0.0556               0.6390 5.3496e-04
                       23  1.2937     0.0556               0.5843 5.3496e-04
                       24  1.3509     0.0556               0.5271 5.3496e-04
                       29  1.4845     0.0556               0.3935 5.3496e-04
                       30  1.5099     0.0556               0.3681 5.3496e-04
                       32  1.6136     0.0556               0.2644 5.3496e-04
                       37  1.7444     0.0556               0.1336 5.3496e-04
                       40  1.8660     0.0556               0.0120 5.3496e-04
 40  1.8660    2.0+                          7.3973e-03
                        9  0.5410     0.0769               1.3250 5.6902e-04
                       10  0.6610     0.0769               1.2050 5.6902e-04
                       14  0.8530     0.0769               1.0130 5.6902e-04
                       15  0.8840     0.0769               0.9820 5.6902e-04
                       16  0.9740     0.0769               0.8920 5.6902e-04
                       25  1.3640     0.0769               0.5020 5.6902e-04
                       26  1.3840     0.0769               0.4820 5.6902e-04
                       27  1.4470     0.0769               0.4190 5.6902e-04
                       28  1.4840     0.0769               0.3820 5.6902e-04
                       34  1.6740     0.0769               0.1920 5.6902e-04
                       35  1.6929     0.0769               0.1731 5.6902e-04
                       36  1.7275     0.0769               0.1385 5.6902e-04
                       38  1.7800     0.0769               0.0860 5.6902e-04
 39  1.8337    1.0+                          4.0860e-03
                        9  0.5410     0.0909               1.2927 3.7145e-04
                       14  0.8530     0.0909               0.9807 3.7145e-04
                       15  0.8840     0.0909               0.9497 3.7145e-04
                       16  0.9740     0.0909               0.8597 3.7145e-04
                       25  1.3640     0.0909               0.4697 3.7145e-04
                       26  1.3840     0.0909               0.4497 3.7145e-04
                       27  1.4470     0.0909               0.3867 3.7145e-04
                       28  1.4840     0.0909               0.3497 3.7145e-04
                       35  1.6929     0.0909               0.1408 3.7145e-04
                       36  1.7275     0.0909               0.1062 3.7145e-04
                       38  1.7800     0.0909               0.0537 3.7145e-04
 38  1.7800    2.0-                          8.2625e-03
                        0  0.0000     0.0526               1.7800 4.3487e-04
                        1  0.0266     0.0526               1.7534 4.3487e-04
                        2  0.1105     0.0526               1.6695 4.3487e-04
                        4  0.2151     0.0526               1.5649 4.3487e-04
                        6  0.3410     0.0526               1.4390 4.3487e-04
                        7  0.4543     0.0526               1.3257 4.3487e-04
                        8  0.4863     0.0526               1.2937 4.3487e-04
                       11  0.7162     0.0526               1.0638 4.3487e-04
                       12  0.7535     0.0526               1.0265 4.3487e-04
                       18  1.1677     0.0526               0.6123 4.3487e-04
                       20  1.1950     0.0526               0.5850 4.3487e-04
                       22  1.2390     0.0526               0.5410 4.3487e-04
                       23  1.2937     0.0526               0.4863 4.3487e-04
                       24  1.3509     0.0526               0.4291 4.3487e-04
                       30  1.5099     0.0526               0.2701 4.3487e-04
                       31  1.5600     0.0526               0.2200 4.3487e-04
                       32  1.6136     0.0526               0.1664 4.3487e-04
                       33  1.6550     0.0526               0.1250 4.3487e-04
                       37  1.7444     0.0526               0.0356 4.3487e-04
 37  1.7444    2.0+                          8.6672e-03
                        9  0.5410     0.0833               1.2034 7.2227e-04
                       10  0.6610     0.0833               1.0834 7.2227e-04
                       14  0.8530     0.0833               0.8914 7.2227e-04
                       15  0.8840     0.0833               0.8604 7.2227e-04
                       16  0.9740     0.0833               0.7704 7.2227e-04
                       25  1.3640     0.0833               0.3804 7.2227e-04
                       26  1.3840     0.0833               0.3604 7.2227e-04
                       27  1.4470     0.0833               0.2974 7.2227e-04
                       28  1.4840     0.0833               0.2604 7.2227e-04
                       34  1.6740     0.0833               0.0704 7.2227e-04
                       35  1.6929     0.0833               0.0515 7.2227e-04
                       36  1.7275     0.0833               0.0169 7.2227e-04
 36  1.7275    2.0-                          9.3853e-03
                        0  0.0000     0.0556               1.7275 5.2141e-04
                        1  0.0266     0.0556               1.7009 5.2141e-04
                        2  0.1105     0.0556               1.6170 5.2141e-04
                        4  0.2151     0.0556               1.5123 5.2141e-04
                        6  0.3410     0.0556               1.3865 5.2141e-04
                        7  0.4543     0.0556               1.2731 5.2141e-04
                        8  0.4863     0.0556               1.2411 5.2141e-04
                       11  0.7162     0.0556               1.0113 5.2141e-04
                       12  0.7535     0.0556               0.9740 5.2141e-04
                       18  1.1677     0.0556               0.5598 5.2141e-04
                       20  1.1950     0.0556               0.5325 5.2141e-04
                       22  1.2390     0.0556               0.4885 5.2141e-04
                       23  1.2937     0.0556               0.4338 5.2141e-04
                       24  1.3509     0.0556               0.3766 5.2141e-04
                       30  1.5099     0.0556               0.2176 5.2141e-04
                       31  1.5600     0.0556               0.1675 5.2141e-04
                       32  1.6136     0.0556               0.1139 5.2141e-04
                       33  1.6550     0.0556               0.0725 5.2141e-04
 35  1.6929    1.0-                          5.7428e-03
                        1  0.0266     0.1000               1.6663 5.7428e-04
                        2  0.1105     0.1000               1.5824 5.7428e-04
                        4  0.2151     0.1000               1.4778 5.7428e-04
                       11  0.7162     0.1000               0.9767 5.7428e-04
                       18  1.1677     0.1000               0.5252 5.7428e-04
                       23  1.2937     0.1000               0.3992 5.7428e-04
                       24  1.3509     0.1000               0.3420 5.7428e-04
                       30  1.5099     0.1000               0.1830 5.7428e-04
                       31  1.5600     0.1000               0.1329 5.7428e-04
                       33  1.6550     0.1000               0.0379 5.7428e-04
 34  1.6740    3.0-                          1.3145e-02
                        0  0.0000     0.0625               1.6740 8.2157e-04
                        1  0.0266     0.0625               1.6474 8.2157e-04
                        3  0.2120     0.0625               1.4620 8.2157e-04
                        4  0.2151     0.0625               1.4589 8.2157e-04
                        6  0.3410     0.0625               1.3330 8.2157e-04
                        7  0.4543     0.0625               1.2197 8.2157e-04
                        8  0.4863     0.0625               1.1877 8.2157e-04
                       12  0.7535     0.0625               0.9205 8.2157e-04
                       19  1.1923     0.0625               0.4817 8.2157e-04
                       20  1.1950     0.0625               0.4790 8.2157e-04
                       22  1.2390     0.0625               0.4350 8.2157e-04
                       23  1.2937     0.0625               0.3803 8.2157e-04
                       24  1.3509     0.0625               0.3231 8.2157e-04
                       29  1.4845     0.0625               0.1895 8.2157e-04
                       30  1.5099     0.0625               0.1641 8.2157e-04
                       32  1.6136     0.0625               0.0604 8.2157e-04
 33  1.6550    1.0+                          6.4275e-03
                        9  0.5410     0.1250               1.1140 8.0344e-04
                       14  0.8530     0.1250               0.8020 8.0344e-04
                       15  0.8840     0.1250               0.7710 8.0344e-04
                       16  0.9740     0.1250               0.6810 8.0344e-04
                       25  1.3640     0.1250               0.2910 8.0344e-04
                       26  1.3840     0.1250               0.2710 8.0344e-04
                       27  1.4470     0.1250               0.2080 8.0344e-04
                       28  1.4840     0.1250               0.1710 8.0344e-04
 32  1.6136    3.0+                          1.5052e-02                       5.9000e-13
                       21  1.2367     0.0743               0.3769 1.1146e-03
                        5  0.3355     0.9257               1.2780 1.3932e-02
 31  1.5600    1.0+                          6.9381e-03
                        9  0.5410     0.1250               1.0190 8.6726e-04
                       14  0.8530     0.1250               0.7070 8.6726e-04
                       15  0.8840     0.1250               0.6760 8.6726e-04
                       16  0.9740     0.1250               0.5860 8.6726e-04
                       25  1.3640     0.1250               0.1960 8.6726e-04
                       26  1.3840     0.1250               0.1760 8.6726e-04
                       27  1.4470     0.1250               0.1130 8.6726e-04
                       28  1.4840     0.1250               0.0760 8.6726e-04
 30  1.5099    2.0+                          1.2571e-02
                        9  0.5410     0.1111               0.9689 1.3968e-03
                       10  0.6610     0.1111               0.8489 1.3968e-03
                       14  0.8530     0.1111               0.6569 1.3968e-03
                       15  0.8840     0.1111               0.6259 1.3968e-03
                       16  0.9740     0.1111               0.5359 1.3968e-03
                       25  1.3640     0.1111               0.1459 1.3968e-03
                       26  1.3840     0.1111               0.1259 1.3968e-03
                       27  1.4470     0.1111               0.0629 1.3968e-03
                       28  1.4840     0.1111               0.0259 1.3968e-03
 29  1.4845    4.0+                          2.1674e-02
                       12  0.7535     0.4414               0.7311 9.5637e-03
                        5  0.3355     0.5586               1.1490 1.2106e-02
 28  1.4840    2.0-                          1.4706e-02
                        0  0.0000     0.0714               1.4840 1.0504e-03
                        1  0.0266     0.0714               1.4574 1.0504e-03
                        2  0.1105     0.0714               1.3735 1.0504e-03
                        4  0.2151     0.0714               1.2689 1.0504e-03
                        6  0.3410     0.0714               1.1430 1.0504e-03
                        7  0.4543     0.0714               1.0297 1.0504e-03
                        8  0.4863     0.0714               0.9977 1.0504e-03
                       11  0.7162     0.0714               0.7678 1.0504e-03
                       12  0.7535     0.0714               0.7305 1.0504e-03
                       18  1.1677     0.0714               0.3163 1.0504e-03
                       20  1.1950     0.0714               0.2890 1.0504e-03
                       22  1.2390     0.0714               0.2450 1.0504e-03
                       23  1.2937     0.0714               0.1903 1.0504e-03
                       24  1.3509     0.0714               0.1331 1.0504e-03
 27  1.4470    2.0-                          1.5117e-02
                        0  0.0000     0.0714               1.4470 1.0798e-03
                        1  0.0266     0.0714               1.4204 1.0798e-03
                        2  0.1105     0.0714               1.3365 1.0798e-03
                        4  0.2151     0.0714               1.2319 1.0798e-03
                        6  0.3410     0.0714               1.1060 1.0798e-03
                        7  0.4543     0.0714               0.9927 1.0798e-03
                        8  0.4863     0.0714               0.9607 1.0798e-03
                       11  0.7162     0.0714               0.7308 1.0798e-03
                       12  0.7535     0.0714               0.6935 1.0798e-03
                       18  1.1677     0.0714               0.2793 1.0798e-03
                       20  1.1950     0.0714               0.2520 1.0798e-03
                       22  1.2390     0.0714               0.2080 1.0798e-03
                       23  1.2937     0.0714               0.1533 1.0798e-03
                       24  1.3509     0.0714               0.0961 1.0798e-03
 26  1.3840    2.0-                          1.5865e-02
                        0  0.0000     0.0714               1.3840 1.1332e-03
                        1  0.0266     0.0714               1.3574 1.1332e-03
                        2  0.1105     0.0714               1.2735 1.1332e-03
                        4  0.2151     0.0714               1.1689 1.1332e-03
                        6  0.3410     0.0714               1.0430 1.1332e-03
                        7  0.4543     0.0714               0.9297 1.1332e-03
                        8  0.4863     0.0714               0.8977 1.1332e-03
                       11  0.7162     0.0714               0.6678 1.1332e-03
                       12  0.7535     0.0714               0.6305 1.1332e-03
                       18  1.1677     0.0714               0.2163 1.1332e-03
                       20  1.1950     0.0714               0.1890 1.1332e-03
                       22  1.2390     0.0714               0.1450 1.1332e-03
                       23  1.2937     0.0714               0.0903 1.1332e-03
                       24  1.3509     0.0714               0.0331 1.1332e-03
 25  1.3640    2.0-                          1.6116e-02
                        0  0.0000     0.0714               1.3640 1.1511e-03
                        1  0.0266     0.0714               1.3374 1.1511e-03
                        2  0.1105     0.0714               1.2535 1.1511e-03
                        4  0.2151     0.0714               1.1489 1.1511e-03
                        6  0.3410     0.0714               1.0230 1.1511e-03
                        7  0.4543     0.0714               0.9097 1.1511e-03
                        8  0.4863     0.0714               0.8777 1.1511e-03
                       11  0.7162     0.0714               0.6478 1.1511e-03
                       12  0.7535     0.0714               0.6105 1.1511e-03
                       18  1.1677     0.0714               0.1963 1.1511e-03
                       20  1.1950     0.0714               0.1690 1.1511e-03
                       22  1.2390     0.0714               0.1250 1.1511e-03
                       23  1.2937     0.0714               0.0703 1.1511e-03
                       24  1.3509     0.0714               0.0131 1.1511e-03
 24  1.3509    2.0+                          1.8676e-02
                        9  0.5410     0.2000               0.8099 3.7352e-03
                       10  0.6610     0.2000               0.6899 3.7352e-03
                       14  0.8530     0.2000               0.4979 3.7352e-03
                       15  0.8840     0.2000               0.4669 3.7352e-03
                       16  0.9740     0.2000               0.3769 3.7352e-03
 23  1.2937    2.0+                          1.9363e-02
                        9  0.5410     0.2000               0.7527 3.8725e-03
                       10  0.6610     0.2000               0.6327 3.8725e-03
                       14  0.8530     0.2000               0.4407 3.8725e-03
                       15  0.8840     0.2000               0.4097 3.8725e-03
                       16  0.9740     0.2000               0.3197 3.8725e-03
 22  1.2390    3.0+                          2.5101e-02
                        9  0.5410     0.2500               0.6980 6.2753e-03
                       10  0.6610     0.2500               0.5780 6.2753e-03
                       14  0.8530     0.2500               0.3860 6.2753e-03
                       17  1.1400     0.2500               0.0990 6.2753e-03
 21  1.2367    5.0+                          3.8534e-02                       2.6000e-12
                       12  0.7535     0.7815               0.4832 3.0072e-02
                        5  0.3355     0.2185               0.9011 8.4180e-03
 20  1.1950    3.0+                          2.5917e-02
                        9  0.5410     0.2500               0.6540 6.4792e-03
                       10  0.6610     0.2500               0.5340 6.4792e-03
                       14  0.8530     0.2500               0.3420 6.4792e-03
                       17  1.1400     0.2500               0.0550 6.4792e-03
 19  1.1923    4.0+                          2.8538e-02                       5.0000e-13
                       12  0.7535     0.0295               0.4388 8.4078e-04
                       11  0.7162     0.5933               0.4761 1.6818e-02
                        5  0.3355     0.3772               0.8567 1.0762e-02
 18  1.1677    1.0+                          1.4217e-02
                        9  0.5410     0.2500               0.6267 3.5542e-03
                       14  0.8530     0.2500               0.3147 3.5542e-03
                       15  0.8840     0.2500               0.2837 3.5542e-03
                       16  0.9740     0.2500               0.1937 3.5542e-03
 17  1.1400    4.0-                          4.5304e-02
                        0  0.0000     0.1250               1.1400 5.6631e-03
                        3  0.2120     0.1250               0.9280 5.6631e-03
                        5  0.3355     0.1250               0.8045 5.6631e-03
                        6  0.3410     0.1250               0.7990 5.6631e-03
                        7  0.4543     0.1250               0.6857 5.6631e-03
                        8  0.4863     0.1250               0.6537 5.6631e-03
                       12  0.7535     0.1250               0.3865 5.6631e-03
                       13  0.8404     0.1250               0.2996 5.6631e-03
 16  0.9740    1.0-                          2.6073e-02
                        1  0.0266     0.2500               0.9474 6.5182e-03
                        2  0.1105     0.2500               0.8635 6.5182e-03
                        4  0.2151     0.2500               0.7589 6.5182e-03
                       11  0.7162     0.2500               0.2578 6.5182e-03
 15  0.8840    1.0-                          2.7406e-02
                        1  0.0266     0.2500               0.8574 6.8516e-03
                        2  0.1105     0.2500               0.7735 6.8516e-03
                        4  0.2151     0.2500               0.6689 6.8516e-03
                       11  0.7162     0.2500               0.1678 6.8516e-03
 14  0.8530    2.0-                          4.9520e-02
                        0  0.0000     0.1111               0.8530 5.5023e-03
                        1  0.0266     0.1111               0.8264 5.5023e-03
                        2  0.1105     0.1111               0.7425 5.5023e-03
                        4  0.2151     0.1111               0.6379 5.5023e-03
                        6  0.3410     0.1111               0.5120 5.5023e-03
                        7  0.4543     0.1111               0.3987 5.5023e-03
                        8  0.4863     0.1111               0.3667 5.5023e-03
                       11  0.7162     0.1111               0.1368 5.5023e-03
                       12  0.7535     0.1111               0.0995 5.5023e-03
 13  0.8404    5.0+                          6.2131e-02
                        8  0.4863     0.4209               0.3541 2.6046e-02
                        6  0.3410     0.1679               0.4994 1.0418e-02
                        5  0.3355     0.4112               0.5049 2.5525e-02
 12  0.7535    3.0+                          8.8049e-02                       5.0000e-13
                        7  0.4543     0.0292               0.2991 2.5625e-03
                        3  0.2120     0.9708               0.5414 8.5412e-02
 11  0.7162    1.0+                          5.5352e-02
                        8  0.4863     0.2432               0.2299 1.3203e-02
                        6  0.3410     0.3989               0.3752 2.2005e-02
                        0  0.0000     0.3580               0.7162 1.9806e-02
 10  0.6610    3.0-                          6.0433e-02
                        0  0.0000     0.1429               0.6610 8.6333e-03
                        1  0.0266     0.1429               0.6344 8.6333e-03
                        3  0.2120     0.1429               0.4490 8.6333e-03
                        4  0.2151     0.1429               0.4459 8.6333e-03
                        6  0.3410     0.1429               0.3200 8.6333e-03
                        7  0.4543     0.1429               0.2067 8.6333e-03
                        8  0.4863     0.1429               0.1747 8.6333e-03
  9  0.5410    2.0-                          5.9473e-02
                        0  0.0000     0.1429               0.5410 8.4962e-03
                        1  0.0266     0.1429               0.5144 8.4962e-03
                        2  0.1105     0.1429               0.4305 8.4962e-03
                        4  0.2151     0.1429               0.3259 8.4962e-03
                        6  0.3410     0.1429               0.2000 8.4962e-03
                        7  0.4543     0.1429               0.0867 8.4962e-03
                        8  0.4863     0.1429               0.0547 8.4962e-03
  8  0.4863    3.0+                          1.1292e-01
                        6  0.3410     0.0021               0.1453 2.2457e-04
                        4  0.2151     0.7146               0.2712 8.0214e-02
                        3  0.2120     0.0579               0.2743 6.4971e-03
                        1  0.0266     0.1991               0.4597 2.2456e-02
                        0  0.0000     0.0263               0.4863 2.9681e-03
  7  0.4543    3.0+                          7.7051e-02
                        6  0.3410     0.0187               0.1133 1.2536e-03
                        3  0.2120     0.0232               0.2423 1.7694e-03
                        0  0.0000     0.9581               0.4543 7.3736e-02
  6  0.3410    3.0+                          1.1299e-01
                        4  0.2151     0.0036               0.1259 3.6632e-04
                        3  0.2120     0.0083               0.1290 8.5816e-04
                        1  0.0266     0.9296               0.3144 1.0464e-01
                        0  0.0000     0.0585               0.3410 6.5923e-03
  5  0.3355    5.0+                          1.7255e-01                       2.0000e-09
                        3  0.2120     0.6054               0.1235 9.4108e-02
                        0  0.0000     0.3946               0.3355 6.7756e-02
  4  0.2151    2.0+                          1.6006e-01
                        2  0.1105     0.7914               0.1046 1.0556e-01
                        1  0.0266     0.1417               0.1885 2.2171e-02
                        0  0.0000     0.0669               0.2151 1.0557e-02
  3  0.2120    4.0+                          2.8520e-01                       3.0000e-11
                        0  0.0000     1.0000               0.2120 2.8098e-01
  2  0.1105    1.0+                          1.8486e-01                       5.0800e-09
                        1  0.0266     0.9959               0.0839 1.7540e-01
                        0  0.0000     0.0041               0.1105 5.7886e-04
  1  0.0266    2.0+                          4.1927e-01                       8.7000e-09
                        0  0.0000     1.0000               0.0266 1.8718e-01
  0  0.0000    3.0+                          9.8040e-01                       9.2840e+03
#......................................................................../  028-062Ni //  23.500000
#                                                                          SUM SPECTRA FOR COMPOUND
#            026-058Fe      gamma    neutron     proton      alpha
 SpcSum[mb]            5.7154e-01 5.1897e-11 5.4498e-33 1.5673e-18
 Emean[MeV]            1.0382e+00 1.0259e-01 4.0000e-01 2.2549e+00
#......................................................................../  028-062Ni //  23.500000
#                                                                   GAMMAS FROM DISCRETE TRANSITION
#           0 0 1 1 0 0             026-058Fe
#   Ex[MeV]     Jpi    FinalState  Branching Production    Egamma Production   T(1/2)[s]
 59  4.7200    1.0-                          9.6019e-05
                        0  0.0000     0.0303               4.7200 2.9097e-06
                        1  0.8108     0.0303               3.9092 2.9097e-06
                        2  1.6747     0.0303               3.0453 2.9097e-06
                        5  2.2580     0.0303               2.4620 2.9097e-06
                        7  2.7821     0.0303               1.9379 2.9097e-06
                        9  2.8763     0.0303               1.8437 2.9097e-06
                       11  3.0837     0.0303               1.6363 2.9097e-06
                       13  3.2333     0.0303               1.4867 2.9097e-06
                       14  3.2440     0.0303               1.4760 2.9097e-06
                       15  3.3890     0.0303               1.3310 2.9097e-06
                       17  3.5380     0.0303               1.1820 2.9097e-06
                       18  3.5430     0.0303               1.1770 2.9097e-06
                       20  3.6296     0.0303               1.0904 2.9097e-06
                       23  3.8540     0.0303               0.8660 2.9097e-06
                       25  3.8801     0.0303               0.8399 2.9097e-06
                       28  4.0108     0.0303               0.7092 2.9097e-06
                       29  4.0150     0.0303               0.7050 2.9097e-06
                       31  4.1392     0.0303               0.5808 2.9097e-06
                       32  4.1580     0.0303               0.5620 2.9097e-06
                       35  4.2370     0.0303               0.4830 2.9097e-06
                       36  4.2978     0.0303               0.4222 2.9097e-06
                       37  4.3129     0.0303               0.4071 2.9097e-06
                       38  4.3225     0.0303               0.3975 2.9097e-06
                       40  4.3480     0.0303               0.3720 2.9097e-06
                       41  4.3500     0.0303               0.3700 2.9097e-06
                       42  4.3527     0.0303               0.3673 2.9097e-06
                       46  4.4443     0.0303               0.2757 2.9097e-06
                       47  4.4500     0.0303               0.2700 2.9097e-06
                       49  4.4931     0.0303               0.2269 2.9097e-06
                       51  4.5301     0.0303               0.1898 2.9097e-06
                       52  4.5504     0.0303               0.1696 2.9097e-06
                       55  4.6200     0.0303               0.1000 2.9097e-06
                       58  4.7110     0.0303               0.0090 2.9097e-06
 58  4.7110    2.0+                          1.7937e-04
                       24  3.8609     0.2000               0.8501 3.5874e-05
                       44  4.4380     0.2000               0.2730 3.5874e-05
                       48  4.4680     0.2000               0.2430 3.5874e-05
                       53  4.5900     0.2000               0.1210 3.5874e-05
                       54  4.6100     0.2000               0.1010 3.5874e-05
 57  4.6694    7.0+                          2.3243e-03                       3.8000e-13
                       33  4.2146     0.1742               0.4547 4.0411e-04
                       26  3.8864     0.5240               0.7830 1.2176e-03
                       19  3.5969     0.2515               1.0725 5.8448e-04
                       16  3.4497     0.0000               1.2197 0.0000e+00
                        8  2.8647     0.0503               1.8047 1.1689e-04
 56  4.6610    4.0-                          4.8932e-04
                        3  2.0765     0.0909               2.5845 4.4483e-05
                        4  2.1339     0.0909               2.5271 4.4483e-05
                        6  2.6004     0.0909               2.0606 4.4483e-05
                       12  3.1340     0.0909               1.5270 4.4483e-05
                       16  3.4497     0.0909               1.2113 4.4483e-05
                       21  3.7542     0.0909               0.9068 4.4483e-05
                       27  3.9016     0.0909               0.7594 4.4483e-05
                       30  4.0885     0.0909               0.5725 4.4483e-05
                       33  4.2146     0.0909               0.4464 4.4483e-05
                       39  4.3400     0.0909               0.3210 4.4483e-05
                       50  4.5140     0.0909               0.1470 4.4483e-05
 55  4.6200    2.0+                          2.1553e-04
                       24  3.8609     0.2000               0.7591 4.3106e-05
                       44  4.4380     0.2000               0.1820 4.3106e-05
                       48  4.4680     0.2000               0.1520 4.3106e-05
                       53  4.5900     0.2000               0.0300 4.3106e-05
                       54  4.6100     0.2000               0.0100 4.3106e-05
 54  4.6100    3.0-                          4.2907e-04
                        1  0.8108     0.0385               3.7992 1.6503e-05
                        2  1.6747     0.0385               2.9353 1.6503e-05
                        3  2.0765     0.0385               2.5335 1.6503e-05
                        4  2.1339     0.0385               2.4761 1.6503e-05
                        6  2.6004     0.0385               2.0096 1.6503e-05
                        9  2.8763     0.0385               1.7337 1.6503e-05
                       11  3.0837     0.0385               1.5263 1.6503e-05
                       12  3.1340     0.0385               1.4760 1.6503e-05
                       13  3.2333     0.0385               1.3767 1.6503e-05
                       15  3.3890     0.0385               1.2210 1.6503e-05
                       16  3.4497     0.0385               1.1603 1.6503e-05
                       18  3.5430     0.0385               1.0670 1.6503e-05
                       20  3.6296     0.0385               0.9804 1.6503e-05
                       21  3.7542     0.0385               0.8558 1.6503e-05
                       23  3.8540     0.0385               0.7560 1.6503e-05
                       27  3.9016     0.0385               0.7084 1.6503e-05
                       28  4.0108     0.0385               0.5992 1.6503e-05
                       30  4.0885     0.0385               0.5215 1.6503e-05
                       35  4.2370     0.0385               0.3730 1.6503e-05
                       36  4.2978     0.0385               0.3122 1.6503e-05
                       37  4.3129     0.0385               0.2971 1.6503e-05
                       39  4.3400     0.0385               0.2700 1.6503e-05
                       40  4.3480     0.0385               0.2620 1.6503e-05
                       49  4.4931     0.0385               0.1169 1.6503e-05
                       50  4.5140     0.0385               0.0960 1.6503e-05
                       51  4.5301     0.0385               0.0799 1.6503e-05
 53  4.5900    3.0-                          4.4360e-04
                        3  2.0765     0.2591               2.5135 1.1482e-04
                        1  0.8108     0.7409               3.7792 3.2814e-04
 52  4.5504    1.0+                          1.3631e-04                       2.1000e-14
                       31  4.1392     0.0075               0.4111 1.0179e-06
                       14  3.2440     0.0747               1.3064 1.0179e-05
                        9  2.8763     0.3574               1.6740 4.8708e-05
                        2  1.6747     0.5337               2.8756 7.2701e-05
                        1  0.8108     0.0267               3.7396 3.6357e-06
 51  4.5301    2.0+                          2.7419e-04
                       11  3.0837     0.4998               1.4465 1.3704e-04
                        2  1.6747     0.3200               2.8554 8.7691e-05
                        0  0.0000     0.1801               4.5301 4.9320e-05
 50  4.5140    3.0+                          4.8068e-04
                       24  3.8609     0.1667               0.6531 8.0113e-05
                       34  4.2300     0.1667               0.2840 8.0113e-05
                       43  4.3980     0.1667               0.1160 8.0113e-05
                       44  4.4380     0.1667               0.0760 8.0113e-05
                       45  4.4400     0.1667               0.0740 8.0113e-05
                       48  4.4680     0.1667               0.0460 8.0113e-05
 49  4.4931    2.0+                          2.9367e-04
                        2  1.6747     0.9233               2.8184 2.7097e-04
                        1  0.8108     0.0767               3.6823 2.2491e-05
 48  4.4680    3.0-                          6.2469e-04
                        1  0.8108     0.0435               3.6572 2.7160e-05
                        2  1.6747     0.0435               2.7933 2.7160e-05
                        3  2.0765     0.0435               2.3915 2.7160e-05
                        4  2.1339     0.0435               2.3341 2.7160e-05
                        6  2.6004     0.0435               1.8676 2.7160e-05
                        9  2.8763     0.0435               1.5917 2.7160e-05
                       11  3.0837     0.0435               1.3843 2.7160e-05
                       12  3.1340     0.0435               1.3340 2.7160e-05
                       13  3.2333     0.0435               1.2347 2.7160e-05
                       15  3.3890     0.0435               1.0790 2.7160e-05
                       16  3.4497     0.0435               1.0183 2.7160e-05
                       18  3.5430     0.0435               0.9250 2.7160e-05
                       20  3.6296     0.0435               0.8384 2.7160e-05
                       21  3.7542     0.0435               0.7138 2.7160e-05
                       23  3.8540     0.0435               0.6140 2.7160e-05
                       27  3.9016     0.0435               0.5664 2.7160e-05
                       28  4.0108     0.0435               0.4572 2.7160e-05
                       30  4.0885     0.0435               0.3795 2.7160e-05
                       35  4.2370     0.0435               0.2310 2.7160e-05
                       36  4.2978     0.0435               0.1702 2.7160e-05
                       37  4.3129     0.0435               0.1551 2.7160e-05
                       39  4.3400     0.0435               0.1280 2.7160e-05
                       40  4.3480     0.0435               0.1200 2.7160e-05
 47  4.4500    0.0+                          5.6244e-05
                        7  2.7821     1.0000               1.6679 5.6244e-05
 46  4.4443    1.0+                          1.6753e-04                       6.0000e-15
                        7  2.7821     0.5615               1.6622 9.4049e-05
                        0  0.0000     0.4385               4.4443 7.3373e-05
 45  4.4400    4.0-                          8.4404e-04
                        3  2.0765     0.1000               2.3635 8.4404e-05
                        4  2.1339     0.1000               2.3061 8.4404e-05
                        6  2.6004     0.1000               1.8396 8.4404e-05
                       12  3.1340     0.1000               1.3060 8.4404e-05
                       16  3.4497     0.1000               0.9903 8.4404e-05
                       21  3.7542     0.1000               0.6858 8.4404e-05
                       27  3.9016     0.1000               0.5384 8.4404e-05
                       30  4.0885     0.1000               0.3515 8.4404e-05
                       33  4.2146     0.1000               0.2254 8.4404e-05
                       39  4.3400     0.1000               0.1000 8.4404e-05
 44  4.4380    2.0-                          4.6049e-04
                        1  0.8108     0.0435               3.6272 2.0021e-05
                        2  1.6747     0.0435               2.7633 2.0021e-05
                        4  2.1339     0.0435               2.3041 2.0021e-05
                        7  2.7821     0.0435               1.6559 2.0021e-05
                        9  2.8763     0.0435               1.5617 2.0021e-05
                       11  3.0837     0.0435               1.3543 2.0021e-05
                       13  3.2333     0.0435               1.2047 2.0021e-05
                       15  3.3890     0.0435               1.0490 2.0021e-05
                       17  3.5380     0.0435               0.9000 2.0021e-05
                       18  3.5430     0.0435               0.8950 2.0021e-05
                       20  3.6296     0.0435               0.8084 2.0021e-05
                       23  3.8540     0.0435               0.5840 2.0021e-05
                       25  3.8801     0.0435               0.5579 2.0021e-05
                       27  3.9016     0.0435               0.5364 2.0021e-05
                       28  4.0108     0.0435               0.4272 2.0021e-05
                       29  4.0150     0.0435               0.4230 2.0021e-05
                       31  4.1392     0.0435               0.2988 2.0021e-05
                       35  4.2370     0.0435               0.2010 2.0021e-05
                       36  4.2978     0.0435               0.1402 2.0021e-05
                       37  4.3129     0.0435               0.1251 2.0021e-05
                       38  4.3225     0.0435               0.1155 2.0021e-05
                       40  4.3480     0.0435               0.0900 2.0021e-05
                       42  4.3527     0.0435               0.0853 2.0021e-05
 43  4.3980    4.0-                          9.0975e-04
                        3  2.0765     0.1000               2.3215 9.0975e-05
                        4  2.1339     0.1000               2.2641 9.0975e-05
                        6  2.6004     0.1000               1.7976 9.0975e-05
                       12  3.1340     0.1000               1.2640 9.0975e-05
                       16  3.4497     0.1000               0.9483 9.0975e-05
                       21  3.7542     0.1000               0.6438 9.0975e-05
                       27  3.9016     0.1000               0.4964 9.0975e-05
                       30  4.0885     0.1000               0.3095 9.0975e-05
                       33  4.2146     0.1000               0.1834 9.0975e-05
                       39  4.3400     0.1000               0.0580 9.0975e-05
 42  4.3527    1.0+                          2.1970e-04
                        7  2.7821     1.0000               1.5706 2.1970e-04
 41  4.3500    0.0+                          6.7520e-05
                        7  2.7821     1.0000               1.5679 6.7520e-05
 40  4.3480    2.0+                          4.3072e-04
                       24  3.8609     1.0000               0.4871 4.3072e-04
 39  4.3400    4.0+                          1.2058e-03
                        8  2.8647     0.2000               1.4753 2.4116e-04
                       10  2.9700     0.2000               1.3700 2.4116e-04
                       22  3.7895     0.2000               0.5505 2.4116e-04
                       24  3.8609     0.2000               0.4791 2.4116e-04
                       34  4.2300     0.2000               0.1100 2.4116e-04
 38  4.3225    1.0+                          2.3147e-04
                       11  3.0837     0.0344               1.2388 7.9594e-06
                        9  2.8763     0.6033               1.4462 1.3963e-04
                        0  0.0000     0.3623               4.3225 8.3764e-05
 37  4.3129    2.0+                          4.5607e-04                       1.1000e-14
                        9  2.8763     0.0151               1.4366 6.8715e-06
                        6  2.6004     0.0307               1.7125 1.4006e-05
                        4  2.1339     0.2087               2.1790 9.5137e-05
                        3  2.0765     0.1507               2.2364 6.8693e-05
                        2  1.6747     0.5798               2.6382 2.6425e-04
                        1  0.8108     0.0075               3.5022 3.4348e-06
                        0  0.0000     0.0075               4.3129 3.4350e-06
 36  4.2978    2.0+                          4.6748e-04                       2.8000e-15
                        1  0.8108     0.4999               3.4870 2.3347e-04
                        0  0.0000     0.5001               4.2978 2.3348e-04
 35  4.2370    2.0+                          5.1642e-04
                       24  3.8609     1.0000               0.3761 5.1642e-04
 34  4.2300    4.0-                          1.4674e-03
                        3  2.0765     0.1111               2.1535 1.6304e-04
                        4  2.1339     0.1111               2.0961 1.6304e-04
                        6  2.6004     0.1111               1.6296 1.6304e-04
                       12  3.1340     0.1111               1.0960 1.6304e-04
                       16  3.4497     0.1111               0.7803 1.6304e-04
                       21  3.7542     0.1111               0.4758 1.6304e-04
                       27  3.9016     0.1111               0.3284 1.6304e-04
                       30  4.0885     0.1111               0.1415 1.6304e-04
                       33  4.2146     0.1111               0.0154 1.6304e-04
 33  4.2146    5.0+                          2.6733e-03                       4.5000e-13
                        6  2.6004     0.8130               1.6142 2.1730e-03
                        3  2.0765     0.1870               2.1381 4.9972e-04
 32  4.1580    0.0+                          9.5327e-05
                        7  2.7821     1.0000               1.3759 9.5327e-05
 31  4.1392    1.0+                          3.1854e-04                       2.8000e-15
                        0  0.0000     1.0000               4.1392 3.1818e-04
 30  4.0885    4.0+                          1.9397e-03                       6.0000e-14
                       20  3.6296     0.0000               0.4589 0.0000e+00
                        6  2.6004     0.5000               1.4881 9.6973e-04
                        3  2.0765     0.5000               2.0120 9.6955e-04
 29  4.0150    1.0+                          3.9265e-04                       8.0000e-15
                        1  0.8108     1.0000               3.2042 3.9232e-04
 28  4.0108    2.0+                          7.4885e-04
                       24  3.8609     1.0000               0.1499 7.4885e-04
 27  3.9016    3.0+                          1.7771e-03                       3.1000e-14
                        6  2.6004     0.1615               1.3012 2.8697e-04
                        4  2.1339     0.7342               1.7677 1.3044e-03
                        3  2.0765     0.0081               1.8251 1.4348e-05
                        2  1.6747     0.0690               2.2269 1.2262e-04
                        1  0.8108     0.0228               3.0909 4.0433e-05
                        0  0.0000     0.0044               3.9016 7.8268e-06
 26  3.8864    6.0+                          7.0323e-03                       4.8000e-13
                       19  3.5969     0.3165               0.2895 2.2201e-03
                       16  3.4497     0.0518               0.4367 3.6334e-04
                        6  2.6004     0.0574               1.2860 4.0374e-04
                        3  2.0765     0.5743               1.8099 4.0375e-03
 25  3.8801    1.0+                          4.9313e-04                       4.0000e-15
                        7  2.7821     0.1173               1.0980 5.7836e-05
                        1  0.8108     0.4695               3.0693 2.3135e-04
                        0  0.0000     0.4132               3.8801 2.0355e-04
 24  3.8609    3.0-                          3.5428e-03                       9.0000e-14
                        2  1.6747     1.0000               2.1862 3.5400e-03
                        0  0.0000     0.0000               3.8609 0.0000e+00
 23  3.8540    2.0+                          9.6725e-04
                        1  0.8108     1.0000               3.0432 9.6725e-04
 22  3.7895    5.0-                          4.3720e-03                       2.6000e-14
                        3  2.0765     1.0000               1.7130 4.3700e-03
 21  3.7542    4.0+                          3.1652e-03                       1.3000e-14
                        3  2.0765     1.0000               1.6777 3.1645e-03
 20  3.6296    2.0+                          1.3865e-03                       8.0000e-15
                        1  0.8108     0.9233               2.8188 1.2793e-03
                        0  0.0000     0.0767               3.6296 1.0620e-04
 19  3.5969    6.0+                          1.2509e-02                       2.0000e-13
                        3  2.0765     1.0000               1.5204 1.2507e-02
 18  3.5430    2.0+                          1.5891e-03
                        1  0.8108     1.0000               2.7322 1.5891e-03
 17  3.5380    1.0+                          8.6328e-04                       8.0000e-15
                        2  1.6747     0.1496               1.8632 1.2911e-04
                        1  0.8108     0.6803               2.7272 5.8693e-04
                        0  0.0000     0.1701               3.5380 1.4671e-04
 16  3.4497    4.0+                          5.3324e-03                       3.6000e-13
                        6  2.6004     0.6897               0.8493 3.6768e-03
                        4  2.1339     0.3103               1.3158 1.6544e-03
                        3  2.0765     0.0000               1.3732 0.0000e+00
 15  3.3890    2.0+                          2.0167e-03
                        1  0.8108     1.0000               2.5782 2.0167e-03
 14  3.2440    0.0+                          4.3885e-04                       3.1000e-14
                        1  0.8108     1.0000               2.4332 4.3860e-04
 13  3.2333    2.0+                          2.5507e-03                       2.2000e-13
                        6  2.6004     0.1711               0.6329 4.3612e-04
                        3  2.0765     0.3214               1.1567 8.1967e-04
                        2  1.6747     0.1573               1.5585 4.0115e-04
                        1  0.8108     0.3420               2.4225 8.7189e-04
                        0  0.0000     0.0082               3.2333 2.0927e-05
 12  3.1340    4.0+                          7.8469e-03
                        8  2.8647     0.5000               0.2693 3.9235e-03
                       10  2.9700     0.5000               0.1640 3.9235e-03
 11  3.0837    2.0+                          3.3212e-03                       3.1000e-14
                        1  0.8108     0.7518               2.2729 2.4958e-03
                        0  0.0000     0.2482               3.0837 8.2362e-04
 10  2.9700    5.0-                          1.9388e-02
                        3  2.0765     0.5000               0.8935 9.6939e-03
                        6  2.6004     0.5000               0.3696 9.6939e-03
  9  2.8763    2.0+                          4.4527e-03                       9.5000e-14
                        1  0.8108     0.8546               2.0656 3.8040e-03
                        0  0.0000     0.1454               2.8763 6.4693e-04
  8  2.8647    5.0-                          2.1993e-02                       3.1000e-12
                        6  2.6004     1.0000               0.2643 2.1941e-02
  7  2.7821    1.0+                          3.2300e-03                       1.8000e-13
                        5  2.2580     0.0780               0.5242 2.5170e-04
                        2  1.6747     0.2233               1.1074 7.2119e-04
                        1  0.8108     0.4753               1.9714 1.5348e-03
                        0  0.0000     0.2234               2.7821 7.2116e-04
  6  2.6004    4.0+                          5.5850e-02                       5.5000e-13
                        4  2.1339     0.1334               0.4665 7.4414e-03
                        3  2.0765     0.3888               0.5239 2.1701e-02
                        2  1.6747     0.1769               0.9257 9.8774e-03
                        1  0.8108     0.3009               1.7896 1.6801e-02
  5  2.2580    0.0+                          1.8830e-03                       2.5000e-12
                        1  0.8108     1.0000               1.4472 1.8827e-03
  4  2.1339    3.0+                          2.8722e-02                       2.2000e-12
                        2  1.6747     0.2649               0.4592 7.5985e-03
                        1  0.8108     0.7351               1.3231 2.1111e-02
  3  2.0765    4.0+                          8.9071e-02                       2.8000e-13
                        1  0.8108     1.0000               1.2658 8.9059e-02
  2  1.6747    2.0+                          4.1940e-02                       1.6000e-12
                        1  0.8108     0.5669               0.8640 2.3770e-02
                        0  0.0000     0.4331               1.6747 1.8160e-02
  1  0.8108    2.0+                          2.1745e-01                       6.5400e-12
                        0  0.0000     1.0000               0.8108 2.1738e-01
  0  0.0000    0.0+                          2.5760e-01
#......................................................................../  028-062Ni //  23.500000
#                                                                          SUM SPECTRA FOR COMPOUND
#            027-060Co      gamma
 SpcSum[mb]            5.6977e-08
 Emean[MeV]            2.4792e-01
#......................................................................../  028-062Ni //  23.500000
#                                                                   GAMMAS FROM DISCRETE TRANSITION
#           0 0 0 2 0 0             027-060Co
#   Ex[MeV]     Jpi    FinalState  Branching Production    Egamma Production   T(1/2)[s]
 65  2.4887    5.0-                          4.8724e-18
                       17  1.2168     0.2655               1.2719 1.2934e-18
                        5  0.5062     0.3147               1.9825 1.5329e-18
                        2  0.2772     0.0918               2.2115 4.4706e-19
                        0  0.0000     0.3280               2.4887 1.5965e-18
 64  2.4697    3.0+                          2.9405e-18
                        0  0.0000     1.0000               2.4697 2.9389e-18
 63  2.4509    4.0+                          6.1827e-18
                       44  2.0808     1.0000               0.3701 6.1566e-18
 62  2.4310    3.0-                          5.7773e-18
                       47  2.1334     0.6373               0.2975 3.6750e-18
                        0  0.0000     0.3627               2.4310 2.0947e-18
 61  2.4233    4.0-                          1.0186e-17
                       11  1.0039     1.0000               1.4194 1.0185e-17
 60  2.3640    1.0-                          6.7729e-18
                        1  0.0586     0.0833               2.3054 5.6441e-19
                        6  0.5428     0.0833               1.8211 5.6441e-19
                        8  0.7388     0.0833               1.6252 5.6441e-19
                       14  1.1507     0.0833               1.2133 5.6441e-19
                       28  1.6862     0.0833               0.6778 5.6441e-19
                       29  1.7097     0.0833               0.6543 5.6441e-19
                       35  1.8332     0.0833               0.5307 5.6441e-19
                       42  2.0327     0.0833               0.3313 5.6441e-19
                       44  2.0808     0.0833               0.2832 5.6441e-19
                       49  2.1831     0.0833               0.1809 5.6441e-19
                       57  2.3243     0.0833               0.0397 5.6441e-19
                       58  2.3418     0.0833               0.0221 5.6441e-19
 59  2.3519    2.0-                          1.4584e-17
                       17  1.2168     0.2063               1.1350 3.0077e-18
                        6  0.5428     0.7937               1.8091 1.1569e-17
 58  2.3418    2.0+                          1.7563e-17
                        9  0.7857     1.0000               1.5561 1.7559e-17
 57  2.3243    1.0+                          1.3758e-17
                        1  0.0586     1.0000               2.2657 1.3752e-17
 56  2.3184    0.0-                          4.8386e-18
                        8  0.7388     0.3333               1.5796 1.6129e-18
                       28  1.6862     0.3333               0.6322 1.6129e-18
                       29  1.7097     0.3333               0.6087 1.6129e-18
 55  2.3102    3.0-                          4.3817e-17
                        2  0.2772     1.0000               2.0330 4.3787e-17
 54  2.2799    5.0+                          1.7077e-16
                        0  0.0000     1.0000               2.2799 1.7069e-16
 53  2.2747    3.0+                          7.7885e-17
                        3  0.2884     1.0000               1.9863 7.7860e-17
 52  2.2304    3.0-                          1.5233e-16
                        1  0.0586     1.0000               2.1719 1.5221e-16
 51  2.2216    4.0+                          2.6541e-16
                       12  1.0058     0.4736               1.2158 1.2568e-16
                        0  0.0000     0.5264               2.2216 1.3965e-16
 50  2.1999    6.0-                          9.3691e-16
                        0  0.0000     0.1429               2.1999 1.3384e-16
                        4  0.4357     0.1429               1.7642 1.3384e-16
                       15  1.2078     0.1429               0.9921 1.3384e-16
                       16  1.2165     0.1429               0.9834 1.3384e-16
                       19  1.3797     0.1429               0.8202 1.3384e-16
                       23  1.5100     0.1429               0.6899 1.3384e-16
                       31  1.7876     0.1429               0.4123 1.3384e-16
 49  2.1831    2.0+                          2.0115e-16
                       25  1.5659     1.0000               0.6172 2.0110e-16
 48  2.1519    5.0-                          1.1606e-15
                       12  1.0058     1.0000               1.1461 1.1605e-15
 47  2.1334    3.0+                          6.4747e-16
                        3  0.2884     0.4117               1.8450 2.6649e-16
                        1  0.0586     0.5883               2.0748 3.8077e-16
 46  2.1322    7.0-                          4.0458e-15                       4.9000e-13
                       32  1.8002     0.8202               0.3320 3.3055e-15
                       16  1.2165     0.1798               0.9158 7.2735e-16
 45  2.1218    4.0+                          1.1431e-15
                       11  1.0039     0.7874               1.1179 8.9997e-16
                        0  0.0000     0.2126               2.1218 2.4292e-16
 44  2.0808    2.0+                          8.6910e-16
                        1  0.0586     1.0000               2.0222 8.6880e-16
 43  2.0454    4.0-                          3.3321e-15
                       15  1.2078     0.3464               0.8376 1.1541e-15
                        5  0.5062     0.6536               1.5392 2.1771e-15
 42  2.0327    2.0+                          1.6572e-15
                       15  1.2078     1.0000               0.8249 1.6547e-15
 41  1.9835    2.0-                          3.2054e-15
                       33  1.8086     1.0000               0.1749 3.0822e-15
 40  1.9812    4.0-                          7.7935e-15
                        3  0.2884     1.0000               1.6928 7.7900e-15
 39  1.9243    2.0-                          6.8200e-15
                        2  0.2772     1.0000               1.6471 6.8187e-15
 38  1.8889    4.0+                          2.4647e-14
                       12  1.0058     0.1957               0.8831 4.8222e-15
                        7  0.6146     0.5362               1.2744 1.3214e-14
                        0  0.0000     0.2681               1.8889 6.6060e-15
 37  1.8772    2.0-                          1.2204e-14
                        7  0.6146     0.0000               1.2626 0.0000e+00
                        1  0.0586     1.0000               1.8186 1.2197e-14
 36  1.8527    4.0+                          3.8248e-14
                        0  0.0000     1.0000               1.8527 3.8237e-14
 35  1.8332    2.0+                          2.0449e-14
                        1  0.0586     1.0000               1.7746 2.0444e-14
 34  1.8308    4.0+                          4.9686e-14
                        2  0.2772     0.0663               1.5536 3.2932e-15
                        0  0.0000     0.9337               1.8308 4.6380e-14
 33  1.8086    3.0-                          4.5476e-14
                        0  0.0000     1.0000               1.8086 4.5467e-14
 32  1.8002    6.0-                          1.8527e-13                       1.7000e-12
                       19  1.3797     0.0102               0.4205 1.8939e-15
                       16  1.2165     0.0604               0.5838 1.1187e-14
                        0  0.0000     0.9294               1.8002 1.7210e-13
 31  1.7876    5.0+                          1.3087e-13
                       12  1.0058     0.6993               0.7818 9.1482e-14
                        0  0.0000     0.3007               1.7876 3.9342e-14
 30  1.7493    3.0+                          8.4680e-14
                        9  0.7857     0.1921               0.9636 1.6262e-14
                        6  0.5428     0.1205               1.2065 1.0201e-14
                        2  0.2772     0.3331               1.4721 2.8200e-14
                        1  0.0586     0.3544               1.6907 3.0001e-14
 29  1.7097    1.0+                          4.8867e-14
                        1  0.0586     1.0000               1.6511 4.8857e-14
 28  1.6862    1.0+                          6.3233e-14
                        8  0.7388     1.0000               0.9474 6.3219e-14
 27  1.6690    3.0-                          2.0354e-13
                        1  0.0586     0.0625               1.6104 1.2721e-14
                        2  0.2772     0.0625               1.3918 1.2721e-14
                        3  0.2884     0.0625               1.3806 1.2721e-14
                        5  0.5062     0.0625               1.1628 1.2721e-14
                        6  0.5428     0.0625               1.1262 1.2721e-14
                        7  0.6146     0.0625               1.0545 1.2721e-14
                        9  0.7857     0.0625               0.8833 1.2721e-14
                       12  1.0058     0.0625               0.6632 1.2721e-14
                       14  1.1507     0.0625               0.5183 1.2721e-14
                       17  1.2168     0.0625               0.4522 1.2721e-14
                       18  1.3419     0.0625               0.3271 1.2721e-14
                       20  1.3810     0.0625               0.2880 1.2721e-14
                       21  1.4512     0.0625               0.2178 1.2721e-14
                       22  1.5083     0.0625               0.1607 1.2721e-14
                       24  1.5158     0.0625               0.1532 1.2721e-14
                       26  1.6398     0.0625               0.0292 1.2721e-14
 26  1.6398    4.0+                          4.3811e-13
                        9  0.7857     0.6964               0.8541 3.0502e-13
                        2  0.2772     0.3036               1.3626 1.3299e-13
 25  1.5659    2.0-                          3.9340e-13
                       18  1.3419     0.1045               0.2241 4.0935e-14
                        3  0.2884     0.1970               1.2775 7.7488e-14
                        1  0.0586     0.6985               1.5074 2.7471e-13
 24  1.5158    4.0+                          1.5417e-12
                        7  0.6146     0.1325               0.9012 2.0421e-13
                        2  0.2772     0.0929               1.2386 1.4327e-13
                        0  0.0000     0.7746               1.5158 1.1939e-12
 23  1.5100    7.0+                          6.7902e-12
                       16  1.2165     1.0000               0.2935 6.7902e-12
 22  1.5083    3.0+                          1.1026e-12
                        5  0.5062     1.0000               1.0021 1.1024e-12
 21  1.4512    4.0+                          2.8946e-12
                        9  0.7857     0.4153               0.6655 1.2015e-12
                        6  0.5428     0.5847               0.9084 1.6920e-12
 20  1.3810    3.0+                          3.7200e-12
                        2  0.2772     1.0000               1.1038 3.7194e-12
 19  1.3797    6.0+                          1.4325e-11                       7.0000e-13
                       15  1.2078     0.1650               0.1719 2.2727e-12
                        4  0.4357     0.8350               0.9440 1.1958e-11
 18  1.3419    3.0+                          5.3701e-12
                        6  0.5428     0.3361               0.7990 1.8043e-12
                        1  0.0586     0.6222               1.2833 3.3408e-12
                        0  0.0000     0.0417               1.3419 2.2385e-13
 17  1.2168    4.0+                          2.4373e-11
                        5  0.5062     0.8078               0.7107 1.9680e-11
                        3  0.2884     0.1922               0.9284 4.6834e-12
 16  1.2165    6.0+                          6.8575e-11                       2.8000e-13
                        4  0.4357     0.2593               0.7807 1.7775e-11
                        0  0.0000     0.7407               1.2165 5.0787e-11
 15  1.2078    5.0+                          4.4182e-11
                        2  0.2772     0.7143               0.9306 3.1552e-11
                        0  0.0000     0.2857               1.2078 1.2621e-11
 14  1.1507    2.0+                          1.7908e-11
                        3  0.2884     1.0000               0.8623 1.7903e-11
 13  1.1320    2.0-                          2.1128e-11
                        8  0.7388     1.0000               0.3932 2.1110e-11
 12  1.0058    4.0+                          1.3712e-10
                        9  0.7857     0.0187               0.2201 2.5238e-12
                        7  0.6146     0.5153               0.3912 7.0491e-11
                        3  0.2884     0.4027               0.7174 5.5196e-11
                        0  0.0000     0.0633               1.0058 8.6714e-12
 11  1.0039    3.0-                          9.0652e-11
                        6  0.5428     0.2559               0.4611 2.3186e-11
                        3  0.2884     0.0234               0.7155 2.1164e-12
                        2  0.2772     0.2344               0.7267 2.1246e-11
                        1  0.0586     0.4863               0.9453 4.4082e-11
 10  0.9400    4.0-                          2.2981e-10
                        0  0.0000     0.1429               0.9400 3.2830e-11
                        2  0.2772     0.1429               0.6628 3.2830e-11
                        3  0.2884     0.1429               0.6516 3.2830e-11
                        4  0.4357     0.1429               0.5043 3.2830e-11
                        5  0.5062     0.1429               0.4338 3.2830e-11
                        7  0.6146     0.1429               0.3254 3.2830e-11
                        9  0.7857     0.1429               0.1543 3.2830e-11
  9  0.7857    4.0+                          7.3885e-10                       3.2000e-12
                        7  0.6146     0.0126               0.1712 8.9164e-12
                        4  0.4357     0.0228               0.3500 1.6791e-11
                        3  0.2884     0.4397               0.4973 3.2450e-10
                        0  0.0000     0.5249               0.7857 3.8771e-10
  8  0.7388    1.0+                          2.5535e-10
                        6  0.5428     0.4198               0.1960 1.0468e-10
                        1  0.0586     0.5802               0.6802 1.4808e-10
  7  0.6146    3.0+                          1.5960e-09
                        2  0.2772     0.0356               0.3374 5.6602e-11
                        1  0.0586     0.9644               0.5560 1.5379e-09
  6  0.5428    2.0+                          1.6297e-09
                        3  0.2884     0.6213               0.2544 1.0025e-09
                        1  0.0586     0.3787               0.4842 6.1643e-10
  5  0.5062    3.0+                          3.0303e-09
                        3  0.2884     0.0053               0.2178 1.5947e-11
                        1  0.0586     0.9947               0.4476 3.0093e-09
  4  0.4357    5.0+                          1.1253e-08
                        2  0.2772     0.6209               0.1585 6.6542e-09
                        0  0.0000     0.3791               0.4357 4.2587e-09
  3  0.2884    3.0+                          1.2522e-08
                        1  0.0586     1.0000               0.2298 1.2349e-08
  2  0.2772    4.0+                          2.5117e-08
                        0  0.0000     1.0000               0.2772 2.4943e-08
  1  0.0586    2.0+                          4.2748e-08                       6.2800e+02
                        0  0.0000     1.0000               0.0586 8.7242e-10
  0  0.0000    5.0+                          2.0276e-07                       1.6630e+08
#......................................................................../  028-062Ni //  23.500000
#                                                                         ISOMERIC STATE PRODUCTION
#            027-060Co
#   Ex[MeV]     Jpi     T(1/2)[s]  Prod.[mb]
  1  0.0586    2.0+    6.2800e+02 4.2748e-08
#......................................................................../  028-062Ni //  23.500000
#                                                                          SUM SPECTRA FOR COMPOUND
#            029-061Cu      gamma     proton      alpha
 SpcSum[mb]            2.1898e+02 4.9657e-04 0.0000e+00
 Emean[MeV]            1.2567e+00 1.4856e+00 0.0000e+00
#......................................................................../  028-062Ni //  23.500000
#                                                                   GAMMAS FROM DISCRETE TRANSITION
#           3 0 0 0 0 0             029-061Cu
#   Ex[MeV]     Jpi    FinalState  Branching Production    Egamma Production   T(1/2)[s]
 45  3.4544    2.5+                          3.0330e-01
                       15  2.3990     0.0508               1.0554 1.5401e-02
                        6  1.7326     0.2018               1.7218 6.1171e-02
                        3  1.3105     0.7474               2.1439 2.2652e-01
 44  3.4370    0.5+                          1.0399e-01
                        0  0.0000     0.0714               3.4370 7.4281e-03
                        1  0.4751     0.0714               2.9619 7.4281e-03
                        5  1.6605     0.0714               1.7765 7.4281e-03
                        8  1.9327     0.0714               1.5043 7.4281e-03
                       10  2.0889     0.0714               1.3481 7.4281e-03
                       14  2.3582     0.0714               1.0788 7.4281e-03
                       16  2.4725     0.0714               0.9645 7.4281e-03
                       21  2.6841     0.0714               0.7529 7.4281e-03
                       25  2.8405     0.0714               0.5965 7.4281e-03
                       26  2.8571     0.0714               0.5799 7.4281e-03
                       28  2.9327     0.0714               0.5043 7.4281e-03
                       31  3.0193     0.0714               0.4177 7.4281e-03
                       34  3.0655     0.0714               0.3715 7.4281e-03
                       35  3.0921     0.0714               0.3449 7.4281e-03
 43  3.4060    1.5+                          2.0096e-01
                        0  0.0000     0.0500               3.4060 1.0048e-02
                        1  0.4751     0.0500               2.9309 1.0048e-02
                        2  0.9701     0.0500               2.4359 1.0048e-02
                        4  1.3942     0.0500               2.0118 1.0048e-02
                        5  1.6605     0.0500               1.7455 1.0048e-02
                        7  1.9042     0.0500               1.5018 1.0048e-02
                        8  1.9327     0.0500               1.4733 1.0048e-02
                       10  2.0889     0.0500               1.3171 1.0048e-02
                       11  2.2034     0.0500               1.2026 1.0048e-02
                       14  2.3582     0.0500               1.0478 1.0048e-02
                       16  2.4725     0.0500               0.9335 1.0048e-02
                       18  2.5846     0.0500               0.8214 1.0048e-02
                       21  2.6841     0.0500               0.7219 1.0048e-02
                       24  2.7926     0.0500               0.6134 1.0048e-02
                       25  2.8405     0.0500               0.5655 1.0048e-02
                       26  2.8571     0.0500               0.5489 1.0048e-02
                       28  2.9327     0.0500               0.4733 1.0048e-02
                       31  3.0193     0.0500               0.3867 1.0048e-02
                       34  3.0655     0.0500               0.3405 1.0048e-02
                       35  3.0921     0.0500               0.3139 1.0048e-02
 42  3.3727    4.5+                          1.1077e+00
                        6  1.7326     1.0000               1.6401 1.1072e+00
 41  3.3570    0.5+                          1.1360e-01
                        0  0.0000     0.0714               3.3570 8.1141e-03
                        1  0.4751     0.0714               2.8819 8.1141e-03
                        5  1.6605     0.0714               1.6965 8.1141e-03
                        8  1.9327     0.0714               1.4243 8.1141e-03
                       10  2.0889     0.0714               1.2681 8.1141e-03
                       14  2.3582     0.0714               0.9988 8.1141e-03
                       16  2.4725     0.0714               0.8845 8.1141e-03
                       21  2.6841     0.0714               0.6729 8.1141e-03
                       25  2.8405     0.0714               0.5165 8.1141e-03
                       26  2.8571     0.0714               0.4999 8.1141e-03
                       28  2.9327     0.0714               0.4243 8.1141e-03
                       31  3.0193     0.0714               0.3377 8.1141e-03
                       34  3.0655     0.0714               0.2915 8.1141e-03
                       35  3.0921     0.0714               0.2649 8.1141e-03
 40  3.3231    3.5-                          5.3715e-01
                        3  1.3105     1.0000               2.0126 5.3696e-01
 39  3.2771    3.5+                          6.8888e-01
                        0  0.0000     1.0000               3.2771 6.8844e-01
 38  3.2598    5.5-                          2.7916e+00                       3.5000e-13
                       20  2.6271     0.0000               0.6326 0.0000e+00
                       19  2.6117     0.3963               0.6481 1.1056e+00
                       12  2.2951     0.1321               0.9647 3.6867e-01
                        6  1.7326     0.4716               1.5272 1.3163e+00
 37  3.2490    3.5+                          7.2119e-01
                        2  0.9701     0.0667               2.2789 4.8079e-02
                        3  1.3105     0.0667               1.9385 4.8079e-02
                        4  1.3942     0.0667               1.8548 4.8079e-02
                        6  1.7326     0.0667               1.5164 4.8079e-02
                        7  1.9042     0.0667               1.3448 4.8079e-02
                        9  1.9425     0.0667               1.3065 4.8079e-02
                       11  2.2034     0.0667               1.0456 4.8079e-02
                       12  2.2951     0.0667               0.9539 4.8079e-02
                       13  2.3365     0.0667               0.9125 4.8079e-02
                       15  2.3990     0.0667               0.8500 4.8079e-02
                       18  2.5846     0.0667               0.6644 4.8079e-02
                       19  2.6117     0.0667               0.6373 4.8079e-02
                       23  2.7283     0.0667               0.5207 4.8079e-02
                       24  2.7926     0.0667               0.4564 4.8079e-02
                       36  3.1986     0.0667               0.0504 4.8079e-02
 36  3.1986    3.5-                          7.1040e-01
                        9  1.9425     0.2615               1.2561 1.8574e-01
                        6  1.7326     0.4587               1.4660 3.2580e-01
                        4  1.3942     0.2798               1.8044 1.9872e-01
 35  3.0921    1.5-                          2.9982e-01                       3.3000e-14
                        0  0.0000     1.0000               3.0921 2.9958e-01
 34  3.0655    1.5-                          3.1067e-01                       4.0000e-14
                       14  2.3582     0.0977               0.7073 3.0327e-02
                        7  1.9042     0.3906               1.1614 1.2132e-01
                        4  1.3942     0.3086               1.6713 9.5843e-02
                        0  0.0000     0.2032               3.0655 6.3073e-02
 33  3.0420    2.5+                          5.7785e-01
                        1  0.4751     0.6171               2.5669 3.5645e-01
                        0  0.0000     0.3829               3.0420 2.2098e-01
 32  3.0370    0.5+                          1.7892e-01
                        0  0.0000     0.0833               3.0370 1.4910e-02
                        1  0.4751     0.0833               2.5619 1.4910e-02
                        5  1.6605     0.0833               1.3765 1.4910e-02
                        8  1.9327     0.0833               1.1043 1.4910e-02
                       10  2.0889     0.0833               0.9481 1.4910e-02
                       14  2.3582     0.0833               0.6788 1.4910e-02
                       16  2.4725     0.0833               0.5645 1.4910e-02
                       21  2.6841     0.0833               0.3529 1.4910e-02
                       25  2.8405     0.0833               0.1965 1.4910e-02
                       26  2.8571     0.0833               0.1799 1.4910e-02
                       28  2.9327     0.0833               0.1043 1.4910e-02
                       31  3.0193     0.0833               0.0177 1.4910e-02
 31  3.0193    1.5-                          3.4406e-01                       6.9000e-14
                        1  0.4751     0.7092               2.5442 2.4387e-01
                        0  0.0000     0.2908               3.0193 9.9975e-02
 30  3.0157    5.5-                          4.7870e+00                       2.9000e-13
                       13  2.3365     0.1371               0.6793 6.5589e-01
                       12  2.2951     0.1341               0.7206 6.4165e-01
                        3  1.3105     0.7288               1.7052 3.4878e+00
 29  3.0016    2.5+                          6.1155e-01                       1.7000e-13
                       11  2.2034     0.1353               0.7982 8.2735e-02
                        4  1.3942     0.2598               1.6074 1.5883e-01
                        0  0.0000     0.6049               3.0016 3.6944e-01
 28  2.9327    1.5-                          3.7931e-01                       6.5000e-14
                        4  1.3942     0.1023               1.5385 3.8796e-02
                        1  0.4751     0.7874               2.4576 2.9851e-01
                        0  0.0000     0.1103               2.9327 4.1807e-02
 27  2.9242    3.5+                          1.2082e+00                       2.7000e-13
                       20  2.6271     0.0451               0.2971 5.2896e-02
                       19  2.6117     0.0239               0.3125 2.8771e-02
                       15  2.3990     0.0438               0.5252 5.2893e-02
                       12  2.2951     0.0261               0.6291 3.1548e-02
                        9  1.9425     0.0930               0.9817 1.1229e-01
                        6  1.7326     0.7682               1.1916 9.2802e-01
 26  2.8571    1.5-                          4.2274e-01
                        1  0.4751     0.2000               2.3820 8.4504e-02
                        0  0.0000     0.8000               2.8571 3.3795e-01
 25  2.8405    1.5-                          4.3160e-01
                       10  2.0889     0.5570               0.7516 2.4029e-01
                        0  0.0000     0.4430               2.8405 1.9107e-01
 24  2.7926    2.5-                          7.6981e-01                       1.1600e-13
                        5  1.6605     0.1000               1.1322 7.6945e-02
                        3  1.3105     0.4454               1.4821 3.4279e-01
                        0  0.0000     0.4547               2.7926 3.4977e-01
 23  2.7283    3.5-                          1.4196e+00                       2.3000e-13
                       15  2.3990     0.0272               0.3293 3.8465e-02
                       11  2.2034     0.0392               0.5249 5.5570e-02
                        3  1.3105     0.3312               1.4178 4.7012e-01
                        2  0.9701     0.6023               1.7583 8.5484e-01
 22  2.7207    4.5+                          3.6582e+00                       2.8000e-12
                       19  2.6117     0.0478               0.1090 1.6736e-01
                       15  2.3990     0.0121               0.3217 4.4363e-02
                        9  1.9425     0.0138               0.7782 5.0397e-02
                        6  1.7326     0.3749               0.9881 1.3712e+00
                        3  1.3105     0.5514               1.4102 2.0165e+00
 21  2.6841    1.5-                          5.2820e-01                       8.5000e-14
                        4  1.3942     0.0270               1.2899 1.4269e-02
                        1  0.4751     0.5405               2.2090 2.8537e-01
                        0  0.0000     0.4325               2.6841 2.2830e-01
 20  2.6271    5.5-                          1.2873e+01                       3.5000e-13
                       13  2.3365     0.0164               0.2907 2.0953e-01
                       12  2.2951     0.0260               0.3320 3.3286e-01
                        3  1.3105     0.9576               1.3166 1.2326e+01
 19  2.6117    4.5-                          5.2419e+00                       2.8000e-13
                       12  2.2951     0.0141               0.3166 7.3685e-02
                        9  1.9425     0.3011               0.6692 1.5776e+00
                        6  1.7326     0.5857               0.8791 3.0695e+00
                        3  1.3105     0.0990               1.3012 5.1880e-01
 18  2.5846    2.5-                          1.0256e+00                       9.8000e-14
                        0  0.0000     1.0000               2.5846 1.0250e+00
 17  2.5838    2.5+                          1.1790e+00                       1.0200e-13
                        9  1.9425     0.1803               0.6413 2.1250e-01
                        6  1.7326     0.8197               0.8512 9.6625e-01
 16  2.4725    1.5-                          6.9801e-01                       7.5000e-14
                        2  0.9701     0.1012               1.5024 7.0621e-02
                        1  0.4751     0.8431               1.9974 5.8834e-01
                        0  0.0000     0.0557               2.4725 3.8828e-02
 15  2.3990    3.5-                          2.5411e+00                       1.2100e-13
                        3  1.3105     0.4179               1.0885 1.0617e+00
                        2  0.9701     0.5821               1.4290 1.4789e+00
 14  2.3582    1.5-                          8.3649e-01                       1.9700e-13
                        8  1.9327     0.1078               0.4255 8.9976e-02
                        5  1.6605     0.3090               0.6977 2.5833e-01
                        1  0.4751     0.3471               1.8831 2.9026e-01
                        0  0.0000     0.2361               2.3582 1.9740e-01
 13  2.3365    4.5-                          7.6161e+00                       4.3000e-13
                        9  1.9425     0.0173               0.3940 1.3146e-01
                        4  1.3942     0.0120               0.9423 9.1439e-02
                        3  1.3105     0.2200               1.0259 1.6752e+00
                        2  0.9701     0.7507               1.3664 5.7163e+00
 12  2.2951    4.5-                          8.8807e+00                       1.8000e-12
                        9  1.9425     0.0761               0.3526 6.7416e-01
                        6  1.7326     0.1992               0.5625 1.7675e+00
                        4  1.3942     0.2579               0.9009 2.2895e+00
                        3  1.3105     0.3420               0.9846 3.0365e+00
                        2  0.9701     0.1248               1.3250 1.1081e+00
 11  2.2034    2.5-                          1.8971e+00                       1.7300e-13
                        6  1.7326     0.1145               0.4708 2.1685e-01
                        3  1.3105     0.1874               0.8929 3.5541e-01
                        2  0.9701     0.4685               1.2334 8.8864e-01
                        1  0.4751     0.2296               1.7283 4.3546e-01
 10  2.0889    0.5-                          8.1872e-01                       2.8000e-14
                        1  0.4751     0.3197               1.6138 2.6169e-01
                        0  0.0000     0.6803               2.0889 5.5676e-01
  9  1.9425    3.5-                          7.9527e+00                       1.2000e-12
                        6  1.7326     0.0997               0.2099 7.8676e-01
                        4  1.3942     0.0050               0.5483 3.9574e-02
                        3  1.3105     0.1919               0.6319 1.5254e+00
                        2  0.9701     0.5997               0.9724 4.7678e+00
                        0  0.0000     0.1037               1.9425 8.2452e-01
  8  1.9327    1.5-                          1.5043e+00                       8.7000e-14
                        2  0.9701     0.0757               0.9626 1.1383e-01
                        1  0.4751     0.2545               1.4576 3.8278e-01
                        0  0.0000     0.6698               1.9327 1.0073e+00
  7  1.9042    2.5-                          2.8190e+00                       1.8000e-13
                        3  1.3105     0.2212               0.5936 6.2320e-01
                        2  0.9701     0.4164               0.9341 1.1736e+00
                        0  0.0000     0.3623               1.9042 1.0211e+00
  6  1.7326    3.5-                          1.9099e+01                       1.4000e-12
                        4  1.3942     0.0230               0.3384 4.3676e-01
                        3  1.3105     0.2228               0.4221 4.2492e+00
                        2  0.9701     0.1360               0.7625 2.5964e+00
                        0  0.0000     0.6182               1.7326 1.1804e+01
  5  1.6605    1.5-                          2.3780e+00                       1.8200e-13
                        4  1.3942     0.0461               0.2663 1.0865e-01
                        2  0.9701     0.1567               0.6904 3.7243e-01
                        1  0.4751     0.1443               1.1854 3.4306e-01
                        0  0.0000     0.6529               1.6605 1.5522e+00
  4  1.3942    2.5-                          9.2157e+00                       8.5000e-13
                        2  0.9701     0.0282               0.4241 2.5920e-01
                        1  0.4751     0.1194               0.9191 1.1000e+00
                        0  0.0000     0.8524               1.3942 7.8542e+00
  3  1.3105    3.5-                          4.8299e+01                       5.3000e-13
                        2  0.9701     0.0620               0.3405 2.9892e+00
                        0  0.0000     0.9380               1.3105 4.5294e+01
  2  0.9701    2.5-                          3.3969e+01                       6.9000e-13
                        1  0.4751     0.0090               0.4950 3.0623e-01
                        0  0.0000     0.9910               0.9701 3.3654e+01
  1  0.4751    0.5-                          9.0009e+00                       6.6000e-13
                        0  0.0000     1.0000               0.4751 8.9910e+00
  0  0.0000    1.5-                          1.4078e+02                       1.2000e+04
#......................................................................../  028-062Ni //  23.500000
#                                                                          SUM SPECTRA FOR COMPOUND
#            028-061Ni      gamma    neutron     proton      alpha
 SpcSum[mb]            5.8057e+02 6.4743e-06 0.0000e+00 7.7949e-18
 Emean[MeV]            7.7723e-01 2.7117e-01 0.0000e+00 2.2367e+00
#......................................................................../  028-062Ni //  23.500000
#                                                                   GAMMAS FROM DISCRETE TRANSITION
#           2 1 0 0 0 0             028-061Ni
#   Ex[MeV]     Jpi    FinalState  Branching Production    Egamma Production   T(1/2)[s]
 35  2.9050    3.5-                          1.0653e+00
                       17  2.0300     0.2500               0.8750 2.6633e-01
                       18  2.1216     0.2500               0.7834 2.6633e-01
                       27  2.6970     0.2500               0.2080 2.6633e-01
                       28  2.7090     0.2500               0.1960 2.6633e-01
 34  2.8635    1.5-                          4.3277e-01
                       11  1.7295     0.2662               1.1340 1.1518e-01
                       10  1.6097     0.1728               1.2538 7.4771e-02
                        8  1.1853     0.1586               1.6782 6.8622e-02
                        2  0.2830     0.2834               2.5805 1.2257e-01
                        1  0.0674     0.1190               2.7961 5.1465e-02
 33  2.8530    3.5-                          1.1504e+00
                       17  2.0300     0.2500               0.8230 2.8759e-01
                       18  2.1216     0.2500               0.7314 2.8759e-01
                       27  2.6970     0.2500               0.1560 2.8759e-01
                       28  2.7090     0.2500               0.1440 2.8759e-01
 32  2.8010    2.5-                          7.3537e-01
                       13  1.9780     0.2000               0.8230 1.4707e-01
                       17  2.0300     0.2000               0.7710 1.4707e-01
                       27  2.6970     0.2000               0.1040 1.4707e-01
                       28  2.7090     0.2000               0.0920 1.4707e-01
                       31  2.7860     0.2000               0.0150 1.4707e-01
 31  2.7860    1.5+                          7.0420e-01
                        0  0.0000     0.0667               2.7860 4.6947e-02
                        1  0.0674     0.0667               2.7186 4.6947e-02
                        2  0.2830     0.0667               2.5030 4.6947e-02
                        3  0.6560     0.0667               2.1300 4.6947e-02
                        4  0.9086     0.0667               1.8774 4.6947e-02
                        6  1.0996     0.0667               1.6864 4.6947e-02
                        7  1.1323     0.0667               1.6537 4.6947e-02
                        8  1.1853     0.0667               1.6007 4.6947e-02
                       10  1.6097     0.0667               1.1763 4.6947e-02
                       11  1.7295     0.0667               1.0565 4.6947e-02
                       15  1.9976     0.0667               0.7884 4.6947e-02
                       19  2.1240     0.0667               0.6620 4.6947e-02
                       22  2.4140     0.0667               0.3720 4.6947e-02
                       26  2.6397     0.0667               0.1463 4.6947e-02
                       30  2.7651     0.0667               0.0209 4.6947e-02
 30  2.7651    1.5-                          5.3011e-01
                        7  1.1323     0.0874               1.6328 4.6316e-02
                        6  1.0996     0.1608               1.6655 8.5223e-02
                        4  0.9086     0.0664               1.8565 3.5200e-02
                        2  0.2830     0.3357               2.4821 1.7786e-01
                        0  0.0000     0.3497               2.7651 1.8526e-01
 29  2.7340    3.5-                          1.3719e+00
                       17  2.0300     0.2500               0.7040 3.4297e-01
                       18  2.1216     0.2500               0.6124 3.4297e-01
                       27  2.6970     0.2500               0.0370 3.4297e-01
                       28  2.7090     0.2500               0.0250 3.4297e-01
 28  2.7090    2.5+                          2.0565e+00
                        0  0.0000     0.0588               2.7090 1.2097e-01
                        1  0.0674     0.0588               2.6416 1.2097e-01
                        4  0.9086     0.0588               1.8004 1.2097e-01
                        5  1.0151     0.0588               1.6939 1.2097e-01
                        6  1.0996     0.0588               1.6094 1.2097e-01
                        7  1.1323     0.0588               1.5767 1.2097e-01
                        8  1.1853     0.0588               1.5237 1.2097e-01
                        9  1.4548     0.0588               1.2542 1.2097e-01
                       10  1.6097     0.0588               1.0993 1.2097e-01
                       11  1.7295     0.0588               0.9795 1.2097e-01
                       15  1.9976     0.0588               0.7114 1.2097e-01
                       16  2.0181     0.0588               0.6909 1.2097e-01
                       22  2.4140     0.0588               0.2950 1.2097e-01
                       23  2.4690     0.0588               0.2400 1.2097e-01
                       24  2.5290     0.0588               0.1800 1.2097e-01
                       25  2.5930     0.0588               0.1160 1.2097e-01
                       26  2.6397     0.0588               0.0693 1.2097e-01
 27  2.6970    2.5+                          2.0754e+00
                        0  0.0000     0.0588               2.6970 1.2208e-01
                        1  0.0674     0.0588               2.6296 1.2208e-01
                        4  0.9086     0.0588               1.7884 1.2208e-01
                        5  1.0151     0.0588               1.6819 1.2208e-01
                        6  1.0996     0.0588               1.5974 1.2208e-01
                        7  1.1323     0.0588               1.5647 1.2208e-01
                        8  1.1853     0.0588               1.5117 1.2208e-01
                        9  1.4548     0.0588               1.2422 1.2208e-01
                       10  1.6097     0.0588               1.0873 1.2208e-01
                       11  1.7295     0.0588               0.9675 1.2208e-01
                       15  1.9976     0.0588               0.6994 1.2208e-01
                       16  2.0181     0.0588               0.6789 1.2208e-01
                       22  2.4140     0.0588               0.2830 1.2208e-01
                       23  2.4690     0.0588               0.2280 1.2208e-01
                       24  2.5290     0.0588               0.1680 1.2208e-01
                       25  2.5930     0.0588               0.1040 1.2208e-01
                       26  2.6397     0.0588               0.0573 1.2208e-01
 26  2.6397    1.5-                          8.5598e-01
                        2  0.2830     0.0880               2.3568 7.5292e-02
                        1  0.0674     0.0738               2.5723 6.3103e-02
                        0  0.0000     0.8382               2.6397 7.1707e-01
 25  2.5930    3.5-                          1.9505e+00
                       17  2.0300     0.5000               0.5630 9.7523e-01
                       18  2.1216     0.5000               0.4714 9.7523e-01
 24  2.5290    3.5-                          2.1349e+00
                       17  2.0300     0.5000               0.4990 1.0675e+00
                       18  2.1216     0.5000               0.4074 1.0675e+00
 23  2.4690    3.5-                          2.3312e+00                       2.3600e-13
                       17  2.0300     0.5000               0.4390 1.1656e+00
                       18  2.1216     0.5000               0.3474 1.1656e+00
 22  2.4140    1.5-                          1.0397e+00
                       13  1.9780     0.5000               0.4360 5.1987e-01
                       17  2.0300     0.5000               0.3840 5.1987e-01
 21  2.4097    4.5-                          5.7969e+00                       1.9000e-13
                        9  1.4548     0.1677               0.9549 9.7188e-01
                        7  1.1323     0.1180               1.2774 6.8389e-01
                        5  1.0151     0.0931               1.3946 5.3987e-01
                        1  0.0674     0.6212               2.3423 3.5990e+00
 20  2.1292    5.5-                          4.4756e+01                       2.0000e-12
                        5  1.0151     1.0000               1.1141 4.4747e+01
 19  2.1240    0.5-                          6.0709e-01                       4.4000e-14
                        8  1.1853     0.1039               0.9387 6.3061e-02
                        0  0.0000     0.8961               2.1240 5.4380e-01
 18  2.1216    4.5+                          1.8071e+01                       4.0000e-13
                        5  1.0151     1.0000               1.1065 1.8069e+01
 17  2.0300    2.5+                          7.6842e+00
                        0  0.0000     0.0833               2.0300 6.4035e-01
                        1  0.0674     0.0833               1.9626 6.4035e-01
                        4  0.9086     0.0833               1.1214 6.4035e-01
                        5  1.0151     0.0833               1.0149 6.4035e-01
                        6  1.0996     0.0833               0.9304 6.4035e-01
                        7  1.1323     0.0833               0.8977 6.4035e-01
                        8  1.1853     0.0833               0.8447 6.4035e-01
                        9  1.4548     0.0833               0.5752 6.4035e-01
                       10  1.6097     0.0833               0.4203 6.4035e-01
                       11  1.7295     0.0833               0.3005 6.4035e-01
                       15  1.9976     0.0833               0.0324 6.4035e-01
                       16  2.0181     0.0833               0.0119 6.4035e-01
 16  2.0181    3.5-                          5.3473e+00                       1.2000e-13
                        4  0.9086     0.0991               1.1095 5.2977e-01
                        1  0.0674     0.9009               1.9507 4.8160e+00
 15  1.9976    2.5-                          3.2161e+00                       4.5000e-14
                        5  1.0151     0.1101               0.9825 3.5404e-01
                        4  0.9086     0.1597               1.0890 5.1356e-01
                        1  0.0674     0.0503               1.9302 1.6177e-01
                        0  0.0000     0.6799               1.9976 2.1858e+00
 14  1.9880    4.5-                          1.4992e+01                       5.1000e-13
                        9  1.4548     0.1297               0.5332 1.9432e+00
                        5  1.0151     0.1194               0.9729 1.7898e+00
                        4  0.9086     0.1820               1.0794 2.7283e+00
                        1  0.0674     0.5689               1.9206 8.5255e+00
 13  1.9780    1.5+                          2.3972e+00
                        0  0.0000     0.1000               1.9780 2.3972e-01
                        1  0.0674     0.1000               1.9106 2.3972e-01
                        2  0.2830     0.1000               1.6950 2.3972e-01
                        3  0.6560     0.1000               1.3220 2.3972e-01
                        4  0.9086     0.1000               1.0694 2.3972e-01
                        6  1.0996     0.1000               0.8784 2.3972e-01
                        7  1.1323     0.1000               0.8457 2.3972e-01
                        8  1.1853     0.1000               0.7927 2.3972e-01
                       10  1.6097     0.1000               0.3683 2.3972e-01
                       11  1.7295     0.1000               0.2485 2.3972e-01
 12  1.8077    4.5-                          2.3669e+01                       6.0000e-13
                        5  1.0151     0.1103               0.7926 2.6097e+00
                        1  0.0674     0.8897               1.7403 2.1053e+01
 11  1.7295    1.5-                          3.1085e+00                       6.5000e-14
                        8  1.1853     0.0586               0.5442 1.8188e-01
                        4  0.9086     0.0712               0.8209 2.2140e-01
                        3  0.6560     0.1527               1.0735 4.7456e-01
                        2  0.2830     0.2137               1.4465 6.6416e-01
                        1  0.0674     0.2494               1.6621 7.7507e-01
                        0  0.0000     0.2544               1.7295 7.9059e-01
 10  1.6097    2.5-                          5.3632e+00                       2.6000e-13
                        7  1.1323     0.0371               0.4773 1.9870e-01
                        4  0.9086     0.0466               0.7010 2.4969e-01
                        1  0.0674     0.5007               1.5422 2.6849e+00
                        0  0.0000     0.4156               1.6097 2.2286e+00
  9  1.4548    3.5-                          1.7190e+01                       5.8000e-13
                        5  1.0151     0.0602               0.4397 1.0323e+00
                        1  0.0674     0.2332               1.3874 4.0082e+00
                        0  0.0000     0.7066               1.4548 1.2145e+01
  8  1.1853    1.5-                          5.2730e+00                       1.2000e-13
                        3  0.6560     0.0882               0.5292 4.6442e-01
                        2  0.2830     0.0194               0.9023 1.0216e-01
                        1  0.0674     0.0116               1.1178 6.1316e-02
                        0  0.0000     0.8808               1.1853 4.6439e+00
  7  1.1323    2.5-                          1.1130e+01                       3.2000e-13
                        5  1.0151     0.0835               0.1172 7.9469e-01
                        1  0.0674     0.3214               1.0649 3.5765e+00
                        0  0.0000     0.5951               1.1323 6.6223e+00
  6  1.0996    1.5-                          5.5442e+00                       1.6000e-13
                        2  0.2830     0.5163               0.8167 2.8615e+00
                        1  0.0674     0.0707               1.0322 3.9205e-01
                        0  0.0000     0.4130               1.0996 2.2893e+00
  5  1.0151    3.5-                          1.0820e+02                       4.4000e-12
                        3  0.6560     0.0328               0.3591 3.4536e+00
                        1  0.0674     0.7256               0.9477 7.8487e+01
                        0  0.0000     0.2416               1.0151 2.6134e+01
  4  0.9086    2.5-                          1.9041e+01                       7.0000e-13
                        2  0.2830     0.0301               0.6257 5.7209e-01
                        1  0.0674     0.1576               0.8412 2.9999e+00
                        0  0.0000     0.8123               0.9086 1.5464e+01
  3  0.6560    0.5-                          8.1665e+00                       1.7000e-11
                        2  0.2830     0.1530               0.3731 1.2474e+00
                        1  0.0674     0.0826               0.5886 6.7371e-01
                        0  0.0000     0.7644               0.6560 6.2385e+00
  2  0.2830    0.5-                          1.2421e+01                       2.3000e-11
                        1  0.0674     0.0018               0.2155 2.2238e-02
                        0  0.0000     0.9982               0.2830 1.2357e+01
  1  0.0674    2.5-                          2.2045e+02                       5.3400e-09
                        0  0.0000     1.0000               0.0674 1.9355e+02
  0  0.0000    1.5-                          3.4806e+02
#......................................................................../  028-062Ni //  23.500000
#                                                                          SUM SPECTRA FOR COMPOUND
#            027-058Co      gamma    neutron     proton      alpha
 SpcSum[mb]            1.2119e+01 0.0000e+00 1.5298e-17 1.2713e-30
 Emean[MeV]            5.5787e-01 0.0000e+00 9.1191e-01 1.7948e+00
#......................................................................../  028-062Ni //  23.500000
#                                                                   GAMMAS FROM DISCRETE TRANSITION
#           2 0 1 0 0 0             027-058Co
#   Ex[MeV]     Jpi    FinalState  Branching Production    Egamma Production   T(1/2)[s]
 51  2.2600    3.0-                          6.3484e-03
                        0  0.0000     0.0400               2.2600 2.5394e-04
                        2  0.0532     0.0400               2.2068 2.5394e-04
                        3  0.1118     0.0400               2.1482 2.5394e-04
                        4  0.3657     0.0400               1.8943 2.5394e-04
                        6  0.4575     0.0400               1.8025 2.5394e-04
                        7  0.8856     0.0400               1.3744 2.5394e-04
                        8  1.0401     0.0400               1.2199 2.5394e-04
                        9  1.0443     0.0400               1.2157 2.5394e-04
                       14  1.2366     0.0400               1.0234 2.5394e-04
                       16  1.3535     0.0400               0.9065 2.5394e-04
                       20  1.4240     0.0400               0.8360 2.5394e-04
                       23  1.5133     0.0400               0.7467 2.5394e-04
                       24  1.5226     0.0400               0.7374 2.5394e-04
                       25  1.5244     0.0400               0.7356 2.5394e-04
                       27  1.5547     0.0400               0.7053 2.5394e-04
                       28  1.6056     0.0400               0.6544 2.5394e-04
                       29  1.6699     0.0400               0.5901 2.5394e-04
                       32  1.7493     0.0400               0.5106 2.5394e-04
                       37  1.8430     0.0400               0.4170 2.5394e-04
                       38  1.8658     0.0400               0.3942 2.5394e-04
                       40  1.9250     0.0400               0.3350 2.5394e-04
                       42  1.9788     0.0400               0.2812 2.5394e-04
                       43  2.0070     0.0400               0.2530 2.5394e-04
                       44  2.0700     0.0400               0.1900 2.5394e-04
                       47  2.1660     0.0400               0.0940 2.5394e-04
 50  2.2488    1.0+                          2.0041e-03
                        0  0.0000     1.0000               2.2488 2.0032e-03
 49  2.2250    5.0+                          1.7815e-02
                       46  2.1050     1.0000               0.1200 1.7815e-02
 48  2.1848    6.0+                          4.4256e-02
                       13  1.1846     1.0000               1.0002 4.4247e-02
 47  2.1660    3.0+                          6.9861e-03
                       46  2.1050     1.0000               0.0610 6.9861e-03
 46  2.1050    4.0-                          4.0780e-02
                        1  0.0249     0.0385               2.0800 1.5685e-03
                        2  0.0532     0.0385               2.0518 1.5685e-03
                        3  0.1118     0.0385               1.9932 1.5685e-03
                        4  0.3657     0.0385               1.7393 1.5685e-03
                        5  0.3739     0.0385               1.7311 1.5685e-03
                        6  0.4575     0.0385               1.6475 1.5685e-03
                        7  0.8856     0.0385               1.2194 1.5685e-03
                        8  1.0401     0.0385               1.0649 1.5685e-03
                        9  1.0443     0.0385               1.0607 1.5685e-03
                       13  1.1846     0.0385               0.9204 1.5685e-03
                       15  1.3515     0.0385               0.7535 1.5685e-03
                       19  1.4181     0.0385               0.6869 1.5685e-03
                       20  1.4240     0.0385               0.6810 1.5685e-03
                       23  1.5133     0.0385               0.5917 1.5685e-03
                       25  1.5244     0.0385               0.5806 1.5685e-03
                       26  1.5488     0.0385               0.5562 1.5685e-03
                       27  1.5547     0.0385               0.5503 1.5685e-03
                       28  1.6056     0.0385               0.4994 1.5685e-03
                       29  1.6699     0.0385               0.4351 1.5685e-03
                       31  1.7405     0.0385               0.3645 1.5685e-03
                       32  1.7493     0.0385               0.3557 1.5685e-03
                       34  1.7780     0.0385               0.3270 1.5685e-03
                       37  1.8430     0.0385               0.2620 1.5685e-03
                       42  1.9788     0.0385               0.1262 1.5685e-03
                       43  2.0070     0.0385               0.0980 1.5685e-03
                       44  2.0700     0.0385               0.0350 1.5685e-03
 45  2.0805    6.0+                          5.9399e-02
                       13  1.1846     1.0000               0.8959 5.9384e-02
 44  2.0700    4.0+                          1.6788e-02
                        2  0.0532     1.0000               2.0168 1.6788e-02
 43  2.0070    3.0+                          1.1944e-02
                        3  0.1118     1.0000               1.8952 1.1944e-02
 42  1.9788    3.0+                          1.2742e-02
                        9  1.0443     1.0000               0.9345 1.2739e-02
 41  1.9290    7.0+                          2.3746e-01                       2.7700e-13
                       21  1.4246     0.7296               0.5044 1.7306e-01
                        5  0.3739     0.2704               1.5551 6.4198e-02
 40  1.9250    2.0+                          8.0796e-03
                       12  1.1330     1.0000               0.7920 8.0796e-03
 39  1.8677    1.0+                          5.0889e-03
                       10  1.0502     0.0000               0.8175 0.0000e+00
                        2  0.0532     0.4012               1.8145 2.0412e-03
                        0  0.0000     0.5988               1.8677 3.0464e-03
 38  1.8658    2.0+                          9.1766e-03
                        7  0.8856     0.2500               0.9802 2.2942e-03
                        6  0.4575     0.2500               1.4083 2.2942e-03
                        2  0.0532     0.2500               1.8126 2.2942e-03
                        0  0.0000     0.2500               1.8658 2.2942e-03
 37  1.8430    3.0+                          1.6837e-02
                        3  0.1118     1.0000               1.7312 1.6837e-02
 36  1.8280    0.0-                          2.5840e-03
                       10  1.0502     0.1667               0.7778 4.3067e-04
                       17  1.3690     0.1667               0.4590 4.3067e-04
                       18  1.3769     0.1667               0.4511 4.3067e-04
                       22  1.4349     0.1667               0.3931 4.3067e-04
                       30  1.7292     0.1667               0.0988 4.3067e-04
                       33  1.7572     0.1667               0.0708 4.3067e-04
 35  1.8133    0.0+                          2.1402e-03
                        0  0.0000     1.0000               1.8133 2.1396e-03
 34  1.7780    5.0+                          6.1795e-02
                        1  0.0249     1.0000               1.7530 6.1795e-02
 33  1.7572    1.0+                          7.3040e-03
                       10  1.0502     0.4083               0.7070 2.9809e-03
                        3  0.1118     0.5917               1.6454 4.3208e-03
 32  1.7493    4.0+                          3.6987e-02
                        7  0.8856     0.4630               0.8637 1.7119e-02
                        2  0.0532     0.2454               1.6962 9.0738e-03
                        0  0.0000     0.2917               1.7493 1.0785e-02
 31  1.7405    5.0+                          6.7931e-02
                        3  0.1118     1.0000               1.6287 6.7916e-02
 30  1.7292    1.0+                          7.7494e-03
                        5  0.3739     0.1567               1.3553 1.2140e-03
                        4  0.3657     0.7463               1.3636 5.7822e-03
                        0  0.0000     0.0970               1.7292 7.5173e-04
 29  1.6699    3.0+                          2.5258e-02
                       10  1.0502     1.0000               0.6197 2.5237e-02
 28  1.6056    3.0+                          2.9802e-02
                        6  0.4575     0.0000               1.1481 0.0000e+00
                        3  0.1118     0.7407               1.4939 2.2071e-02
                        0  0.0000     0.2593               1.6056 7.7262e-03
 27  1.5547    3.0+                          3.3617e-02
                       10  1.0502     0.7197               0.5046 2.4157e-02
                        4  0.3657     0.0000               1.1891 0.0000e+00
                        0  0.0000     0.2803               1.5547 9.4212e-03
 26  1.5488    5.0+                          1.1115e-01
                       11  1.0755     0.3335               0.4733 3.7019e-02
                        7  0.8856     0.6665               0.6632 7.4030e-02
 25  1.5244    3.0+                          3.5929e-02
                        4  0.3657     0.4505               1.1587 1.6184e-02
                        0  0.0000     0.5495               1.5244 1.9740e-02
 24  1.5226    2.0+                          2.1673e-02
                        4  0.3657     0.4413               1.1569 9.5629e-03
                        3  0.1118     0.5587               1.4108 1.2107e-02
 23  1.5133    3.0+                          3.6793e-02
                        8  1.0401     0.1306               0.4732 4.7989e-03
                        5  0.3739     0.0988               1.1394 3.6346e-03
                        4  0.3657     0.3952               1.1477 1.4538e-02
                        1  0.0249     0.3754               1.4884 1.3810e-02
 22  1.4349    1.0+                          1.5032e-02                       6.0000e-13
                        0  0.0000     1.0000               1.4349 1.5029e-02
 21  1.4246    6.0+                          5.5100e-01                       7.6000e-14
                        5  0.3739     0.8961               1.0507 4.9366e-01
                        1  0.0249     0.1039               1.3997 5.7241e-02
 20  1.4240    3.0+                          4.5160e-02
                        3  0.1118     1.0000               1.3122 4.5160e-02
 19  1.4181    5.0+                          1.5472e-01
                        5  0.3739     1.0000               1.0442 1.5469e-01
 18  1.3769    1.0+                          1.8164e-02                       1.6000e-13
                       10  1.0502     0.0683               0.3267 1.2347e-03
                        9  1.0443     0.4461               0.3326 7.8495e-03
                        0  0.0000     0.4856               1.3769 8.8193e-03
 17  1.3690    1.0+                          1.8504e-02
                       12  1.1330     1.0000               0.2360 1.8504e-02
 16  1.3535    2.0+                          3.3111e-02                       6.0000e-13
                        4  0.3657     0.5650               0.9878 1.8704e-02
                        3  0.1118     0.2373               1.2417 7.8561e-03
                        0  0.0000     0.1977               1.3535 6.5451e-03
 15  1.3515    5.0+                          1.8402e-01
                        7  0.8856     0.0742               0.4659 1.3626e-02
                        6  0.4575     0.9258               0.8940 1.7032e-01
 14  1.2366    2.0+                          4.2435e-02
                        3  0.1118     0.2537               1.1248 1.0764e-02
                        0  0.0000     0.7463               1.2366 3.1665e-02
 13  1.1846    5.0+                          3.8537e-01                       9.7000e-14
                        6  0.4575     0.6897               0.7271 2.6568e-01
                        2  0.0532     0.2069               1.1315 7.9720e-02
                        1  0.0249     0.1034               1.1597 3.9841e-02
 12  1.1330    1.0-                          7.5937e-02
                        0  0.0000     0.5000               1.1330 3.7969e-02
                       10  1.0502     0.5000               0.0828 3.7969e-02
 11  1.0755    6.0+                          1.0552e+00                       6.9000e-14
                        5  0.3739     0.1327               0.7016 1.3996e-01
                        1  0.0249     0.8673               1.0505 9.1503e-01
 10  1.0502    1.0+                          1.3079e-01                       1.4000e-13
                        4  0.3657     0.0305               0.6845 3.9867e-03
                        3  0.1118     0.3598               0.9384 4.7046e-02
                        0  0.0000     0.6097               1.0502 7.9729e-02
  9  1.0443    4.0+                          2.2559e-01                       1.2000e-12
                        5  0.3739     0.0000               0.6703 0.0000e+00
                        3  0.1118     0.1803               0.9325 4.0664e-02
                        0  0.0000     0.8197               1.0443 1.8487e-01
  8  1.0401    3.0+                          1.1495e-01                       1.4000e-13
                        6  0.4575     0.4609               0.5826 5.2953e-02
                        4  0.3657     0.2350               0.6745 2.7000e-02
                        0  0.0000     0.3041               1.0401 3.4951e-02
  7  0.8856    3.0+                          2.6758e-01                       1.5000e-13
                        5  0.3739     0.1727               0.5117 4.6146e-02
                        4  0.3657     0.2036               0.5200 5.4427e-02
                        3  0.1118     0.4423               0.7739 1.1831e-01
                        2  0.0532     0.0531               0.8325 1.4199e-02
                        1  0.0249     0.1283               0.8607 3.4320e-02
  6  0.4575    4.0+                          1.3493e+00                       9.0000e-13
                        4  0.3657     0.0171               0.0918 1.6510e-02
                        3  0.1118     0.1596               0.3457 2.1461e-01
                        2  0.0532     0.0065               0.4043 8.8063e-03
                        1  0.0249     0.8167               0.4325 1.1008e+00
  5  0.3739    5.0+                          3.1298e+00                       8.0000e-13
                        2  0.0532     0.9424               0.3208 2.9433e+00
                        1  0.0249     0.0576               0.3490 1.7955e-01
  4  0.3657    3.0+                          7.2555e-01                       1.1000e-12
                        3  0.1118     0.0090               0.2539 6.4610e-03
                        2  0.0532     0.0000               0.3125 0.0000e+00
                        0  0.0000     0.9910               0.3657 7.1789e-01
  3  0.1118    3.0+                          1.6770e+00                       1.4000e-10
                        2  0.0532     0.4185               0.0586 5.9629e-01
                        0  0.0000     0.5815               0.1118 9.4633e-01
  2  0.0532    4.0+                          6.3069e+00                       1.0500e-05
                        1  0.0249     0.3332               0.0282 2.5944e-01
                        0  0.0000     0.6668               0.0532 6.0337e-01
  1  0.0249    5.0+                          1.0612e+01                       3.2760e+04
                        0  0.0000     1.0000               0.0249 4.2094e-03
  0  0.0000    2.0+                          1.8043e+01                       6.1220e+06
#......................................................................../  028-062Ni //  23.500000
#                                                                         ISOMERIC STATE PRODUCTION
#            027-058Co
#   Ex[MeV]     Jpi     T(1/2)[s]  Prod.[mb]
  1  0.0249    5.0+    3.2760e+04 1.0612e+01
#......................................................................../  028-062Ni //  23.500000
#                                                                          SUM SPECTRA FOR COMPOUND
#            028-060Ni      gamma
 SpcSum[mb]            1.1077e-03
 Emean[MeV]            1.3991e+00
#......................................................................../  028-062Ni //  23.500000
#                                                                   GAMMAS FROM DISCRETE TRANSITION
#           2 0 0 1 0 0             028-060Ni
#   Ex[MeV]     Jpi    FinalState  Branching Production    Egamma Production   T(1/2)[s]
 24  3.9258    3.0+                          4.3468e-21                       1.9000e-13
                        8  3.1860     0.2772               0.7398 1.2043e-21
                        4  2.5058     0.4016               1.4200 1.7452e-21
                        2  2.1586     0.3213               1.7672 1.3961e-21
 23  3.8950    2.0+                          4.3556e-21                       5.9000e-14
                        5  2.6261     0.4011               1.2689 1.7468e-21
                        1  1.3325     0.5989               2.5625 2.6070e-21
 22  3.8878    2.0+                          4.7240e-21                       7.0000e-14
                        1  1.3325     1.0000               2.5553 4.7213e-21
 21  3.8750    2.0+                          6.2855e-21                       3.0000e-12
                       12  3.3810     0.0994               0.4940 6.2417e-22
                        7  3.1240     0.1589               0.7510 9.9839e-22
                        5  2.6261     0.1390               1.2489 8.7359e-22
                        2  2.1586     0.2715               1.7164 1.7062e-21
                        1  1.3325     0.3312               2.5425 2.0807e-21
                        0  0.0000     0.0000               3.8750 0.0000e+00
 20  3.7361    2.0+                          1.0083e-17                       1.1000e-13
                        7  3.1240     0.0234               0.6121 2.3548e-19
                        3  2.2849     0.1713               1.4512 1.7270e-18
                        1  1.3325     0.7788               2.4036 7.8489e-18
                        0  0.0000     0.0265               3.7361 2.6692e-19
 19  3.7307    2.0+                          1.2914e-17                       2.1000e-13
                        7  3.1240     0.0000               0.6067 0.0000e+00
                        5  2.6261     0.0000               1.1046 0.0000e+00
                        4  2.5058     0.4011               1.2249 5.1787e-18
                        1  1.3325     0.5989               2.3982 7.7300e-18
 18  3.7020    4.0+                          7.2864e-17
                        6  3.1197     1.0000               0.5823 7.2804e-17
 17  3.6707    4.0+                          1.2291e-16                       6.0000e-14
                        4  2.5058     1.0000               1.1649 1.2289e-16
 16  3.6229    2.0-                          1.3226e-16
                        1  1.3325     0.1111               2.2904 1.4696e-17
                        2  2.1586     0.1111               1.4643 1.4696e-17
                        5  2.6261     0.1111               0.9968 1.4696e-17
                        7  3.1240     0.1111               0.4989 1.4696e-17
                        8  3.1860     0.1111               0.4369 1.4696e-17
                        9  3.1940     0.1111               0.4289 1.4696e-17
                       10  3.2694     0.1111               0.3535 1.4696e-17
                       13  3.3935     0.1111               0.2294 1.4696e-17
                       15  3.6195     0.1111               0.0034 1.4696e-17
 15  3.6195    3.0+                          2.0337e-16                       2.0000e-13
                        5  2.6261     0.6993               0.9935 1.4218e-16
                        4  2.5058     0.3007               1.1138 6.1142e-17
                        2  2.1586     0.0000               1.4609 0.0000e+00
 14  3.5881    0.0+                          4.7931e-17                       4.0000e-11
                        9  3.1940     0.1706               0.3941 8.1647e-18
                        2  2.1586     0.5680               1.4295 2.7220e-17
                        1  1.3325     0.2614               2.2556 1.2523e-17
                        0  0.0000     0.0000               3.5881 0.0000e+00
 13  3.3935    2.0+                          5.4692e-14                       1.3000e-13
                        2  2.1586     0.1086               1.2349 5.9386e-15
                        1  1.3325     0.8354               2.0610 4.5673e-14
                        0  0.0000     0.0560               3.3935 3.0603e-15
 12  3.3810    2.0-                          9.1056e-14                       2.3000e-13
                        2  2.1586     1.0000               1.2224 9.1043e-14
 11  3.3187    0.0+                          2.5809e-13                       2.4000e-13
                        1  1.3325     1.0000               1.9862 2.5800e-13
                        0  0.0000     0.0000               3.3187 0.0000e+00
 10  3.2694    2.0+                          2.3932e-12                       7.1000e-14
                        5  2.6261     0.1907               0.6433 4.5608e-13
                        3  2.2849     0.0156               0.9845 3.7324e-14
                        2  2.1586     0.2079               1.1107 4.9745e-13
                        1  1.3325     0.4332               1.9369 1.0364e-12
                        0  0.0000     0.1526               3.2694 3.6486e-13
  9  3.1940    1.0+                          2.4738e-12                       5.3000e-14
                        3  2.2849     0.1618               0.9091 4.0020e-13
                        2  2.1586     0.2963               1.0354 7.3291e-13
                        1  1.3325     0.3799               1.8615 9.3962e-13
                        0  0.0000     0.1619               3.1940 4.0023e-13
  8  3.1860    2.0+                          4.5897e-12                       1.4000e-13
                        4  2.5058     0.3094               0.6803 1.4191e-12
                        2  2.1586     0.3597               1.0274 1.6505e-12
                        1  1.3325     0.3309               1.8535 1.5183e-12
  7  3.1240    2.0+                          4.7923e-11                       6.0000e-13
                        5  2.6261     0.0318               0.4979 1.5220e-12
                        3  2.2849     0.0087               0.8391 4.1768e-13
                        2  2.1586     0.0057               0.9654 2.7295e-13
                        1  1.3325     0.8631               1.7915 4.1353e-11
                        0  0.0000     0.0907               3.1240 4.3419e-12
  6  3.1197    4.0+                          1.6232e-10                       2.4000e-13
                        5  2.6261     0.0801               0.4936 1.2987e-11
                        1  1.3325     0.9199               1.7872 1.4928e-10
  5  2.6261    3.0+                          5.7757e-08                       6.0000e-13
                        4  2.5058     0.0397               0.1203 1.9922e-09
                        2  2.1586     0.6279               0.4674 3.6226e-08
                        1  1.3325     0.3325               1.2936 1.9200e-08
  4  2.5058    4.0+                          1.0294e-06                       3.3000e-12
                        2  2.1586     0.0001               0.3471 7.8218e-11
                        1  1.3325     0.9999               1.1732 1.0292e-06
                        0  0.0000     0.0000               2.5058 2.0588e-14
  3  2.2849    0.0+                          1.2060e-07                       1.5000e-12
                        1  1.3325     1.0000               0.9524 1.2057e-07
                        0  0.0000     0.0000               2.2849 0.0000e+00
  2  2.1586    2.0+                          1.7438e-06                       5.9000e-13
                        1  1.3325     0.8503               0.8261 1.4823e-06
                        0  0.0000     0.1497               2.1586 2.6094e-07
  1  1.3325    2.0+                          1.1049e-03                       7.7000e-13
                        0  0.0000     1.0000               1.3325 1.1047e-03
  0  0.0000    0.0+                          4.2051e-02
#......................................................................../  028-062Ni //  23.500000
#                                                                          SUM SPECTRA FOR COMPOUND
#            027-061Co      gamma    neutron     proton      alpha
 SpcSum[mb]            2.5377e-01 0.0000e+00 0.0000e+00 0.0000e+00
 Emean[MeV]            1.0704e+00 0.0000e+00 0.0000e+00 0.0000e+00
#......................................................................../  028-062Ni //  23.500000
#                                                                   GAMMAS FROM DISCRETE TRANSITION
#           1 2 0 0 0 0             027-061Co
#   Ex[MeV]     Jpi    FinalState  Branching Production    Egamma Production   T(1/2)[s]
 49  3.2520    2.5+                          7.1486e-05
                        0  0.0000     0.0526               3.2520 3.7624e-06
                        1  1.0275     0.0526               2.2245 3.7624e-06
                        2  1.2051     0.0526               2.0469 3.7624e-06
                        6  1.6189     0.0526               1.6331 3.7624e-06
                        7  1.6310     0.0526               1.6210 3.7624e-06
                        8  1.6459     0.0526               1.6061 3.7624e-06
                       10  1.6820     0.0526               1.5700 3.7624e-06
                       11  1.8892     0.0526               1.3628 3.7624e-06
                       13  2.0115     0.0526               1.2405 3.7624e-06
                       16  2.3030     0.0526               0.9490 3.7624e-06
                       18  2.3455     0.0526               0.9065 3.7624e-06
                       21  2.4480     0.0526               0.8040 3.7624e-06
                       30  2.7545     0.0526               0.4975 3.7624e-06
                       32  2.8644     0.0526               0.3876 3.7624e-06
                       36  3.0003     0.0526               0.2517 3.7624e-06
                       38  3.0280     0.0526               0.2240 3.7624e-06
                       40  3.1044     0.0526               0.1476 3.7624e-06
                       46  3.2047     0.0526               0.0473 3.7624e-06
                       48  3.2392     0.0526               0.0128 3.7624e-06
 48  3.2392    3.5-                          1.1734e-04
                        0  0.0000     1.0000               3.2392 1.1724e-04
 47  3.2180    1.5+                          4.8467e-05
                        1  1.0275     0.0667               2.1905 3.2311e-06
                        2  1.2051     0.0667               2.0129 3.2311e-06
                        6  1.6189     0.0667               1.5991 3.2311e-06
                        7  1.6310     0.0667               1.5870 3.2311e-06
                       10  1.6820     0.0667               1.5360 3.2311e-06
                       12  1.9532     0.0667               1.2648 3.2311e-06
                       13  2.0115     0.0667               1.2065 3.2311e-06
                       16  2.3030     0.0667               0.9150 3.2311e-06
                       18  2.3455     0.0667               0.8725 3.2311e-06
                       30  2.7545     0.0667               0.4635 3.2311e-06
                       32  2.8644     0.0667               0.3536 3.2311e-06
                       36  3.0003     0.0667               0.2177 3.2311e-06
                       38  3.0280     0.0667               0.1900 3.2311e-06
                       40  3.1044     0.0667               0.1136 3.2311e-06
                       46  3.2047     0.0667               0.0133 3.2311e-06
 46  3.2047    2.5-                          8.5275e-05
                        5  1.3254     0.4048               1.8793 3.4514e-05
                        2  1.2051     0.2024               1.9996 1.7255e-05
                        1  1.0275     0.3239               2.1772 2.7610e-05
                        0  0.0000     0.0689               3.2047 5.8674e-06
 45  3.1911    1.5+                          5.3894e-05
                        0  0.0000     1.0000               3.1911 5.3862e-05
 44  3.1760    3.5+                          1.4982e-04
                        0  0.0000     0.0667               3.1760 9.9880e-06
                        2  1.2051     0.0667               1.9709 9.9880e-06
                        4  1.2857     0.0667               1.8903 9.9880e-06
                        6  1.6189     0.0667               1.5571 9.9880e-06
                        7  1.6310     0.0667               1.5450 9.9880e-06
                        8  1.6459     0.0667               1.5301 9.9880e-06
                       10  1.6820     0.0667               1.4940 9.9880e-06
                       11  1.8892     0.0667               1.2868 9.9880e-06
                       18  2.3455     0.0667               0.8305 9.9880e-06
                       21  2.4480     0.0667               0.7280 9.9880e-06
                       30  2.7545     0.0667               0.4215 9.9880e-06
                       32  2.8644     0.0667               0.3116 9.9880e-06
                       36  3.0003     0.0667               0.1757 9.9880e-06
                       38  3.0280     0.0667               0.1480 9.9880e-06
                       40  3.1044     0.0667               0.0716 9.9880e-06
 43  3.1517    1.5+                          6.1933e-05
                        1  1.0275     0.0714               2.1242 4.4238e-06
                        2  1.2051     0.0714               1.9466 4.4238e-06
                        6  1.6189     0.0714               1.5328 4.4238e-06
                        7  1.6310     0.0714               1.5207 4.4238e-06
                       10  1.6820     0.0714               1.4697 4.4238e-06
                       12  1.9532     0.0714               1.1985 4.4238e-06
                       13  2.0115     0.0714               1.1402 4.4238e-06
                       16  2.3030     0.0714               0.8487 4.4238e-06
                       18  2.3455     0.0714               0.8062 4.4238e-06
                       30  2.7545     0.0714               0.3972 4.4238e-06
                       32  2.8644     0.0714               0.2873 4.4238e-06
                       36  3.0003     0.0714               0.1514 4.4238e-06
                       38  3.0280     0.0714               0.1237 4.4238e-06
                       40  3.1044     0.0714               0.0473 4.4238e-06
 42  3.1271    7.5-                          2.4238e-03
                       19  2.3747     0.8000               0.7524 1.9383e-03
                        9  1.6646     0.2000               1.4625 4.8468e-04
 41  3.1167    1.5+                          6.8561e-05
                        1  1.0275     0.0714               2.0892 4.8972e-06
                        2  1.2051     0.0714               1.9116 4.8972e-06
                        6  1.6189     0.0714               1.4978 4.8972e-06
                        7  1.6310     0.0714               1.4857 4.8972e-06
                       10  1.6820     0.0714               1.4347 4.8972e-06
                       12  1.9532     0.0714               1.1635 4.8972e-06
                       13  2.0115     0.0714               1.1052 4.8972e-06
                       16  2.3030     0.0714               0.8137 4.8972e-06
                       18  2.3455     0.0714               0.7712 4.8972e-06
                       30  2.7545     0.0714               0.3622 4.8972e-06
                       32  2.8644     0.0714               0.2523 4.8972e-06
                       36  3.0003     0.0714               0.1164 4.8972e-06
                       38  3.0280     0.0714               0.0887 4.8972e-06
                       40  3.1044     0.0714               0.0123 4.8972e-06
 40  3.1044    2.5-                          1.3560e-04
                        2  1.2051     1.0000               1.8993 1.3556e-04
 39  3.0770    5.5+                          6.2346e-04
                        4  1.2857     0.2000               1.7913 1.2469e-04
                        9  1.6646     0.2000               1.4124 1.2469e-04
                       14  2.2309     0.2000               0.8461 1.2469e-04
                       17  2.3391     0.2000               0.7379 1.2469e-04
                       19  2.3747     0.2000               0.7023 1.2469e-04
 38  3.0280    2.5-                          1.6077e-04
                        3  1.2720     0.0833               1.7560 1.3397e-05
                       20  2.4314     0.0833               0.5966 1.3397e-05
                       22  2.4845     0.0833               0.5435 1.3397e-05
                       24  2.5586     0.0833               0.4694 1.3397e-05
                       26  2.5740     0.0833               0.4540 1.3397e-05
                       27  2.6423     0.0833               0.3857 1.3397e-05
                       28  2.7067     0.0833               0.3213 1.3397e-05
                       29  2.7265     0.0833               0.3015 1.3397e-05
                       31  2.7801     0.0833               0.2479 1.3397e-05
                       34  2.9529     0.0833               0.0751 1.3397e-05
                       35  2.9799     0.0833               0.0481 1.3397e-05
                       37  3.0260     0.0833               0.0020 1.3397e-05
 37  3.0260    1.5+                          1.0080e-04
                        1  1.0275     0.0833               1.9985 8.3998e-06
                        2  1.2051     0.0833               1.8209 8.3998e-06
                        6  1.6189     0.0833               1.4071 8.3998e-06
                        7  1.6310     0.0833               1.3950 8.3998e-06
                       10  1.6820     0.0833               1.3440 8.3998e-06
                       12  1.9532     0.0833               1.0728 8.3998e-06
                       13  2.0115     0.0833               1.0145 8.3998e-06
                       16  2.3030     0.0833               0.7230 8.3998e-06
                       18  2.3455     0.0833               0.6805 8.3998e-06
                       30  2.7545     0.0833               0.2715 8.3998e-06
                       32  2.8644     0.0833               0.1616 8.3998e-06
                       36  3.0003     0.0833               0.0257 8.3998e-06
 36  3.0003    2.5-                          1.7934e-04
                       16  2.3030     0.0860               0.6973 1.5412e-05
                       14  2.2309     0.1178               0.7694 2.1087e-05
                       13  2.0115     0.4524               0.9888 8.1115e-05
                        6  1.6189     0.2986               1.3814 5.3542e-05
                        1  1.0275     0.0452               1.9728 8.1124e-06
 35  2.9799    1.5+                          1.1705e-04
                        1  1.0275     0.0909               1.9524 1.0641e-05
                        2  1.2051     0.0909               1.7748 1.0641e-05
                        6  1.6189     0.0909               1.3610 1.0641e-05
                        7  1.6310     0.0909               1.3489 1.0641e-05
                       10  1.6820     0.0909               1.2979 1.0641e-05
                       12  1.9532     0.0909               1.0267 1.0641e-05
                       13  2.0115     0.0909               0.9684 1.0641e-05
                       16  2.3030     0.0909               0.6769 1.0641e-05
                       18  2.3455     0.0909               0.6344 1.0641e-05
                       30  2.7545     0.0909               0.2254 1.0641e-05
                       32  2.8644     0.0909               0.1155 1.0641e-05
 34  2.9529    3.5+                          3.1136e-04
                        0  0.0000     0.0833               2.9529 2.5947e-05
                        2  1.2051     0.0833               1.7478 2.5947e-05
                        4  1.2857     0.0833               1.6672 2.5947e-05
                        6  1.6189     0.0833               1.3340 2.5947e-05
                        7  1.6310     0.0833               1.3219 2.5947e-05
                        8  1.6459     0.0833               1.3070 2.5947e-05
                       10  1.6820     0.0833               1.2709 2.5947e-05
                       11  1.8892     0.0833               1.0637 2.5947e-05
                       18  2.3455     0.0833               0.6074 2.5947e-05
                       21  2.4480     0.0833               0.5049 2.5947e-05
                       30  2.7545     0.0833               0.1984 2.5947e-05
                       32  2.8644     0.0833               0.0885 2.5947e-05
 33  2.9201    5.5+                          1.0239e-03
                        0  0.0000     1.0000               2.9201 1.0234e-03
 32  2.8644    2.5-                          2.9018e-04
                       16  2.3030     0.0438               0.5614 1.2694e-05
                        5  1.3254     0.2187               1.5390 6.3452e-05
                        2  1.2051     0.6250               1.6593 1.8133e-04
                        1  1.0275     0.1125               1.8369 3.2637e-05
 31  2.7801    1.5+                          1.9947e-04
                        1  1.0275     0.1000               1.7526 1.9947e-05
                        2  1.2051     0.1000               1.5750 1.9947e-05
                        6  1.6189     0.1000               1.1612 1.9947e-05
                        7  1.6310     0.1000               1.1491 1.9947e-05
                       10  1.6820     0.1000               1.0981 1.9947e-05
                       12  1.9532     0.1000               0.8269 1.9947e-05
                       13  2.0115     0.1000               0.7686 1.9947e-05
                       16  2.3030     0.1000               0.4771 1.9947e-05
                       18  2.3455     0.1000               0.4346 1.9947e-05
                       30  2.7545     0.1000               0.0256 1.9947e-05
 30  2.7545    2.5-                          3.9387e-04
                        0  0.0000     1.0000               2.7545 3.9361e-04
 29  2.7265    1.5+                          2.3093e-04
                        1  1.0275     0.1111               1.6990 2.5659e-05
                        2  1.2051     0.1111               1.5214 2.5659e-05
                        6  1.6189     0.1111               1.1076 2.5659e-05
                        7  1.6310     0.1111               1.0955 2.5659e-05
                       10  1.6820     0.1111               1.0445 2.5659e-05
                       12  1.9532     0.1111               0.7733 2.5659e-05
                       13  2.0115     0.1111               0.7150 2.5659e-05
                       16  2.3030     0.1111               0.4235 2.5659e-05
                       18  2.3455     0.1111               0.3810 2.5659e-05
 28  2.7067    3.5+                          6.2065e-04
                        0  0.0000     0.1000               2.7067 6.2065e-05
                        2  1.2051     0.1000               1.5016 6.2065e-05
                        4  1.2857     0.1000               1.4210 6.2065e-05
                        6  1.6189     0.1000               1.0878 6.2065e-05
                        7  1.6310     0.1000               1.0757 6.2065e-05
                        8  1.6459     0.1000               1.0608 6.2065e-05
                       10  1.6820     0.1000               1.0247 6.2065e-05
                       11  1.8892     0.1000               0.8175 6.2065e-05
                       18  2.3455     0.1000               0.3612 6.2065e-05
                       21  2.4480     0.1000               0.2587 6.2065e-05
 27  2.6423    2.5+                          4.5273e-04
                        0  0.0000     0.0833               2.6423 3.7727e-05
                        1  1.0275     0.0833               1.6148 3.7727e-05
                        2  1.2051     0.0833               1.4372 3.7727e-05
                        6  1.6189     0.0833               1.0234 3.7727e-05
                        7  1.6310     0.0833               1.0113 3.7727e-05
                        8  1.6459     0.0833               0.9964 3.7727e-05
                       10  1.6820     0.0833               0.9603 3.7727e-05
                       11  1.8892     0.0833               0.7531 3.7727e-05
                       13  2.0115     0.0833               0.6308 3.7727e-05
                       16  2.3030     0.0833               0.3393 3.7727e-05
                       18  2.3455     0.0833               0.2968 3.7727e-05
                       21  2.4480     0.0833               0.1943 3.7727e-05
 26  2.5740    2.5+                          5.6135e-04
                        0  0.0000     0.0833               2.5740 4.6780e-05
                        1  1.0275     0.0833               1.5465 4.6780e-05
                        2  1.2051     0.0833               1.3689 4.6780e-05
                        6  1.6189     0.0833               0.9551 4.6780e-05
                        7  1.6310     0.0833               0.9430 4.6780e-05
                        8  1.6459     0.0833               0.9281 4.6780e-05
                       10  1.6820     0.0833               0.8920 4.6780e-05
                       11  1.8892     0.0833               0.6848 4.6780e-05
                       13  2.0115     0.0833               0.5625 4.6780e-05
                       16  2.3030     0.0833               0.2710 4.6780e-05
                       18  2.3455     0.0833               0.2285 4.6780e-05
                       21  2.4480     0.0833               0.1260 4.6780e-05
 25  2.5716    0.5+                          1.6569e-04
                        1  1.0275     0.2500               1.5441 4.1422e-05
                       12  1.9532     0.2500               0.6184 4.1422e-05
                       13  2.0115     0.2500               0.5601 4.1422e-05
                       16  2.3030     0.2500               0.2686 4.1422e-05
 24  2.5586    1.5+                          3.6345e-04
                        1  1.0275     0.1111               1.5311 4.0383e-05
                        2  1.2051     0.1111               1.3535 4.0383e-05
                        6  1.6189     0.1111               0.9397 4.0383e-05
                        7  1.6310     0.1111               0.9276 4.0383e-05
                       10  1.6820     0.1111               0.8766 4.0383e-05
                       12  1.9532     0.1111               0.6054 4.0383e-05
                       13  2.0115     0.1111               0.5471 4.0383e-05
                       16  2.3030     0.1111               0.2556 4.0383e-05
                       18  2.3455     0.1111               0.2131 4.0383e-05
 23  2.4990    4.5+                          1.8681e-03
                        0  0.0000     0.1250               2.4990 2.3351e-04
                        4  1.2857     0.1250               1.2133 2.3351e-04
                        8  1.6459     0.1250               0.8531 2.3351e-04
                        9  1.6646     0.1250               0.8344 2.3351e-04
                       11  1.8892     0.1250               0.6098 2.3351e-04
                       14  2.2309     0.1250               0.2681 2.3351e-04
                       17  2.3391     0.1250               0.1599 2.3351e-04
                       21  2.4480     0.1250               0.0510 2.3351e-04
 22  2.4845    3.5+                          1.1412e-03
                        0  0.0000     1.0000               2.4845 1.1401e-03
 21  2.4480    3.5-                          1.5084e-03
                       20  2.4314     1.0000               0.0166 1.5084e-03
 20  2.4314    2.5+                          2.3080e-03
                       11  1.8892     0.3750               0.5422 8.6518e-04
                        1  1.0275     0.6250               1.4039 1.4422e-03
 19  2.3747    6.5-                          1.1916e-02
                        9  1.6646     1.0000               0.7101 1.1911e-02
 18  2.3455    2.5-                          1.2036e-03
                        3  1.2720     1.0000               1.0735 1.2036e-03
 17  2.3391    5.5-                          5.0249e-03                       1.7000e-12
                        4  1.2857     1.0000               1.0534 5.0240e-03
 16  2.3030    1.5-                          8.9643e-04
                       12  1.9532     0.0908               0.3498 8.1129e-05
                        8  1.6459     0.1260               0.6571 1.1287e-04
                        5  1.3254     0.0433               0.9776 3.8803e-05
                        2  1.2051     0.3936               1.0979 3.5278e-04
                        1  1.0275     0.3463               1.2755 3.1039e-04
 15  2.2580    0.5+                          3.7214e-04
                        1  1.0275     0.3333               1.2305 1.2405e-04
                       12  1.9532     0.3333               0.3048 1.2405e-04
                       13  2.0115     0.3333               0.2465 1.2405e-04
 14  2.2309    5.5-                          6.5269e-03
                        4  1.2857     0.4999               0.9452 3.2621e-03
                        2  1.2051     0.0000               1.0258 0.0000e+00
                        1  1.0275     0.0000               1.2034 0.0000e+00
                        0  0.0000     0.5001               2.2309 3.2626e-03
 13  2.0115    1.5-                          1.6999e-03
                        5  1.3254     0.0714               0.6861 1.2128e-04
                        2  1.2051     0.0345               0.8064 5.8646e-05
                        1  1.0275     0.1098               0.9840 1.8661e-04
                        0  0.0000     0.7843               2.0115 1.3328e-03
 12  1.9532    0.5-                          1.1025e-03
                        2  1.2051     0.7043               0.7481 7.7613e-04
                        1  1.0275     0.2957               0.9257 3.2594e-04
 11  1.8892    3.5-                          5.7038e-03
                        8  1.6459     0.1029               0.2433 5.8054e-04
                        4  1.2857     0.2609               0.6035 1.4871e-03
                        0  0.0000     0.6362               1.8892 3.6277e-03
 10  1.6820    2.5-                          4.7307e-03
                        3  1.2720     1.0000               0.4100 4.7307e-03
  9  1.6646    5.5-                          4.0857e-02                       7.0000e-12
                        4  1.2857     0.2004               0.3789 8.1666e-03
                        0  0.0000     0.7996               1.6646 3.2662e-02
  8  1.6459    3.5-                          8.8636e-03
                        2  1.2051     0.0266               0.4408 2.3574e-04
                        1  1.0275     0.1151               0.6184 1.0193e-03
                        0  0.0000     0.8583               1.6459 7.6058e-03
  7  1.6310    2.5-                          5.2235e-03
                        3  1.2720     1.0000               0.3590 5.2235e-03
  6  1.6189    2.5-                          5.3992e-03
                        4  1.2857     0.3803               0.3332 2.0409e-03
                        0  0.0000     0.6197               1.6189 3.3453e-03
  5  1.3254    0.5+                          3.8440e-03                       1.0000e-07
                        2  1.2051     0.3442               0.1203 6.0141e-04
                        1  1.0275     0.6558               0.2979 2.5162e-03
  4  1.2857    4.5-                          5.7128e-02                       6.0000e-13
                        0  0.0000     1.0000               1.2857 5.7121e-02
  3  1.2720    1.5+                          1.9842e-02
                        1  1.0275     0.5000               0.2445 9.9209e-03
                        2  1.2051     0.5000               0.0669 9.9209e-03
  2  1.2051    2.5-                          2.6284e-02                       1.0000e-07
                        1  1.0275     0.0452               0.1776 1.1542e-03
                        0  0.0000     0.9548               1.2051 2.5092e-02
  1  1.0275    1.5-                          3.0176e-02                       1.0000e-07
                        0  0.0000     1.0000               1.0275 3.0170e-02
  0  0.0000    3.5-                          4.6462e-01                       5.9400e+03
#......................................................................../  028-062Ni //  23.500000
#                                                                          SUM SPECTRA FOR COMPOUND
#            026-058Fe      gamma    neutron     proton      alpha
 SpcSum[mb]            1.2299e+00 9.1293e-20 0.0000e+00 2.1895e-26
 Emean[MeV]            8.3774e-01 0.0000e+00 0.0000e+00 2.0682e+00
#......................................................................../  028-062Ni //  23.500000
#                                                                   GAMMAS FROM DISCRETE TRANSITION
#           1 1 1 0 0 0             026-058Fe
#   Ex[MeV]     Jpi    FinalState  Branching Production    Egamma Production   T(1/2)[s]
 59  4.7200    1.0-                          2.7545e-06
                        0  0.0000     0.0303               4.7200 8.3469e-08
                        1  0.8108     0.0303               3.9092 8.3469e-08
                        2  1.6747     0.0303               3.0453 8.3469e-08
                        5  2.2580     0.0303               2.4620 8.3469e-08
                        7  2.7821     0.0303               1.9379 8.3469e-08
                        9  2.8763     0.0303               1.8437 8.3469e-08
                       11  3.0837     0.0303               1.6363 8.3469e-08
                       13  3.2333     0.0303               1.4867 8.3469e-08
                       14  3.2440     0.0303               1.4760 8.3469e-08
                       15  3.3890     0.0303               1.3310 8.3469e-08
                       17  3.5380     0.0303               1.1820 8.3469e-08
                       18  3.5430     0.0303               1.1770 8.3469e-08
                       20  3.6296     0.0303               1.0904 8.3469e-08
                       23  3.8540     0.0303               0.8660 8.3469e-08
                       25  3.8801     0.0303               0.8399 8.3469e-08
                       28  4.0108     0.0303               0.7092 8.3469e-08
                       29  4.0150     0.0303               0.7050 8.3469e-08
                       31  4.1392     0.0303               0.5808 8.3469e-08
                       32  4.1580     0.0303               0.5620 8.3469e-08
                       35  4.2370     0.0303               0.4830 8.3469e-08
                       36  4.2978     0.0303               0.4222 8.3469e-08
                       37  4.3129     0.0303               0.4071 8.3469e-08
                       38  4.3225     0.0303               0.3975 8.3469e-08
                       40  4.3480     0.0303               0.3720 8.3469e-08
                       41  4.3500     0.0303               0.3700 8.3469e-08
                       42  4.3527     0.0303               0.3673 8.3469e-08
                       46  4.4443     0.0303               0.2757 8.3469e-08
                       47  4.4500     0.0303               0.2700 8.3469e-08
                       49  4.4931     0.0303               0.2269 8.3469e-08
                       51  4.5301     0.0303               0.1898 8.3469e-08
                       52  4.5504     0.0303               0.1696 8.3469e-08
                       55  4.6200     0.0303               0.1000 8.3469e-08
                       58  4.7110     0.0303               0.0090 8.3469e-08
 58  4.7110    2.0+                          4.4869e-06
                       24  3.8609     0.2000               0.8501 8.9737e-07
                       44  4.4380     0.2000               0.2730 8.9737e-07
                       48  4.4680     0.2000               0.2430 8.9737e-07
                       53  4.5900     0.2000               0.1210 8.9737e-07
                       54  4.6100     0.2000               0.1010 8.9737e-07
 57  4.6694    7.0+                          1.0983e-04                       3.8000e-13
                       33  4.2146     0.1742               0.4547 1.9095e-05
                       26  3.8864     0.5240               0.7830 5.7535e-05
                       19  3.5969     0.2515               1.0725 2.7618e-05
                       16  3.4497     0.0000               1.2197 0.0000e+00
                        8  2.8647     0.0503               1.8047 5.5233e-06
 56  4.6610    4.0-                          1.5749e-05
                        3  2.0765     0.0909               2.5845 1.4318e-06
                        4  2.1339     0.0909               2.5271 1.4318e-06
                        6  2.6004     0.0909               2.0606 1.4318e-06
                       12  3.1340     0.0909               1.5270 1.4318e-06
                       16  3.4497     0.0909               1.2113 1.4318e-06
                       21  3.7542     0.0909               0.9068 1.4318e-06
                       27  3.9016     0.0909               0.7594 1.4318e-06
                       30  4.0885     0.0909               0.5725 1.4318e-06
                       33  4.2146     0.0909               0.4464 1.4318e-06
                       39  4.3400     0.0909               0.3210 1.4318e-06
                       50  4.5140     0.0909               0.1470 1.4318e-06
 55  4.6200    2.0+                          6.1754e-06
                       24  3.8609     0.2000               0.7591 1.2351e-06
                       44  4.4380     0.2000               0.1820 1.2351e-06
                       48  4.4680     0.2000               0.1520 1.2351e-06
                       53  4.5900     0.2000               0.0300 1.2351e-06
                       54  4.6100     0.2000               0.0100 1.2351e-06
 54  4.6100    3.0-                          1.3714e-05
                        1  0.8108     0.0385               3.7992 5.2745e-07
                        2  1.6747     0.0385               2.9353 5.2745e-07
                        3  2.0765     0.0385               2.5335 5.2745e-07
                        4  2.1339     0.0385               2.4761 5.2745e-07
                        6  2.6004     0.0385               2.0096 5.2745e-07
                        9  2.8763     0.0385               1.7337 5.2745e-07
                       11  3.0837     0.0385               1.5263 5.2745e-07
                       12  3.1340     0.0385               1.4760 5.2745e-07
                       13  3.2333     0.0385               1.3767 5.2745e-07
                       15  3.3890     0.0385               1.2210 5.2745e-07
                       16  3.4497     0.0385               1.1603 5.2745e-07
                       18  3.5430     0.0385               1.0670 5.2745e-07
                       20  3.6296     0.0385               0.9804 5.2745e-07
                       21  3.7542     0.0385               0.8558 5.2745e-07
                       23  3.8540     0.0385               0.7560 5.2745e-07
                       27  3.9016     0.0385               0.7084 5.2745e-07
                       28  4.0108     0.0385               0.5992 5.2745e-07
                       30  4.0885     0.0385               0.5215 5.2745e-07
                       35  4.2370     0.0385               0.3730 5.2745e-07
                       36  4.2978     0.0385               0.3122 5.2745e-07
                       37  4.3129     0.0385               0.2971 5.2745e-07
                       39  4.3400     0.0385               0.2700 5.2745e-07
                       40  4.3480     0.0385               0.2620 5.2745e-07
                       49  4.4931     0.0385               0.1169 5.2745e-07
                       50  4.5140     0.0385               0.0960 5.2745e-07
                       51  4.5301     0.0385               0.0799 5.2745e-07
 53  4.5900    3.0-                          1.4471e-05
                        3  2.0765     0.2591               2.5135 3.7457e-06
                        1  0.8108     0.7409               3.7792 1.0704e-05
 52  4.5504    1.0+                          4.3889e-06                       2.1000e-14
                       31  4.1392     0.0075               0.4111 3.2776e-08
                       14  3.2440     0.0747               1.3064 3.2774e-07
                        9  2.8763     0.3574               1.6740 1.5684e-06
                        2  1.6747     0.5337               2.8756 2.3409e-06
                        1  0.8108     0.0267               3.7396 1.1707e-07
 51  4.5301    2.0+                          8.7475e-06
                       11  3.0837     0.4998               1.4465 4.3718e-06
                        2  1.6747     0.3200               2.8554 2.7976e-06
                        0  0.0000     0.1801               4.5301 1.5734e-06
 50  4.5140    3.0+                          1.6234e-05
                       24  3.8609     0.1667               0.6531 2.7056e-06
                       34  4.2300     0.1667               0.2840 2.7056e-06
                       43  4.3980     0.1667               0.1160 2.7056e-06
                       44  4.4380     0.1667               0.0760 2.7056e-06
                       45  4.4400     0.1667               0.0740 2.7056e-06
                       48  4.4680     0.1667               0.0460 2.7056e-06
 49  4.4931    2.0+                          1.0151e-05
                        2  1.6747     0.9233               2.8184 9.3669e-06
                        1  0.8108     0.0767               3.6823 7.7746e-07
 48  4.4680    3.0-                          2.4397e-05
                        1  0.8108     0.0435               3.6572 1.0608e-06
                        2  1.6747     0.0435               2.7933 1.0608e-06
                        3  2.0765     0.0435               2.3915 1.0608e-06
                        4  2.1339     0.0435               2.3341 1.0608e-06
                        6  2.6004     0.0435               1.8676 1.0608e-06
                        9  2.8763     0.0435               1.5917 1.0608e-06
                       11  3.0837     0.0435               1.3843 1.0608e-06
                       12  3.1340     0.0435               1.3340 1.0608e-06
                       13  3.2333     0.0435               1.2347 1.0608e-06
                       15  3.3890     0.0435               1.0790 1.0608e-06
                       16  3.4497     0.0435               1.0183 1.0608e-06
                       18  3.5430     0.0435               0.9250 1.0608e-06
                       20  3.6296     0.0435               0.8384 1.0608e-06
                       21  3.7542     0.0435               0.7138 1.0608e-06
                       23  3.8540     0.0435               0.6140 1.0608e-06
                       27  3.9016     0.0435               0.5664 1.0608e-06
                       28  4.0108     0.0435               0.4572 1.0608e-06
                       30  4.0885     0.0435               0.3795 1.0608e-06
                       35  4.2370     0.0435               0.2310 1.0608e-06
                       36  4.2978     0.0435               0.1702 1.0608e-06
                       37  4.3129     0.0435               0.1551 1.0608e-06
                       39  4.3400     0.0435               0.1280 1.0608e-06
                       40  4.3480     0.0435               0.1200 1.0608e-06
 47  4.4500    0.0+                          2.1638e-06
                        7  2.7821     1.0000               1.6679 2.1638e-06
 46  4.4443    1.0+                          6.4289e-06                       6.0000e-15
                        7  2.7821     0.5615               1.6622 3.6091e-06
                        0  0.0000     0.4385               4.4443 2.8157e-06
 45  4.4400    4.0-                          3.6874e-05
                        3  2.0765     0.1000               2.3635 3.6874e-06
                        4  2.1339     0.1000               2.3061 3.6874e-06
                        6  2.6004     0.1000               1.8396 3.6874e-06
                       12  3.1340     0.1000               1.3060 3.6874e-06
                       16  3.4497     0.1000               0.9903 3.6874e-06
                       21  3.7542     0.1000               0.6858 3.6874e-06
                       27  3.9016     0.1000               0.5384 3.6874e-06
                       30  4.0885     0.1000               0.3515 3.6874e-06
                       33  4.2146     0.1000               0.2254 3.6874e-06
                       39  4.3400     0.1000               0.1000 3.6874e-06
 44  4.4380    2.0-                          1.8800e-05
                        1  0.8108     0.0435               3.6272 8.1740e-07
                        2  1.6747     0.0435               2.7633 8.1740e-07
                        4  2.1339     0.0435               2.3041 8.1740e-07
                        7  2.7821     0.0435               1.6559 8.1740e-07
                        9  2.8763     0.0435               1.5617 8.1740e-07
                       11  3.0837     0.0435               1.3543 8.1740e-07
                       13  3.2333     0.0435               1.2047 8.1740e-07
                       15  3.3890     0.0435               1.0490 8.1740e-07
                       17  3.5380     0.0435               0.9000 8.1740e-07
                       18  3.5430     0.0435               0.8950 8.1740e-07
                       20  3.6296     0.0435               0.8084 8.1740e-07
                       23  3.8540     0.0435               0.5840 8.1740e-07
                       25  3.8801     0.0435               0.5579 8.1740e-07
                       27  3.9016     0.0435               0.5364 8.1740e-07
                       28  4.0108     0.0435               0.4272 8.1740e-07
                       29  4.0150     0.0435               0.4230 8.1740e-07
                       31  4.1392     0.0435               0.2988 8.1740e-07
                       35  4.2370     0.0435               0.2010 8.1740e-07
                       36  4.2978     0.0435               0.1402 8.1740e-07
                       37  4.3129     0.0435               0.1251 8.1740e-07
                       38  4.3225     0.0435               0.1155 8.1740e-07
                       40  4.3480     0.0435               0.0900 8.1740e-07
                       42  4.3527     0.0435               0.0853 8.1740e-07
 43  4.3980    4.0-                          4.1738e-05
                        3  2.0765     0.1000               2.3215 4.1738e-06
                        4  2.1339     0.1000               2.2641 4.1738e-06
                        6  2.6004     0.1000               1.7976 4.1738e-06
                       12  3.1340     0.1000               1.2640 4.1738e-06
                       16  3.4497     0.1000               0.9483 4.1738e-06
                       21  3.7542     0.1000               0.6438 4.1738e-06
                       27  3.9016     0.1000               0.4964 4.1738e-06
                       30  4.0885     0.1000               0.3095 4.1738e-06
                       33  4.2146     0.1000               0.1834 4.1738e-06
                       39  4.3400     0.1000               0.0580 4.1738e-06
 42  4.3527    1.0+                          9.3684e-06
                        7  2.7821     1.0000               1.5706 9.3684e-06
 41  4.3500    0.0+                          2.9232e-06
                        7  2.7821     1.0000               1.5679 2.9232e-06
 40  4.3480    2.0+                          1.7742e-05
                       24  3.8609     1.0000               0.4871 1.7742e-05
 39  4.3400    4.0+                          5.3733e-05
                        8  2.8647     0.2000               1.4753 1.0747e-05
                       10  2.9700     0.2000               1.3700 1.0747e-05
                       22  3.7895     0.2000               0.5505 1.0747e-05
                       24  3.8609     0.2000               0.4791 1.0747e-05
                       34  4.2300     0.2000               0.1100 1.0747e-05
 38  4.3225    1.0+                          1.0187e-05
                       11  3.0837     0.0344               1.2388 3.5029e-07
                        9  2.8763     0.6033               1.4462 6.1451e-06
                        0  0.0000     0.3623               4.3225 3.6865e-06
 37  4.3129    2.0+                          1.9878e-05                       1.1000e-14
                        9  2.8763     0.0151               1.4366 2.9950e-07
                        6  2.6004     0.0307               1.7125 6.1048e-07
                        4  2.1339     0.2087               2.1790 4.1467e-06
                        3  2.0765     0.1507               2.2364 2.9941e-06
                        2  1.6747     0.5798               2.6382 1.1518e-05
                        1  0.8108     0.0075               3.5022 1.4971e-07
                        0  0.0000     0.0075               4.3129 1.4972e-07
 36  4.2978    2.0+                          2.0973e-05                       2.8000e-15
                        1  0.8108     0.4999               3.4870 1.0475e-05
                        0  0.0000     0.5001               4.2978 1.0475e-05
 35  4.2370    2.0+                          2.5082e-05
                       24  3.8609     1.0000               0.3761 2.5082e-05
 34  4.2300    4.0-                          8.3327e-05
                        3  2.0765     0.1111               2.1535 9.2585e-06
                        4  2.1339     0.1111               2.0961 9.2585e-06
                        6  2.6004     0.1111               1.6296 9.2585e-06
                       12  3.1340     0.1111               1.0960 9.2585e-06
                       16  3.4497     0.1111               0.7803 9.2585e-06
                       21  3.7542     0.1111               0.4758 9.2585e-06
                       27  3.9016     0.1111               0.3284 9.2585e-06
                       30  4.0885     0.1111               0.1415 9.2585e-06
                       33  4.2146     0.1111               0.0154 9.2585e-06
 33  4.2146    5.0+                          1.5638e-04                       4.5000e-13
                        6  2.6004     0.8130               1.6142 1.2711e-04
                        3  2.0765     0.1870               2.1381 2.9231e-05
 32  4.1580    0.0+                          5.4657e-06
                        7  2.7821     1.0000               1.3759 5.4657e-06
 31  4.1392    1.0+                          1.8076e-05                       2.8000e-15
                        0  0.0000     1.0000               4.1392 1.8056e-05
 30  4.0885    4.0+                          1.2014e-04                       6.0000e-14
                       20  3.6296     0.0000               0.4589 0.0000e+00
                        6  2.6004     0.5000               1.4881 6.0062e-05
                        3  2.0765     0.5000               2.0120 6.0051e-05
 29  4.0150    1.0+                          2.7015e-05                       8.0000e-15
                        1  0.8108     1.0000               3.2042 2.6993e-05
 28  4.0108    2.0+                          4.9292e-05
                       24  3.8609     1.0000               0.1499 4.9292e-05
 27  3.9016    3.0+                          1.2839e-04                       3.1000e-14
                        6  2.6004     0.1615               1.3012 2.0733e-05
                        4  2.1339     0.7342               1.7677 9.4245e-05
                        3  2.0765     0.0081               1.8251 1.0366e-06
                        2  1.6747     0.0690               2.2269 8.8593e-06
                        1  0.8108     0.0228               3.0909 2.9212e-06
                        0  0.0000     0.0044               3.9016 5.6548e-07
 26  3.8864    6.0+                          7.4496e-04                       4.8000e-13
                       19  3.5969     0.3165               0.2895 2.3519e-04
                       16  3.4497     0.0518               0.4367 3.8490e-05
                        6  2.6004     0.0574               1.2860 4.2770e-05
                        3  2.0765     0.5743               1.8099 4.2771e-04
 25  3.8801    1.0+                          4.1153e-05                       4.0000e-15
                        7  2.7821     0.1173               1.0980 4.8266e-06
                        1  0.8108     0.4695               3.0693 1.9307e-05
                        0  0.0000     0.4132               3.8801 1.6987e-05
 24  3.8609    3.0-                          2.5697e-04                       9.0000e-14
                        2  1.6747     1.0000               2.1862 2.5677e-04
                        0  0.0000     0.0000               3.8609 0.0000e+00
 23  3.8540    2.0+                          7.9538e-05
                        1  0.8108     1.0000               3.0432 7.9538e-05
 22  3.7895    5.0-                          5.1118e-04                       2.6000e-14
                        3  2.0765     1.0000               1.7130 5.1095e-04
 21  3.7542    4.0+                          2.9908e-04                       1.3000e-14
                        3  2.0765     1.0000               1.6777 2.9902e-04
 20  3.6296    2.0+                          1.5411e-04                       8.0000e-15
                        1  0.8108     0.9233               2.8188 1.4219e-04
                        0  0.0000     0.0767               3.6296 1.1803e-05
 19  3.5969    6.0+                          2.0148e-03                       2.0000e-13
                        3  2.0765     1.0000               1.5204 2.0144e-03
 18  3.5430    2.0+                          1.9488e-04
                        1  0.8108     1.0000               2.7322 1.9488e-04
 17  3.5380    1.0+                          1.1108e-04                       8.0000e-15
                        2  1.6747     0.1496               1.8632 1.6614e-05
                        1  0.8108     0.6803               2.7272 7.5522e-05
                        0  0.0000     0.1701               3.5380 1.8878e-05
 16  3.4497    4.0+                          7.5714e-04                       3.6000e-13
                        6  2.6004     0.6897               0.8493 5.2206e-04
                        4  2.1339     0.3103               1.3158 2.3491e-04
                        3  2.0765     0.0000               1.3732 0.0000e+00
 15  3.3890    2.0+                          3.0715e-04
                        1  0.8108     1.0000               2.5782 3.0715e-04
 14  3.2440    0.0+                          8.6913e-05                       3.1000e-14
                        1  0.8108     1.0000               2.4332 8.6865e-05
 13  3.2333    2.0+                          4.8037e-04                       2.2000e-13
                        6  2.6004     0.1711               0.6329 8.2135e-05
                        3  2.0765     0.3214               1.1567 1.5437e-04
                        2  1.6747     0.1573               1.5585 7.5549e-05
                        1  0.8108     0.3420               2.4225 1.6420e-04
                        0  0.0000     0.0082               3.2333 3.9412e-06
 12  3.1340    4.0+                          1.7003e-03
                        8  2.8647     0.5000               0.2693 8.5013e-04
                       10  2.9700     0.5000               0.1640 8.5013e-04
 11  3.0837    2.0+                          7.3321e-04                       3.1000e-14
                        1  0.8108     0.7518               2.2729 5.5101e-04
                        0  0.0000     0.2482               3.0837 1.8183e-04
 10  2.9700    5.0-                          6.6109e-03
                        3  2.0765     0.5000               0.8935 3.3055e-03
                        6  2.6004     0.5000               0.3696 3.3055e-03
  9  2.8763    2.0+                          1.2841e-03                       9.5000e-14
                        1  0.8108     0.8546               2.0656 1.0970e-03
                        0  0.0000     0.1454               2.8763 1.8657e-04
  8  2.8647    5.0-                          9.0539e-03                       3.1000e-12
                        6  2.6004     1.0000               0.2643 9.0324e-03
  7  2.7821    1.0+                          9.3850e-04                       1.8000e-13
                        5  2.2580     0.0780               0.5242 7.3133e-05
                        2  1.6747     0.2233               1.1074 2.0955e-04
                        1  0.8108     0.4753               1.9714 4.4595e-04
                        0  0.0000     0.2234               2.7821 2.0954e-04
  6  2.6004    4.0+                          2.0509e-02                       5.5000e-13
                        4  2.1339     0.1334               0.4665 2.7327e-03
                        3  2.0765     0.3888               0.5239 7.9691e-03
                        2  1.6747     0.1769               0.9257 3.6272e-03
                        1  0.8108     0.3009               1.7896 6.1696e-03
  5  2.2580    0.0+                          1.2132e-03                       2.5000e-12
                        1  0.8108     1.0000               1.4472 1.2130e-03
  4  2.1339    3.0+                          1.7751e-02                       2.2000e-12
                        2  1.6747     0.2649               0.4592 4.6962e-03
                        1  0.8108     0.7351               1.3231 1.3047e-02
  3  2.0765    4.0+                          4.9845e-02                       2.8000e-13
                        1  0.8108     1.0000               1.2658 4.9838e-02
  2  1.6747    2.0+                          3.8102e-02                       1.6000e-12
                        1  0.8108     0.5669               0.8640 2.1595e-02
                        0  0.0000     0.4331               1.6747 1.6498e-02
  1  0.8108    2.0+                          1.0754e+00                       6.5400e-12
                        0  0.0000     1.0000               0.8108 1.0750e+00
  0  0.0000    0.0+                          2.3120e+00
#......................................................................../  028-062Ni //  23.500000
#                                                                          SUM SPECTRA FOR COMPOUND
#            027-060Co      gamma
 SpcSum[mb]            6.2545e-15
 Emean[MeV]            1.6916e-01
#......................................................................../  028-062Ni //  23.500000
#                                                                   GAMMAS FROM DISCRETE TRANSITION
#           1 1 0 1 0 0             027-060Co
#   Ex[MeV]     Jpi    FinalState  Branching Production    Egamma Production   T(1/2)[s]
 25  1.5659    2.0-                          2.8553e-34
                       18  1.3419     0.1045               0.2241 2.9711e-35
                        3  0.2884     0.1970               1.2775 5.6241e-35
                        1  0.0586     0.6985               1.5074 1.9938e-34
 24  1.5158    4.0+                          2.0338e-32
                        7  0.6146     0.1325               0.9012 2.6940e-33
                        2  0.2772     0.0929               1.2386 1.8901e-33
                        0  0.0000     0.7746               1.5158 1.5751e-32
 23  1.5100    7.0+                          3.2694e-29
                       16  1.2165     1.0000               0.2935 3.2694e-29
 22  1.5083    3.0+                          1.3164e-32
                        5  0.5062     1.0000               1.0021 1.3161e-32
 21  1.4512    4.0+                          4.9971e-31
                        9  0.7857     0.4153               0.6655 2.0742e-31
                        6  0.5428     0.5847               0.9084 2.9210e-31
 20  1.3810    3.0+                          4.5030e-30
                        2  0.2772     1.0000               1.1038 4.5023e-30
 19  1.3797    6.0+                          5.8866e-28                       7.0000e-13
                       15  1.2078     0.1650               0.1719 9.3393e-29
                        4  0.4357     0.8350               0.9440 4.9142e-28
 18  1.3419    3.0+                          2.5294e-29
                        6  0.5428     0.3361               0.7990 8.4986e-30
                        1  0.0586     0.6222               1.2833 1.5736e-29
                        0  0.0000     0.0417               1.3419 1.0544e-30
 17  1.2168    4.0+                          1.3083e-26
                        5  0.5062     0.8078               0.7107 1.0564e-26
                        3  0.2884     0.1922               0.9284 2.5141e-27
 16  1.2165    6.0+                          8.4253e-25                       2.8000e-13
                        4  0.4357     0.2593               0.7807 2.1839e-25
                        0  0.0000     0.7407               1.2165 6.2397e-25
 15  1.2078    5.0+                          3.1440e-25
                        2  0.2772     0.7143               0.9306 2.2452e-25
                        0  0.0000     0.2857               1.2078 8.9811e-26
 14  1.1507    2.0+                          3.1560e-26
                        3  0.2884     1.0000               0.8623 3.1551e-26
 13  1.1320    2.0-                          7.5282e-26
                        8  0.7388     1.0000               0.3932 7.5217e-26
 12  1.0058    4.0+                          2.2776e-23
                        9  0.7857     0.0187               0.2201 4.1923e-25
                        7  0.6146     0.5153               0.3912 1.1709e-23
                        3  0.2884     0.4027               0.7174 9.1685e-24
                        0  0.0000     0.0633               1.0058 1.4404e-24
 11  1.0039    3.0-                          1.1754e-23
                        6  0.5428     0.2559               0.4611 3.0063e-24
                        3  0.2884     0.0234               0.7155 2.7441e-25
                        2  0.2772     0.2344               0.7267 2.7547e-24
                        1  0.0586     0.4863               0.9453 5.7156e-24
 10  0.9400    4.0-                          4.8403e-22
                        0  0.0000     0.1429               0.9400 6.9148e-23
                        2  0.2772     0.1429               0.6628 6.9148e-23
                        3  0.2884     0.1429               0.6516 6.9148e-23
                        4  0.4357     0.1429               0.5043 6.9148e-23
                        5  0.5062     0.1429               0.4338 6.9148e-23
                        7  0.6146     0.1429               0.3254 6.9148e-23
                        9  0.7857     0.1429               0.1543 6.9148e-23
  9  0.7857    4.0+                          1.3356e-20                       3.2000e-12
                        7  0.6146     0.0126               0.1712 1.6118e-22
                        4  0.4357     0.0228               0.3500 3.0353e-22
                        3  0.2884     0.4397               0.4973 5.8658e-21
                        0  0.0000     0.5249               0.7857 7.0083e-21
  8  0.7388    1.0+                          4.6213e-21
                        6  0.5428     0.4198               0.1960 1.8945e-21
                        1  0.0586     0.5802               0.6802 2.6800e-21
  7  0.6146    3.0+                          5.6384e-19
                        2  0.2772     0.0356               0.3374 1.9997e-20
                        1  0.0586     0.9644               0.5560 5.4331e-19
  6  0.5428    2.0+                          9.9223e-19
                        3  0.2884     0.6213               0.2544 6.1037e-19
                        1  0.0586     0.3787               0.4842 3.7531e-19
  5  0.5062    3.0+                          3.9715e-18
                        3  0.2884     0.0053               0.2178 2.0900e-20
                        1  0.0586     0.9947               0.4476 3.9439e-18
  4  0.4357    5.0+                          1.2848e-15
                        2  0.2772     0.6209               0.1585 7.5977e-16
                        0  0.0000     0.3791               0.4357 4.8626e-16
  3  0.2884    3.0+                          9.9932e-16
                        1  0.0586     1.0000               0.2298 9.8552e-16
  2  0.2772    4.0+                          2.5793e-15
                        0  0.0000     1.0000               0.2772 2.5614e-15
  1  0.0586    2.0+                          7.1347e-14                       6.2800e+02
                        0  0.0000     1.0000               0.0586 1.4561e-15
  0  0.0000    5.0+                          3.6110e-12                       1.6630e+08
#......................................................................../  028-062Ni //  23.500000
#                                                                         ISOMERIC STATE PRODUCTION
#            027-060Co
#   Ex[MeV]     Jpi     T(1/2)[s]  Prod.[mb]
  1  0.0586    2.0+    6.2800e+02 7.1347e-14
#......................................................................../  028-062Ni //  23.500000
#                                                                          SUM SPECTRA FOR COMPOUND
#            025-055Mn      gamma    neutron     proton      alpha
 SpcSum[mb]            2.2996e-03 0.0000e+00 0.0000e+00 0.0000e+00
 Emean[MeV]            3.0443e-01 0.0000e+00 0.0000e+00 0.0000e+00
#......................................................................../  028-062Ni //  23.500000
#                                                                   GAMMAS FROM DISCRETE TRANSITION
#           1 0 2 0 0 0             025-055Mn
#   Ex[MeV]     Jpi    FinalState  Branching Production    Egamma Production   T(1/2)[s]
 91  4.0030    4.5+                          6.9993e-10                       3.0000e-15
                        2  0.9843     0.1228               3.0187 8.5845e-11
                        0  0.0000     0.8772               4.0030 6.1345e-10
 90  3.9980    0.5-                          8.6756e-11
                       13  2.2810     0.0667               1.7170 5.7837e-12
                       18  2.4265     0.0667               1.5715 5.7837e-12
                       20  2.5820     0.0667               1.4160 5.7837e-12
                       21  2.6217     0.0667               1.3763 5.7837e-12
                       33  2.9840     0.0667               1.0140 5.7837e-12
                       44  3.0700     0.0667               0.9280 5.7837e-12
                       50  3.1953     0.0667               0.8027 5.7837e-12
                       53  3.2681     0.0667               0.7299 5.7837e-12
                       57  3.3790     0.0667               0.6190 5.7837e-12
                       59  3.4241     0.0667               0.5739 5.7837e-12
                       61  3.4800     0.0667               0.5180 5.7837e-12
                       68  3.6040     0.0667               0.3940 5.7837e-12
                       70  3.6108     0.0667               0.3872 5.7837e-12
                       74  3.6730     0.0667               0.3250 5.7837e-12
                       75  3.6820     0.0667               0.3160 5.7837e-12
 89  3.9832    4.5+                          7.5213e-10
                        1  0.1259     1.0000               3.8573 7.5091e-10
 88  3.9460    3.5+                          5.6966e-10
                        6  1.5284     1.0000               2.4177 5.6947e-10
 87  3.9320    5.5+                          1.4919e-09
                        2  0.9843     0.0909               2.9477 1.3562e-10
                        4  1.2921     0.0909               2.6399 1.3562e-10
                       14  2.3114     0.0909               1.6206 1.3562e-10
                       17  2.3984     0.0909               1.5336 1.3562e-10
                       26  2.8221     0.0909               1.1099 1.3562e-10
                       27  2.8237     0.0909               1.1083 1.3562e-10
                       37  3.0359     0.0909               0.8961 1.3562e-10
                       46  3.1261     0.0909               0.8059 1.3562e-10
                       54  3.3420     0.0909               0.5900 1.3562e-10
                       81  3.8131     0.0909               0.1189 1.3562e-10
                       83  3.8449     0.0909               0.0871 1.3562e-10
 86  3.9174    1.5-                          2.7219e-10
                       15  2.3658     1.0000               1.5516 2.7215e-10
 85  3.8829    1.5-                          3.1821e-10
                       15  2.3658     0.3226               1.5171 1.0263e-10
                        6  1.5284     0.3546               2.3546 1.1277e-10
                        0  0.0000     0.3229               3.8829 1.0263e-10
 84  3.8600    2.5+                          6.3657e-10
                        0  0.0000     0.0294               3.8600 1.8723e-11
                        1  0.1259     0.0294               3.7341 1.8723e-11
                        6  1.5284     0.0294               2.3316 1.8723e-11
                        7  1.8841     0.0294               1.9759 1.8723e-11
                        8  2.0152     0.0294               1.8448 1.8723e-11
                        9  2.1984     0.0294               1.6616 1.8723e-11
                       10  2.2150     0.0294               1.6450 1.8723e-11
                       11  2.2525     0.0294               1.6075 1.8723e-11
                       12  2.2668     0.0294               1.5932 1.8723e-11
                       15  2.3658     0.0294               1.4942 1.8723e-11
                       16  2.3800     0.0294               1.4800 1.8723e-11
                       19  2.5632     0.0294               1.2968 1.8723e-11
                       23  2.7273     0.0294               1.1327 1.8723e-11
                       25  2.7527     0.0294               1.1073 1.8723e-11
                       28  2.8284     0.0294               1.0316 1.8723e-11
                       30  2.9250     0.0294               0.9350 1.8723e-11
                       31  2.9534     0.0294               0.9066 1.8723e-11
                       32  2.9762     0.0294               0.8838 1.8723e-11
                       34  2.9918     0.0294               0.8682 1.8723e-11
                       35  3.0058     0.0294               0.8542 1.8723e-11
                       36  3.0280     0.0294               0.8320 1.8723e-11
                       40  3.0460     0.0294               0.8140 1.8723e-11
                       43  3.0600     0.0294               0.8000 1.8723e-11
                       45  3.0803     0.0294               0.7797 1.8723e-11
                       47  3.1360     0.0294               0.7240 1.8723e-11
                       48  3.1470     0.0294               0.7130 1.8723e-11
                       49  3.1584     0.0294               0.7016 1.8723e-11
                       51  3.2608     0.0294               0.5992 1.8723e-11
                       52  3.2632     0.0294               0.5968 1.8723e-11
                       55  3.3510     0.0294               0.5090 1.8723e-11
                       64  3.5281     0.0294               0.3319 1.8723e-11
                       67  3.6000     0.0294               0.2600 1.8723e-11
                       69  3.6080     0.0294               0.2520 1.8723e-11
                       76  3.7035     0.0294               0.1565 1.8723e-11
 83  3.8449    5.5-                          2.0508e-09                       2.0000e-13
                       14  2.3114     1.0000               1.5335 2.0505e-09
 82  3.8315    3.5+                          1.0685e-09
                        9  2.1984     0.4997               1.6331 5.3374e-10
                        1  0.1259     0.5003               3.7056 5.3376e-10
 81  3.8131    6.5-                          3.3062e-09                       8.3000e-14
                       42  3.0547     1.0000               0.7584 3.3052e-09
 80  3.8000    4.5+                          1.8106e-09
                        1  0.1259     0.0625               3.6741 1.1316e-10
                        2  0.9843     0.0625               2.8157 1.1316e-10
                        4  1.2921     0.0625               2.5079 1.1316e-10
                        7  1.8841     0.0625               1.9159 1.1316e-10
                        8  2.0152     0.0625               1.7848 1.1316e-10
                        9  2.1984     0.0625               1.6016 1.1316e-10
                       17  2.3984     0.0625               1.4016 1.1316e-10
                       23  2.7273     0.0625               1.0727 1.1316e-10
                       26  2.8221     0.0625               0.9779 1.1316e-10
                       27  2.8237     0.0625               0.9763 1.1316e-10
                       28  2.8284     0.0625               0.9716 1.1316e-10
                       34  2.9918     0.0625               0.8082 1.1316e-10
                       37  3.0359     0.0625               0.7641 1.1316e-10
                       43  3.0600     0.0625               0.7400 1.1316e-10
                       48  3.1470     0.0625               0.6530 1.1316e-10
                       76  3.7035     0.0625               0.0965 1.1316e-10
 79  3.7910    2.5+                          8.1869e-10
                        0  0.0000     0.0294               3.7910 2.4079e-11
                        1  0.1259     0.0294               3.6651 2.4079e-11
                        6  1.5284     0.0294               2.2626 2.4079e-11
                        7  1.8841     0.0294               1.9069 2.4079e-11
                        8  2.0152     0.0294               1.7758 2.4079e-11
                        9  2.1984     0.0294               1.5926 2.4079e-11
                       10  2.2150     0.0294               1.5760 2.4079e-11
                       11  2.2525     0.0294               1.5385 2.4079e-11
                       12  2.2668     0.0294               1.5242 2.4079e-11
                       15  2.3658     0.0294               1.4252 2.4079e-11
                       16  2.3800     0.0294               1.4110 2.4079e-11
                       19  2.5632     0.0294               1.2278 2.4079e-11
                       23  2.7273     0.0294               1.0637 2.4079e-11
                       25  2.7527     0.0294               1.0383 2.4079e-11
                       28  2.8284     0.0294               0.9626 2.4079e-11
                       30  2.9250     0.0294               0.8660 2.4079e-11
                       31  2.9534     0.0294               0.8376 2.4079e-11
                       32  2.9762     0.0294               0.8148 2.4079e-11
                       34  2.9918     0.0294               0.7992 2.4079e-11
                       35  3.0058     0.0294               0.7852 2.4079e-11
                       36  3.0280     0.0294               0.7630 2.4079e-11
                       40  3.0460     0.0294               0.7450 2.4079e-11
                       43  3.0600     0.0294               0.7310 2.4079e-11
                       45  3.0803     0.0294               0.7107 2.4079e-11
                       47  3.1360     0.0294               0.6550 2.4079e-11
                       48  3.1470     0.0294               0.6440 2.4079e-11
                       49  3.1584     0.0294               0.6326 2.4079e-11
                       51  3.2608     0.0294               0.5302 2.4079e-11
                       52  3.2632     0.0294               0.5278 2.4079e-11
                       55  3.3510     0.0294               0.4400 2.4079e-11
                       64  3.5281     0.0294               0.2629 2.4079e-11
                       67  3.6000     0.0294               0.1910 2.4079e-11
                       69  3.6080     0.0294               0.1830 2.4079e-11
                       76  3.7035     0.0294               0.0875 2.4079e-11
 78  3.7718    2.5+                          8.7669e-10
                       12  2.2668     0.1979               1.5050 1.7343e-10
                       11  2.2525     0.1979               1.5193 1.7343e-10
                        9  2.1984     0.1979               1.5734 1.7342e-10
                        7  1.8841     0.2083               1.8877 1.8249e-10
                        0  0.0000     0.1981               3.7718 1.7338e-10
 77  3.7535    0.5-                          2.5582e-10
                        0  0.0000     1.0000               3.7535 2.5555e-10
 76  3.7035    3.5-                          1.8592e-09                       1.3000e-14
                        9  2.1984     0.5100               1.5050 9.4804e-10
                        0  0.0000     0.4900               3.7035 9.1007e-10
 75  3.6820    0.5+                          4.5241e-10
                        5  1.2930     0.0500               2.3890 2.2620e-11
                        6  1.5284     0.0500               2.1536 2.2620e-11
                       11  2.2525     0.0500               1.4295 2.2620e-11
                       16  2.3800     0.0500               1.3020 2.2620e-11
                       19  2.5632     0.0500               1.1188 2.2620e-11
                       29  2.8733     0.0500               0.8087 2.2620e-11
                       30  2.9250     0.0500               0.7570 2.2620e-11
                       31  2.9534     0.0500               0.7286 2.2620e-11
                       32  2.9762     0.0500               0.7058 2.2620e-11
                       35  3.0058     0.0500               0.6762 2.2620e-11
                       36  3.0280     0.0500               0.6540 2.2620e-11
                       38  3.0374     0.0500               0.6446 2.2620e-11
                       45  3.0803     0.0500               0.6017 2.2620e-11
                       49  3.1584     0.0500               0.5236 2.2620e-11
                       52  3.2632     0.0500               0.4188 2.2620e-11
                       55  3.3510     0.0500               0.3310 2.2620e-11
                       58  3.3830     0.0500               0.2990 2.2620e-11
                       60  3.4318     0.0500               0.2502 2.2620e-11
                       63  3.5230     0.0500               0.1590 2.2620e-11
                       64  3.5281     0.0500               0.1539 2.2620e-11
 74  3.6730    0.5+                          4.6818e-10
                        5  1.2930     0.0500               2.3800 2.3409e-11
                        6  1.5284     0.0500               2.1446 2.3409e-11
                       11  2.2525     0.0500               1.4205 2.3409e-11
                       16  2.3800     0.0500               1.2930 2.3409e-11
                       19  2.5632     0.0500               1.1098 2.3409e-11
                       29  2.8733     0.0500               0.7997 2.3409e-11
                       30  2.9250     0.0500               0.7480 2.3409e-11
                       31  2.9534     0.0500               0.7196 2.3409e-11
                       32  2.9762     0.0500               0.6968 2.3409e-11
                       35  3.0058     0.0500               0.6672 2.3409e-11
                       36  3.0280     0.0500               0.6450 2.3409e-11
                       38  3.0374     0.0500               0.6356 2.3409e-11
                       45  3.0803     0.0500               0.5927 2.3409e-11
                       49  3.1584     0.0500               0.5146 2.3409e-11
                       52  3.2632     0.0500               0.4098 2.3409e-11
                       55  3.3510     0.0500               0.3220 2.3409e-11
                       58  3.3830     0.0500               0.2900 2.3409e-11
                       60  3.4318     0.0500               0.2412 2.3409e-11
                       63  3.5230     0.0500               0.1500 2.3409e-11
                       64  3.5281     0.0500               0.1449 2.3409e-11
 73  3.6609    2.5+                          1.5990e-09
                       15  2.3658     0.0000               1.2951 0.0000e+00
                        9  2.1984     0.7998               1.4625 1.2785e-09
                        0  0.0000     0.2002               3.6609 3.1963e-10
 72  3.6420    3.5+                          2.6017e-09
                        0  0.0000     0.0435               3.6420 1.1312e-10
                        1  0.1259     0.0435               3.5161 1.1312e-10
                        2  0.9843     0.0435               2.6577 1.1312e-10
                        7  1.8841     0.0435               1.7579 1.1312e-10
                        8  2.0152     0.0435               1.6268 1.1312e-10
                        9  2.1984     0.0435               1.4436 1.1312e-10
                       10  2.2150     0.0435               1.4270 1.1312e-10
                       12  2.2668     0.0435               1.3752 1.1312e-10
                       15  2.3658     0.0435               1.2762 1.1312e-10
                       17  2.3984     0.0435               1.2436 1.1312e-10
                       23  2.7273     0.0435               0.9147 1.1312e-10
                       25  2.7527     0.0435               0.8893 1.1312e-10
                       26  2.8221     0.0435               0.8199 1.1312e-10
                       27  2.8237     0.0435               0.8183 1.1312e-10
                       28  2.8284     0.0435               0.8136 1.1312e-10
                       34  2.9918     0.0435               0.6502 1.1312e-10
                       40  3.0460     0.0435               0.5960 1.1312e-10
                       43  3.0600     0.0435               0.5820 1.1312e-10
                       47  3.1360     0.0435               0.5060 1.1312e-10
                       48  3.1470     0.0435               0.4950 1.1312e-10
                       51  3.2608     0.0435               0.3812 1.1312e-10
                       67  3.6000     0.0435               0.0420 1.1312e-10
                       69  3.6080     0.0435               0.0340 1.1312e-10
 71  3.6310    5.5+                          5.8035e-09
                        2  0.9843     0.1111               2.6467 6.4483e-10
                        4  1.2921     0.1111               2.3389 6.4483e-10
                       14  2.3114     0.1111               1.3196 6.4483e-10
                       17  2.3984     0.1111               1.2326 6.4483e-10
                       26  2.8221     0.1111               0.8089 6.4483e-10
                       27  2.8237     0.1111               0.8073 6.4483e-10
                       37  3.0359     0.1111               0.5951 6.4483e-10
                       46  3.1261     0.1111               0.5049 6.4483e-10
                       54  3.3420     0.1111               0.2890 6.4483e-10
 70  3.6108    1.5+                          1.1702e-09
                        1  0.1259     1.0000               3.4849 1.1694e-09
 69  3.6080    2.5-                          1.7986e-09
                       22  2.6946     0.0667               0.9134 1.1990e-10
                       24  2.7410     0.0667               0.8670 1.1990e-10
                       33  2.9840     0.0667               0.6240 1.1990e-10
                       39  3.0399     0.0667               0.5681 1.1990e-10
                       41  3.0508     0.0667               0.5572 1.1990e-10
                       44  3.0700     0.0667               0.5380 1.1990e-10
                       50  3.1953     0.0667               0.4127 1.1990e-10
                       53  3.2681     0.0667               0.3399 1.1990e-10
                       57  3.3790     0.0667               0.2290 1.1990e-10
                       59  3.4241     0.0667               0.1839 1.1990e-10
                       61  3.4800     0.0667               0.1280 1.1990e-10
                       62  3.5050     0.0667               0.1030 1.1990e-10
                       65  3.5320     0.0667               0.0760 1.1990e-10
                       66  3.5800     0.0667               0.0280 1.1990e-10
                       68  3.6040     0.0667               0.0040 1.1990e-10
 68  3.6040    1.5+                          1.3183e-09
                        0  0.0000     0.0345               3.6040 4.5459e-11
                        5  1.2930     0.0345               2.3110 4.5459e-11
                        6  1.5284     0.0345               2.0756 4.5459e-11
                       10  2.2150     0.0345               1.3890 4.5459e-11
                       11  2.2525     0.0345               1.3515 4.5459e-11
                       12  2.2668     0.0345               1.3372 4.5459e-11
                       15  2.3658     0.0345               1.2382 4.5459e-11
                       16  2.3800     0.0345               1.2240 4.5459e-11
                       19  2.5632     0.0345               1.0408 4.5459e-11
                       25  2.7527     0.0345               0.8513 4.5459e-11
                       29  2.8733     0.0345               0.7307 4.5459e-11
                       30  2.9250     0.0345               0.6790 4.5459e-11
                       31  2.9534     0.0345               0.6506 4.5459e-11
                       32  2.9762     0.0345               0.6278 4.5459e-11
                       35  3.0058     0.0345               0.5982 4.5459e-11
                       36  3.0280     0.0345               0.5760 4.5459e-11
                       38  3.0374     0.0345               0.5666 4.5459e-11
                       40  3.0460     0.0345               0.5580 4.5459e-11
                       45  3.0803     0.0345               0.5237 4.5459e-11
                       47  3.1360     0.0345               0.4680 4.5459e-11
                       49  3.1584     0.0345               0.4456 4.5459e-11
                       51  3.2608     0.0345               0.3432 4.5459e-11
                       52  3.2632     0.0345               0.3408 4.5459e-11
                       55  3.3510     0.0345               0.2530 4.5459e-11
                       58  3.3830     0.0345               0.2210 4.5459e-11
                       60  3.4318     0.0345               0.1722 4.5459e-11
                       63  3.5230     0.0345               0.0810 4.5459e-11
                       64  3.5281     0.0345               0.0759 4.5459e-11
                       67  3.6000     0.0345               0.0040 4.5459e-11
 67  3.6000    2.5-                          1.8933e-09
                       22  2.6946     0.0714               0.9054 1.3524e-10
                       24  2.7410     0.0714               0.8590 1.3524e-10
                       33  2.9840     0.0714               0.6160 1.3524e-10
                       39  3.0399     0.0714               0.5601 1.3524e-10
                       41  3.0508     0.0714               0.5492 1.3524e-10
                       44  3.0700     0.0714               0.5300 1.3524e-10
                       50  3.1953     0.0714               0.4047 1.3524e-10
                       53  3.2681     0.0714               0.3319 1.3524e-10
                       57  3.3790     0.0714               0.2210 1.3524e-10
                       59  3.4241     0.0714               0.1759 1.3524e-10
                       61  3.4800     0.0714               0.1200 1.3524e-10
                       62  3.5050     0.0714               0.0950 1.3524e-10
                       65  3.5320     0.0714               0.0680 1.3524e-10
                       66  3.5800     0.0714               0.0200 1.3524e-10
 66  3.5800    3.5+                          3.4672e-09
                        0  0.0000     0.0476               3.5800 1.6511e-10
                        1  0.1259     0.0476               3.4541 1.6511e-10
                        2  0.9843     0.0476               2.5957 1.6511e-10
                        7  1.8841     0.0476               1.6959 1.6511e-10
                        8  2.0152     0.0476               1.5648 1.6511e-10
                        9  2.1984     0.0476               1.3816 1.6511e-10
                       10  2.2150     0.0476               1.3650 1.6511e-10
                       12  2.2668     0.0476               1.3132 1.6511e-10
                       15  2.3658     0.0476               1.2142 1.6511e-10
                       17  2.3984     0.0476               1.1816 1.6511e-10
                       23  2.7273     0.0476               0.8527 1.6511e-10
                       25  2.7527     0.0476               0.8273 1.6511e-10
                       26  2.8221     0.0476               0.7579 1.6511e-10
                       27  2.8237     0.0476               0.7563 1.6511e-10
                       28  2.8284     0.0476               0.7516 1.6511e-10
                       34  2.9918     0.0476               0.5882 1.6511e-10
                       40  3.0460     0.0476               0.5340 1.6511e-10
                       43  3.0600     0.0476               0.5200 1.6511e-10
                       47  3.1360     0.0476               0.4440 1.6511e-10
                       48  3.1470     0.0476               0.4330 1.6511e-10
                       51  3.2608     0.0476               0.3192 1.6511e-10
 65  3.5320    2.5+                          3.1195e-09
                        0  0.0000     1.0000               3.5320 3.1149e-09
 64  3.5281    1.5-                          1.6730e-09
                        0  0.0000     1.0000               3.5281 1.6713e-09
 63  3.5230    0.5-                          8.6812e-10
                       13  2.2810     0.0909               1.2420 7.8920e-11
                       18  2.4265     0.0909               1.0965 7.8920e-11
                       20  2.5820     0.0909               0.9410 7.8920e-11
                       21  2.6217     0.0909               0.9013 7.8920e-11
                       33  2.9840     0.0909               0.5390 7.8920e-11
                       44  3.0700     0.0909               0.4530 7.8920e-11
                       50  3.1953     0.0909               0.3277 7.8920e-11
                       53  3.2681     0.0909               0.2549 7.8920e-11
                       57  3.3790     0.0909               0.1440 7.8920e-11
                       59  3.4241     0.0909               0.0989 7.8920e-11
                       61  3.4800     0.0909               0.0430 7.8920e-11
 62  3.5050    2.5+                          3.6253e-09
                        0  0.0000     0.0333               3.5050 1.2084e-10
                        1  0.1259     0.0333               3.3791 1.2084e-10
                        6  1.5284     0.0333               1.9766 1.2084e-10
                        7  1.8841     0.0333               1.6209 1.2084e-10
                        8  2.0152     0.0333               1.4898 1.2084e-10
                        9  2.1984     0.0333               1.3066 1.2084e-10
                       10  2.2150     0.0333               1.2900 1.2084e-10
                       11  2.2525     0.0333               1.2525 1.2084e-10
                       12  2.2668     0.0333               1.2382 1.2084e-10
                       15  2.3658     0.0333               1.1392 1.2084e-10
                       16  2.3800     0.0333               1.1250 1.2084e-10
                       19  2.5632     0.0333               0.9418 1.2084e-10
                       23  2.7273     0.0333               0.7777 1.2084e-10
                       25  2.7527     0.0333               0.7523 1.2084e-10
                       28  2.8284     0.0333               0.6766 1.2084e-10
                       30  2.9250     0.0333               0.5800 1.2084e-10
                       31  2.9534     0.0333               0.5516 1.2084e-10
                       32  2.9762     0.0333               0.5288 1.2084e-10
                       34  2.9918     0.0333               0.5132 1.2084e-10
                       35  3.0058     0.0333               0.4992 1.2084e-10
                       36  3.0280     0.0333               0.4770 1.2084e-10
                       40  3.0460     0.0333               0.4590 1.2084e-10
                       43  3.0600     0.0333               0.4450 1.2084e-10
                       45  3.0803     0.0333               0.4247 1.2084e-10
                       47  3.1360     0.0333               0.3690 1.2084e-10
                       48  3.1470     0.0333               0.3580 1.2084e-10
                       49  3.1584     0.0333               0.3466 1.2084e-10
                       51  3.2608     0.0333               0.2442 1.2084e-10
                       52  3.2632     0.0333               0.2418 1.2084e-10
                       55  3.3510     0.0333               0.1540 1.2084e-10
 61  3.4800    1.5+                          2.5924e-09
                        0  0.0000     0.0385               3.4800 9.9708e-11
                        5  1.2930     0.0385               2.1870 9.9708e-11
                        6  1.5284     0.0385               1.9516 9.9708e-11
                       10  2.2150     0.0385               1.2650 9.9708e-11
                       11  2.2525     0.0385               1.2275 9.9708e-11
                       12  2.2668     0.0385               1.2132 9.9708e-11
                       15  2.3658     0.0385               1.1142 9.9708e-11
                       16  2.3800     0.0385               1.1000 9.9708e-11
                       19  2.5632     0.0385               0.9168 9.9708e-11
                       25  2.7527     0.0385               0.7273 9.9708e-11
                       29  2.8733     0.0385               0.6067 9.9708e-11
                       30  2.9250     0.0385               0.5550 9.9708e-11
                       31  2.9534     0.0385               0.5266 9.9708e-11
                       32  2.9762     0.0385               0.5038 9.9708e-11
                       35  3.0058     0.0385               0.4742 9.9708e-11
                       36  3.0280     0.0385               0.4520 9.9708e-11
                       38  3.0374     0.0385               0.4426 9.9708e-11
                       40  3.0460     0.0385               0.4340 9.9708e-11
                       45  3.0803     0.0385               0.3997 9.9708e-11
                       47  3.1360     0.0385               0.3440 9.9708e-11
                       49  3.1584     0.0385               0.3216 9.9708e-11
                       51  3.2608     0.0385               0.2192 9.9708e-11
                       52  3.2632     0.0385               0.2168 9.9708e-11
                       55  3.3510     0.0385               0.1290 9.9708e-11
                       58  3.3830     0.0385               0.0970 9.9708e-11
                       60  3.4318     0.0385               0.0482 9.9708e-11
 60  3.4318    0.5-                          1.3201e-09                       2.2000e-14
                        0  0.0000     1.0000               3.4318 1.3188e-09
 59  3.4241    1.5+                          3.0908e-09                       1.1100e-13
                       23  2.7273     0.5292               0.6968 1.6341e-09
                        1  0.1259     0.4708               3.2982 1.4542e-09
 58  3.3830    0.5-                          1.5381e-09
                        0  0.0000     1.0000               3.3830 1.5366e-09
 57  3.3790    1.5+                          3.5442e-09
                        0  0.0000     0.0417               3.3790 1.4768e-10
                        5  1.2930     0.0417               2.0860 1.4768e-10
                        6  1.5284     0.0417               1.8506 1.4768e-10
                       10  2.2150     0.0417               1.1640 1.4768e-10
                       11  2.2525     0.0417               1.1265 1.4768e-10
                       12  2.2668     0.0417               1.1122 1.4768e-10
                       15  2.3658     0.0417               1.0132 1.4768e-10
                       16  2.3800     0.0417               0.9990 1.4768e-10
                       19  2.5632     0.0417               0.8158 1.4768e-10
                       25  2.7527     0.0417               0.6263 1.4768e-10
                       29  2.8733     0.0417               0.5057 1.4768e-10
                       30  2.9250     0.0417               0.4540 1.4768e-10
                       31  2.9534     0.0417               0.4256 1.4768e-10
                       32  2.9762     0.0417               0.4028 1.4768e-10
                       35  3.0058     0.0417               0.3732 1.4768e-10
                       36  3.0280     0.0417               0.3510 1.4768e-10
                       38  3.0374     0.0417               0.3416 1.4768e-10
                       40  3.0460     0.0417               0.3330 1.4768e-10
                       45  3.0803     0.0417               0.2987 1.4768e-10
                       47  3.1360     0.0417               0.2430 1.4768e-10
                       49  3.1584     0.0417               0.2206 1.4768e-10
                       51  3.2608     0.0417               0.1182 1.4768e-10
                       52  3.2632     0.0417               0.1158 1.4768e-10
                       55  3.3510     0.0417               0.0280 1.4768e-10
 56  3.3732    5.5+                          1.7134e-08
                        4  1.2921     1.0000               2.0811 1.7122e-08
 55  3.3510    1.5-                          3.5885e-09
                        1  0.1259     0.6494               3.2251 2.3283e-09
                        0  0.0000     0.3506               3.3510 1.2570e-09
 54  3.3420    6.5-                          2.4906e-08                       5.0000e-15
                        4  1.2921     1.0000               2.0498 2.4898e-08
 53  3.2681    1.5+                          6.2152e-09
                        9  2.1984     0.2500               1.0697 1.5534e-09
                        7  1.8841     0.3401               1.3840 2.1135e-09
                        6  1.5284     0.4099               1.7397 2.5464e-09
 52  3.2632    1.5-                          5.3896e-09
                       15  2.3658     0.4010               0.8974 2.1608e-09
                        0  0.0000     0.5990               3.2632 3.2256e-09
 51  3.2608    2.5-                          8.4640e-09                       3.5000e-14
                        1  0.1259     1.0000               3.1349 8.4572e-09
 50  3.1953    1.5+                          7.8296e-09                       1.7000e-14
                        0  0.0000     1.0000               3.1953 7.8192e-09
 49  3.1584    1.5-                          7.6064e-09                       4.6000e-14
                        6  1.5284     0.7298               1.6301 5.5501e-09
                        0  0.0000     0.2702               3.1584 2.0536e-09
 48  3.1470    3.5-                          1.7815e-08
                       22  2.6946     0.2500               0.4524 4.4538e-09
                       24  2.7410     0.2500               0.4060 4.4538e-09
                       39  3.0399     0.2500               0.1071 4.4538e-09
                       41  3.0508     0.2500               0.0962 4.4538e-09
 47  3.1360    2.5-                          1.3562e-08
                       22  2.6946     0.1667               0.4414 2.2604e-09
                       24  2.7410     0.1667               0.3950 2.2604e-09
                       33  2.9840     0.1667               0.1520 2.2604e-09
                       39  3.0399     0.1667               0.0961 2.2604e-09
                       41  3.0508     0.1667               0.0852 2.2604e-09
                       44  3.0700     0.1667               0.0660 2.2604e-09
 46  3.1261    6.5-                          6.5114e-08                       1.7000e-14
                       14  2.3114     0.1379               0.8147 8.9770e-09
                        2  0.9843     0.8621               2.1419 5.6111e-08
 45  3.0803    1.5-                          1.1324e-08                       3.0000e-14
                       15  2.3658     0.2500               0.7145 2.8300e-09
                        6  1.5284     0.6410               1.5519 7.2575e-09
                        0  0.0000     0.1090               3.0803 1.2333e-09
 44  3.0700    1.5+                          1.7168e-08                       2.4000e-14
                        0  0.0000     1.0000               3.0700 1.7146e-08
 43  3.0600    3.5-                          2.7381e-08
                       22  2.6946     0.2500               0.3654 6.8454e-09
                       24  2.7410     0.2500               0.3190 6.8454e-09
                       39  3.0399     0.2500               0.0201 6.8454e-09
                       41  3.0508     0.2500               0.0092 6.8454e-09
 42  3.0547    7.5-                          1.5226e-07                       1.8000e-13
                       14  2.3114     0.4792               0.7432 7.2944e-08
                        4  1.2921     0.5208               1.7626 7.9276e-08
 41  3.0508    2.5+                          3.8812e-08                       1.7000e-12
                        6  1.5284     0.6991               1.5225 2.7125e-08
                        1  0.1259     0.3009               2.9249 1.1664e-08
 40  3.0460    2.5-                          1.9866e-08                       1.4000e-13
                        7  1.8841     1.0000               1.1619 1.9864e-08
 39  3.0399    2.5+                          3.9696e-08                       1.7000e-13
                        1  0.1259     1.0000               2.9140 3.9649e-08
 38  3.0374    0.5-                          6.6509e-09
                       12  2.2668     1.0000               0.7706 6.6486e-09
 37  3.0359    5.5-                          6.3610e-08                       5.0000e-14
                        1  0.1259     1.0000               2.9100 6.3562e-08
 36  3.0280    1.5-                          1.3588e-08
                       13  2.2810     0.2000               0.7470 2.7176e-09
                       18  2.4265     0.2000               0.6015 2.7176e-09
                       20  2.5820     0.2000               0.4460 2.7176e-09
                       21  2.6217     0.2000               0.4063 2.7176e-09
                       33  2.9840     0.2000               0.0440 2.7176e-09
 35  3.0058    1.5-                          1.4636e-08                       1.7000e-14
                        0  0.0000     1.0000               3.0058 1.4625e-08
 34  2.9918    3.5-                          3.4661e-08                       1.2000e-14
                        2  0.9843     0.2307               2.0075 7.9937e-09
                        1  0.1259     0.7693               2.8658 2.6646e-08
 33  2.9840    1.5+                          2.4415e-08
                        0  0.0000     0.0714               2.9840 1.7439e-09
                        5  1.2930     0.0714               1.6910 1.7439e-09
                        6  1.5284     0.0714               1.4556 1.7439e-09
                       10  2.2150     0.0714               0.7690 1.7439e-09
                       11  2.2525     0.0714               0.7315 1.7439e-09
                       12  2.2668     0.0714               0.7172 1.7439e-09
                       15  2.3658     0.0714               0.6182 1.7439e-09
                       16  2.3800     0.0714               0.6040 1.7439e-09
                       19  2.5632     0.0714               0.4208 1.7439e-09
                       25  2.7527     0.0714               0.2313 1.7439e-09
                       29  2.8733     0.0714               0.1107 1.7439e-09
                       30  2.9250     0.0714               0.0590 1.7439e-09
                       31  2.9534     0.0714               0.0306 1.7439e-09
                       32  2.9762     0.0714               0.0078 1.7439e-09
 32  2.9762    1.5-                          1.7885e-08                       1.2500e-13
                        6  1.5284     0.2307               1.4478 4.1255e-09
                        0  0.0000     0.7693               2.9762 1.3749e-08
 31  2.9534    1.5-                          1.9133e-08                       1.3000e-14
                        1  0.1259     0.8475               2.8275 1.6203e-08
                        0  0.0000     0.1525               2.9534 2.9156e-09
 30  2.9250    1.5-                          2.3348e-08
                        1  0.1259     1.0000               2.7991 2.3331e-08
 29  2.8733    0.5-                          1.5453e-08                       8.3000e-14
                        6  1.5284     0.7691               1.3449 1.1884e-08
                        0  0.0000     0.2309               2.8733 3.5655e-09
 28  2.8284    3.5-                          6.9243e-08
                        4  1.2921     1.0000               1.5363 6.9231e-08
 27  2.8237    4.5-                          1.0006e-07                       1.1000e-14
                        7  1.8841     0.3006               0.9396 3.0073e-08
                        1  0.1259     0.6994               2.6977 6.9940e-08
 26  2.8221    4.5-                          1.0059e-07                       9.4000e-14
                        7  1.8841     0.3590               0.9380 3.6107e-08
                        4  1.2921     0.6410               1.5300 6.4470e-08
 25  2.7527    2.5-                          6.3534e-08                       2.5000e-14
                        7  1.8841     0.3304               0.8686 2.0987e-08
                        1  0.1259     0.4292               2.6268 2.7253e-08
                        0  0.0000     0.2404               2.7527 1.5264e-08
 24  2.7410    3.5+                          1.3030e-07
                        0  0.0000     0.0909               2.7410 1.1846e-08
                        1  0.1259     0.0909               2.6151 1.1846e-08
                        2  0.9843     0.0909               1.7567 1.1846e-08
                        7  1.8841     0.0909               0.8569 1.1846e-08
                        8  2.0152     0.0909               0.7258 1.1846e-08
                        9  2.1984     0.0909               0.5426 1.1846e-08
                       10  2.2150     0.0909               0.5260 1.1846e-08
                       12  2.2668     0.0909               0.4742 1.1846e-08
                       15  2.3658     0.0909               0.3752 1.1846e-08
                       17  2.3984     0.0909               0.3426 1.1846e-08
                       23  2.7273     0.0909               0.0137 1.1846e-08
 23  2.7273    3.5-                          1.2018e-07                       9.8000e-13
                        4  1.2921     0.1917               1.4352 2.3034e-08
                        2  0.9843     0.2901               1.7431 3.4855e-08
                        0  0.0000     0.5182               2.7273 6.2238e-08
 22  2.6946    3.5+                          1.8653e-07
                        0  0.0000     1.0000               2.6946 1.8633e-07
 21  2.6217    0.5+                          4.7950e-08
                        0  0.0000     1.0000               2.6217 4.7931e-08
 20  2.5820    0.5+                          5.3531e-08
                        5  1.2930     0.2000               1.2890 1.0706e-08
                        6  1.5284     0.2000               1.0536 1.0706e-08
                       11  2.2525     0.2000               0.3295 1.0706e-08
                       16  2.3800     0.2000               0.2020 1.0706e-08
                       19  2.5632     0.2000               0.0188 1.0706e-08
 19  2.5632    1.5-                          1.0216e-07                       7.7000e-15
                        0  0.0000     1.0000               2.5632 1.0210e-07
 18  2.4265    0.5+                          1.1120e-07                       1.4000e-12
                        6  1.5284     1.0000               0.8982 1.1119e-07
 17  2.3984    4.5-                          5.4397e-07                       1.7000e-14
                        2  0.9843     0.2592               1.4141 1.4098e-07
                        1  0.1259     0.7408               2.2725 4.0280e-07
 16  2.3800    1.5-                          2.0488e-07
                       13  2.2810     1.0000               0.0990 2.0488e-07
 15  2.3658    2.5-                          3.1768e-07                       2.3000e-14
                        1  0.1259     0.7407               2.2399 2.3521e-07
                        0  0.0000     0.2593               2.3658 8.2335e-08
 14  2.3114    6.5-                          2.0505e-06                       1.5000e-13
                        4  1.2921     0.9009               1.0193 1.8471e-06
                        2  0.9843     0.0991               1.3272 2.0318e-07
 13  2.2810    0.5+                          4.4096e-07
                        5  1.2930     0.3333               0.9880 1.4699e-07
                        6  1.5284     0.3333               0.7527 1.4699e-07
                       11  2.2525     0.3333               0.0285 1.4699e-07
 12  2.2668    2.5-                          4.9714e-07                       1.2500e-13
                        6  1.5284     0.2700               0.7385 1.3419e-07
                        0  0.0000     0.7300               2.2668 3.6275e-07
 11  2.2525    1.5-                          5.0460e-07                       2.3000e-14
                        0  0.0000     1.0000               2.2525 5.0438e-07
 10  2.2150    2.5-                          5.7900e-07                       3.8000e-13
                        0  0.0000     1.0000               2.2150 5.7876e-07
  9  2.1984    3.5-                          8.4188e-07                       1.8000e-14
                        2  0.9843     0.3292               1.2142 2.7712e-07
                        1  0.1259     0.0610               2.0725 5.1321e-08
                        0  0.0000     0.6098               2.1984 5.1319e-07
  8  2.0152    3.5-                          1.6929e-06                       5.1000e-16
                        2  0.9843     0.5681               1.0309 9.6158e-07
                        0  0.0000     0.4319               2.0152 7.3093e-07
  7  1.8841    3.5-                          2.9745e-06                       1.2000e-14
                        1  0.1259     0.3590               1.7581 1.0676e-06
                        0  0.0000     0.6410               1.8841 1.9062e-06
  6  1.5284    1.5-                          5.8475e-06                       6.2000e-14
                        1  0.1259     0.0338               1.4024 1.9773e-07
                        0  0.0000     0.9662               1.5284 5.6490e-06
  5  1.2930    0.5-                          6.7565e-06
                        0  0.0000     1.0000               1.2930 6.7556e-06
  4  1.2921    5.5-                          7.6441e-05                       1.1000e-12
                        2  0.9843     0.2484               0.3079 1.8953e-05
                        1  0.1259     0.7516               1.1662 5.7445e-05
  3  1.2891    5.5+                          8.0119e-05
                        2  0.9843     0.9010               0.3048 7.2085e-05
                        1  0.1259     0.0990               1.1632 7.9292e-06
  2  0.9843    4.5-                          2.0328e-04                       2.8000e-13
                        1  0.1259     0.9524               0.8583 1.9357e-04
                        0  0.0000     0.0476               0.9843 9.6784e-06
  1  0.1259    3.5-                          1.9481e-03                       2.5900e-10
                        0  0.0000     1.0000               0.1259 1.9148e-03
  0  0.0000    2.5-                          3.5119e-03
#......................................................................../  028-062Ni //  23.500000
#                                                                          SUM SPECTRA FOR COMPOUND
#            026-057Fe      gamma
 SpcSum[mb]            1.1128e-09
 Emean[MeV]            1.8356e-01
#......................................................................../  028-062Ni //  23.500000
#                                                                   GAMMAS FROM DISCRETE TRANSITION
#           1 0 1 1 0 0             026-057Fe
#   Ex[MeV]     Jpi    FinalState  Branching Production    Egamma Production   T(1/2)[s]
 29  2.5994    1.5+                          1.1670e-23
                        2  0.1365     0.6993               2.4629 8.1527e-24
                        0  0.0000     0.3007               2.5994 3.5054e-24
 28  2.5936    1.5-                          2.9819e-24                       3.7000e-14
                        5  1.0071     0.4100               1.5865 1.2223e-24
                        4  0.7064     0.5000               1.8872 1.4905e-24
                        0  0.0000     0.0900               2.5936 2.6830e-25
 27  2.5745    0.5-                          3.9083e-24                       1.8000e-14
                        3  0.3668     0.2753               2.2077 1.0755e-24
                        0  0.0000     0.7247               2.5745 2.8308e-24
 26  2.5642    1.5-                          7.9848e-24
                       11  1.7254     0.6369               0.8388 5.0842e-24
                        0  0.0000     0.3631               2.5642 2.8976e-24
 25  2.5053    2.5+                          1.6233e-22                       7.8000e-14
                       11  1.7254     0.0278               0.7799 4.5061e-24
                        4  0.7064     0.0555               1.7989 9.0122e-24
                        3  0.3668     0.5556               2.1385 9.0117e-23
                        2  0.1365     0.2611               2.3688 4.2351e-23
                        1  0.0144     0.1000               2.4909 1.6219e-23
 24  2.4560    3.5+                          8.5981e-21
                        2  0.1365     0.1000               2.3195 8.5981e-22
                        4  0.7064     0.1000               1.7496 8.5981e-22
                        5  1.0071     0.1000               1.4489 8.5981e-22
                        7  1.1978     0.1000               1.2582 8.5981e-22
                        9  1.3568     0.1000               1.0992 8.5981e-22
                       13  1.9897     0.1000               0.4663 8.5981e-22
                       15  2.1131     0.1000               0.3429 8.5981e-22
                       16  2.1186     0.1000               0.3374 8.5981e-22
                       17  2.2069     0.1000               0.2491 8.5981e-22
                       19  2.2202     0.1000               0.2358 8.5981e-22
 23  2.4556    4.5+                          2.0521e-20                       1.4000e-12
                        5  1.0071     1.0000               1.4484 2.0515e-20
 22  2.3580    1.5-                          3.8334e-22
                        6  1.1399     0.3333               1.2181 1.2778e-22
                       18  2.2177     0.3333               0.1403 1.2778e-22
                       20  2.3304     0.3333               0.0276 1.2778e-22
 21  2.3560    5.5-                          5.8709e-19                       6.0000e-14
                        7  1.1978     0.2908               1.1582 1.7070e-19
                        5  1.0071     0.7092               1.3488 4.1630e-19
 20  2.3304    1.5+                          3.0025e-21
                       10  1.6273     1.0000               0.7032 3.0019e-21
 19  2.2202    3.5-                          4.2784e-19                       3.0000e-13
                        3  0.3668     0.0490               1.8534 2.0962e-20
                        2  0.1365     0.4608               2.0837 1.9708e-19
                        1  0.0144     0.4902               2.2058 2.0963e-19
 18  2.2177    2.5+                          7.8616e-20
                        3  0.3668     0.2062               1.8509 1.6202e-20
                        2  0.1365     0.3453               2.0812 2.7127e-20
                        1  0.0144     0.4485               2.2032 3.5231e-20
 17  2.2069    2.5-                          1.1061e-19                       1.0000e-14
                        8  1.2655     0.0342               0.9414 3.7799e-21
                        5  1.0071     0.1794               1.1997 1.9842e-20
                        3  0.3668     0.0000               1.8401 0.0000e+00
                        1  0.0144     0.4274               2.1925 4.7257e-20
                        0  0.0000     0.3590               2.2069 3.9692e-20
 16  2.1186    2.5-                          4.1605e-19                       4.6000e-14
                        5  1.0071     0.1465               1.1115 6.0943e-20
                        4  0.7064     0.5050               1.4122 2.1008e-19
                        1  0.0144     0.3485               2.1042 1.4494e-19
 15  2.1131    2.5-                          4.9002e-19
                        8  1.2655     0.2126               0.8476 1.0415e-19
                        0  0.0000     0.7874               2.1131 3.8568e-19
 14  1.9910    0.5-                          5.7321e-20
                        6  1.1399     1.0000               0.8511 5.7321e-20
 13  1.9897    4.5-                          5.3170e-17                       1.8000e-13
                        7  1.1978     0.2705               0.7918 1.4378e-17
                        5  1.0071     0.3197               0.9825 1.6995e-17
                        4  0.7064     0.4098               1.2832 2.1786e-17
 12  1.9766    0.5-                          1.1781e-19
                       11  1.7254     0.1690               0.2513 1.9732e-20
                        2  0.1365     0.6702               1.8402 7.8931e-20
                        0  0.0000     0.1608               1.9766 1.8938e-20
 11  1.7254    1.5-                          9.7149e-18                       3.1000e-14
                        8  1.2655     0.0033               0.4599 3.1853e-20
                        4  0.7064     0.1885               1.0190 1.8310e-18
                        3  0.3668     0.0977               1.3586 9.4884e-19
                        1  0.0144     0.0273               1.7110 2.6545e-19
                        0  0.0000     0.6832               1.7254 6.6360e-18
 10  1.6273    1.5-                          6.0156e-17                       5.6000e-14
                        4  0.7064     0.0860               0.9208 5.1708e-18
                        3  0.3668     0.2805               1.2605 1.6871e-17
                        1  0.0144     0.6098               1.6128 3.6674e-17
                        0  0.0000     0.0238               1.6273 1.4301e-18
  9  1.3568    3.5-                          2.7091e-14                       1.8000e-13
                        4  0.7064     0.5466               0.6504 1.4799e-14
                        3  0.3668     0.2349               0.9901 6.3631e-15
                        1  0.0144     0.2185               1.3424 5.9192e-15
  8  1.2655    0.5-                          1.2820e-15                       8.2000e-14
                        3  0.3668     0.9302               0.8988 1.1923e-15
                        1  0.0144     0.0447               1.2511 5.7237e-17
                        0  0.0000     0.0251               1.2655 3.2189e-17
  7  1.1978    4.5-                          8.4574e-13                       2.9000e-12
                        2  0.1365     1.0000               1.0613 8.4560e-13
  6  1.1399    1.5+                          2.5597e-14
                        0  0.0000     0.2000               1.1399 5.1194e-15
                        1  0.0144     0.2000               1.1255 5.1194e-15
                        2  0.1365     0.2000               1.0034 5.1194e-15
                        3  0.3668     0.2000               0.7731 5.1194e-15
                        4  0.7064     0.2000               0.4335 5.1194e-15
  5  1.0071    3.5-                          1.1617e-12                       1.3000e-13
                        3  0.3668     0.0301               0.6404 3.4920e-14
                        2  0.1365     0.6398               0.8707 7.4308e-13
                        1  0.0144     0.3301               0.9927 3.8339e-13
  4  0.7064    2.5-                          7.9001e-12                       4.1000e-12
                        3  0.3668     0.0144               0.3397 1.1341e-13
                        2  0.1365     0.0929               0.5699 7.3367e-13
                        1  0.0144     0.8446               0.6920 6.6697e-12
                        0  0.0000     0.0481               0.7064 3.8018e-13
  3  0.3668    1.5-                          2.1576e-11                       1.0500e-11
                        2  0.1365     0.0727               0.2303 1.5615e-12
                        1  0.0144     0.7878               0.3523 1.6973e-11
                        0  0.0000     0.1395               0.3668 3.0046e-12
  2  0.1365    2.5-                          9.8053e-10                       8.7000e-09
                        1  0.0144     0.8824               0.1221 8.4494e-10
                        0  0.0000     0.1176               0.1365 1.0142e-10
  1  0.0144    1.5-                          1.2897e-09                       9.8300e-08
                        0  0.0000     1.0000               0.0144 1.3491e-10
  0  0.0000    0.5-                          1.5683e-09
#......................................................................../  028-062Ni //  23.500000
#                                                                          SUM SPECTRA FOR COMPOUND
#            026-061Fe      gamma    neutron
 SpcSum[mb]            5.7183e-10 0.0000e+00
 Emean[MeV]            1.5014e-01 0.0000e+00
#......................................................................../  028-062Ni //  23.500000
#                                                                   GAMMAS FROM DISCRETE TRANSITION
#           0 3 0 0 0 0             026-061Fe
#   Ex[MeV]     Jpi    FinalState  Branching Production    Egamma Production   T(1/2)[s]
  0  0.0000    1.5-                          1.0736e-09                       3.5880e+02
#......................................................................../  028-062Ni //  23.500000
#                                                                          SUM SPECTRA FOR COMPOUND
#            025-058Mn      gamma    neutron
 SpcSum[mb]            1.4641e-12 0.0000e+00
 Emean[MeV]            2.2820e-01 0.0000e+00
#......................................................................../  028-062Ni //  23.500000
#                                                                   GAMMAS FROM DISCRETE TRANSITION
#           0 2 1 0 0 0             025-058Mn
#   Ex[MeV]     Jpi    FinalState  Branching Production    Egamma Production   T(1/2)[s]
 23  1.3850    5.0+                          3.1303e-16
                        7  0.4480     1.0000               0.9370 3.1303e-16
 22  1.3500    3.0+                          1.6581e-16
                        3  0.1699     1.0000               1.1801 1.6581e-16
 21  1.3381    4.0+                          2.7980e-16
                       13  0.7354     0.1469               0.6028 4.1084e-17
                        7  0.4480     0.1538               0.8901 4.3028e-17
                        1  0.0718     0.6993               1.2664 1.9563e-16
 20  1.2750    1.0+                          1.0849e-16
                        0  0.0000     1.0000               1.2750 1.0849e-16
 19  1.2500    2.0+                          2.2292e-16
                        2  0.1257     1.0000               1.1243 2.2292e-16
 18  1.2402    6.0+                          1.4770e-15
                       11  0.6611     0.7693               0.5790 1.1355e-15
                        7  0.4480     0.2307               0.7921 3.4064e-16
 17  1.0440    1.0+                          5.4880e-16
                        0  0.0000     1.0000               1.0440 5.4880e-16
 16  0.8170    1.0+                          2.5056e-15
                        0  0.0000     1.0000               0.8170 2.5056e-15
 15  0.8097    1.0+                          2.6280e-15
                       12  0.6831     0.8287               0.1266 2.1424e-15
                        5  0.2894     0.1713               0.5203 4.4981e-16
 14  0.7480    1.0+                          3.9210e-15
                        0  0.0000     1.0000               0.7480 3.9210e-15
 13  0.7354    4.0+                          1.7289e-14
                        7  0.4480     0.1188               0.2874 2.0438e-15
                        6  0.4297     0.1347               0.3057 2.3191e-15
                        3  0.1699     0.6359               0.5655 1.0987e-14
                        1  0.0718     0.1106               0.6636 1.9114e-15
 12  0.6831    0.0+                          4.2053e-15
                        0  0.0000     1.0000               0.6831 4.2041e-15
 11  0.6611    5.0+                          4.4487e-14
                        7  0.4480     0.1115               0.2131 4.8870e-15
                        3  0.1699     0.1146               0.4912 5.0913e-15
                        1  0.0718     0.7739               0.5893 3.4409e-14
 10  0.6510    1.0+                          7.2831e-15
                        0  0.0000     1.0000               0.6510 7.2831e-15
  9  0.5912    4.0+                          4.2954e-14
                        3  0.1699     0.8849               0.4213 3.7953e-14
                        2  0.1257     0.1151               0.4655 4.9362e-15
  8  0.4634    3.0+                          6.1393e-14
                        5  0.2894     1.0000               0.1740 5.8137e-14
  7  0.4480    5.0+                          1.6968e-13                       3.5000e-11
                        1  0.0718     1.0000               0.3763 1.6933e-13
  6  0.4297    3.0+                          7.7685e-14
                        2  0.1257     0.3107               0.3040 2.4033e-14
                        1  0.0718     0.6893               0.3579 5.3415e-14
  5  0.2894    1.0+                          1.2810e-13
                        0  0.0000     1.0000               0.2894 1.2747e-13
  4  0.1830    1.0+                          1.2338e-13
                        0  0.0000     1.0000               0.1830 1.2338e-13
  3  0.1699    3.0+                          4.0413e-13
                        2  0.1257     0.6667               0.0442 4.4906e-14
                        1  0.0718     0.3333               0.0981 1.0690e-13
  2  0.1257    2.0+                          5.9342e-13
                        0  0.0000     1.0000               0.1257 5.3947e-13
  1  0.0718    4.0+                          1.3355e-12                       6.5400e+01
                        0  0.0000     1.0000               0.0718 8.8619e-14
  0  0.0000    1.0+                          2.5486e-12                       3.0000e+00
#......................................................................../  028-062Ni //  23.500000
#                                                                         ISOMERIC STATE PRODUCTION
#            025-058Mn
#   Ex[MeV]     Jpi     T(1/2)[s]  Prod.[mb]
  1  0.0718    4.0+    6.5400e+01 1.3355e-12
#......................................................................../  028-062Ni //  23.500000
#                                                                          SUM SPECTRA FOR COMPOUND
#            026-060Fe      gamma
 SpcSum[mb]            4.7455e-30
 Emean[MeV]            8.0000e-01
#......................................................................../  028-062Ni //  23.500000
#                                                                   GAMMAS FROM DISCRETE TRANSITION
#           0 2 0 1 0 0             026-060Fe
#   Ex[MeV]     Jpi    FinalState  Branching Production    Egamma Production   T(1/2)[s]
  1  0.8236    2.0+                          4.7470e-30                       8.0000e-12
                        0  0.0000     1.0000               0.8236 4.7455e-30
  0  0.0000    0.0+                          2.8628e-20                       8.2680e+13
#......................................................................../  028-062Ni //  23.500000
#                                                                          SUM SPECTRA FOR COMPOUND
#            024-055Cr      gamma    neutron      alpha
 SpcSum[mb]            2.7191e-11 0.0000e+00 0.0000e+00
 Emean[MeV]            4.6905e-01 0.0000e+00 0.0000e+00
#......................................................................../  028-062Ni //  23.500000
#                                                                   GAMMAS FROM DISCRETE TRANSITION
#           0 1 2 0 0 0             024-055Cr
#   Ex[MeV]     Jpi    FinalState  Branching Production    Egamma Production   T(1/2)[s]
 35  3.3510    1.5-                          6.7005e-19
                        5  1.1310     0.2000               2.2200 1.3401e-19
                       10  2.0080     0.2000               1.3430 1.3401e-19
                       13  2.2692     0.2000               1.0818 1.3401e-19
                       23  2.8740     0.2000               0.4770 1.3401e-19
                       27  3.0090     0.2000               0.3420 1.3401e-19
 34  3.3062    7.5+                          1.7827e-17                       2.1000e-12
                       22  2.7555     0.8000               0.5507 1.4258e-17
                       17  2.3904     0.2000               0.9158 3.5641e-18
 33  3.2940    5.5+                          6.7242e-18
                        7  1.4388     0.1667               1.8552 1.1207e-18
                       14  2.3142     0.1667               0.9798 1.1207e-18
                       17  2.3904     0.1667               0.9036 1.1207e-18
                       22  2.7555     0.1667               0.5385 1.1207e-18
                       26  2.9887     0.1667               0.3053 1.1207e-18
                       31  3.1826     0.1667               0.1114 1.1207e-18
 32  3.2000    0.5-                          8.8893e-19
                       13  2.2692     1.0000               0.9308 8.8893e-19
 31  3.1826    6.5-                          2.4322e-17
                        7  1.4388     1.0000               1.7438 2.4316e-17
 30  3.1450    2.5-                          4.3898e-18
                        5  1.1310     0.2000               2.0140 8.7796e-19
                       10  2.0080     0.2000               1.1370 8.7796e-19
                       23  2.8740     0.2000               0.2710 8.7796e-19
                       27  3.0090     0.2000               0.1360 8.7796e-19
                       29  3.1140     0.2000               0.0310 8.7796e-19
 29  3.1140    3.5+                          9.4923e-18
                        2  0.5177     0.1250               2.5963 1.1865e-18
                        4  0.8807     0.1250               2.2333 1.1865e-18
                        6  1.2147     0.1250               1.8992 1.1865e-18
                        7  1.4388     0.1250               1.6752 1.1865e-18
                        9  1.4790     0.1250               1.6350 1.1865e-18
                       14  2.3142     0.1250               0.7998 1.1865e-18
                       18  2.5450     0.1250               0.5690 1.1865e-18
                       19  2.5960     0.1250               0.5180 1.1865e-18
 28  3.0170    0.5-                          2.9687e-18
                       13  2.2692     1.0000               0.7478 2.9687e-18
 27  3.0090    2.5+                          1.1986e-17
                        0  0.0000     0.0833               3.0090 9.9881e-19
                        2  0.5177     0.0833               2.4913 9.9881e-19
                        3  0.5659     0.0833               2.4431 9.9881e-19
                        4  0.8807     0.0833               2.1283 9.9881e-19
                        6  1.2147     0.0833               1.7942 9.9881e-19
                        9  1.4790     0.0833               1.5300 9.9881e-19
                       11  2.0838     0.0833               0.9251 9.9881e-19
                       15  2.3200     0.0833               0.6890 9.9881e-19
                       18  2.5450     0.0833               0.4640 9.9881e-19
                       19  2.5960     0.0833               0.4130 9.9881e-19
                       20  2.6870     0.0833               0.3220 9.9881e-19
                       21  2.7100     0.0833               0.2990 9.9881e-19
 26  2.9887    6.5-                          8.3560e-17
                       17  2.3904     1.0000               0.5983 8.3519e-17
 25  2.8945    0.5-                          6.5304e-18
                        3  0.5659     0.1823               2.3286 1.1898e-18
                        1  0.2419     0.2969               2.6526 1.9376e-18
                        0  0.0000     0.5208               2.8945 3.3990e-18
 24  2.8804    6.5+                          1.6820e-16
                       17  2.3904     0.3507               0.4900 5.8967e-17
                       12  2.0861     0.6493               0.7943 1.0918e-16
 23  2.8740    2.5+                          2.7167e-17
                        0  0.0000     0.0833               2.8740 2.2639e-18
                        2  0.5177     0.0833               2.3563 2.2639e-18
                        3  0.5659     0.0833               2.3081 2.2639e-18
                        4  0.8807     0.0833               1.9933 2.2639e-18
                        6  1.2147     0.0833               1.6593 2.2639e-18
                        9  1.4790     0.0833               1.3950 2.2639e-18
                       11  2.0838     0.0833               0.7902 2.2639e-18
                       15  2.3200     0.0833               0.5540 2.2639e-18
                       18  2.5450     0.0833               0.3290 2.2639e-18
                       19  2.5960     0.0833               0.2780 2.2639e-18
                       20  2.6870     0.0833               0.1870 2.2639e-18
                       21  2.7100     0.0833               0.1640 2.2639e-18
 22  2.7555    6.5-                          3.7489e-16                       3.5000e-12
                       17  2.3904     0.3153               0.3651 1.1796e-16
                       14  2.3142     0.0425               0.4413 1.5888e-17
                        7  1.4388     0.6422               1.3167 2.4074e-16
 21  2.7100    1.5-                          4.6998e-17
                        5  1.1310     0.3333               1.5790 1.5666e-17
                       10  2.0080     0.3333               0.7020 1.5666e-17
                       13  2.2692     0.3333               0.4408 1.5666e-17
 20  2.6870    1.5-                          5.3680e-17
                        3  0.5659     0.2038               2.1211 1.0935e-17
                        1  0.2419     0.2038               2.4451 1.0933e-17
                        0  0.0000     0.5924               2.6870 3.1783e-17
 19  2.5960    3.5-                          2.3367e-16
                        5  1.1310     0.3333               1.4650 7.7890e-17
                       10  2.0080     0.3333               0.5880 7.7890e-17
                       12  2.0861     0.3333               0.5099 7.7890e-17
 18  2.5450    3.5-                          3.1660e-16
                        5  1.1310     0.3333               1.4140 1.0553e-16
                       10  2.0080     0.3333               0.5370 1.0553e-16
                       12  2.0861     0.3333               0.4589 1.0553e-16
 17  2.3904    5.5-                          2.2514e-15
                        7  1.4388     1.0000               0.9516 2.2511e-15
 16  2.3550    5.5+                          2.4920e-15
                        7  1.4388     0.5000               0.9162 1.2460e-15
                       14  2.3142     0.5000               0.0408 1.2460e-15
 15  2.3200    1.5-                          4.6073e-16
                        5  1.1310     0.3333               1.1890 1.5358e-16
                       10  2.0080     0.3333               0.3120 1.5358e-16
                       13  2.2692     0.3333               0.0508 1.5358e-16
 14  2.3142    4.5-                          3.1892e-15
                        9  1.4790     1.0000               0.8352 3.1885e-15
 13  2.2692    0.5+                          4.7796e-16
                        3  0.5659     0.4999               1.7033 2.3882e-16
                        0  0.0000     0.5001               2.2692 2.3883e-16
 12  2.0861    4.5+                          7.5683e-15
                        9  1.4790     0.5813               0.6071 4.3986e-15
                        6  1.2147     0.4187               0.8714 3.1675e-15
 11  2.0838    1.5-                          1.7809e-15
                        1  0.2419     0.3671               1.8419 6.5362e-16
                        0  0.0000     0.6329               2.0838 1.1268e-15
 10  2.0080    2.5+                          4.9575e-15
                        0  0.0000     0.1667               2.0080 8.2625e-16
                        2  0.5177     0.1667               1.4903 8.2625e-16
                        3  0.5659     0.1667               1.4421 8.2625e-16
                        4  0.8807     0.1667               1.1273 8.2625e-16
                        6  1.2147     0.1667               0.7933 8.2625e-16
                        9  1.4790     0.1667               0.5290 8.2625e-16
  9  1.4790    3.5-                          1.3020e-13
                        2  0.5177     1.0000               0.9613 1.3018e-13
  8  1.4742    0.5-                          2.3246e-14
                        3  0.5659     0.5023               0.9083 1.1674e-14
                        1  0.2419     0.0557               1.2323 1.2958e-15
                        0  0.0000     0.4420               1.4742 1.0273e-14
  7  1.4388    4.5-                          2.3789e-13                       4.2000e-12
                        6  1.2147     0.1865               0.2241 4.3522e-14
                        2  0.5177     0.8135               0.9211 1.9349e-13
  6  1.2147    2.5-                          3.4956e-13                       3.5000e-12
                        4  0.8807     0.2733               0.3340 9.5261e-14
                        2  0.5177     0.0779               0.6970 2.7213e-14
                        0  0.0000     0.6488               1.2147 2.2679e-13
  5  1.1310    2.5+                          4.8341e-13
                        2  0.5177     1.0000               0.6133 4.8331e-13
  4  0.8807    2.5-                          1.6727e-12
                        3  0.5659     0.0494               0.3148 8.2420e-14
                        2  0.5177     0.0705               0.3630 1.1775e-13
                        0  0.0000     0.8800               0.8807 1.4717e-12
  3  0.5659    1.5-                          4.4769e-12
                        1  0.2419     0.1153               0.3240 5.1459e-13
                        0  0.0000     0.8847               0.5659 3.9584e-12
  2  0.5177    2.5-                          9.8967e-12                       5.2000e-12
                        0  0.0000     1.0000               0.5177 9.8897e-12
  1  0.2419    0.5-                          9.9880e-12
                        0  0.0000     1.0000               0.2419 9.9087e-12
  0  0.0000    1.5-                          8.4567e-11                       2.0980e+02
#......................................................................../  028-062Ni //  23.500000
#                                                                          SUM SPECTRA FOR COMPOUND
#            025-057Mn      gamma
 SpcSum[mb]            8.3152e-29
 Emean[MeV]            0.0000e+00
#......................................................................../  028-062Ni //  23.500000
#                                                                   GAMMAS FROM DISCRETE TRANSITION
#           0 1 1 1 0 0             025-057Mn
#   Ex[MeV]     Jpi    FinalState  Branching Production    Egamma Production   T(1/2)[s]
  1  0.0832    3.5-                          8.7376e-29
                        0  0.0000     1.0000               0.0832 8.3152e-29
  0  0.0000    2.5-                          1.5617e-28                       8.5400e+01
#......................................................................../  028-062Ni //  23.500000
#                                                                          SUM SPECTRA FOR COMPOUND
#            023-052V       gamma    neutron     proton      alpha   deuteron
 SpcSum[mb]            1.2196e-14 0.0000e+00 0.0000e+00 0.0000e+00 0.0000e+00
 Emean[MeV]            2.1404e-01 0.0000e+00 0.0000e+00 0.0000e+00 0.0000e+00
#......................................................................../  028-062Ni //  23.500000
#                                                                   GAMMAS FROM DISCRETE TRANSITION
#           0 0 3 0 0 0             023-052V 
#   Ex[MeV]     Jpi    FinalState  Branching Production    Egamma Production   T(1/2)[s]
 31  2.5910    1.0+                          1.2289e-21
                       24  2.3470     0.5000               0.2440 6.1446e-22
                       27  2.4730     0.5000               0.1180 6.1446e-22
 30  2.5594    3.0-                          4.2496e-21
                        5  0.4366     0.5076               2.1227 2.1555e-21
                        3  0.1416     0.2385               2.4178 1.0132e-21
                        0  0.0000     0.2539               2.5594 1.0779e-21
 29  2.5430    9.0+                          6.0727e-20                       5.5000e-12
                       11  1.4931     1.0000               1.0499 6.0719e-20
 28  2.5388    3.0+                          4.9488e-21
                       15  1.7326     0.0868               0.8062 4.2942e-22
                       12  1.5588     0.0868               0.9800 4.2941e-22
                       10  1.4188     0.0503               1.1200 2.4905e-22
                        7  0.8459     0.1620               1.6929 8.0157e-22
                        6  0.7935     0.0353               1.7453 1.7466e-22
                        2  0.0228     0.5788               2.5161 2.8629e-21
 27  2.4730    0.0-                          1.5543e-21
                        3  0.1416     0.2000               2.3314 3.1086e-22
                        9  1.2898     0.2000               1.1832 3.1086e-22
                       13  1.5792     0.2000               0.8938 3.1086e-22
                       14  1.6640     0.2000               0.8090 3.1086e-22
                       21  2.1520     0.2000               0.3210 3.1086e-22
 26  2.4277    2.0+                          6.3498e-21
                        6  0.7935     0.3199               1.6341 2.0308e-21
                        5  0.4366     0.0090               1.9910 5.6955e-23
                        3  0.1416     0.1249               2.2860 7.9269e-22
                        1  0.0172     0.3902               2.4105 2.4763e-21
                        0  0.0000     0.1561               2.4277 9.9064e-22
 25  2.3960    0.0+                          1.3559e-21
                       24  2.3470     1.0000               0.0490 1.3559e-21
 24  2.3470    1.0-                          8.1570e-21
                        1  0.0172     0.1111               2.3298 9.0633e-22
                        3  0.1416     0.1111               2.2054 9.0633e-22
                        5  0.4366     0.1111               1.9104 9.0633e-22
                        9  1.2898     0.1111               1.0572 9.0633e-22
                       13  1.5792     0.1111               0.7678 9.0633e-22
                       14  1.6640     0.1111               0.6830 9.0633e-22
                       17  1.7702     0.1111               0.5768 9.0633e-22
                       18  1.7951     0.1111               0.5519 9.0633e-22
                       21  2.1520     0.1111               0.1950 9.0633e-22
 23  2.3180    3.0+                          2.1543e-20
                       10  1.4188     0.1638               0.8992 3.5282e-21
                        7  0.8459     0.1247               1.4721 2.6861e-21
                        6  0.7935     0.1296               1.5245 2.7916e-21
                        4  0.1478     0.2347               2.1702 5.0541e-21
                        1  0.0172     0.1027               2.3009 2.2115e-21
                        0  0.0000     0.2445               2.3180 5.2649e-21
 22  2.1686    4.0+                          8.4024e-20
                        7  0.8459     0.1023               1.3227 8.5948e-21
                        6  0.7935     0.0416               1.3751 3.4959e-21
                        4  0.1478     0.1057               2.0208 8.8785e-21
                        2  0.0228     0.6823               2.1459 5.7308e-20
                        1  0.0172     0.0169               2.1515 1.4211e-21
                        0  0.0000     0.0512               2.1686 4.2978e-21
 21  2.1520    1.0+                          2.3613e-20
                        3  0.1416     1.0000               2.0104 2.3613e-20
 20  2.1008    3.0+                          8.7633e-20
                       12  1.5588     0.0049               0.5420 4.3142e-22
                       10  1.4188     0.0596               0.6820 5.2223e-21
                        7  0.8459     0.0855               1.2549 7.4933e-21
                        6  0.7935     0.1399               1.3073 1.2261e-20
                        5  0.4366     0.1995               1.6642 1.7483e-20
                        4  0.1478     0.2591               1.9530 2.2703e-20
                        1  0.0172     0.1425               2.0837 1.2486e-20
                        0  0.0000     0.1088               2.1008 9.5328e-21
 19  1.8430    3.0-                          4.4027e-19
                        0  0.0000     0.0833               1.8430 3.6689e-20
                        1  0.0172     0.0833               1.8258 3.6689e-20
                        2  0.0228     0.0833               1.8202 3.6689e-20
                        4  0.1478     0.0833               1.6952 3.6689e-20
                        5  0.4366     0.0833               1.4064 3.6689e-20
                        6  0.7935     0.0833               1.0495 3.6689e-20
                        7  0.8459     0.0833               0.9971 3.6689e-20
                       10  1.4188     0.0833               0.4242 3.6689e-20
                       12  1.5588     0.0833               0.2842 3.6689e-20
                       16  1.7596     0.0833               0.0834 3.6689e-20
                       17  1.7702     0.0833               0.0728 3.6689e-20
                       18  1.7951     0.0833               0.0479 3.6689e-20
 18  1.7951    2.0+                          3.9668e-19
                        9  1.2898     0.0247               0.5053 9.7793e-21
                        6  0.7935     0.1414               1.0016 5.6084e-20
                        5  0.4366     0.3799               1.3585 1.5068e-19
                        4  0.1478     0.0029               1.6473 1.1700e-21
                        3  0.1416     0.0149               1.6535 5.9293e-21
                        1  0.0172     0.4042               1.7780 1.6030e-19
                        0  0.0000     0.0319               1.7951 1.2663e-20
 17  1.7702    2.0+                          4.5572e-19
                        5  0.4366     0.4464               1.3335 2.0341e-19
                        4  0.1478     0.3750               1.6223 1.7086e-19
                        2  0.0228     0.1786               1.7474 8.1373e-20
 16  1.7596    3.0+                          7.6782e-19
                        6  0.7935     0.0101               0.9661 7.7315e-21
                        5  0.4366     0.4026               1.3230 3.0912e-19
                        4  0.1478     0.4376               1.6118 3.3597e-19
                        3  0.1416     0.0228               1.6180 1.7474e-20
                        1  0.0172     0.1269               1.7425 9.7423e-20
 15  1.7326    3.0-                          8.6713e-19
                        7  0.8459     0.3262               0.8866 2.8283e-19
                        4  0.1478     0.0750               1.5847 6.5045e-20
                        3  0.1416     0.0147               1.5910 1.2728e-20
                        2  0.0228     0.2578               1.7098 2.2344e-19
                        0  0.0000     0.3263               1.7326 2.8281e-19
 14  1.6640    1.0+                          4.6344e-19
                        3  0.1416     1.0000               1.5224 4.6344e-19
 13  1.5792    1.0+                          7.6836e-19
                        0  0.0000     1.0000               1.5792 7.6823e-19
 12  1.5588    4.0+                          3.6188e-18
                        7  0.8459     0.1332               0.7129 4.8191e-19
                        4  0.1478     0.0225               1.4110 8.1309e-20
                        2  0.0228     0.0077               1.5361 2.8010e-20
                        1  0.0172     0.0042               1.5417 1.5360e-20
                        0  0.0000     0.8323               1.5588 3.0116e-18
 11  1.4931    7.0+                          1.7718e-17                       1.8000e-12
                        2  0.0228     1.0000               1.4703 1.7715e-17
 10  1.4188    3.0+                          5.5889e-18
                        7  0.8459     0.0261               0.5729 1.4602e-19
                        5  0.4366     0.1148               0.9822 6.4149e-19
                        4  0.1478     0.0673               1.2710 3.7608e-19
                        1  0.0172     0.3959               1.4017 2.2123e-18
                        0  0.0000     0.3959               1.4188 2.2123e-18
  9  1.2898    1.0+                          4.1580e-18
                        3  0.1416     0.2593               1.1482 1.0781e-18
                        1  0.0172     0.7407               1.2727 3.0795e-18
  8  0.8810    4.0-                          1.8911e-16
                        0  0.0000     0.2000               0.8810 3.7822e-17
                        2  0.0228     0.2000               0.8582 3.7822e-17
                        4  0.1478     0.2000               0.7332 3.7822e-17
                        6  0.7935     0.2000               0.0875 3.7822e-17
                        7  0.8459     0.2000               0.0351 3.7822e-17
  7  0.8459    4.0+                          2.4048e-16
                        4  0.1478     0.0674               0.6981 1.6195e-17
                        2  0.0228     0.5181               0.8232 1.2457e-16
                        0  0.0000     0.4145               0.8459 9.9666e-17
  6  0.7935    3.0+                          2.2174e-16
                        5  0.4366     0.0092               0.3569 2.0399e-18
                        4  0.1478     0.7669               0.6457 1.6999e-16
                        1  0.0172     0.0092               0.7764 2.0397e-18
                        0  0.0000     0.2147               0.7935 4.7596e-17
  5  0.4366    2.0+                          7.4976e-16
                        3  0.1416     0.2242               0.2950 1.6746e-16
                        1  0.0172     0.3195               0.4195 2.3926e-16
                        0  0.0000     0.4563               0.4366 3.4174e-16
  4  0.1478    4.0+                          8.0243e-15
                        2  0.0228     0.8593               0.1251 6.3260e-15
                        0  0.0000     0.1407               0.1478 1.0753e-15
  3  0.1416    1.0+                          2.1402e-15
                        1  0.0172     1.0000               0.1245 1.9635e-15
  2  0.0228    4.0+                          2.1738e-14
                        0  0.0000     1.0000               0.0228 3.0617e-16
  1  0.0172    2.0+                          8.7182e-15                       1.0800e-09
                        0  0.0000     1.0000               0.0172 1.0898e-15
  0  0.0000    3.0+                          4.3339e-14                       2.2460e+02
#......................................................................../  028-062Ni //  23.500000
#                                                                          SUM SPECTRA FOR COMPOUND
#            024-054Cr      gamma      alpha
 SpcSum[mb]            1.4488e-21 0.0000e+00
 Emean[MeV]            8.0002e-01 0.0000e+00
#......................................................................../  028-062Ni //  23.500000
#                                                                   GAMMAS FROM DISCRETE TRANSITION
#           0 0 2 1 0 0             024-054Cr
#   Ex[MeV]     Jpi    FinalState  Branching Production    Egamma Production   T(1/2)[s]
  5  3.0741    2.0+                          2.3579e-36                       7.1000e-15
                        1  0.8349     0.9892               2.2392 2.3316e-36
                        0  0.0000     0.0108               3.0741 2.5421e-38
  4  2.8296    0.0+                          2.2591e-35                       1.5000e-13
                        1  0.8349     1.0000               1.9948 2.2583e-35
  3  2.6197    2.0+                          1.2535e-32                       7.8000e-14
                        1  0.8349     0.9588               1.7848 1.2015e-32
                        0  0.0000     0.0412               2.6197 5.1658e-34
  2  1.8239    4.0+                          1.5742e-25                       1.7000e-12
                        1  0.8349     1.0000               0.9891 1.5739e-25
  1  0.8349    2.0+                          1.4490e-21                       7.9000e-12
                        0  0.0000     1.0000               0.8349 1.4486e-21
  0  0.0000    0.0+                          1.5676e-18
#......................................................................../  028-062Ni //  23.500000
#                                                                          SUM SPECTRA FOR COMPOUND
#            028-060Ni      gamma
 SpcSum[mb]            9.6130e-11
 Emean[MeV]            1.4000e+00
#......................................................................../  028-062Ni //  23.500000
#                                                                   GAMMAS FROM DISCRETE TRANSITION
#           3 1 0 0 0 0             028-060Ni
#   Ex[MeV]     Jpi    FinalState  Branching Production    Egamma Production   T(1/2)[s]
  1  1.3325    2.0+                          9.6146e-11                       7.7000e-13
                        0  0.0000     1.0000               1.3325 9.6130e-11
  0  0.0000    0.0+                          5.0305e-04
#......................................................................../  028-062Ni //  23.500000
#                                                                          SUM SPECTRA FOR COMPOUND
#            027-057Co      gamma
 SpcSum[mb]            0.0000e+00
 Emean[MeV]            0.0000e+00
#......................................................................../  028-062Ni //  23.500000
#                                                                   GAMMAS FROM DISCRETE TRANSITION
#           3 0 1 0 0 0             027-057Co
#   Ex[MeV]     Jpi    FinalState  Branching Production    Egamma Production   T(1/2)[s]
  0  0.0000    3.5-                          0.0000e+00
#......................................................................../  028-062Ni //  23.500000
#                                                                          SUM SPECTRA FOR COMPOUND
#            027-060Co      gamma
 SpcSum[mb]            0.0000e+00
 Emean[MeV]            0.0000e+00
#......................................................................../  028-062Ni //  23.500000
#                                                                   GAMMAS FROM DISCRETE TRANSITION
#           2 2 0 0 0 0             027-060Co
#   Ex[MeV]     Jpi    FinalState  Branching Production    Egamma Production   T(1/2)[s]
  0  0.0000    5.0+                          0.0000e+00
#......................................................................../  028-062Ni //  23.500000
#                                                                          SUM SPECTRA FOR COMPOUND
#            026-057Fe      gamma
 SpcSum[mb]            6.3920e-18
 Emean[MeV]            1.4890e-01
#......................................................................../  028-062Ni //  23.500000
#                                                                   GAMMAS FROM DISCRETE TRANSITION
#           2 1 1 0 0 0             026-057Fe
#   Ex[MeV]     Jpi    FinalState  Branching Production    Egamma Production   T(1/2)[s]
  8  1.2655    0.5-                          2.7899e-30                       8.2000e-14
                        3  0.3668     0.9302               0.8988 2.5947e-30
                        1  0.0144     0.0447               1.2511 1.2456e-31
                        0  0.0000     0.0251               1.2655 7.0048e-32
  7  1.1978    4.5-                          1.6547e-28                       2.9000e-12
                        2  0.1365     1.0000               1.0613 1.6544e-28
  6  1.1399    1.5+                          3.1868e-29
                        0  0.0000     0.2000               1.1399 6.3736e-30
                        1  0.0144     0.2000               1.1255 6.3736e-30
                        2  0.1365     0.2000               1.0034 6.3736e-30
                        3  0.3668     0.2000               0.7731 6.3736e-30
                        4  0.7064     0.2000               0.4335 6.3736e-30
  5  1.0071    3.5-                          9.6911e-26                       1.3000e-13
                        3  0.3668     0.0301               0.6404 2.9132e-27
                        2  0.1365     0.6398               0.8707 6.1991e-26
                        1  0.0144     0.3301               0.9927 3.1984e-26
  4  0.7064    2.5-                          1.5017e-22                       4.1000e-12
                        3  0.3668     0.0144               0.3397 2.1557e-24
                        2  0.1365     0.0929               0.5699 1.3946e-23
                        1  0.0144     0.8446               0.6920 1.2678e-22
                        0  0.0000     0.0481               0.7064 7.2266e-24
  3  0.3668    1.5-                          4.5638e-20                       1.0500e-11
                        2  0.1365     0.0727               0.2303 3.3028e-21
                        1  0.0144     0.7878               0.3523 3.5900e-20
                        0  0.0000     0.1395               0.3668 6.3553e-21
  2  0.1365    2.5-                          4.8392e-18                       8.7000e-09
                        1  0.0144     0.8824               0.1221 4.1700e-18
                        0  0.0000     0.1176               0.1365 5.0052e-19
  1  0.0144    1.5-                          1.6020e-17                       9.8300e-08
                        0  0.0000     1.0000               0.0144 1.6757e-18
  0  0.0000    0.5-                          2.3184e-17
#......................................................................../  028-062Ni //  23.500000
#                                                                          SUM SPECTRA FOR COMPOUND
#            025-054Mn      gamma
 SpcSum[mb]            2.7454e-32
 Emean[MeV]            0.0000e+00
#......................................................................../  028-062Ni //  23.500000
#                                                                   GAMMAS FROM DISCRETE TRANSITION
#           2 0 2 0 0 0             025-054Mn
#   Ex[MeV]     Jpi    FinalState  Branching Production    Egamma Production   T(1/2)[s]
  1  0.0549    2.0+                          3.3263e-32                       4.9000e-11
                        0  0.0000     1.0000               0.0549 2.7454e-32
  0  0.0000    3.0+                          1.2713e-30                       2.6960e+07
#......................................................................../  028-062Ni //  23.500000
#                                                                          SUM SPECTRA FOR COMPOUND
#            026-060Fe      gamma
 SpcSum[mb]            0.0000e+00
 Emean[MeV]            0.0000e+00
#......................................................................../  028-062Ni //  23.500000
#                                                                   GAMMAS FROM DISCRETE TRANSITION
#           1 3 0 0 0 0             026-060Fe
#   Ex[MeV]     Jpi    FinalState  Branching Production    Egamma Production   T(1/2)[s]
  0  0.0000    0.0+                          0.0000e+00
#......................................................................../  028-062Ni //  23.500000
#                                                                          SUM SPECTRA FOR COMPOUND
#            025-057Mn      gamma
 SpcSum[mb]            0.0000e+00
 Emean[MeV]            0.0000e+00
#......................................................................../  028-062Ni //  23.500000
#                                                                   GAMMAS FROM DISCRETE TRANSITION
#           1 2 1 0 0 0             025-057Mn
#   Ex[MeV]     Jpi    FinalState  Branching Production    Egamma Production   T(1/2)[s]
  0  0.0000    2.5-                          0.0000e+00
#......................................................................../  028-062Ni //  23.500000
#                                                                          SUM SPECTRA FOR COMPOUND
#            024-054Cr      gamma
 SpcSum[mb]            2.0996e-33
 Emean[MeV]            8.0000e-01
#......................................................................../  028-062Ni //  23.500000
#                                                                   GAMMAS FROM DISCRETE TRANSITION
#           1 1 2 0 0 0             024-054Cr
#   Ex[MeV]     Jpi    FinalState  Branching Production    Egamma Production   T(1/2)[s]
  1  0.8349    2.0+                          2.1001e-33                       7.9000e-12
                        0  0.0000     1.0000               0.8349 2.0996e-33
  0  0.0000    0.0+                          2.1895e-26
#......................................................................../  028-062Ni //  23.500000
#                                                                          SUM SPECTRA FOR COMPOUND
#            023-051V       gamma
 SpcSum[mb]            0.0000e+00
 Emean[MeV]            0.0000e+00
#......................................................................../  028-062Ni //  23.500000
#                                                                   GAMMAS FROM DISCRETE TRANSITION
#           1 0 3 0 0 0             023-051V 
#   Ex[MeV]     Jpi    FinalState  Branching Production    Egamma Production   T(1/2)[s]
  0  0.0000    3.5-                          0.0000e+00
#......................................................................../  028-062Ni //  23.500000
#                                                                          SUM SPECTRA FOR COMPOUND
#            022-051Ti      gamma
 SpcSum[mb]            0.0000e+00
 Emean[MeV]            0.0000e+00
#......................................................................../  028-062Ni //  23.500000
#                                                                   GAMMAS FROM DISCRETE TRANSITION
#           0 1 3 0 0 0             022-051Ti
#   Ex[MeV]     Jpi    FinalState  Branching Production    Egamma Production   T(1/2)[s]
  0  0.0000    1.5-                          0.0000e+00
#......................................................................../  028-062Ni //  23.500000
#                                                                          SUM SPECTRA FOR COMPOUND
#            021-048Sc      gamma
 SpcSum[mb]            0.0000e+00
 Emean[MeV]            0.0000e+00
#......................................................................../  028-062Ni //  23.500000
#                                                                   GAMMAS FROM DISCRETE TRANSITION
#           0 0 4 0 0 0             021-048Sc
#   Ex[MeV]     Jpi    FinalState  Branching Production    Egamma Production   T(1/2)[s]
  0  0.0000    6.0+                          0.0000e+00
#......................................................................../  028-062Ni //  23.500000
#                                                                          SUM SPECTRA FOR COMPOUND
#            022-050Ti      gamma
 SpcSum[mb]            0.0000e+00
 Emean[MeV]            0.0000e+00
#......................................................................../  028-062Ni //  23.500000
#                                                                   GAMMAS FROM DISCRETE TRANSITION
#           0 0 3 1 0 0             022-050Ti
#   Ex[MeV]     Jpi    FinalState  Branching Production    Egamma Production   T(1/2)[s]
  0  0.0000    0.0+                          0.0000e+00
#......................................................................../  028-062Ni //  23.500000
#                                                                INDIVIDUAL GROUND STATE PRODUCTION
#             Residual  Prod.[mb]  Qval[MeV]   Particles
#                                              n p a d t h
 Production  029-064Cu 8.1125e-05   11.81407   0 0 0 0 0 0
 Production  029-063Cu 1.6274e+02    3.89784   1 0 0 0 0 0
 Production  028-063Ni 1.7977e+02    4.61326   0 1 0 0 0 0
 Production  027-060Co 4.4480e+00    5.61477   0 0 1 0 0 0
 Production  028-062Ni 1.4121e+01    0.00000   0 0 0 1 0 0
 Production  029-062Cu 3.1100e+02   -6.96592   2 0 0 0 0 0
 Production  028-062Ni 4.5390e+02   -2.22463   1 1 0 0 0 0
 Production  027-059Co 9.8626e+01   -1.87726   1 0 1 0 0 0
 Production  028-061Ni 2.9461e+01  -10.59597   1 0 0 1 0 0
 Production  027-062Co 1.9473e+00   -6.76427   0 2 0 0 0 0
 Production  026-059Fe 2.6293e+00   -2.65981   0 1 1 0 0 0
 Production  027-061Co 3.5423e-01  -11.13728   0 1 0 1 0 0
 Production  025-056Mn 9.8040e-01   -1.54902   0 0 2 0 0 0
 Production  026-058Fe 2.5760e-01   -7.01632   0 0 1 1 0 0
 Production  027-060Co 2.0276e-07  -18.23199   0 0 0 2 0 0
 Production  029-061Cu 1.4078e+02  -15.84048   3 0 0 0 0 0
 Production  028-061Ni 3.4806e+02  -12.82060   2 1 0 0 0 0
 Production  027-058Co 1.8043e+01  -12.33125   2 0 1 0 0 0
 Production  028-060Ni 4.2051e-02  -18.41619   2 0 0 1 0 0
 Production  027-061Co 4.6462e-01  -13.36190   1 2 0 0 0 0
 Production  026-058Fe 2.3120e+00   -9.24094   1 1 1 0 0 0
 Production  027-060Co 3.6110e-12  -20.45661   1 1 0 1 0 0
 Production  025-055Mn 3.5119e-03   -8.81957   1 0 2 0 0 0
 Production  026-057Fe 1.5683e-09  -17.06104   1 0 1 1 0 0
 Production  026-061Fe 1.0736e-09  -16.55663   0 3 0 0 0 0
 Production  025-058Mn 2.5486e-12  -14.78545   0 2 1 0 0 0
 Production  026-060Fe 2.8628e-20  -19.91156   0 2 0 1 0 0
 Production  024-055Cr 8.4567e-11  -10.64026   0 1 2 0 0 0
 Production  025-057Mn 1.5617e-28  -18.97369   0 1 1 1 0 0
 Production  023-052V  4.3339e-14   -9.44117   0 0 3 0 0 0
 Production  024-054Cr 1.5676e-18  -14.66201   0 0 2 1 0 0
 Production  028-060Ni 5.0305e-04  -20.64082   3 1 0 0 0 0
 Production  026-057Fe 2.3184e-17  -19.28566   2 1 1 0 0 0
 Production  025-054Mn 1.2713e-30  -19.04620   2 0 2 0 0 0
 Production  024-054Cr 2.1895e-26  -16.88663   1 1 2 0 0 0
                   sum 1.7700e+03
#......................................................................../  028-062Ni //  23.500000
#                                                           STABLE AND LONG-LIVED STATE PRODUCTIONS
#       Residual    Ex[MeV]     Jpi     T(1/2)[s]  Prod.[mb] Meta
    1  021-048Sc    0.00000    6.0+    1.5720e+05 0.0000e+00
    2  022-050Ti    0.00000    0.0+    ---------- 0.0000e+00
    3  022-051Ti    0.00000    1.5-    3.4560e+02 0.0000e+00
    4  023-051V     0.00000    3.5-    ---------- 0.0000e+00
    5  023-052V     0.00000    3.0+    2.2460e+02 4.3339e-14
    6  024-054Cr    0.00000    0.0+    ---------- 1.5676e-18
    7  024-055Cr    0.00000    1.5-    2.0980e+02 8.4567e-11
    8  025-054Mn    0.00000    3.0+    2.6960e+07 1.2713e-30
    9  025-055Mn    0.00000    2.5-    ---------- 3.5119e-03
   10  025-056Mn    0.00000    3.0+    9.2840e+03 9.8040e-01
   11  025-057Mn    0.00000    2.5-    8.5400e+01 1.5617e-28
   12  025-058Mn    0.00000    1.0+    3.0000e+00 2.5486e-12
   13  025-058Mn    0.07177    4.0+    6.5400e+01 1.3355e-12    1
   14  026-057Fe    0.00000    0.5-    ---------- 1.5683e-09
   15  026-058Fe    0.00000    0.0+    ---------- 2.5696e+00
   16  026-059Fe    0.00000    1.5-    3.8440e+06 2.6293e+00
   17  026-060Fe    0.00000    0.0+    8.2680e+13 2.8628e-20
   18  026-061Fe    0.00000    1.5-    3.5880e+02 1.0736e-09
   19  027-057Co    0.00000    3.5-    2.3480e+07 0.0000e+00
   20  027-058Co    0.00000    2.0+    6.1220e+06 1.8043e+01
   21  027-058Co    0.02495    5.0+    3.2760e+04 1.0612e+01    1
   22  027-059Co    0.00000    3.5-    ---------- 9.8626e+01
   23  027-060Co    0.00000    5.0+    1.6630e+08 4.4480e+00
   24  027-060Co    0.05859    2.0+    6.2800e+02 2.2799e+00    1
   25  027-061Co    0.00000    3.5-    5.9400e+03 8.1886e-01
   26  027-062Co    0.00000    2.0+    9.2400e+01 1.9473e+00
   27  027-062Co    0.02200    5.0+    8.3160e+02 1.4294e+00    1
   28  028-060Ni    0.00000    0.0+    ---------- 4.2554e-02
   29  028-061Ni    0.00000    1.5-    ---------- 3.7752e+02
   30  028-062Ni    0.00000    0.0+    ---------- 4.6802e+02
   31  028-063Ni    0.00000    0.5-    3.1940e+09 1.7977e+02
   32  029-061Cu    0.00000    1.5-    1.2000e+04 1.4078e+02
   33  029-062Cu    0.00000    1.0+    5.8020e+02 3.1100e+02
   34  029-063Cu    0.00000    1.5-    ---------- 1.6274e+02
   35  029-064Cu    0.00000    1.0+    4.5720e+04 8.1125e-05
#                                         g.s.sum 1.7700e+03


#......................................................................../  028-062Ni //  23.500000
#                                                                                   ISOMERIC RATIOS
#       Residual    Ex[MeV]     Jpi     T(1/2)[s] Ratio      m/(g-m)
    1  025-058Mn    0.07177    4.0+    6.5400e+01 5.2402e-01 1.1009e+00
    2  027-058Co    0.02495    5.0+    3.2760e+04 5.8815e-01 1.4281e+00
    3  027-060Co    0.05859    2.0+    6.2800e+02 5.1256e-01 1.0516e+00
    4  027-062Co    0.02200    5.0+    8.3160e+02 7.3402e-01 2.7597e+00


#......................................................................../  028-062Ni //  23.500000
#                                                                               PARTICLE PRODUCTION
#             Particle  Prod.[mb] Multiplic. Emean[MeV]
 ParticlPrd      gamma 4.6594e+03 2.6325e+00 1.5499e+00
 ParticlPrd    neutron 2.5241e+03 1.4261e+00 4.4276e+00
 ParticlPrd     proton 9.9186e+02 5.6039e-01 1.0924e+01
 ParticlPrd      alpha 1.2828e+02 7.2478e-02 1.1331e+01
 ParticlPrd   deuteron 4.4235e+01 2.4992e-02 9.9421e+00


